[*] Run ID 0: seed=0, split_index=0
    Starting now: 2026-06-06 16:51:14.998607
[*] Loaded dataset 'TRIANGLES' from 'PyG-TUDataset':
  Data(edge_index=[2, 2947024], x=[938438, 0], y=[45000])
  undirected: True
  num graphs: 45000
  avg num_nodes/graph: 20
  num node features: 0
  num edge features: 0
  num classes: 10
Precomputing Positional Encoding statistics: ['GraphormerBias'] for all graphs...
  ...estimated to be undirected: True
Done! Took 00:04:46.19
GraphGymModule(
  (model): GraphormerModel(
    (encoder): FeatureEncoder(
      (node_encoder): GraphormerEncoder(
        (0): BiasEncoder(
          (spatial_encoder): Embedding(21, 4)
          (edge_dis_encoder): Embedding(320, 1)
          (edge_encoder): Embedding(0, 4)
        )
        (1): NodeEncoder(
          (in_degree_encoder): Embedding(64, 72)
          (out_degree_encoder): Embedding(64, 72)
          (input_dropout): Dropout(p=0.1, inplace=False)
        )
      )
    )
    (layers): Sequential(
      (0): GraphormerLayer(
        (attention): MultiheadAttention(
          (out_proj): NonDynamicallyQuantizableLinear(in_features=72, out_features=72, bias=True)
        )
        (input_norm): LayerNorm((72,), eps=1e-05, elementwise_affine=True)
        (dropout): Dropout(p=0.0, inplace=False)
        (mlp): Sequential(
          (0): LayerNorm((72,), eps=1e-05, elementwise_affine=True)
          (1): Linear(in_features=72, out_features=72, bias=True)
          (2): GELU(approximate='none')
          (3): Dropout(p=0.1, inplace=False)
          (4): Linear(in_features=72, out_features=72, bias=True)
          (5): Dropout(p=0.0, inplace=False)
        )
      )
      (1): GraphormerLayer(
        (attention): MultiheadAttention(
          (out_proj): NonDynamicallyQuantizableLinear(in_features=72, out_features=72, bias=True)
        )
        (input_norm): LayerNorm((72,), eps=1e-05, elementwise_affine=True)
        (dropout): Dropout(p=0.0, inplace=False)
        (mlp): Sequential(
          (0): LayerNorm((72,), eps=1e-05, elementwise_affine=True)
          (1): Linear(in_features=72, out_features=72, bias=True)
          (2): GELU(approximate='none')
          (3): Dropout(p=0.1, inplace=False)
          (4): Linear(in_features=72, out_features=72, bias=True)
          (5): Dropout(p=0.0, inplace=False)
        )
      )
      (2): GraphormerLayer(
        (attention): MultiheadAttention(
          (out_proj): NonDynamicallyQuantizableLinear(in_features=72, out_features=72, bias=True)
        )
        (input_norm): LayerNorm((72,), eps=1e-05, elementwise_affine=True)
        (dropout): Dropout(p=0.0, inplace=False)
        (mlp): Sequential(
          (0): LayerNorm((72,), eps=1e-05, elementwise_affine=True)
          (1): Linear(in_features=72, out_features=72, bias=True)
          (2): GELU(approximate='none')
          (3): Dropout(p=0.1, inplace=False)
          (4): Linear(in_features=72, out_features=72, bias=True)
          (5): Dropout(p=0.0, inplace=False)
        )
      )
      (3): GraphormerLayer(
        (attention): MultiheadAttention(
          (out_proj): NonDynamicallyQuantizableLinear(in_features=72, out_features=72, bias=True)
        )
        (input_norm): LayerNorm((72,), eps=1e-05, elementwise_affine=True)
        (dropout): Dropout(p=0.0, inplace=False)
        (mlp): Sequential(
          (0): LayerNorm((72,), eps=1e-05, elementwise_affine=True)
          (1): Linear(in_features=72, out_features=72, bias=True)
          (2): GELU(approximate='none')
          (3): Dropout(p=0.1, inplace=False)
          (4): Linear(in_features=72, out_features=72, bias=True)
          (5): Dropout(p=0.0, inplace=False)
        )
      )
      (4): GraphormerLayer(
        (attention): MultiheadAttention(
          (out_proj): NonDynamicallyQuantizableLinear(in_features=72, out_features=72, bias=True)
        )
        (input_norm): LayerNorm((72,), eps=1e-05, elementwise_affine=True)
        (dropout): Dropout(p=0.0, inplace=False)
        (mlp): Sequential(
          (0): LayerNorm((72,), eps=1e-05, elementwise_affine=True)
          (1): Linear(in_features=72, out_features=72, bias=True)
          (2): GELU(approximate='none')
          (3): Dropout(p=0.1, inplace=False)
          (4): Linear(in_features=72, out_features=72, bias=True)
          (5): Dropout(p=0.0, inplace=False)
        )
      )
      (5): GraphormerLayer(
        (attention): MultiheadAttention(
          (out_proj): NonDynamicallyQuantizableLinear(in_features=72, out_features=72, bias=True)
        )
        (input_norm): LayerNorm((72,), eps=1e-05, elementwise_affine=True)
        (dropout): Dropout(p=0.0, inplace=False)
        (mlp): Sequential(
          (0): LayerNorm((72,), eps=1e-05, elementwise_affine=True)
          (1): Linear(in_features=72, out_features=72, bias=True)
          (2): GELU(approximate='none')
          (3): Dropout(p=0.1, inplace=False)
          (4): Linear(in_features=72, out_features=72, bias=True)
          (5): Dropout(p=0.0, inplace=False)
        )
      )
    )
    (post_mp): GraphormerHead(
      (ln): LayerNorm((72,), eps=1e-05, elementwise_affine=True)
      (layers): Sequential(
        (0): Linear(in_features=72, out_features=10, bias=True)
      )
    )
  )
)
accelerator: cuda
benchmark: False
bn:
  eps: 1e-05
  mom: 0.1
cfg_dest: config.yaml
custom_metrics: []
dataset:
  cache_load: False
  cache_save: False
  dir: ./datasets
  edge_dim: 128
  edge_encoder: False
  edge_encoder_bn: False
  edge_encoder_name: LinearEdge
  edge_encoder_num_types: 0
  edge_message_ratio: 0.8
  edge_negative_sampling_ratio: 1.0
  edge_train_mode: all
  encoder: True
  encoder_bn: True
  encoder_dim: 128
  encoder_name: db
  format: PyG-TUDataset
  infer_link_label: None
  label_column: none
  label_table: none
  location: local
  name: TRIANGLES
  node_encoder: True
  node_encoder_bn: False
  node_encoder_name: GraphormerBias
  node_encoder_num_types: 0
  remove_feature: False
  resample_disjoint: False
  resample_negative: False
  shuffle_split: True
  slic_compactness: 10
  split: [30000, 5000, 10000]
  split_dir: ./splits
  split_index: 0
  split_mode: fixed
  task: graph
  task_type: classification
  to_undirected: False
  transductive: False
  transform: none
  tu_simple: True
devices: 1
example_arg: example
example_group:
  example_arg: example
gnn:
  act: relu
  agg: mean
  att_final_linear: False
  att_final_linear_bn: False
  att_heads: 1
  batchnorm: True
  clear_feature: True
  dim_inner: 72
  dropout: 0.0
  head: graphormer_graph
  keep_edge: 0.5
  l2norm: True
  layer_type: generalconv
  layers_mp: 2
  layers_post_mp: 3
  layers_pre_mp: 0
  msg_direction: single
  normalize_adj: False
  residual: False
  self_msg: concat
  skip_every: 1
  stage_type: stack
gpu_mem: False
graphormer:
  attention_dropout: 0.1
  dropout: 0.0
  embed_dim: 72
  input_dropout: 0.1
  mlp_dropout: 0.1
  num_heads: 4
  num_layers: 6
  use_graph_token: True
gt:
  attn_dropout: 0.0
  batch_norm: True
  bigbird:
    add_cross_attention: False
    attention_type: block_sparse
    block_size: 3
    chunk_size_feed_forward: 0
    hidden_act: relu
    is_decoder: False
    layer_norm_eps: 1e-06
    max_position_embeddings: 128
    num_random_blocks: 3
    use_bias: False
  dim_hidden: 64
  dropout: 0.0
  full_graph: True
  gamma: 1e-05
  layer_norm: False
  layer_type: SANLayer
  layers: 3
  n_heads: 8
  pna_degrees: []
  residual: True
mem:
  inplace: False
metric_agg: argmax
metric_best: accuracy
model:
  edge_decoding: dot
  graph_pooling: graph_token
  loss_fun: cross_entropy
  match_upper: True
  size_average: mean
  thresh: 0.5
  type: Graphormer
name_tag: 
num_threads: 6
num_workers: 0
optim:
  base_lr: 0.001
  batch_accumulation: 1
  clip_grad_norm: True
  clip_grad_norm_value: 5.0
  lr_decay: 0.1
  max_epoch: 1000
  min_lr: 0.0
  momentum: 0.9
  num_warmup_epochs: 50
  optimizer: adamW
  reduce_factor: 0.1
  schedule_patience: 10
  scheduler: polynomial_with_warmup
  steps: [30, 60, 90]
  weight_decay: 0.01
out_dir: results\triangle-graphormer
posenc_ElstaticSE:
  dim_pe: 16
  enable: False
  kernel:
    times: []
    times_func: range(10)
  layers: 3
  model: none
  n_heads: 4
  pass_as_var: False
  post_layers: 0
  raw_norm_type: none
posenc_EquivStableLapPE:
  eigen:
    eigvec_norm: L2
    laplacian_norm: sym
    max_freqs: 10
  enable: False
  raw_norm_type: none
posenc_GraphormerBias:
  dim_pe: 0
  enable: True
  node_degrees_only: False
  num_in_degrees: 64
  num_out_degrees: 64
  num_spatial_types: 20
posenc_HKdiagSE:
  dim_pe: 16
  enable: False
  kernel:
    times: []
    times_func: 
  layers: 3
  model: none
  n_heads: 4
  pass_as_var: False
  post_layers: 0
  raw_norm_type: none
posenc_LapPE:
  dim_pe: 16
  eigen:
    eigvec_norm: L2
    laplacian_norm: sym
    max_freqs: 10
  enable: False
  layers: 3
  model: none
  n_heads: 4
  pass_as_var: False
  post_layers: 0
  raw_norm_type: none
posenc_RWSE:
  dim_pe: 16
  enable: False
  kernel:
    times: []
    times_func: 
  layers: 3
  model: none
  n_heads: 4
  pass_as_var: False
  post_layers: 0
  raw_norm_type: none
posenc_SignNet:
  dim_pe: 16
  eigen:
    eigvec_norm: L2
    laplacian_norm: sym
    max_freqs: 10
  enable: False
  layers: 3
  model: none
  n_heads: 4
  pass_as_var: False
  phi_hidden_dim: 64
  phi_out_dim: 4
  post_layers: 0
  raw_norm_type: none
pretrained:
  dir: 
  freeze_main: False
  reset_prediction_head: True
print: both
round: 5
run_dir: results\triangle-graphormer\0
run_id: 0
run_multiple_splits: []
seed: 0
share:
  dim_in: 0
  dim_out: 10
  num_splits: 3
tensorboard_agg: True
tensorboard_each_run: False
train:
  auto_resume: False
  batch_size: 256
  ckpt_best: True
  ckpt_clean: True
  ckpt_period: 100
  enable_ckpt: True
  epoch_resume: -1
  eval_period: 1
  iter_per_epoch: 32
  mode: custom
  neighbor_sizes: [20, 15, 10, 5]
  node_per_graph: 32
  radius: extend
  sample_node: False
  sampler: full_batch
  skip_train_eval: False
  walk_length: 4
val:
  node_per_graph: 32
  radius: extend
  sample_node: False
  sampler: full_batch
view_emb: False
wandb:
  entity: gtransformers
  name: 
  project: TRIANGLES
  use: False
Num parameters: 201514
Start from epoch 0
train: {'epoch': 0, 'time_epoch': 5.27057, 'eta': 5265.29566, 'eta_hours': 1.46258, 'loss': 2.29904904, 'lr': 0.0, 'params': 201514, 'time_iter': 0.04467, 'accuracy': 0.15687, 'f1': 0.10613, 'auc': 0.61174}
...computing epoch stats took: 0.03s
val: {'epoch': 0, 'time_epoch': 0.57771, 'loss': 2.28632252, 'lr': 0, 'params': 201514, 'time_iter': 0.02889, 'accuracy': 0.1486, 'f1': 0.09816, 'auc': 0.62888}
...computing epoch stats took: 0.01s
test: {'epoch': 0, 'time_epoch': 1.72679, 'loss': 2.30652697, 'lr': 0, 'params': 201514, 'time_iter': 0.04317, 'accuracy': 0.1586, 'f1': 0.11184, 'auc': 0.61059}
...computing epoch stats took: 0.01s
> Epoch 0: took 7.6s (avg 7.6s) | Best so far: epoch 0	train_loss: 2.2990 train_accuracy: 0.1569	val_loss: 2.2863 val_accuracy: 0.1486	test_loss: 2.3065 test_accuracy: 0.1586
train: {'epoch': 1, 'time_epoch': 3.05488, 'eta': 4154.39869, 'eta_hours': 1.154, 'loss': 2.01742201, 'lr': 2e-05, 'params': 201514, 'time_iter': 0.02589, 'accuracy': 0.21123, 'f1': 0.19853, 'auc': 0.7201}
...computing epoch stats took: 0.02s
val: {'epoch': 1, 'time_epoch': 0.32253, 'loss': 1.81056359, 'lr': 0, 'params': 201514, 'time_iter': 0.01613, 'accuracy': 0.2598, 'f1': 0.2202, 'auc': 0.78892}
...computing epoch stats took: 0.01s
test: {'epoch': 1, 'time_epoch': 0.92145, 'loss': 1.88674962, 'lr': 0, 'params': 201514, 'time_iter': 0.02304, 'accuracy': 0.2435, 'f1': 0.20023, 'auc': 0.76283}
...computing epoch stats took: 0.01s
> Epoch 1: took 4.3s (avg 6.0s) | Best so far: epoch 1	train_loss: 2.0174 train_accuracy: 0.2112	val_loss: 1.8106 val_accuracy: 0.2598	test_loss: 1.8867 test_accuracy: 0.2435
train: {'epoch': 2, 'time_epoch': 2.90454, 'eta': 3732.10041, 'eta_hours': 1.03669, 'loss': 1.77755872, 'lr': 4e-05, 'params': 201514, 'time_iter': 0.02461, 'accuracy': 0.27183, 'f1': 0.25826, 'auc': 0.79432}
...computing epoch stats took: 0.01s
val: {'epoch': 2, 'time_epoch': 0.55017, 'loss': 1.67365388, 'lr': 0, 'params': 201514, 'time_iter': 0.02751, 'accuracy': 0.3104, 'f1': 0.28335, 'auc': 0.82552}
...computing epoch stats took: 0.01s
test: {'epoch': 2, 'time_epoch': 0.8946, 'loss': 1.80210748, 'lr': 0, 'params': 201514, 'time_iter': 0.02236, 'accuracy': 0.266, 'f1': 0.23609, 'auc': 0.78942}
...computing epoch stats took: 0.01s
> Epoch 2: took 4.4s (avg 5.5s) | Best so far: epoch 2	train_loss: 1.7776 train_accuracy: 0.2718	val_loss: 1.6737 val_accuracy: 0.3104	test_loss: 1.8021 test_accuracy: 0.2660
train: {'epoch': 3, 'time_epoch': 3.06147, 'eta': 3558.57278, 'eta_hours': 0.98849, 'loss': 1.69183739, 'lr': 6e-05, 'params': 201514, 'time_iter': 0.02594, 'accuracy': 0.303, 'f1': 0.28953, 'auc': 0.81503}
val: {'epoch': 3, 'time_epoch': 0.30203, 'loss': 1.62168558, 'lr': 0, 'params': 201514, 'time_iter': 0.0151, 'accuracy': 0.3342, 'f1': 0.3161, 'auc': 0.8346}
test: {'epoch': 3, 'time_epoch': 0.89977, 'loss': 1.77090795, 'lr': 0, 'params': 201514, 'time_iter': 0.02249, 'accuracy': 0.2872, 'f1': 0.26608, 'auc': 0.79667}
> Epoch 3: took 4.3s (avg 5.2s) | Best so far: epoch 3	train_loss: 1.6918 train_accuracy: 0.3030	val_loss: 1.6217 val_accuracy: 0.3342	test_loss: 1.7709 test_accuracy: 0.2872
train: {'epoch': 4, 'time_epoch': 2.84246, 'eta': 3409.64926, 'eta_hours': 0.94712, 'loss': 1.64693649, 'lr': 8e-05, 'params': 201514, 'time_iter': 0.02409, 'accuracy': 0.31927, 'f1': 0.30594, 'auc': 0.82546}
val: {'epoch': 4, 'time_epoch': 0.29352, 'loss': 1.60150692, 'lr': 0, 'params': 201514, 'time_iter': 0.01468, 'accuracy': 0.34, 'f1': 0.30889, 'auc': 0.83876}
test: {'epoch': 4, 'time_epoch': 0.88071, 'loss': 1.77128856, 'lr': 0, 'params': 201514, 'time_iter': 0.02202, 'accuracy': 0.2872, 'f1': 0.25892, 'auc': 0.7993}
> Epoch 4: took 4.1s (avg 4.9s) | Best so far: epoch 4	train_loss: 1.6469 train_accuracy: 0.3193	val_loss: 1.6015 val_accuracy: 0.3400	test_loss: 1.7713 test_accuracy: 0.2872
train: {'epoch': 5, 'time_epoch': 2.89679, 'eta': 3318.42107, 'eta_hours': 0.92178, 'loss': 1.63093066, 'lr': 0.0001, 'params': 201514, 'time_iter': 0.02455, 'accuracy': 0.32397, 'f1': 0.31051, 'auc': 0.82969}
val: {'epoch': 5, 'time_epoch': 0.31152, 'loss': 1.59403308, 'lr': 0, 'params': 201514, 'time_iter': 0.01558, 'accuracy': 0.345, 'f1': 0.32622, 'auc': 0.84124}
test: {'epoch': 5, 'time_epoch': 0.88792, 'loss': 1.77214108, 'lr': 0, 'params': 201514, 'time_iter': 0.0222, 'accuracy': 0.2925, 'f1': 0.27533, 'auc': 0.80014}
> Epoch 5: took 4.1s (avg 4.8s) | Best so far: epoch 5	train_loss: 1.6309 train_accuracy: 0.3240	val_loss: 1.5940 val_accuracy: 0.3450	test_loss: 1.7721 test_accuracy: 0.2925
train: {'epoch': 6, 'time_epoch': 2.86599, 'eta': 3248.06124, 'eta_hours': 0.90224, 'loss': 1.61720027, 'lr': 0.00012, 'params': 201514, 'time_iter': 0.02429, 'accuracy': 0.33123, 'f1': 0.31902, 'auc': 0.83254}
val: {'epoch': 6, 'time_epoch': 0.29652, 'loss': 1.5824641, 'lr': 0, 'params': 201514, 'time_iter': 0.01483, 'accuracy': 0.3522, 'f1': 0.33512, 'auc': 0.84297}
test: {'epoch': 6, 'time_epoch': 0.89376, 'loss': 1.76226617, 'lr': 0, 'params': 201514, 'time_iter': 0.02234, 'accuracy': 0.2943, 'f1': 0.27623, 'auc': 0.80136}
> Epoch 6: took 4.1s (avg 4.7s) | Best so far: epoch 6	train_loss: 1.6172 train_accuracy: 0.3312	val_loss: 1.5825 val_accuracy: 0.3522	test_loss: 1.7623 test_accuracy: 0.2943
train: {'epoch': 7, 'time_epoch': 2.85669, 'eta': 3193.42152, 'eta_hours': 0.88706, 'loss': 1.60601325, 'lr': 0.00014, 'params': 201514, 'time_iter': 0.02421, 'accuracy': 0.33147, 'f1': 0.32316, 'auc': 0.8354}
val: {'epoch': 7, 'time_epoch': 0.30998, 'loss': 1.56435665, 'lr': 0, 'params': 201514, 'time_iter': 0.0155, 'accuracy': 0.3626, 'f1': 0.34202, 'auc': 0.84687}
test: {'epoch': 7, 'time_epoch': 0.89234, 'loss': 1.73038242, 'lr': 0, 'params': 201514, 'time_iter': 0.02231, 'accuracy': 0.2981, 'f1': 0.27983, 'auc': 0.80688}
> Epoch 7: took 4.1s (avg 4.6s) | Best so far: epoch 7	train_loss: 1.6060 train_accuracy: 0.3315	val_loss: 1.5644 val_accuracy: 0.3626	test_loss: 1.7304 test_accuracy: 0.2981
train: {'epoch': 8, 'time_epoch': 2.89142, 'eta': 3154.11267, 'eta_hours': 0.87614, 'loss': 1.59173636, 'lr': 0.00016, 'params': 201514, 'time_iter': 0.0245, 'accuracy': 0.34257, 'f1': 0.33426, 'auc': 0.83885}
val: {'epoch': 8, 'time_epoch': 0.31786, 'loss': 1.57660276, 'lr': 0, 'params': 201514, 'time_iter': 0.01589, 'accuracy': 0.349, 'f1': 0.32217, 'auc': 0.8453}
test: {'epoch': 8, 'time_epoch': 0.89268, 'loss': 1.75918274, 'lr': 0, 'params': 201514, 'time_iter': 0.02232, 'accuracy': 0.2914, 'f1': 0.26693, 'auc': 0.8043}
> Epoch 8: took 4.1s (avg 4.6s) | Best so far: epoch 7	train_loss: 1.6060 train_accuracy: 0.3315	val_loss: 1.5644 val_accuracy: 0.3626	test_loss: 1.7304 test_accuracy: 0.2981
train: {'epoch': 9, 'time_epoch': 2.84035, 'eta': 3117.03139, 'eta_hours': 0.86584, 'loss': 1.58227129, 'lr': 0.00018, 'params': 201514, 'time_iter': 0.02407, 'accuracy': 0.34113, 'f1': 0.33362, 'auc': 0.84042}
val: {'epoch': 9, 'time_epoch': 0.52604, 'loss': 1.56436918, 'lr': 0, 'params': 201514, 'time_iter': 0.0263, 'accuracy': 0.3584, 'f1': 0.35, 'auc': 0.84639}
test: {'epoch': 9, 'time_epoch': 0.90592, 'loss': 1.74065727, 'lr': 0, 'params': 201514, 'time_iter': 0.02265, 'accuracy': 0.2952, 'f1': 0.27837, 'auc': 0.80631}
> Epoch 9: took 4.3s (avg 4.5s) | Best so far: epoch 7	train_loss: 1.6060 train_accuracy: 0.3315	val_loss: 1.5644 val_accuracy: 0.3626	test_loss: 1.7304 test_accuracy: 0.2981
train: {'epoch': 10, 'time_epoch': 2.84539, 'eta': 3086.6289, 'eta_hours': 0.8574, 'loss': 1.5725586, 'lr': 0.0002, 'params': 201514, 'time_iter': 0.02411, 'accuracy': 0.34393, 'f1': 0.33753, 'auc': 0.84243}
val: {'epoch': 10, 'time_epoch': 0.30819, 'loss': 1.5959471, 'lr': 0, 'params': 201514, 'time_iter': 0.01541, 'accuracy': 0.3344, 'f1': 0.3154, 'auc': 0.84056}
test: {'epoch': 10, 'time_epoch': 0.91045, 'loss': 1.7851396, 'lr': 0, 'params': 201514, 'time_iter': 0.02276, 'accuracy': 0.2794, 'f1': 0.24992, 'auc': 0.79912}
> Epoch 10: took 4.1s (avg 4.5s) | Best so far: epoch 7	train_loss: 1.6060 train_accuracy: 0.3315	val_loss: 1.5644 val_accuracy: 0.3626	test_loss: 1.7304 test_accuracy: 0.2981
train: {'epoch': 11, 'time_epoch': 2.84269, 'eta': 3060.59725, 'eta_hours': 0.85017, 'loss': 1.57009589, 'lr': 0.00022, 'params': 201514, 'time_iter': 0.02409, 'accuracy': 0.34647, 'f1': 0.34002, 'auc': 0.84265}
val: {'epoch': 11, 'time_epoch': 0.30953, 'loss': 1.54498007, 'lr': 0, 'params': 201514, 'time_iter': 0.01548, 'accuracy': 0.3556, 'f1': 0.33928, 'auc': 0.84921}
test: {'epoch': 11, 'time_epoch': 0.88119, 'loss': 1.72493959, 'lr': 0, 'params': 201514, 'time_iter': 0.02203, 'accuracy': 0.3011, 'f1': 0.27824, 'auc': 0.8079}
> Epoch 11: took 4.1s (avg 4.5s) | Best so far: epoch 7	train_loss: 1.6060 train_accuracy: 0.3315	val_loss: 1.5644 val_accuracy: 0.3626	test_loss: 1.7304 test_accuracy: 0.2981
train: {'epoch': 12, 'time_epoch': 2.90159, 'eta': 3042.60509, 'eta_hours': 0.84517, 'loss': 1.56062537, 'lr': 0.00024, 'params': 201514, 'time_iter': 0.02459, 'accuracy': 0.3483, 'f1': 0.3427, 'auc': 0.84453}
val: {'epoch': 12, 'time_epoch': 0.29825, 'loss': 1.54535264, 'lr': 0, 'params': 201514, 'time_iter': 0.01491, 'accuracy': 0.3542, 'f1': 0.31501, 'auc': 0.84987}
test: {'epoch': 12, 'time_epoch': 0.88607, 'loss': 1.73331133, 'lr': 0, 'params': 201514, 'time_iter': 0.02215, 'accuracy': 0.2921, 'f1': 0.25131, 'auc': 0.80757}
> Epoch 12: took 4.1s (avg 4.4s) | Best so far: epoch 7	train_loss: 1.6060 train_accuracy: 0.3315	val_loss: 1.5644 val_accuracy: 0.3626	test_loss: 1.7304 test_accuracy: 0.2981
train: {'epoch': 13, 'time_epoch': 2.81437, 'eta': 3020.62539, 'eta_hours': 0.83906, 'loss': 1.55539048, 'lr': 0.00026, 'params': 201514, 'time_iter': 0.02385, 'accuracy': 0.34983, 'f1': 0.34272, 'auc': 0.84556}
val: {'epoch': 13, 'time_epoch': 0.29453, 'loss': 1.53307743, 'lr': 0, 'params': 201514, 'time_iter': 0.01473, 'accuracy': 0.368, 'f1': 0.35497, 'auc': 0.85155}
test: {'epoch': 13, 'time_epoch': 0.88315, 'loss': 1.73899175, 'lr': 0, 'params': 201514, 'time_iter': 0.02208, 'accuracy': 0.2944, 'f1': 0.27236, 'auc': 0.80692}
> Epoch 13: took 4.0s (avg 4.4s) | Best so far: epoch 13	train_loss: 1.5554 train_accuracy: 0.3498	val_loss: 1.5331 val_accuracy: 0.3680	test_loss: 1.7390 test_accuracy: 0.2944
train: {'epoch': 14, 'time_epoch': 2.86945, 'eta': 3004.81847, 'eta_hours': 0.83467, 'loss': 1.55558821, 'lr': 0.00028, 'params': 201514, 'time_iter': 0.02432, 'accuracy': 0.35233, 'f1': 0.34608, 'auc': 0.84556}
val: {'epoch': 14, 'time_epoch': 0.30515, 'loss': 1.54100779, 'lr': 0, 'params': 201514, 'time_iter': 0.01526, 'accuracy': 0.3608, 'f1': 0.34475, 'auc': 0.85119}
test: {'epoch': 14, 'time_epoch': 0.91698, 'loss': 1.71856934, 'lr': 0, 'params': 201514, 'time_iter': 0.02292, 'accuracy': 0.295, 'f1': 0.27473, 'auc': 0.80904}
> Epoch 14: took 4.1s (avg 4.4s) | Best so far: epoch 13	train_loss: 1.5554 train_accuracy: 0.3498	val_loss: 1.5331 val_accuracy: 0.3680	test_loss: 1.7390 test_accuracy: 0.2944
train: {'epoch': 15, 'time_epoch': 2.87455, 'eta': 2990.94203, 'eta_hours': 0.83082, 'loss': 1.54782743, 'lr': 0.0003, 'params': 201514, 'time_iter': 0.02436, 'accuracy': 0.35223, 'f1': 0.34564, 'auc': 0.84707}
val: {'epoch': 15, 'time_epoch': 0.29625, 'loss': 1.51017934, 'lr': 0, 'params': 201514, 'time_iter': 0.01481, 'accuracy': 0.3736, 'f1': 0.35855, 'auc': 0.8557}
test: {'epoch': 15, 'time_epoch': 0.87656, 'loss': 1.69960831, 'lr': 0, 'params': 201514, 'time_iter': 0.02191, 'accuracy': 0.3065, 'f1': 0.28455, 'auc': 0.81264}
> Epoch 15: took 4.1s (avg 4.4s) | Best so far: epoch 15	train_loss: 1.5478 train_accuracy: 0.3522	val_loss: 1.5102 val_accuracy: 0.3736	test_loss: 1.6996 test_accuracy: 0.3065
train: {'epoch': 16, 'time_epoch': 3.0918, 'eta': 2990.92237, 'eta_hours': 0.83081, 'loss': 1.54557874, 'lr': 0.00032, 'params': 201514, 'time_iter': 0.0262, 'accuracy': 0.35453, 'f1': 0.3487, 'auc': 0.84745}
val: {'epoch': 16, 'time_epoch': 0.30218, 'loss': 1.50919059, 'lr': 0, 'params': 201514, 'time_iter': 0.01511, 'accuracy': 0.3724, 'f1': 0.35516, 'auc': 0.85563}
test: {'epoch': 16, 'time_epoch': 0.90357, 'loss': 1.7128122, 'lr': 0, 'params': 201514, 'time_iter': 0.02259, 'accuracy': 0.3013, 'f1': 0.27335, 'auc': 0.81087}
> Epoch 16: took 4.3s (avg 4.4s) | Best so far: epoch 15	train_loss: 1.5478 train_accuracy: 0.3522	val_loss: 1.5102 val_accuracy: 0.3736	test_loss: 1.6996 test_accuracy: 0.3065
train: {'epoch': 17, 'time_epoch': 2.92736, 'eta': 2981.59019, 'eta_hours': 0.82822, 'loss': 1.5405066, 'lr': 0.00034, 'params': 201514, 'time_iter': 0.02481, 'accuracy': 0.35787, 'f1': 0.35127, 'auc': 0.84844}
val: {'epoch': 17, 'time_epoch': 0.30703, 'loss': 1.51740147, 'lr': 0, 'params': 201514, 'time_iter': 0.01535, 'accuracy': 0.3594, 'f1': 0.3386, 'auc': 0.8555}
test: {'epoch': 17, 'time_epoch': 0.90672, 'loss': 1.70993779, 'lr': 0, 'params': 201514, 'time_iter': 0.02267, 'accuracy': 0.3001, 'f1': 0.27371, 'auc': 0.81257}
> Epoch 17: took 4.2s (avg 4.4s) | Best so far: epoch 15	train_loss: 1.5478 train_accuracy: 0.3522	val_loss: 1.5102 val_accuracy: 0.3736	test_loss: 1.6996 test_accuracy: 0.3065
train: {'epoch': 18, 'time_epoch': 2.85975, 'eta': 2969.44144, 'eta_hours': 0.82484, 'loss': 1.53595849, 'lr': 0.00036, 'params': 201514, 'time_iter': 0.02424, 'accuracy': 0.3557, 'f1': 0.3494, 'auc': 0.84931}
val: {'epoch': 18, 'time_epoch': 0.30603, 'loss': 1.51740848, 'lr': 0, 'params': 201514, 'time_iter': 0.0153, 'accuracy': 0.3736, 'f1': 0.34968, 'auc': 0.85596}
test: {'epoch': 18, 'time_epoch': 0.92545, 'loss': 1.73625665, 'lr': 0, 'params': 201514, 'time_iter': 0.02314, 'accuracy': 0.3008, 'f1': 0.26679, 'auc': 0.80848}
> Epoch 18: took 4.1s (avg 4.4s) | Best so far: epoch 15	train_loss: 1.5478 train_accuracy: 0.3522	val_loss: 1.5102 val_accuracy: 0.3736	test_loss: 1.6996 test_accuracy: 0.3065
train: {'epoch': 19, 'time_epoch': 2.93213, 'eta': 2961.76831, 'eta_hours': 0.82271, 'loss': 1.53044834, 'lr': 0.00038, 'params': 201514, 'time_iter': 0.02485, 'accuracy': 0.36147, 'f1': 0.35465, 'auc': 0.85117}
val: {'epoch': 19, 'time_epoch': 0.31103, 'loss': 1.52030966, 'lr': 0, 'params': 201514, 'time_iter': 0.01555, 'accuracy': 0.368, 'f1': 0.35498, 'auc': 0.8537}
test: {'epoch': 19, 'time_epoch': 0.90915, 'loss': 1.74070095, 'lr': 0, 'params': 201514, 'time_iter': 0.02273, 'accuracy': 0.2978, 'f1': 0.27489, 'auc': 0.80794}
> Epoch 19: took 4.2s (avg 4.3s) | Best so far: epoch 15	train_loss: 1.5478 train_accuracy: 0.3522	val_loss: 1.5102 val_accuracy: 0.3736	test_loss: 1.6996 test_accuracy: 0.3065
train: {'epoch': 20, 'time_epoch': 2.90423, 'eta': 2953.24568, 'eta_hours': 0.82035, 'loss': 1.52559904, 'lr': 0.0004, 'params': 201514, 'time_iter': 0.02461, 'accuracy': 0.36007, 'f1': 0.354, 'auc': 0.8518}
val: {'epoch': 20, 'time_epoch': 0.30187, 'loss': 1.48921135, 'lr': 0, 'params': 201514, 'time_iter': 0.01509, 'accuracy': 0.3774, 'f1': 0.3507, 'auc': 0.86074}
test: {'epoch': 20, 'time_epoch': 0.91024, 'loss': 1.7037017, 'lr': 0, 'params': 201514, 'time_iter': 0.02276, 'accuracy': 0.3065, 'f1': 0.27266, 'auc': 0.81467}
> Epoch 20: took 4.2s (avg 4.3s) | Best so far: epoch 20	train_loss: 1.5256 train_accuracy: 0.3601	val_loss: 1.4892 val_accuracy: 0.3774	test_loss: 1.7037 test_accuracy: 0.3065
train: {'epoch': 21, 'time_epoch': 2.91522, 'eta': 2945.72273, 'eta_hours': 0.81826, 'loss': 1.51701441, 'lr': 0.00042, 'params': 201514, 'time_iter': 0.02471, 'accuracy': 0.3675, 'f1': 0.361, 'auc': 0.8537}
val: {'epoch': 21, 'time_epoch': 0.29811, 'loss': 1.48509758, 'lr': 0, 'params': 201514, 'time_iter': 0.01491, 'accuracy': 0.3796, 'f1': 0.35677, 'auc': 0.86134}
test: {'epoch': 21, 'time_epoch': 0.91378, 'loss': 1.69949492, 'lr': 0, 'params': 201514, 'time_iter': 0.02284, 'accuracy': 0.3101, 'f1': 0.27728, 'auc': 0.8148}
> Epoch 21: took 4.2s (avg 4.3s) | Best so far: epoch 21	train_loss: 1.5170 train_accuracy: 0.3675	val_loss: 1.4851 val_accuracy: 0.3796	test_loss: 1.6995 test_accuracy: 0.3101
train: {'epoch': 22, 'time_epoch': 2.87823, 'eta': 2937.02887, 'eta_hours': 0.81584, 'loss': 1.50857759, 'lr': 0.00044, 'params': 201514, 'time_iter': 0.02439, 'accuracy': 0.36983, 'f1': 0.36295, 'auc': 0.85528}
val: {'epoch': 22, 'time_epoch': 0.30397, 'loss': 1.4700339, 'lr': 0, 'params': 201514, 'time_iter': 0.0152, 'accuracy': 0.3878, 'f1': 0.37236, 'auc': 0.86315}
test: {'epoch': 22, 'time_epoch': 0.89809, 'loss': 1.68655879, 'lr': 0, 'params': 201514, 'time_iter': 0.02245, 'accuracy': 0.3112, 'f1': 0.28502, 'auc': 0.81681}
> Epoch 22: took 4.1s (avg 4.3s) | Best so far: epoch 22	train_loss: 1.5086 train_accuracy: 0.3698	val_loss: 1.4700 val_accuracy: 0.3878	test_loss: 1.6866 test_accuracy: 0.3112
train: {'epoch': 23, 'time_epoch': 3.20713, 'eta': 2942.19494, 'eta_hours': 0.81728, 'loss': 1.50663992, 'lr': 0.00046, 'params': 201514, 'time_iter': 0.02718, 'accuracy': 0.37137, 'f1': 0.36443, 'auc': 0.85576}
val: {'epoch': 23, 'time_epoch': 0.30752, 'loss': 1.50981398, 'lr': 0, 'params': 201514, 'time_iter': 0.01538, 'accuracy': 0.3846, 'f1': 0.3655, 'auc': 0.86032}
test: {'epoch': 23, 'time_epoch': 0.92057, 'loss': 1.77207249, 'lr': 0, 'params': 201514, 'time_iter': 0.02301, 'accuracy': 0.3084, 'f1': 0.27789, 'auc': 0.80985}
> Epoch 23: took 4.5s (avg 4.3s) | Best so far: epoch 22	train_loss: 1.5086 train_accuracy: 0.3698	val_loss: 1.4700 val_accuracy: 0.3878	test_loss: 1.6866 test_accuracy: 0.3112
train: {'epoch': 24, 'time_epoch': 2.87907, 'eta': 2933.89703, 'eta_hours': 0.81497, 'loss': 1.50362987, 'lr': 0.00048, 'params': 201514, 'time_iter': 0.0244, 'accuracy': 0.3721, 'f1': 0.36595, 'auc': 0.85631}
val: {'epoch': 24, 'time_epoch': 0.30653, 'loss': 1.48460158, 'lr': 0, 'params': 201514, 'time_iter': 0.01533, 'accuracy': 0.3716, 'f1': 0.35534, 'auc': 0.86157}
test: {'epoch': 24, 'time_epoch': 0.8818, 'loss': 1.71290883, 'lr': 0, 'params': 201514, 'time_iter': 0.02204, 'accuracy': 0.3068, 'f1': 0.2861, 'auc': 0.81455}
> Epoch 24: took 4.1s (avg 4.3s) | Best so far: epoch 22	train_loss: 1.5086 train_accuracy: 0.3698	val_loss: 1.4700 val_accuracy: 0.3878	test_loss: 1.6866 test_accuracy: 0.3112
train: {'epoch': 25, 'time_epoch': 2.92289, 'eta': 2927.65743, 'eta_hours': 0.81324, 'loss': 1.50143106, 'lr': 0.0005, 'params': 201514, 'time_iter': 0.02477, 'accuracy': 0.37007, 'f1': 0.36434, 'auc': 0.85672}
val: {'epoch': 25, 'time_epoch': 0.29887, 'loss': 1.45955535, 'lr': 0, 'params': 201514, 'time_iter': 0.01494, 'accuracy': 0.3932, 'f1': 0.37613, 'auc': 0.86659}
test: {'epoch': 25, 'time_epoch': 0.88978, 'loss': 1.69296598, 'lr': 0, 'params': 201514, 'time_iter': 0.02224, 'accuracy': 0.3127, 'f1': 0.28476, 'auc': 0.81809}
> Epoch 25: took 4.1s (avg 4.3s) | Best so far: epoch 25	train_loss: 1.5014 train_accuracy: 0.3701	val_loss: 1.4596 val_accuracy: 0.3932	test_loss: 1.6930 test_accuracy: 0.3127
train: {'epoch': 26, 'time_epoch': 2.91917, 'eta': 2921.52937, 'eta_hours': 0.81154, 'loss': 1.49475581, 'lr': 0.00052, 'params': 201514, 'time_iter': 0.02474, 'accuracy': 0.37433, 'f1': 0.36831, 'auc': 0.85789}
val: {'epoch': 26, 'time_epoch': 0.29789, 'loss': 1.4636297, 'lr': 0, 'params': 201514, 'time_iter': 0.01489, 'accuracy': 0.3836, 'f1': 0.36405, 'auc': 0.8668}
test: {'epoch': 26, 'time_epoch': 0.91007, 'loss': 1.69526853, 'lr': 0, 'params': 201514, 'time_iter': 0.02275, 'accuracy': 0.3131, 'f1': 0.28598, 'auc': 0.81851}
> Epoch 26: took 4.2s (avg 4.3s) | Best so far: epoch 25	train_loss: 1.5014 train_accuracy: 0.3701	val_loss: 1.4596 val_accuracy: 0.3932	test_loss: 1.6930 test_accuracy: 0.3127
train: {'epoch': 27, 'time_epoch': 2.97357, 'eta': 2917.51903, 'eta_hours': 0.81042, 'loss': 1.47847595, 'lr': 0.00054, 'params': 201514, 'time_iter': 0.0252, 'accuracy': 0.38037, 'f1': 0.37513, 'auc': 0.86154}
val: {'epoch': 27, 'time_epoch': 0.29922, 'loss': 1.44935538, 'lr': 0, 'params': 201514, 'time_iter': 0.01496, 'accuracy': 0.399, 'f1': 0.38117, 'auc': 0.86954}
test: {'epoch': 27, 'time_epoch': 0.89606, 'loss': 1.69756336, 'lr': 0, 'params': 201514, 'time_iter': 0.0224, 'accuracy': 0.3097, 'f1': 0.28379, 'auc': 0.81657}
> Epoch 27: took 4.2s (avg 4.3s) | Best so far: epoch 27	train_loss: 1.4785 train_accuracy: 0.3804	val_loss: 1.4494 val_accuracy: 0.3990	test_loss: 1.6976 test_accuracy: 0.3097
train: {'epoch': 28, 'time_epoch': 2.92329, 'eta': 2911.89665, 'eta_hours': 0.80886, 'loss': 1.48272807, 'lr': 0.00056, 'params': 201514, 'time_iter': 0.02477, 'accuracy': 0.3803, 'f1': 0.37497, 'auc': 0.86079}
val: {'epoch': 28, 'time_epoch': 0.31333, 'loss': 1.44389994, 'lr': 0, 'params': 201514, 'time_iter': 0.01567, 'accuracy': 0.4022, 'f1': 0.39101, 'auc': 0.86932}
test: {'epoch': 28, 'time_epoch': 0.89974, 'loss': 1.72674847, 'lr': 0, 'params': 201514, 'time_iter': 0.02249, 'accuracy': 0.315, 'f1': 0.29272, 'auc': 0.81479}
> Epoch 28: took 4.2s (avg 4.3s) | Best so far: epoch 28	train_loss: 1.4827 train_accuracy: 0.3803	val_loss: 1.4439 val_accuracy: 0.4022	test_loss: 1.7267 test_accuracy: 0.3150
train: {'epoch': 29, 'time_epoch': 2.92589, 'eta': 2906.53846, 'eta_hours': 0.80737, 'loss': 1.47671306, 'lr': 0.00058, 'params': 201514, 'time_iter': 0.0248, 'accuracy': 0.37877, 'f1': 0.37312, 'auc': 0.86185}
val: {'epoch': 29, 'time_epoch': 0.29922, 'loss': 1.48089236, 'lr': 0, 'params': 201514, 'time_iter': 0.01496, 'accuracy': 0.3876, 'f1': 0.36635, 'auc': 0.86391}
test: {'epoch': 29, 'time_epoch': 0.91708, 'loss': 1.77881678, 'lr': 0, 'params': 201514, 'time_iter': 0.02293, 'accuracy': 0.2968, 'f1': 0.26472, 'auc': 0.80589}
> Epoch 29: took 4.2s (avg 4.3s) | Best so far: epoch 28	train_loss: 1.4827 train_accuracy: 0.3803	val_loss: 1.4439 val_accuracy: 0.4022	test_loss: 1.7267 test_accuracy: 0.3150
train: {'epoch': 30, 'time_epoch': 3.21537, 'eta': 2910.38549, 'eta_hours': 0.80844, 'loss': 1.46379211, 'lr': 0.0006, 'params': 201514, 'time_iter': 0.02725, 'accuracy': 0.3847, 'f1': 0.37919, 'auc': 0.86448}
val: {'epoch': 30, 'time_epoch': 0.31396, 'loss': 1.42408022, 'lr': 0, 'params': 201514, 'time_iter': 0.0157, 'accuracy': 0.3974, 'f1': 0.37357, 'auc': 0.8733}
test: {'epoch': 30, 'time_epoch': 0.89227, 'loss': 1.68482786, 'lr': 0, 'params': 201514, 'time_iter': 0.02231, 'accuracy': 0.3193, 'f1': 0.28461, 'auc': 0.82135}
> Epoch 30: took 4.5s (avg 4.3s) | Best so far: epoch 28	train_loss: 1.4827 train_accuracy: 0.3803	val_loss: 1.4439 val_accuracy: 0.4022	test_loss: 1.7267 test_accuracy: 0.3150
train: {'epoch': 31, 'time_epoch': 3.01392, 'eta': 2907.6975, 'eta_hours': 0.80769, 'loss': 1.46319631, 'lr': 0.00062, 'params': 201514, 'time_iter': 0.02554, 'accuracy': 0.38327, 'f1': 0.37753, 'auc': 0.86456}
val: {'epoch': 31, 'time_epoch': 0.30152, 'loss': 1.42408006, 'lr': 0, 'params': 201514, 'time_iter': 0.01508, 'accuracy': 0.4046, 'f1': 0.3959, 'auc': 0.87494}
test: {'epoch': 31, 'time_epoch': 0.91755, 'loss': 1.65423062, 'lr': 0, 'params': 201514, 'time_iter': 0.02294, 'accuracy': 0.3234, 'f1': 0.3068, 'auc': 0.82265}
> Epoch 31: took 4.3s (avg 4.3s) | Best so far: epoch 31	train_loss: 1.4632 train_accuracy: 0.3833	val_loss: 1.4241 val_accuracy: 0.4046	test_loss: 1.6542 test_accuracy: 0.3234
train: {'epoch': 32, 'time_epoch': 2.90425, 'eta': 2901.77607, 'eta_hours': 0.80605, 'loss': 1.44677063, 'lr': 0.00064, 'params': 201514, 'time_iter': 0.02461, 'accuracy': 0.38937, 'f1': 0.38482, 'auc': 0.86775}
val: {'epoch': 32, 'time_epoch': 0.30351, 'loss': 1.44063418, 'lr': 0, 'params': 201514, 'time_iter': 0.01518, 'accuracy': 0.3992, 'f1': 0.36728, 'auc': 0.8727}
test: {'epoch': 32, 'time_epoch': 0.87795, 'loss': 1.77006011, 'lr': 0, 'params': 201514, 'time_iter': 0.02195, 'accuracy': 0.3048, 'f1': 0.26202, 'auc': 0.81217}
> Epoch 32: took 4.1s (avg 4.3s) | Best so far: epoch 31	train_loss: 1.4632 train_accuracy: 0.3833	val_loss: 1.4241 val_accuracy: 0.4046	test_loss: 1.6542 test_accuracy: 0.3234
train: {'epoch': 33, 'time_epoch': 2.93252, 'eta': 2896.83538, 'eta_hours': 0.80468, 'loss': 1.44443136, 'lr': 0.00066, 'params': 201514, 'time_iter': 0.02485, 'accuracy': 0.39097, 'f1': 0.38566, 'auc': 0.86803}
val: {'epoch': 33, 'time_epoch': 0.31652, 'loss': 1.42597342, 'lr': 0, 'params': 201514, 'time_iter': 0.01583, 'accuracy': 0.4064, 'f1': 0.38776, 'auc': 0.87469}
test: {'epoch': 33, 'time_epoch': 0.88722, 'loss': 1.69599925, 'lr': 0, 'params': 201514, 'time_iter': 0.02218, 'accuracy': 0.3162, 'f1': 0.28958, 'auc': 0.81873}
> Epoch 33: took 4.2s (avg 4.3s) | Best so far: epoch 33	train_loss: 1.4444 train_accuracy: 0.3910	val_loss: 1.4260 val_accuracy: 0.4064	test_loss: 1.6960 test_accuracy: 0.3162
train: {'epoch': 34, 'time_epoch': 2.92414, 'eta': 2891.77822, 'eta_hours': 0.80327, 'loss': 1.43229193, 'lr': 0.00068, 'params': 201514, 'time_iter': 0.02478, 'accuracy': 0.39773, 'f1': 0.39323, 'auc': 0.87078}
val: {'epoch': 34, 'time_epoch': 0.30503, 'loss': 1.40386327, 'lr': 0, 'params': 201514, 'time_iter': 0.01525, 'accuracy': 0.408, 'f1': 0.38297, 'auc': 0.87726}
test: {'epoch': 34, 'time_epoch': 0.90101, 'loss': 1.66826301, 'lr': 0, 'params': 201514, 'time_iter': 0.02253, 'accuracy': 0.3217, 'f1': 0.28387, 'auc': 0.82359}
> Epoch 34: took 4.2s (avg 4.3s) | Best so far: epoch 34	train_loss: 1.4323 train_accuracy: 0.3977	val_loss: 1.4039 val_accuracy: 0.4080	test_loss: 1.6683 test_accuracy: 0.3217
train: {'epoch': 35, 'time_epoch': 2.94918, 'eta': 2887.51021, 'eta_hours': 0.80209, 'loss': 1.43581248, 'lr': 0.0007, 'params': 201514, 'time_iter': 0.02499, 'accuracy': 0.39423, 'f1': 0.38908, 'auc': 0.86953}
val: {'epoch': 35, 'time_epoch': 0.32737, 'loss': 1.46099528, 'lr': 0, 'params': 201514, 'time_iter': 0.01637, 'accuracy': 0.3958, 'f1': 0.37529, 'auc': 0.86865}
test: {'epoch': 35, 'time_epoch': 0.89625, 'loss': 1.76317138, 'lr': 0, 'params': 201514, 'time_iter': 0.02241, 'accuracy': 0.3068, 'f1': 0.27976, 'auc': 0.81223}
> Epoch 35: took 4.2s (avg 4.3s) | Best so far: epoch 34	train_loss: 1.4323 train_accuracy: 0.3977	val_loss: 1.4039 val_accuracy: 0.4080	test_loss: 1.6683 test_accuracy: 0.3217
train: {'epoch': 36, 'time_epoch': 2.94413, 'eta': 2883.18194, 'eta_hours': 0.80088, 'loss': 1.42107599, 'lr': 0.00072, 'params': 201514, 'time_iter': 0.02495, 'accuracy': 0.39843, 'f1': 0.39391, 'auc': 0.87236}
val: {'epoch': 36, 'time_epoch': 0.31052, 'loss': 1.40290339, 'lr': 0, 'params': 201514, 'time_iter': 0.01553, 'accuracy': 0.4094, 'f1': 0.38936, 'auc': 0.87754}
test: {'epoch': 36, 'time_epoch': 1.1537, 'loss': 1.65998604, 'lr': 0, 'params': 201514, 'time_iter': 0.02884, 'accuracy': 0.3239, 'f1': 0.29692, 'auc': 0.82337}
> Epoch 36: took 4.4s (avg 4.3s) | Best so far: epoch 36	train_loss: 1.4211 train_accuracy: 0.3984	val_loss: 1.4029 val_accuracy: 0.4094	test_loss: 1.6600 test_accuracy: 0.3239
train: {'epoch': 37, 'time_epoch': 2.94556, 'eta': 2878.96268, 'eta_hours': 0.79971, 'loss': 1.4118264, 'lr': 0.00074, 'params': 201514, 'time_iter': 0.02496, 'accuracy': 0.4015, 'f1': 0.39683, 'auc': 0.874}
val: {'epoch': 37, 'time_epoch': 0.31128, 'loss': 1.36300563, 'lr': 0, 'params': 201514, 'time_iter': 0.01556, 'accuracy': 0.4298, 'f1': 0.42776, 'auc': 0.88406}
test: {'epoch': 37, 'time_epoch': 0.88331, 'loss': 1.65110283, 'lr': 0, 'params': 201514, 'time_iter': 0.02208, 'accuracy': 0.326, 'f1': 0.31982, 'auc': 0.82596}
> Epoch 37: took 4.2s (avg 4.3s) | Best so far: epoch 37	train_loss: 1.4118 train_accuracy: 0.4015	val_loss: 1.3630 val_accuracy: 0.4298	test_loss: 1.6511 test_accuracy: 0.3260
train: {'epoch': 38, 'time_epoch': 2.89758, 'eta': 2873.62663, 'eta_hours': 0.79823, 'loss': 1.40436321, 'lr': 0.00076, 'params': 201514, 'time_iter': 0.02456, 'accuracy': 0.40553, 'f1': 0.40138, 'auc': 0.87542}
val: {'epoch': 38, 'time_epoch': 0.30729, 'loss': 1.37378742, 'lr': 0, 'params': 201514, 'time_iter': 0.01536, 'accuracy': 0.4178, 'f1': 0.39641, 'auc': 0.88354}
test: {'epoch': 38, 'time_epoch': 0.87956, 'loss': 1.66350119, 'lr': 0, 'params': 201514, 'time_iter': 0.02199, 'accuracy': 0.3268, 'f1': 0.29837, 'auc': 0.82725}
> Epoch 38: took 4.1s (avg 4.3s) | Best so far: epoch 37	train_loss: 1.4118 train_accuracy: 0.4015	val_loss: 1.3630 val_accuracy: 0.4298	test_loss: 1.6511 test_accuracy: 0.3260
train: {'epoch': 39, 'time_epoch': 2.96818, 'eta': 2870.10682, 'eta_hours': 0.79725, 'loss': 1.39072854, 'lr': 0.00078, 'params': 201514, 'time_iter': 0.02515, 'accuracy': 0.41063, 'f1': 0.40674, 'auc': 0.87752}
val: {'epoch': 39, 'time_epoch': 0.31003, 'loss': 1.33405782, 'lr': 0, 'params': 201514, 'time_iter': 0.0155, 'accuracy': 0.4346, 'f1': 0.41446, 'auc': 0.88906}
test: {'epoch': 39, 'time_epoch': 0.90066, 'loss': 1.68150439, 'lr': 0, 'params': 201514, 'time_iter': 0.02252, 'accuracy': 0.3261, 'f1': 0.29848, 'auc': 0.8241}
> Epoch 39: took 4.2s (avg 4.3s) | Best so far: epoch 39	train_loss: 1.3907 train_accuracy: 0.4106	val_loss: 1.3341 val_accuracy: 0.4346	test_loss: 1.6815 test_accuracy: 0.3261
train: {'epoch': 40, 'time_epoch': 2.9092, 'eta': 2865.23432, 'eta_hours': 0.7959, 'loss': 1.39213735, 'lr': 0.0008, 'params': 201514, 'time_iter': 0.02465, 'accuracy': 0.40817, 'f1': 0.40283, 'auc': 0.87787}
val: {'epoch': 40, 'time_epoch': 0.30758, 'loss': 1.37712716, 'lr': 0, 'params': 201514, 'time_iter': 0.01538, 'accuracy': 0.4134, 'f1': 0.408, 'auc': 0.88212}
test: {'epoch': 40, 'time_epoch': 0.91282, 'loss': 1.65553662, 'lr': 0, 'params': 201514, 'time_iter': 0.02282, 'accuracy': 0.3186, 'f1': 0.30942, 'auc': 0.82312}
> Epoch 40: took 4.2s (avg 4.3s) | Best so far: epoch 39	train_loss: 1.3907 train_accuracy: 0.4106	val_loss: 1.3341 val_accuracy: 0.4346	test_loss: 1.6815 test_accuracy: 0.3261
train: {'epoch': 41, 'time_epoch': 2.89121, 'eta': 2860.045, 'eta_hours': 0.79446, 'loss': 1.37738885, 'lr': 0.00082, 'params': 201514, 'time_iter': 0.0245, 'accuracy': 0.4181, 'f1': 0.4144, 'auc': 0.88058}
val: {'epoch': 41, 'time_epoch': 0.30902, 'loss': 1.36057602, 'lr': 0, 'params': 201514, 'time_iter': 0.01545, 'accuracy': 0.4222, 'f1': 0.4201, 'auc': 0.88574}
test: {'epoch': 41, 'time_epoch': 0.91598, 'loss': 1.62342972, 'lr': 0, 'params': 201514, 'time_iter': 0.0229, 'accuracy': 0.3317, 'f1': 0.32278, 'auc': 0.82952}
> Epoch 41: took 4.2s (avg 4.3s) | Best so far: epoch 39	train_loss: 1.3907 train_accuracy: 0.4106	val_loss: 1.3341 val_accuracy: 0.4346	test_loss: 1.6815 test_accuracy: 0.3261
train: {'epoch': 42, 'time_epoch': 2.92582, 'eta': 2855.73281, 'eta_hours': 0.79326, 'loss': 1.37213066, 'lr': 0.00084, 'params': 201514, 'time_iter': 0.0248, 'accuracy': 0.41323, 'f1': 0.40884, 'auc': 0.88141}
val: {'epoch': 42, 'time_epoch': 0.30652, 'loss': 1.33518617, 'lr': 0, 'params': 201514, 'time_iter': 0.01533, 'accuracy': 0.4344, 'f1': 0.41817, 'auc': 0.88819}
test: {'epoch': 42, 'time_epoch': 0.92413, 'loss': 1.74093869, 'lr': 0, 'params': 201514, 'time_iter': 0.0231, 'accuracy': 0.3264, 'f1': 0.30687, 'auc': 0.81781}
> Epoch 42: took 4.2s (avg 4.3s) | Best so far: epoch 39	train_loss: 1.3907 train_accuracy: 0.4106	val_loss: 1.3341 val_accuracy: 0.4346	test_loss: 1.6815 test_accuracy: 0.3261
train: {'epoch': 43, 'time_epoch': 2.90365, 'eta': 2851.00204, 'eta_hours': 0.79195, 'loss': 1.3572084, 'lr': 0.00086, 'params': 201514, 'time_iter': 0.02461, 'accuracy': 0.4248, 'f1': 0.42093, 'auc': 0.88393}
val: {'epoch': 43, 'time_epoch': 0.31452, 'loss': 1.33609351, 'lr': 0, 'params': 201514, 'time_iter': 0.01573, 'accuracy': 0.4376, 'f1': 0.42478, 'auc': 0.88908}
test: {'epoch': 43, 'time_epoch': 1.13572, 'loss': 1.77571029, 'lr': 0, 'params': 201514, 'time_iter': 0.02839, 'accuracy': 0.3144, 'f1': 0.29477, 'auc': 0.81576}
> Epoch 43: took 4.4s (avg 4.3s) | Best so far: epoch 43	train_loss: 1.3572 train_accuracy: 0.4248	val_loss: 1.3361 val_accuracy: 0.4376	test_loss: 1.7757 test_accuracy: 0.3144
train: {'epoch': 44, 'time_epoch': 2.91517, 'eta': 2846.59692, 'eta_hours': 0.79072, 'loss': 1.35727868, 'lr': 0.00088, 'params': 201514, 'time_iter': 0.0247, 'accuracy': 0.42173, 'f1': 0.41747, 'auc': 0.88363}
val: {'epoch': 44, 'time_epoch': 0.31151, 'loss': 1.2929468, 'lr': 0, 'params': 201514, 'time_iter': 0.01558, 'accuracy': 0.454, 'f1': 0.44443, 'auc': 0.89593}
test: {'epoch': 44, 'time_epoch': 0.91885, 'loss': 1.70522531, 'lr': 0, 'params': 201514, 'time_iter': 0.02297, 'accuracy': 0.3357, 'f1': 0.32076, 'auc': 0.82241}
> Epoch 44: took 4.2s (avg 4.3s) | Best so far: epoch 44	train_loss: 1.3573 train_accuracy: 0.4217	val_loss: 1.2929 val_accuracy: 0.4540	test_loss: 1.7052 test_accuracy: 0.3357
train: {'epoch': 45, 'time_epoch': 2.95113, 'eta': 2843.00235, 'eta_hours': 0.78972, 'loss': 1.34465798, 'lr': 0.0009, 'params': 201514, 'time_iter': 0.02501, 'accuracy': 0.42627, 'f1': 0.42317, 'auc': 0.8858}
val: {'epoch': 45, 'time_epoch': 0.31602, 'loss': 1.33853761, 'lr': 0, 'params': 201514, 'time_iter': 0.0158, 'accuracy': 0.4302, 'f1': 0.41416, 'auc': 0.89002}
test: {'epoch': 45, 'time_epoch': 0.91684, 'loss': 1.6732196, 'lr': 0, 'params': 201514, 'time_iter': 0.02292, 'accuracy': 0.325, 'f1': 0.30216, 'auc': 0.82937}
> Epoch 45: took 4.2s (avg 4.3s) | Best so far: epoch 44	train_loss: 1.3573 train_accuracy: 0.4217	val_loss: 1.2929 val_accuracy: 0.4540	test_loss: 1.7052 test_accuracy: 0.3357
train: {'epoch': 46, 'time_epoch': 2.94705, 'eta': 2839.35247, 'eta_hours': 0.78871, 'loss': 1.34913218, 'lr': 0.00092, 'params': 201514, 'time_iter': 0.02498, 'accuracy': 0.42527, 'f1': 0.4216, 'auc': 0.88476}
val: {'epoch': 46, 'time_epoch': 0.29953, 'loss': 1.476071, 'lr': 0, 'params': 201514, 'time_iter': 0.01498, 'accuracy': 0.3792, 'f1': 0.36915, 'auc': 0.86889}
test: {'epoch': 46, 'time_epoch': 0.90577, 'loss': 1.6914311, 'lr': 0, 'params': 201514, 'time_iter': 0.02264, 'accuracy': 0.3094, 'f1': 0.29286, 'auc': 0.81879}
> Epoch 46: took 4.2s (avg 4.3s) | Best so far: epoch 44	train_loss: 1.3573 train_accuracy: 0.4217	val_loss: 1.2929 val_accuracy: 0.4540	test_loss: 1.7052 test_accuracy: 0.3357
train: {'epoch': 47, 'time_epoch': 2.89349, 'eta': 2834.66959, 'eta_hours': 0.78741, 'loss': 1.33700159, 'lr': 0.00094, 'params': 201514, 'time_iter': 0.02452, 'accuracy': 0.42987, 'f1': 0.42628, 'auc': 0.88715}
val: {'epoch': 47, 'time_epoch': 0.29852, 'loss': 1.31259552, 'lr': 0, 'params': 201514, 'time_iter': 0.01493, 'accuracy': 0.4272, 'f1': 0.4178, 'auc': 0.89305}
test: {'epoch': 47, 'time_epoch': 0.87872, 'loss': 1.71192117, 'lr': 0, 'params': 201514, 'time_iter': 0.02197, 'accuracy': 0.3242, 'f1': 0.30707, 'auc': 0.82275}
> Epoch 47: took 4.1s (avg 4.3s) | Best so far: epoch 44	train_loss: 1.3573 train_accuracy: 0.4217	val_loss: 1.2929 val_accuracy: 0.4540	test_loss: 1.7052 test_accuracy: 0.3357
train: {'epoch': 48, 'time_epoch': 2.94119, 'eta': 2830.98548, 'eta_hours': 0.78638, 'loss': 1.31470625, 'lr': 0.00096, 'params': 201514, 'time_iter': 0.02493, 'accuracy': 0.4418, 'f1': 0.43825, 'auc': 0.8914}
val: {'epoch': 48, 'time_epoch': 0.30912, 'loss': 1.27740276, 'lr': 0, 'params': 201514, 'time_iter': 0.01546, 'accuracy': 0.4468, 'f1': 0.43476, 'auc': 0.8993}
test: {'epoch': 48, 'time_epoch': 0.88606, 'loss': 1.62559107, 'lr': 0, 'params': 201514, 'time_iter': 0.02215, 'accuracy': 0.3401, 'f1': 0.32037, 'auc': 0.83345}
> Epoch 48: took 4.2s (avg 4.3s) | Best so far: epoch 44	train_loss: 1.3573 train_accuracy: 0.4217	val_loss: 1.2929 val_accuracy: 0.4540	test_loss: 1.7052 test_accuracy: 0.3357
train: {'epoch': 49, 'time_epoch': 2.93952, 'eta': 2827.29926, 'eta_hours': 0.78536, 'loss': 1.30148089, 'lr': 0.00098, 'params': 201514, 'time_iter': 0.02491, 'accuracy': 0.4424, 'f1': 0.43972, 'auc': 0.89342}
val: {'epoch': 49, 'time_epoch': 0.30683, 'loss': 1.53711988, 'lr': 0, 'params': 201514, 'time_iter': 0.01534, 'accuracy': 0.3494, 'f1': 0.33444, 'auc': 0.85804}
test: {'epoch': 49, 'time_epoch': 0.90015, 'loss': 1.75235725, 'lr': 0, 'params': 201514, 'time_iter': 0.0225, 'accuracy': 0.3043, 'f1': 0.28227, 'auc': 0.81115}
> Epoch 49: took 4.2s (avg 4.3s) | Best so far: epoch 44	train_loss: 1.3573 train_accuracy: 0.4217	val_loss: 1.2929 val_accuracy: 0.4540	test_loss: 1.7052 test_accuracy: 0.3357
train: {'epoch': 50, 'time_epoch': 2.9708, 'eta': 2824.22451, 'eta_hours': 0.78451, 'loss': 1.30129196, 'lr': 0.001, 'params': 201514, 'time_iter': 0.02518, 'accuracy': 0.44573, 'f1': 0.44308, 'auc': 0.89354}
val: {'epoch': 50, 'time_epoch': 0.31635, 'loss': 1.3144523, 'lr': 0, 'params': 201514, 'time_iter': 0.01582, 'accuracy': 0.432, 'f1': 0.42086, 'auc': 0.89373}
test: {'epoch': 50, 'time_epoch': 1.16166, 'loss': 1.64744824, 'lr': 0, 'params': 201514, 'time_iter': 0.02904, 'accuracy': 0.3365, 'f1': 0.31335, 'auc': 0.8335}
> Epoch 50: took 4.5s (avg 4.3s) | Best so far: epoch 44	train_loss: 1.3573 train_accuracy: 0.4217	val_loss: 1.2929 val_accuracy: 0.4540	test_loss: 1.7052 test_accuracy: 0.3357
train: {'epoch': 51, 'time_epoch': 2.95416, 'eta': 2820.85032, 'eta_hours': 0.78357, 'loss': 1.27176391, 'lr': 0.00099895, 'params': 201514, 'time_iter': 0.02504, 'accuracy': 0.4555, 'f1': 0.45287, 'auc': 0.89849}
val: {'epoch': 51, 'time_epoch': 0.30404, 'loss': 1.25050613, 'lr': 0, 'params': 201514, 'time_iter': 0.0152, 'accuracy': 0.4678, 'f1': 0.44514, 'auc': 0.90559}
test: {'epoch': 51, 'time_epoch': 0.91323, 'loss': 1.67755835, 'lr': 0, 'params': 201514, 'time_iter': 0.02283, 'accuracy': 0.3481, 'f1': 0.31554, 'auc': 0.83851}
> Epoch 51: took 4.2s (avg 4.3s) | Best so far: epoch 51	train_loss: 1.2718 train_accuracy: 0.4555	val_loss: 1.2505 val_accuracy: 0.4678	test_loss: 1.6776 test_accuracy: 0.3481
train: {'epoch': 52, 'time_epoch': 2.89372, 'eta': 2816.41207, 'eta_hours': 0.78234, 'loss': 1.26477951, 'lr': 0.00099789, 'params': 201514, 'time_iter': 0.02452, 'accuracy': 0.45997, 'f1': 0.45641, 'auc': 0.89959}
val: {'epoch': 52, 'time_epoch': 0.30052, 'loss': 1.23251125, 'lr': 0, 'params': 201514, 'time_iter': 0.01503, 'accuracy': 0.4776, 'f1': 0.47551, 'auc': 0.90589}
test: {'epoch': 52, 'time_epoch': 0.89808, 'loss': 1.62938252, 'lr': 0, 'params': 201514, 'time_iter': 0.02245, 'accuracy': 0.3477, 'f1': 0.33699, 'auc': 0.83701}
> Epoch 52: took 4.1s (avg 4.3s) | Best so far: epoch 52	train_loss: 1.2648 train_accuracy: 0.4600	val_loss: 1.2325 val_accuracy: 0.4776	test_loss: 1.6294 test_accuracy: 0.3477
train: {'epoch': 53, 'time_epoch': 2.80043, 'eta': 2810.39672, 'eta_hours': 0.78067, 'loss': 1.2545097, 'lr': 0.00099684, 'params': 201514, 'time_iter': 0.02373, 'accuracy': 0.46227, 'f1': 0.46, 'auc': 0.90089}
val: {'epoch': 53, 'time_epoch': 0.30102, 'loss': 1.21944065, 'lr': 0, 'params': 201514, 'time_iter': 0.01505, 'accuracy': 0.47, 'f1': 0.45466, 'auc': 0.90897}
test: {'epoch': 53, 'time_epoch': 0.89223, 'loss': 1.5703396, 'lr': 0, 'params': 201514, 'time_iter': 0.02231, 'accuracy': 0.361, 'f1': 0.33212, 'auc': 0.84647}
> Epoch 53: took 4.0s (avg 4.3s) | Best so far: epoch 52	train_loss: 1.2648 train_accuracy: 0.4600	val_loss: 1.2325 val_accuracy: 0.4776	test_loss: 1.6294 test_accuracy: 0.3477
train: {'epoch': 54, 'time_epoch': 2.89276, 'eta': 2806.08462, 'eta_hours': 0.77947, 'loss': 1.23199164, 'lr': 0.00099579, 'params': 201514, 'time_iter': 0.02451, 'accuracy': 0.47103, 'f1': 0.46899, 'auc': 0.90505}
val: {'epoch': 54, 'time_epoch': 0.28938, 'loss': 1.20569748, 'lr': 0, 'params': 201514, 'time_iter': 0.01447, 'accuracy': 0.4902, 'f1': 0.47903, 'auc': 0.91025}
test: {'epoch': 54, 'time_epoch': 0.88926, 'loss': 1.70511922, 'lr': 0, 'params': 201514, 'time_iter': 0.02223, 'accuracy': 0.3471, 'f1': 0.33357, 'auc': 0.83463}
> Epoch 54: took 4.1s (avg 4.3s) | Best so far: epoch 54	train_loss: 1.2320 train_accuracy: 0.4710	val_loss: 1.2057 val_accuracy: 0.4902	test_loss: 1.7051 test_accuracy: 0.3471
train: {'epoch': 55, 'time_epoch': 2.81454, 'eta': 2800.50478, 'eta_hours': 0.77792, 'loss': 1.22613973, 'lr': 0.00099474, 'params': 201514, 'time_iter': 0.02385, 'accuracy': 0.4727, 'f1': 0.47101, 'auc': 0.90569}
val: {'epoch': 55, 'time_epoch': 0.30026, 'loss': 1.15557429, 'lr': 0, 'params': 201514, 'time_iter': 0.01501, 'accuracy': 0.4896, 'f1': 0.47888, 'auc': 0.91735}
test: {'epoch': 55, 'time_epoch': 0.89559, 'loss': 1.60217523, 'lr': 0, 'params': 201514, 'time_iter': 0.02239, 'accuracy': 0.3622, 'f1': 0.34397, 'auc': 0.84321}
> Epoch 55: took 4.0s (avg 4.3s) | Best so far: epoch 54	train_loss: 1.2320 train_accuracy: 0.4710	val_loss: 1.2057 val_accuracy: 0.4902	test_loss: 1.7051 test_accuracy: 0.3471
train: {'epoch': 56, 'time_epoch': 2.79803, 'eta': 2794.74876, 'eta_hours': 0.77632, 'loss': 1.23424616, 'lr': 0.00099368, 'params': 201514, 'time_iter': 0.02371, 'accuracy': 0.47153, 'f1': 0.46885, 'auc': 0.90452}
val: {'epoch': 56, 'time_epoch': 0.30119, 'loss': 1.13962343, 'lr': 0, 'params': 201514, 'time_iter': 0.01506, 'accuracy': 0.5014, 'f1': 0.49617, 'auc': 0.92017}
test: {'epoch': 56, 'time_epoch': 0.8843, 'loss': 1.55183275, 'lr': 0, 'params': 201514, 'time_iter': 0.02211, 'accuracy': 0.3723, 'f1': 0.36007, 'auc': 0.85056}
> Epoch 56: took 4.0s (avg 4.2s) | Best so far: epoch 56	train_loss: 1.2342 train_accuracy: 0.4715	val_loss: 1.1396 val_accuracy: 0.5014	test_loss: 1.5518 test_accuracy: 0.3723
train: {'epoch': 57, 'time_epoch': 2.8884, 'eta': 2790.56238, 'eta_hours': 0.77516, 'loss': 1.19638439, 'lr': 0.00099263, 'params': 201514, 'time_iter': 0.02448, 'accuracy': 0.48407, 'f1': 0.48173, 'auc': 0.90979}
val: {'epoch': 57, 'time_epoch': 0.31452, 'loss': 1.28204331, 'lr': 0, 'params': 201514, 'time_iter': 0.01573, 'accuracy': 0.4418, 'f1': 0.4297, 'auc': 0.90069}
test: {'epoch': 57, 'time_epoch': 1.13776, 'loss': 1.62032147, 'lr': 0, 'params': 201514, 'time_iter': 0.02844, 'accuracy': 0.3452, 'f1': 0.31788, 'auc': 0.84065}
> Epoch 57: took 4.4s (avg 4.2s) | Best so far: epoch 56	train_loss: 1.2342 train_accuracy: 0.4715	val_loss: 1.1396 val_accuracy: 0.5014	test_loss: 1.5518 test_accuracy: 0.3723
train: {'epoch': 58, 'time_epoch': 2.90528, 'eta': 2786.68932, 'eta_hours': 0.77408, 'loss': 1.1978654, 'lr': 0.00099158, 'params': 201514, 'time_iter': 0.02462, 'accuracy': 0.483, 'f1': 0.48063, 'auc': 0.90965}
val: {'epoch': 58, 'time_epoch': 0.30652, 'loss': 1.16654777, 'lr': 0, 'params': 201514, 'time_iter': 0.01533, 'accuracy': 0.498, 'f1': 0.47923, 'auc': 0.91497}
test: {'epoch': 58, 'time_epoch': 0.89076, 'loss': 1.60522584, 'lr': 0, 'params': 201514, 'time_iter': 0.02227, 'accuracy': 0.3741, 'f1': 0.35127, 'auc': 0.84714}
> Epoch 58: took 4.1s (avg 4.2s) | Best so far: epoch 56	train_loss: 1.2342 train_accuracy: 0.4715	val_loss: 1.1396 val_accuracy: 0.5014	test_loss: 1.5518 test_accuracy: 0.3723
train: {'epoch': 59, 'time_epoch': 2.88641, 'eta': 2782.55281, 'eta_hours': 0.77293, 'loss': 1.18673656, 'lr': 0.00099053, 'params': 201514, 'time_iter': 0.02446, 'accuracy': 0.4881, 'f1': 0.48564, 'auc': 0.91133}
val: {'epoch': 59, 'time_epoch': 0.28751, 'loss': 1.15994653, 'lr': 0, 'params': 201514, 'time_iter': 0.01438, 'accuracy': 0.5084, 'f1': 0.50279, 'auc': 0.9184}
test: {'epoch': 59, 'time_epoch': 0.88282, 'loss': 1.64680292, 'lr': 0, 'params': 201514, 'time_iter': 0.02207, 'accuracy': 0.3527, 'f1': 0.34179, 'auc': 0.84226}
> Epoch 59: took 4.1s (avg 4.2s) | Best so far: epoch 59	train_loss: 1.1867 train_accuracy: 0.4881	val_loss: 1.1599 val_accuracy: 0.5084	test_loss: 1.6468 test_accuracy: 0.3527
train: {'epoch': 60, 'time_epoch': 2.99865, 'eta': 2780.18507, 'eta_hours': 0.77227, 'loss': 1.16930563, 'lr': 0.00098947, 'params': 201514, 'time_iter': 0.02541, 'accuracy': 0.49107, 'f1': 0.48949, 'auc': 0.91443}
val: {'epoch': 60, 'time_epoch': 0.30352, 'loss': 1.18243681, 'lr': 0, 'params': 201514, 'time_iter': 0.01518, 'accuracy': 0.486, 'f1': 0.47146, 'auc': 0.91618}
test: {'epoch': 60, 'time_epoch': 0.90835, 'loss': 1.64175679, 'lr': 0, 'params': 201514, 'time_iter': 0.02271, 'accuracy': 0.3672, 'f1': 0.34447, 'auc': 0.84747}
> Epoch 60: took 4.2s (avg 4.2s) | Best so far: epoch 59	train_loss: 1.1867 train_accuracy: 0.4881	val_loss: 1.1599 val_accuracy: 0.5084	test_loss: 1.6468 test_accuracy: 0.3527
train: {'epoch': 61, 'time_epoch': 2.87651, 'eta': 2775.9492, 'eta_hours': 0.7711, 'loss': 1.14924846, 'lr': 0.00098842, 'params': 201514, 'time_iter': 0.02438, 'accuracy': 0.5066, 'f1': 0.50455, 'auc': 0.9174}
val: {'epoch': 61, 'time_epoch': 0.30649, 'loss': 1.22402078, 'lr': 0, 'params': 201514, 'time_iter': 0.01532, 'accuracy': 0.4746, 'f1': 0.46777, 'auc': 0.90828}
test: {'epoch': 61, 'time_epoch': 0.89804, 'loss': 1.60985183, 'lr': 0, 'params': 201514, 'time_iter': 0.02245, 'accuracy': 0.3584, 'f1': 0.34102, 'auc': 0.84322}
> Epoch 61: took 4.1s (avg 4.2s) | Best so far: epoch 59	train_loss: 1.1867 train_accuracy: 0.4881	val_loss: 1.1599 val_accuracy: 0.5084	test_loss: 1.6468 test_accuracy: 0.3527
train: {'epoch': 62, 'time_epoch': 2.77391, 'eta': 2770.23043, 'eta_hours': 0.76951, 'loss': 1.1524138, 'lr': 0.00098737, 'params': 201514, 'time_iter': 0.02351, 'accuracy': 0.50187, 'f1': 0.49938, 'auc': 0.9164}
val: {'epoch': 62, 'time_epoch': 0.29257, 'loss': 1.1026748, 'lr': 0, 'params': 201514, 'time_iter': 0.01463, 'accuracy': 0.5168, 'f1': 0.51465, 'auc': 0.92507}
test: {'epoch': 62, 'time_epoch': 0.89364, 'loss': 1.48567649, 'lr': 0, 'params': 201514, 'time_iter': 0.02234, 'accuracy': 0.3905, 'f1': 0.38553, 'auc': 0.86126}
> Epoch 62: took 4.0s (avg 4.2s) | Best so far: epoch 62	train_loss: 1.1524 train_accuracy: 0.5019	val_loss: 1.1027 val_accuracy: 0.5168	test_loss: 1.4857 test_accuracy: 0.3905
train: {'epoch': 63, 'time_epoch': 2.88834, 'eta': 2766.27726, 'eta_hours': 0.76841, 'loss': 1.13150393, 'lr': 0.00098632, 'params': 201514, 'time_iter': 0.02448, 'accuracy': 0.5083, 'f1': 0.50676, 'auc': 0.91924}
val: {'epoch': 63, 'time_epoch': 0.29352, 'loss': 1.12432783, 'lr': 0, 'params': 201514, 'time_iter': 0.01468, 'accuracy': 0.5106, 'f1': 0.49128, 'auc': 0.92551}
test: {'epoch': 63, 'time_epoch': 0.85577, 'loss': 1.7067372, 'lr': 0, 'params': 201514, 'time_iter': 0.02139, 'accuracy': 0.3739, 'f1': 0.3501, 'auc': 0.84671}
> Epoch 63: took 4.1s (avg 4.2s) | Best so far: epoch 62	train_loss: 1.1524 train_accuracy: 0.5019	val_loss: 1.1027 val_accuracy: 0.5168	test_loss: 1.4857 test_accuracy: 0.3905
train: {'epoch': 64, 'time_epoch': 2.89671, 'eta': 2762.47719, 'eta_hours': 0.76735, 'loss': 1.14050492, 'lr': 0.00098526, 'params': 201514, 'time_iter': 0.02455, 'accuracy': 0.50353, 'f1': 0.50077, 'auc': 0.91751}
val: {'epoch': 64, 'time_epoch': 0.29652, 'loss': 1.08561728, 'lr': 0, 'params': 201514, 'time_iter': 0.01483, 'accuracy': 0.5328, 'f1': 0.52111, 'auc': 0.92683}
test: {'epoch': 64, 'time_epoch': 1.12776, 'loss': 1.52344241, 'lr': 0, 'params': 201514, 'time_iter': 0.02819, 'accuracy': 0.3933, 'f1': 0.37732, 'auc': 0.86091}
> Epoch 64: took 4.4s (avg 4.2s) | Best so far: epoch 64	train_loss: 1.1405 train_accuracy: 0.5035	val_loss: 1.0856 val_accuracy: 0.5328	test_loss: 1.5234 test_accuracy: 0.3933
train: {'epoch': 65, 'time_epoch': 2.90356, 'eta': 2758.80151, 'eta_hours': 0.76633, 'loss': 1.10977927, 'lr': 0.00098421, 'params': 201514, 'time_iter': 0.02461, 'accuracy': 0.519, 'f1': 0.51714, 'auc': 0.92243}
val: {'epoch': 65, 'time_epoch': 0.30169, 'loss': 1.0288697, 'lr': 0, 'params': 201514, 'time_iter': 0.01508, 'accuracy': 0.5534, 'f1': 0.5477, 'auc': 0.93493}
test: {'epoch': 65, 'time_epoch': 0.89508, 'loss': 1.51380255, 'lr': 0, 'params': 201514, 'time_iter': 0.02238, 'accuracy': 0.4045, 'f1': 0.39059, 'auc': 0.86402}
> Epoch 65: took 4.1s (avg 4.2s) | Best so far: epoch 65	train_loss: 1.1098 train_accuracy: 0.5190	val_loss: 1.0289 val_accuracy: 0.5534	test_loss: 1.5138 test_accuracy: 0.4045
train: {'epoch': 66, 'time_epoch': 2.87951, 'eta': 2754.81398, 'eta_hours': 0.76523, 'loss': 1.09844341, 'lr': 0.00098316, 'params': 201514, 'time_iter': 0.0244, 'accuracy': 0.51977, 'f1': 0.51756, 'auc': 0.92382}
val: {'epoch': 66, 'time_epoch': 0.29609, 'loss': 1.0297708, 'lr': 0, 'params': 201514, 'time_iter': 0.0148, 'accuracy': 0.5586, 'f1': 0.54994, 'auc': 0.93453}
test: {'epoch': 66, 'time_epoch': 0.85245, 'loss': 1.59231273, 'lr': 0, 'params': 201514, 'time_iter': 0.02131, 'accuracy': 0.3959, 'f1': 0.38396, 'auc': 0.85759}
> Epoch 66: took 4.1s (avg 4.2s) | Best so far: epoch 66	train_loss: 1.0984 train_accuracy: 0.5198	val_loss: 1.0298 val_accuracy: 0.5586	test_loss: 1.5923 test_accuracy: 0.3959
train: {'epoch': 67, 'time_epoch': 2.8446, 'eta': 2750.38059, 'eta_hours': 0.76399, 'loss': 1.09642523, 'lr': 0.00098211, 'params': 201514, 'time_iter': 0.02411, 'accuracy': 0.5253, 'f1': 0.5234, 'auc': 0.92417}
val: {'epoch': 67, 'time_epoch': 0.30153, 'loss': 1.12641416, 'lr': 0, 'params': 201514, 'time_iter': 0.01508, 'accuracy': 0.5052, 'f1': 0.47944, 'auc': 0.92743}
test: {'epoch': 67, 'time_epoch': 0.85786, 'loss': 1.56365684, 'lr': 0, 'params': 201514, 'time_iter': 0.02145, 'accuracy': 0.3848, 'f1': 0.3525, 'auc': 0.86316}
> Epoch 67: took 4.0s (avg 4.2s) | Best so far: epoch 66	train_loss: 1.0984 train_accuracy: 0.5198	val_loss: 1.0298 val_accuracy: 0.5586	test_loss: 1.5923 test_accuracy: 0.3959
train: {'epoch': 68, 'time_epoch': 2.86397, 'eta': 2746.25458, 'eta_hours': 0.76285, 'loss': 1.08634547, 'lr': 0.00098105, 'params': 201514, 'time_iter': 0.02427, 'accuracy': 0.52773, 'f1': 0.52572, 'auc': 0.92568}
val: {'epoch': 68, 'time_epoch': 0.29297, 'loss': 1.03037662, 'lr': 0, 'params': 201514, 'time_iter': 0.01465, 'accuracy': 0.5484, 'f1': 0.53363, 'auc': 0.93512}
test: {'epoch': 68, 'time_epoch': 0.88789, 'loss': 1.60531987, 'lr': 0, 'params': 201514, 'time_iter': 0.0222, 'accuracy': 0.3871, 'f1': 0.37026, 'auc': 0.85939}
> Epoch 68: took 4.1s (avg 4.2s) | Best so far: epoch 66	train_loss: 1.0984 train_accuracy: 0.5198	val_loss: 1.0298 val_accuracy: 0.5586	test_loss: 1.5923 test_accuracy: 0.3959
train: {'epoch': 69, 'time_epoch': 2.84298, 'eta': 2741.88578, 'eta_hours': 0.76163, 'loss': 1.07413226, 'lr': 0.00098, 'params': 201514, 'time_iter': 0.02409, 'accuracy': 0.5366, 'f1': 0.53469, 'auc': 0.92757}
val: {'epoch': 69, 'time_epoch': 0.30652, 'loss': 1.00602142, 'lr': 0, 'params': 201514, 'time_iter': 0.01533, 'accuracy': 0.5598, 'f1': 0.55627, 'auc': 0.93734}
test: {'epoch': 69, 'time_epoch': 0.91319, 'loss': 1.51106527, 'lr': 0, 'params': 201514, 'time_iter': 0.02283, 'accuracy': 0.4128, 'f1': 0.40204, 'auc': 0.86634}
> Epoch 69: took 4.1s (avg 4.2s) | Best so far: epoch 69	train_loss: 1.0741 train_accuracy: 0.5366	val_loss: 1.0060 val_accuracy: 0.5598	test_loss: 1.5111 test_accuracy: 0.4128
train: {'epoch': 70, 'time_epoch': 2.87768, 'eta': 2738.01395, 'eta_hours': 0.76056, 'loss': 1.0827158, 'lr': 0.00097895, 'params': 201514, 'time_iter': 0.02439, 'accuracy': 0.53043, 'f1': 0.52856, 'auc': 0.92594}
val: {'epoch': 70, 'time_epoch': 0.30252, 'loss': 0.99362814, 'lr': 0, 'params': 201514, 'time_iter': 0.01513, 'accuracy': 0.567, 'f1': 0.56055, 'auc': 0.93913}
test: {'epoch': 70, 'time_epoch': 0.87305, 'loss': 1.4863014, 'lr': 0, 'params': 201514, 'time_iter': 0.02183, 'accuracy': 0.4129, 'f1': 0.4036, 'auc': 0.86839}
> Epoch 70: took 4.1s (avg 4.2s) | Best so far: epoch 70	train_loss: 1.0827 train_accuracy: 0.5304	val_loss: 0.9936 val_accuracy: 0.5670	test_loss: 1.4863 test_accuracy: 0.4129
train: {'epoch': 71, 'time_epoch': 2.85301, 'eta': 2733.85175, 'eta_hours': 0.7594, 'loss': 1.05525558, 'lr': 0.0009779, 'params': 201514, 'time_iter': 0.02418, 'accuracy': 0.53947, 'f1': 0.53783, 'auc': 0.92965}
val: {'epoch': 71, 'time_epoch': 0.30153, 'loss': 0.98198376, 'lr': 0, 'params': 201514, 'time_iter': 0.01508, 'accuracy': 0.5792, 'f1': 0.57361, 'auc': 0.94017}
test: {'epoch': 71, 'time_epoch': 1.16113, 'loss': 1.46045842, 'lr': 0, 'params': 201514, 'time_iter': 0.02903, 'accuracy': 0.4176, 'f1': 0.41011, 'auc': 0.87151}
> Epoch 71: took 4.3s (avg 4.2s) | Best so far: epoch 71	train_loss: 1.0553 train_accuracy: 0.5395	val_loss: 0.9820 val_accuracy: 0.5792	test_loss: 1.4605 test_accuracy: 0.4176
train: {'epoch': 72, 'time_epoch': 2.99271, 'eta': 2731.49948, 'eta_hours': 0.75875, 'loss': 1.04464708, 'lr': 0.00097684, 'params': 201514, 'time_iter': 0.02536, 'accuracy': 0.54463, 'f1': 0.54299, 'auc': 0.9311}
val: {'epoch': 72, 'time_epoch': 0.3035, 'loss': 1.09470885, 'lr': 0, 'params': 201514, 'time_iter': 0.01517, 'accuracy': 0.5212, 'f1': 0.51474, 'auc': 0.92566}
test: {'epoch': 72, 'time_epoch': 0.90333, 'loss': 1.52327956, 'lr': 0, 'params': 201514, 'time_iter': 0.02258, 'accuracy': 0.3952, 'f1': 0.38587, 'auc': 0.86226}
> Epoch 72: took 4.2s (avg 4.2s) | Best so far: epoch 71	train_loss: 1.0553 train_accuracy: 0.5395	val_loss: 0.9820 val_accuracy: 0.5792	test_loss: 1.4605 test_accuracy: 0.4176
train: {'epoch': 73, 'time_epoch': 2.90806, 'eta': 2728.0706, 'eta_hours': 0.7578, 'loss': 1.03477055, 'lr': 0.00097579, 'params': 201514, 'time_iter': 0.02464, 'accuracy': 0.54963, 'f1': 0.54799, 'auc': 0.93214}
val: {'epoch': 73, 'time_epoch': 0.29452, 'loss': 0.98974356, 'lr': 0, 'params': 201514, 'time_iter': 0.01473, 'accuracy': 0.5666, 'f1': 0.5638, 'auc': 0.94065}
test: {'epoch': 73, 'time_epoch': 0.85894, 'loss': 1.44232929, 'lr': 0, 'params': 201514, 'time_iter': 0.02147, 'accuracy': 0.4159, 'f1': 0.40879, 'auc': 0.87538}
> Epoch 73: took 4.1s (avg 4.2s) | Best so far: epoch 71	train_loss: 1.0553 train_accuracy: 0.5395	val_loss: 0.9820 val_accuracy: 0.5792	test_loss: 1.4605 test_accuracy: 0.4176
train: {'epoch': 74, 'time_epoch': 3.01743, 'eta': 2726.00447, 'eta_hours': 0.75722, 'loss': 1.03426114, 'lr': 0.00097474, 'params': 201514, 'time_iter': 0.02557, 'accuracy': 0.55263, 'f1': 0.55121, 'auc': 0.93247}
val: {'epoch': 74, 'time_epoch': 0.32483, 'loss': 1.02130825, 'lr': 0, 'params': 201514, 'time_iter': 0.01624, 'accuracy': 0.5548, 'f1': 0.54928, 'auc': 0.93529}
test: {'epoch': 74, 'time_epoch': 0.88541, 'loss': 1.47195326, 'lr': 0, 'params': 201514, 'time_iter': 0.02214, 'accuracy': 0.4135, 'f1': 0.4058, 'auc': 0.86903}
> Epoch 74: took 4.3s (avg 4.2s) | Best so far: epoch 71	train_loss: 1.0553 train_accuracy: 0.5395	val_loss: 0.9820 val_accuracy: 0.5792	test_loss: 1.4605 test_accuracy: 0.4176
train: {'epoch': 75, 'time_epoch': 3.04843, 'eta': 2724.29025, 'eta_hours': 0.75675, 'loss': 1.02512558, 'lr': 0.00097369, 'params': 201514, 'time_iter': 0.02583, 'accuracy': 0.5544, 'f1': 0.55272, 'auc': 0.93344}
val: {'epoch': 75, 'time_epoch': 0.32683, 'loss': 0.94610221, 'lr': 0, 'params': 201514, 'time_iter': 0.01634, 'accuracy': 0.5904, 'f1': 0.58431, 'auc': 0.94381}
test: {'epoch': 75, 'time_epoch': 0.932, 'loss': 1.47499672, 'lr': 0, 'params': 201514, 'time_iter': 0.0233, 'accuracy': 0.4249, 'f1': 0.41715, 'auc': 0.87449}
> Epoch 75: took 4.4s (avg 4.2s) | Best so far: epoch 75	train_loss: 1.0251 train_accuracy: 0.5544	val_loss: 0.9461 val_accuracy: 0.5904	test_loss: 1.4750 test_accuracy: 0.4249
train: {'epoch': 76, 'time_epoch': 2.91739, 'eta': 2720.97063, 'eta_hours': 0.75583, 'loss': 1.0171864, 'lr': 0.00097263, 'params': 201514, 'time_iter': 0.02472, 'accuracy': 0.55917, 'f1': 0.55755, 'auc': 0.93452}
val: {'epoch': 76, 'time_epoch': 0.29054, 'loss': 0.99024602, 'lr': 0, 'params': 201514, 'time_iter': 0.01453, 'accuracy': 0.5734, 'f1': 0.57128, 'auc': 0.93959}
test: {'epoch': 76, 'time_epoch': 0.87285, 'loss': 1.45579228, 'lr': 0, 'params': 201514, 'time_iter': 0.02182, 'accuracy': 0.4143, 'f1': 0.41189, 'auc': 0.87331}
> Epoch 76: took 4.1s (avg 4.2s) | Best so far: epoch 75	train_loss: 1.0251 train_accuracy: 0.5544	val_loss: 0.9461 val_accuracy: 0.5904	test_loss: 1.4750 test_accuracy: 0.4249
train: {'epoch': 77, 'time_epoch': 2.81227, 'eta': 2716.41873, 'eta_hours': 0.75456, 'loss': 1.01448367, 'lr': 0.00097158, 'params': 201514, 'time_iter': 0.02383, 'accuracy': 0.56103, 'f1': 0.55955, 'auc': 0.93505}
val: {'epoch': 77, 'time_epoch': 0.28646, 'loss': 0.97488039, 'lr': 0, 'params': 201514, 'time_iter': 0.01432, 'accuracy': 0.5712, 'f1': 0.56335, 'auc': 0.94276}
test: {'epoch': 77, 'time_epoch': 0.76817, 'loss': 1.53097576, 'lr': 0, 'params': 201514, 'time_iter': 0.0192, 'accuracy': 0.4165, 'f1': 0.39988, 'auc': 0.87159}
> Epoch 77: took 3.9s (avg 4.2s) | Best so far: epoch 75	train_loss: 1.0251 train_accuracy: 0.5544	val_loss: 0.9461 val_accuracy: 0.5904	test_loss: 1.4750 test_accuracy: 0.4249
train: {'epoch': 78, 'time_epoch': 2.80683, 'eta': 2711.84744, 'eta_hours': 0.75329, 'loss': 1.00658426, 'lr': 0.00097053, 'params': 201514, 'time_iter': 0.02379, 'accuracy': 0.56037, 'f1': 0.55881, 'auc': 0.93589}
val: {'epoch': 78, 'time_epoch': 0.29484, 'loss': 0.93662032, 'lr': 0, 'params': 201514, 'time_iter': 0.01474, 'accuracy': 0.5868, 'f1': 0.5749, 'auc': 0.94547}
test: {'epoch': 78, 'time_epoch': 1.18187, 'loss': 1.43576909, 'lr': 0, 'params': 201514, 'time_iter': 0.02955, 'accuracy': 0.4379, 'f1': 0.42274, 'auc': 0.87946}
> Epoch 78: took 4.3s (avg 4.2s) | Best so far: epoch 75	train_loss: 1.0251 train_accuracy: 0.5544	val_loss: 0.9461 val_accuracy: 0.5904	test_loss: 1.4750 test_accuracy: 0.4249
train: {'epoch': 79, 'time_epoch': 2.80901, 'eta': 2707.34532, 'eta_hours': 0.75204, 'loss': 0.99420055, 'lr': 0.00096948, 'params': 201514, 'time_iter': 0.02381, 'accuracy': 0.56987, 'f1': 0.56833, 'auc': 0.93718}
val: {'epoch': 79, 'time_epoch': 0.28752, 'loss': 1.05444562, 'lr': 0, 'params': 201514, 'time_iter': 0.01438, 'accuracy': 0.549, 'f1': 0.5446, 'auc': 0.93453}
test: {'epoch': 79, 'time_epoch': 0.86257, 'loss': 1.55789979, 'lr': 0, 'params': 201514, 'time_iter': 0.02156, 'accuracy': 0.4034, 'f1': 0.39374, 'auc': 0.86571}
> Epoch 79: took 4.0s (avg 4.2s) | Best so far: epoch 75	train_loss: 1.0251 train_accuracy: 0.5544	val_loss: 0.9461 val_accuracy: 0.5904	test_loss: 1.4750 test_accuracy: 0.4249
train: {'epoch': 80, 'time_epoch': 2.72759, 'eta': 2701.96127, 'eta_hours': 0.75054, 'loss': 0.98541128, 'lr': 0.00096842, 'params': 201514, 'time_iter': 0.02312, 'accuracy': 0.5697, 'f1': 0.56836, 'auc': 0.93848}
val: {'epoch': 80, 'time_epoch': 0.28303, 'loss': 1.04786447, 'lr': 0, 'params': 201514, 'time_iter': 0.01415, 'accuracy': 0.543, 'f1': 0.52823, 'auc': 0.93486}
test: {'epoch': 80, 'time_epoch': 0.84877, 'loss': 1.53595668, 'lr': 0, 'params': 201514, 'time_iter': 0.02122, 'accuracy': 0.3994, 'f1': 0.37673, 'auc': 0.86752}
> Epoch 80: took 3.9s (avg 4.2s) | Best so far: epoch 75	train_loss: 1.0251 train_accuracy: 0.5544	val_loss: 0.9461 val_accuracy: 0.5904	test_loss: 1.4750 test_accuracy: 0.4249
train: {'epoch': 81, 'time_epoch': 2.91198, 'eta': 2698.70619, 'eta_hours': 0.74964, 'loss': 0.97991714, 'lr': 0.00096737, 'params': 201514, 'time_iter': 0.02468, 'accuracy': 0.57463, 'f1': 0.57313, 'auc': 0.9391}
val: {'epoch': 81, 'time_epoch': 0.33553, 'loss': 0.93728524, 'lr': 0, 'params': 201514, 'time_iter': 0.01678, 'accuracy': 0.5934, 'f1': 0.58241, 'auc': 0.94592}
test: {'epoch': 81, 'time_epoch': 0.83272, 'loss': 1.58527975, 'lr': 0, 'params': 201514, 'time_iter': 0.02082, 'accuracy': 0.4105, 'f1': 0.40048, 'auc': 0.86788}
> Epoch 81: took 4.1s (avg 4.2s) | Best so far: epoch 81	train_loss: 0.9799 train_accuracy: 0.5746	val_loss: 0.9373 val_accuracy: 0.5934	test_loss: 1.5853 test_accuracy: 0.4105
train: {'epoch': 82, 'time_epoch': 2.89403, 'eta': 2695.26109, 'eta_hours': 0.74868, 'loss': 0.9711207, 'lr': 0.00096632, 'params': 201514, 'time_iter': 0.02453, 'accuracy': 0.5774, 'f1': 0.5757, 'auc': 0.9399}
val: {'epoch': 82, 'time_epoch': 0.30352, 'loss': 0.95254606, 'lr': 0, 'params': 201514, 'time_iter': 0.01518, 'accuracy': 0.5824, 'f1': 0.57394, 'auc': 0.94301}
test: {'epoch': 82, 'time_epoch': 0.85661, 'loss': 1.63500046, 'lr': 0, 'params': 201514, 'time_iter': 0.02142, 'accuracy': 0.4052, 'f1': 0.39491, 'auc': 0.86223}
> Epoch 82: took 4.1s (avg 4.2s) | Best so far: epoch 81	train_loss: 0.9799 train_accuracy: 0.5746	val_loss: 0.9373 val_accuracy: 0.5934	test_loss: 1.5853 test_accuracy: 0.4105
train: {'epoch': 83, 'time_epoch': 2.96329, 'eta': 2692.58435, 'eta_hours': 0.74794, 'loss': 0.97168205, 'lr': 0.00096527, 'params': 201514, 'time_iter': 0.02511, 'accuracy': 0.57733, 'f1': 0.57601, 'auc': 0.94006}
val: {'epoch': 83, 'time_epoch': 0.32175, 'loss': 0.99051101, 'lr': 0, 'params': 201514, 'time_iter': 0.01609, 'accuracy': 0.5754, 'f1': 0.5712, 'auc': 0.93863}
test: {'epoch': 83, 'time_epoch': 0.92074, 'loss': 1.51617915, 'lr': 0, 'params': 201514, 'time_iter': 0.02302, 'accuracy': 0.4105, 'f1': 0.40094, 'auc': 0.86835}
> Epoch 83: took 4.2s (avg 4.2s) | Best so far: epoch 81	train_loss: 0.9799 train_accuracy: 0.5746	val_loss: 0.9373 val_accuracy: 0.5934	test_loss: 1.5853 test_accuracy: 0.4105
train: {'epoch': 84, 'time_epoch': 2.83568, 'eta': 2688.52727, 'eta_hours': 0.74681, 'loss': 0.95748402, 'lr': 0.00096421, 'params': 201514, 'time_iter': 0.02403, 'accuracy': 0.58207, 'f1': 0.58073, 'auc': 0.94151}
val: {'epoch': 84, 'time_epoch': 0.30583, 'loss': 0.8866114, 'lr': 0, 'params': 201514, 'time_iter': 0.01529, 'accuracy': 0.6232, 'f1': 0.6172, 'auc': 0.94978}
test: {'epoch': 84, 'time_epoch': 0.90876, 'loss': 1.443369, 'lr': 0, 'params': 201514, 'time_iter': 0.02272, 'accuracy': 0.4419, 'f1': 0.4338, 'auc': 0.88071}
> Epoch 84: took 4.1s (avg 4.2s) | Best so far: epoch 84	train_loss: 0.9575 train_accuracy: 0.5821	val_loss: 0.8866 val_accuracy: 0.6232	test_loss: 1.4434 test_accuracy: 0.4419
train: {'epoch': 85, 'time_epoch': 3.00517, 'eta': 2686.29989, 'eta_hours': 0.74619, 'loss': 0.94016913, 'lr': 0.00096316, 'params': 201514, 'time_iter': 0.02547, 'accuracy': 0.59203, 'f1': 0.59093, 'auc': 0.94371}
val: {'epoch': 85, 'time_epoch': 0.53077, 'loss': 1.12446267, 'lr': 0, 'params': 201514, 'time_iter': 0.02654, 'accuracy': 0.5158, 'f1': 0.50854, 'auc': 0.92825}
test: {'epoch': 85, 'time_epoch': 0.935, 'loss': 1.53708274, 'lr': 0, 'params': 201514, 'time_iter': 0.02337, 'accuracy': 0.3925, 'f1': 0.37981, 'auc': 0.86421}
> Epoch 85: took 4.5s (avg 4.2s) | Best so far: epoch 84	train_loss: 0.9575 train_accuracy: 0.5821	val_loss: 0.8866 val_accuracy: 0.6232	test_loss: 1.4434 test_accuracy: 0.4419
train: {'epoch': 86, 'time_epoch': 2.83356, 'eta': 2682.25371, 'eta_hours': 0.74507, 'loss': 0.93432236, 'lr': 0.00096211, 'params': 201514, 'time_iter': 0.02401, 'accuracy': 0.59417, 'f1': 0.59309, 'auc': 0.94417}
val: {'epoch': 86, 'time_epoch': 0.30053, 'loss': 0.91292891, 'lr': 0, 'params': 201514, 'time_iter': 0.01503, 'accuracy': 0.6002, 'f1': 0.60112, 'auc': 0.94746}
test: {'epoch': 86, 'time_epoch': 0.95738, 'loss': 1.66170523, 'lr': 0, 'params': 201514, 'time_iter': 0.02393, 'accuracy': 0.3982, 'f1': 0.39747, 'auc': 0.86398}
> Epoch 86: took 4.1s (avg 4.2s) | Best so far: epoch 84	train_loss: 0.9575 train_accuracy: 0.5821	val_loss: 0.8866 val_accuracy: 0.6232	test_loss: 1.4434 test_accuracy: 0.4419
train: {'epoch': 87, 'time_epoch': 2.8876, 'eta': 2678.79517, 'eta_hours': 0.74411, 'loss': 0.93340102, 'lr': 0.00096106, 'params': 201514, 'time_iter': 0.02447, 'accuracy': 0.59237, 'f1': 0.59109, 'auc': 0.94452}
val: {'epoch': 87, 'time_epoch': 0.28338, 'loss': 0.86130803, 'lr': 0, 'params': 201514, 'time_iter': 0.01417, 'accuracy': 0.6238, 'f1': 0.61327, 'auc': 0.95394}
test: {'epoch': 87, 'time_epoch': 0.83763, 'loss': 1.47659646, 'lr': 0, 'params': 201514, 'time_iter': 0.02094, 'accuracy': 0.4444, 'f1': 0.42985, 'auc': 0.88432}
> Epoch 87: took 4.0s (avg 4.2s) | Best so far: epoch 87	train_loss: 0.9334 train_accuracy: 0.5924	val_loss: 0.8613 val_accuracy: 0.6238	test_loss: 1.4766 test_accuracy: 0.4444
train: {'epoch': 88, 'time_epoch': 2.78586, 'eta': 2674.30803, 'eta_hours': 0.74286, 'loss': 0.93204383, 'lr': 0.00096, 'params': 201514, 'time_iter': 0.02361, 'accuracy': 0.59863, 'f1': 0.59769, 'auc': 0.94457}
val: {'epoch': 88, 'time_epoch': 0.28304, 'loss': 1.02816223, 'lr': 0, 'params': 201514, 'time_iter': 0.01415, 'accuracy': 0.559, 'f1': 0.55234, 'auc': 0.93744}
test: {'epoch': 88, 'time_epoch': 0.85647, 'loss': 1.54233974, 'lr': 0, 'params': 201514, 'time_iter': 0.02141, 'accuracy': 0.4118, 'f1': 0.40171, 'auc': 0.86898}
> Epoch 88: took 4.0s (avg 4.2s) | Best so far: epoch 87	train_loss: 0.9334 train_accuracy: 0.5924	val_loss: 0.8613 val_accuracy: 0.6238	test_loss: 1.4766 test_accuracy: 0.4444
train: {'epoch': 89, 'time_epoch': 2.86617, 'eta': 2670.67074, 'eta_hours': 0.74185, 'loss': 0.92483695, 'lr': 0.00095895, 'params': 201514, 'time_iter': 0.02429, 'accuracy': 0.60313, 'f1': 0.60199, 'auc': 0.94543}
val: {'epoch': 89, 'time_epoch': 0.29043, 'loss': 0.85454218, 'lr': 0, 'params': 201514, 'time_iter': 0.01452, 'accuracy': 0.6346, 'f1': 0.63451, 'auc': 0.95367}
test: {'epoch': 89, 'time_epoch': 0.84919, 'loss': 1.4072724, 'lr': 0, 'params': 201514, 'time_iter': 0.02123, 'accuracy': 0.4583, 'f1': 0.45724, 'auc': 0.88626}
> Epoch 89: took 4.0s (avg 4.2s) | Best so far: epoch 89	train_loss: 0.9248 train_accuracy: 0.6031	val_loss: 0.8545 val_accuracy: 0.6346	test_loss: 1.4073 test_accuracy: 0.4583
train: {'epoch': 90, 'time_epoch': 2.74661, 'eta': 2665.8561, 'eta_hours': 0.74052, 'loss': 0.91649077, 'lr': 0.0009579, 'params': 201514, 'time_iter': 0.02328, 'accuracy': 0.59983, 'f1': 0.59889, 'auc': 0.94622}
val: {'epoch': 90, 'time_epoch': 0.29103, 'loss': 1.3243755, 'lr': 0, 'params': 201514, 'time_iter': 0.01455, 'accuracy': 0.4646, 'f1': 0.45317, 'auc': 0.907}
test: {'epoch': 90, 'time_epoch': 0.85842, 'loss': 1.7278655, 'lr': 0, 'params': 201514, 'time_iter': 0.02146, 'accuracy': 0.3619, 'f1': 0.34098, 'auc': 0.84497}
> Epoch 90: took 3.9s (avg 4.2s) | Best so far: epoch 89	train_loss: 0.9248 train_accuracy: 0.6031	val_loss: 0.8545 val_accuracy: 0.6346	test_loss: 1.4073 test_accuracy: 0.4583
train: {'epoch': 91, 'time_epoch': 2.73213, 'eta': 2660.94347, 'eta_hours': 0.73915, 'loss': 0.90914471, 'lr': 0.00095685, 'params': 201514, 'time_iter': 0.02315, 'accuracy': 0.6064, 'f1': 0.60512, 'auc': 0.94705}
val: {'epoch': 91, 'time_epoch': 0.28452, 'loss': 0.97989507, 'lr': 0, 'params': 201514, 'time_iter': 0.01423, 'accuracy': 0.5708, 'f1': 0.5655, 'auc': 0.93938}
test: {'epoch': 91, 'time_epoch': 0.83089, 'loss': 1.4458365, 'lr': 0, 'params': 201514, 'time_iter': 0.02077, 'accuracy': 0.4242, 'f1': 0.41777, 'auc': 0.87584}
> Epoch 91: took 3.9s (avg 4.2s) | Best so far: epoch 89	train_loss: 0.9248 train_accuracy: 0.6031	val_loss: 0.8545 val_accuracy: 0.6346	test_loss: 1.4073 test_accuracy: 0.4583
train: {'epoch': 92, 'time_epoch': 3.0366, 'eta': 2659.04712, 'eta_hours': 0.73862, 'loss': 0.89741946, 'lr': 0.00095579, 'params': 201514, 'time_iter': 0.02573, 'accuracy': 0.60857, 'f1': 0.60757, 'auc': 0.94851}
val: {'epoch': 92, 'time_epoch': 0.544, 'loss': 0.8971065, 'lr': 0, 'params': 201514, 'time_iter': 0.0272, 'accuracy': 0.6104, 'f1': 0.60586, 'auc': 0.94994}
test: {'epoch': 92, 'time_epoch': 0.88921, 'loss': 1.45056931, 'lr': 0, 'params': 201514, 'time_iter': 0.02223, 'accuracy': 0.4404, 'f1': 0.43122, 'auc': 0.88095}
> Epoch 92: took 4.5s (avg 4.2s) | Best so far: epoch 89	train_loss: 0.9248 train_accuracy: 0.6031	val_loss: 0.8545 val_accuracy: 0.6346	test_loss: 1.4073 test_accuracy: 0.4583
train: {'epoch': 93, 'time_epoch': 3.00591, 'eta': 2656.83077, 'eta_hours': 0.73801, 'loss': 0.90494532, 'lr': 0.00095474, 'params': 201514, 'time_iter': 0.02547, 'accuracy': 0.60657, 'f1': 0.60558, 'auc': 0.94746}
val: {'epoch': 93, 'time_epoch': 0.29784, 'loss': 1.19955696, 'lr': 0, 'params': 201514, 'time_iter': 0.01489, 'accuracy': 0.5048, 'f1': 0.4969, 'auc': 0.92024}
test: {'epoch': 93, 'time_epoch': 0.86654, 'loss': 1.67044972, 'lr': 0, 'params': 201514, 'time_iter': 0.02166, 'accuracy': 0.388, 'f1': 0.37107, 'auc': 0.85562}
> Epoch 93: took 4.2s (avg 4.2s) | Best so far: epoch 89	train_loss: 0.9248 train_accuracy: 0.6031	val_loss: 0.8545 val_accuracy: 0.6346	test_loss: 1.4073 test_accuracy: 0.4583
train: {'epoch': 94, 'time_epoch': 3.06389, 'eta': 2655.15013, 'eta_hours': 0.73754, 'loss': 0.90238537, 'lr': 0.00095369, 'params': 201514, 'time_iter': 0.02597, 'accuracy': 0.6039, 'f1': 0.60249, 'auc': 0.94769}
val: {'epoch': 94, 'time_epoch': 0.30579, 'loss': 0.84091336, 'lr': 0, 'params': 201514, 'time_iter': 0.01529, 'accuracy': 0.63, 'f1': 0.62449, 'auc': 0.95621}
test: {'epoch': 94, 'time_epoch': 0.8894, 'loss': 1.4130853, 'lr': 0, 'params': 201514, 'time_iter': 0.02223, 'accuracy': 0.4547, 'f1': 0.44538, 'auc': 0.88886}
> Epoch 94: took 4.3s (avg 4.2s) | Best so far: epoch 89	train_loss: 0.9248 train_accuracy: 0.6031	val_loss: 0.8545 val_accuracy: 0.6346	test_loss: 1.4073 test_accuracy: 0.4583
train: {'epoch': 95, 'time_epoch': 2.91773, 'eta': 2652.06429, 'eta_hours': 0.73668, 'loss': 0.88234521, 'lr': 0.00095264, 'params': 201514, 'time_iter': 0.02473, 'accuracy': 0.61457, 'f1': 0.61393, 'auc': 0.94995}
val: {'epoch': 95, 'time_epoch': 0.29872, 'loss': 0.85693849, 'lr': 0, 'params': 201514, 'time_iter': 0.01494, 'accuracy': 0.622, 'f1': 0.61813, 'auc': 0.95338}
test: {'epoch': 95, 'time_epoch': 0.86193, 'loss': 1.39073928, 'lr': 0, 'params': 201514, 'time_iter': 0.02155, 'accuracy': 0.4585, 'f1': 0.45053, 'auc': 0.88709}
> Epoch 95: took 4.1s (avg 4.2s) | Best so far: epoch 89	train_loss: 0.9248 train_accuracy: 0.6031	val_loss: 0.8545 val_accuracy: 0.6346	test_loss: 1.4073 test_accuracy: 0.4583
train: {'epoch': 96, 'time_epoch': 2.94746, 'eta': 2649.25872, 'eta_hours': 0.73591, 'loss': 0.8794333, 'lr': 0.00095158, 'params': 201514, 'time_iter': 0.02498, 'accuracy': 0.6149, 'f1': 0.6143, 'auc': 0.95048}
val: {'epoch': 96, 'time_epoch': 0.29921, 'loss': 0.88456124, 'lr': 0, 'params': 201514, 'time_iter': 0.01496, 'accuracy': 0.6214, 'f1': 0.61552, 'auc': 0.95154}
test: {'epoch': 96, 'time_epoch': 0.87555, 'loss': 1.41334399, 'lr': 0, 'params': 201514, 'time_iter': 0.02189, 'accuracy': 0.4471, 'f1': 0.43677, 'auc': 0.88544}
> Epoch 96: took 4.2s (avg 4.2s) | Best so far: epoch 89	train_loss: 0.9248 train_accuracy: 0.6031	val_loss: 0.8545 val_accuracy: 0.6346	test_loss: 1.4073 test_accuracy: 0.4583
train: {'epoch': 97, 'time_epoch': 2.83152, 'eta': 2645.38308, 'eta_hours': 0.73483, 'loss': 0.87273908, 'lr': 0.00095053, 'params': 201514, 'time_iter': 0.024, 'accuracy': 0.6226, 'f1': 0.62145, 'auc': 0.95107}
val: {'epoch': 97, 'time_epoch': 0.2957, 'loss': 0.86346158, 'lr': 0, 'params': 201514, 'time_iter': 0.01478, 'accuracy': 0.6208, 'f1': 0.61703, 'auc': 0.95438}
test: {'epoch': 97, 'time_epoch': 0.86507, 'loss': 1.4998165, 'lr': 0, 'params': 201514, 'time_iter': 0.02163, 'accuracy': 0.4419, 'f1': 0.43141, 'auc': 0.8822}
> Epoch 97: took 4.0s (avg 4.2s) | Best so far: epoch 89	train_loss: 0.9248 train_accuracy: 0.6031	val_loss: 0.8545 val_accuracy: 0.6346	test_loss: 1.4073 test_accuracy: 0.4583
train: {'epoch': 98, 'time_epoch': 2.86747, 'eta': 2641.85578, 'eta_hours': 0.73385, 'loss': 0.86564244, 'lr': 0.00094948, 'params': 201514, 'time_iter': 0.0243, 'accuracy': 0.62333, 'f1': 0.6227, 'auc': 0.9518}
val: {'epoch': 98, 'time_epoch': 0.29705, 'loss': 1.03209993, 'lr': 0, 'params': 201514, 'time_iter': 0.01485, 'accuracy': 0.5782, 'f1': 0.57266, 'auc': 0.94163}
test: {'epoch': 98, 'time_epoch': 0.85307, 'loss': 1.60992097, 'lr': 0, 'params': 201514, 'time_iter': 0.02133, 'accuracy': 0.4257, 'f1': 0.4116, 'auc': 0.87398}
> Epoch 98: took 4.1s (avg 4.2s) | Best so far: epoch 89	train_loss: 0.9248 train_accuracy: 0.6031	val_loss: 0.8545 val_accuracy: 0.6346	test_loss: 1.4073 test_accuracy: 0.4583
train: {'epoch': 99, 'time_epoch': 2.83614, 'eta': 2638.05966, 'eta_hours': 0.73279, 'loss': 0.87639617, 'lr': 0.00094843, 'params': 201514, 'time_iter': 0.02404, 'accuracy': 0.62053, 'f1': 0.61989, 'auc': 0.95069}
val: {'epoch': 99, 'time_epoch': 0.53427, 'loss': 0.81249287, 'lr': 0, 'params': 201514, 'time_iter': 0.02671, 'accuracy': 0.6482, 'f1': 0.64106, 'auc': 0.95777}
test: {'epoch': 99, 'time_epoch': 0.87416, 'loss': 1.50843668, 'lr': 0, 'params': 201514, 'time_iter': 0.02185, 'accuracy': 0.4541, 'f1': 0.44485, 'auc': 0.88229}
> Epoch 99: took 4.3s (avg 4.2s) | Best so far: epoch 99	train_loss: 0.8764 train_accuracy: 0.6205	val_loss: 0.8125 val_accuracy: 0.6482	test_loss: 1.5084 test_accuracy: 0.4541
train: {'epoch': 100, 'time_epoch': 2.85767, 'eta': 2634.47422, 'eta_hours': 0.7318, 'loss': 0.85553363, 'lr': 0.00094737, 'params': 201514, 'time_iter': 0.02422, 'accuracy': 0.62773, 'f1': 0.6268, 'auc': 0.95277}
val: {'epoch': 100, 'time_epoch': 0.29656, 'loss': 0.81297589, 'lr': 0, 'params': 201514, 'time_iter': 0.01483, 'accuracy': 0.6484, 'f1': 0.64297, 'auc': 0.95818}
test: {'epoch': 100, 'time_epoch': 0.93719, 'loss': 1.51181025, 'lr': 0, 'params': 201514, 'time_iter': 0.02343, 'accuracy': 0.4482, 'f1': 0.44033, 'auc': 0.88001}
> Epoch 100: took 4.1s (avg 4.2s) | Best so far: epoch 100	train_loss: 0.8555 train_accuracy: 0.6277	val_loss: 0.8130 val_accuracy: 0.6484	test_loss: 1.5118 test_accuracy: 0.4482
train: {'epoch': 101, 'time_epoch': 2.87535, 'eta': 2631.05866, 'eta_hours': 0.73085, 'loss': 0.85557542, 'lr': 0.00094632, 'params': 201514, 'time_iter': 0.02437, 'accuracy': 0.6281, 'f1': 0.62734, 'auc': 0.95277}
val: {'epoch': 101, 'time_epoch': 0.29766, 'loss': 0.81403915, 'lr': 0, 'params': 201514, 'time_iter': 0.01488, 'accuracy': 0.6466, 'f1': 0.6389, 'auc': 0.95726}
test: {'epoch': 101, 'time_epoch': 0.86594, 'loss': 1.55062164, 'lr': 0, 'params': 201514, 'time_iter': 0.02165, 'accuracy': 0.4497, 'f1': 0.4412, 'auc': 0.88078}
> Epoch 101: took 4.1s (avg 4.2s) | Best so far: epoch 100	train_loss: 0.8555 train_accuracy: 0.6277	val_loss: 0.8130 val_accuracy: 0.6484	test_loss: 1.5118 test_accuracy: 0.4482
train: {'epoch': 102, 'time_epoch': 3.00763, 'eta': 2628.80559, 'eta_hours': 0.73022, 'loss': 0.8566138, 'lr': 0.00094527, 'params': 201514, 'time_iter': 0.02549, 'accuracy': 0.62797, 'f1': 0.6267, 'auc': 0.95272}
val: {'epoch': 102, 'time_epoch': 0.29503, 'loss': 0.90399042, 'lr': 0, 'params': 201514, 'time_iter': 0.01475, 'accuracy': 0.6136, 'f1': 0.61024, 'auc': 0.9497}
test: {'epoch': 102, 'time_epoch': 0.85796, 'loss': 1.47944387, 'lr': 0, 'params': 201514, 'time_iter': 0.02145, 'accuracy': 0.4409, 'f1': 0.43273, 'auc': 0.87976}
> Epoch 102: took 4.2s (avg 4.2s) | Best so far: epoch 100	train_loss: 0.8555 train_accuracy: 0.6277	val_loss: 0.8130 val_accuracy: 0.6484	test_loss: 1.5118 test_accuracy: 0.4482
train: {'epoch': 103, 'time_epoch': 2.90834, 'eta': 2625.68262, 'eta_hours': 0.72936, 'loss': 0.84257062, 'lr': 0.00094422, 'params': 201514, 'time_iter': 0.02465, 'accuracy': 0.62853, 'f1': 0.62782, 'auc': 0.95409}
val: {'epoch': 103, 'time_epoch': 0.29579, 'loss': 0.94419577, 'lr': 0, 'params': 201514, 'time_iter': 0.01479, 'accuracy': 0.5884, 'f1': 0.58158, 'auc': 0.94606}
test: {'epoch': 103, 'time_epoch': 0.83551, 'loss': 1.51535637, 'lr': 0, 'params': 201514, 'time_iter': 0.02089, 'accuracy': 0.4397, 'f1': 0.42938, 'auc': 0.8805}
> Epoch 103: took 4.1s (avg 4.2s) | Best so far: epoch 100	train_loss: 0.8555 train_accuracy: 0.6277	val_loss: 0.8130 val_accuracy: 0.6484	test_loss: 1.5118 test_accuracy: 0.4482
train: {'epoch': 104, 'time_epoch': 2.8432, 'eta': 2622.0085, 'eta_hours': 0.72834, 'loss': 0.83488502, 'lr': 0.00094316, 'params': 201514, 'time_iter': 0.02409, 'accuracy': 0.6378, 'f1': 0.63692, 'auc': 0.95507}
val: {'epoch': 104, 'time_epoch': 0.29303, 'loss': 0.87534808, 'lr': 0, 'params': 201514, 'time_iter': 0.01465, 'accuracy': 0.634, 'f1': 0.62721, 'auc': 0.95175}
test: {'epoch': 104, 'time_epoch': 0.83313, 'loss': 1.48351458, 'lr': 0, 'params': 201514, 'time_iter': 0.02083, 'accuracy': 0.4441, 'f1': 0.42954, 'auc': 0.88119}
> Epoch 104: took 4.0s (avg 4.2s) | Best so far: epoch 100	train_loss: 0.8555 train_accuracy: 0.6277	val_loss: 0.8130 val_accuracy: 0.6484	test_loss: 1.5118 test_accuracy: 0.4482
train: {'epoch': 105, 'time_epoch': 2.8701, 'eta': 2618.57692, 'eta_hours': 0.72738, 'loss': 0.82621853, 'lr': 0.00094211, 'params': 201514, 'time_iter': 0.02432, 'accuracy': 0.63903, 'f1': 0.63827, 'auc': 0.95581}
val: {'epoch': 105, 'time_epoch': 0.29304, 'loss': 0.80134697, 'lr': 0, 'params': 201514, 'time_iter': 0.01465, 'accuracy': 0.6448, 'f1': 0.63487, 'auc': 0.95944}
test: {'epoch': 105, 'time_epoch': 0.8397, 'loss': 1.44790191, 'lr': 0, 'params': 201514, 'time_iter': 0.02099, 'accuracy': 0.4617, 'f1': 0.44629, 'auc': 0.89099}
> Epoch 105: took 4.0s (avg 4.2s) | Best so far: epoch 100	train_loss: 0.8555 train_accuracy: 0.6277	val_loss: 0.8130 val_accuracy: 0.6484	test_loss: 1.5118 test_accuracy: 0.4482
train: {'epoch': 106, 'time_epoch': 2.91414, 'eta': 2615.52336, 'eta_hours': 0.72653, 'loss': 0.82968718, 'lr': 0.00094106, 'params': 201514, 'time_iter': 0.0247, 'accuracy': 0.64137, 'f1': 0.6405, 'auc': 0.95561}
val: {'epoch': 106, 'time_epoch': 0.29356, 'loss': 0.85901207, 'lr': 0, 'params': 201514, 'time_iter': 0.01468, 'accuracy': 0.6348, 'f1': 0.62978, 'auc': 0.95549}
test: {'epoch': 106, 'time_epoch': 1.1298, 'loss': 1.46592948, 'lr': 0, 'params': 201514, 'time_iter': 0.02825, 'accuracy': 0.4665, 'f1': 0.45717, 'auc': 0.88929}
> Epoch 106: took 4.4s (avg 4.2s) | Best so far: epoch 100	train_loss: 0.8555 train_accuracy: 0.6277	val_loss: 0.8130 val_accuracy: 0.6484	test_loss: 1.5118 test_accuracy: 0.4482
train: {'epoch': 107, 'time_epoch': 2.85497, 'eta': 2611.9837, 'eta_hours': 0.72555, 'loss': 0.82361697, 'lr': 0.00094001, 'params': 201514, 'time_iter': 0.02419, 'accuracy': 0.64233, 'f1': 0.64162, 'auc': 0.95602}
val: {'epoch': 107, 'time_epoch': 0.29238, 'loss': 0.94716093, 'lr': 0, 'params': 201514, 'time_iter': 0.01462, 'accuracy': 0.6106, 'f1': 0.60482, 'auc': 0.94762}
test: {'epoch': 107, 'time_epoch': 0.87624, 'loss': 1.56264576, 'lr': 0, 'params': 201514, 'time_iter': 0.02191, 'accuracy': 0.4408, 'f1': 0.4284, 'auc': 0.87867}
> Epoch 107: took 4.1s (avg 4.2s) | Best so far: epoch 100	train_loss: 0.8555 train_accuracy: 0.6277	val_loss: 0.8130 val_accuracy: 0.6484	test_loss: 1.5118 test_accuracy: 0.4482
train: {'epoch': 108, 'time_epoch': 2.82556, 'eta': 2608.21623, 'eta_hours': 0.7245, 'loss': 0.82702634, 'lr': 0.00093895, 'params': 201514, 'time_iter': 0.02395, 'accuracy': 0.6405, 'f1': 0.63967, 'auc': 0.9556}
val: {'epoch': 108, 'time_epoch': 0.29253, 'loss': 0.75180738, 'lr': 0, 'params': 201514, 'time_iter': 0.01463, 'accuracy': 0.6794, 'f1': 0.67692, 'auc': 0.963}
test: {'epoch': 108, 'time_epoch': 0.87332, 'loss': 1.48820137, 'lr': 0, 'params': 201514, 'time_iter': 0.02183, 'accuracy': 0.4726, 'f1': 0.46775, 'auc': 0.8888}
> Epoch 108: took 4.0s (avg 4.2s) | Best so far: epoch 108	train_loss: 0.8270 train_accuracy: 0.6405	val_loss: 0.7518 val_accuracy: 0.6794	test_loss: 1.4882 test_accuracy: 0.4726
train: {'epoch': 109, 'time_epoch': 2.84655, 'eta': 2604.63567, 'eta_hours': 0.72351, 'loss': 0.81012046, 'lr': 0.0009379, 'params': 201514, 'time_iter': 0.02412, 'accuracy': 0.64813, 'f1': 0.64749, 'auc': 0.95752}
val: {'epoch': 109, 'time_epoch': 0.29758, 'loss': 0.94890062, 'lr': 0, 'params': 201514, 'time_iter': 0.01488, 'accuracy': 0.594, 'f1': 0.58613, 'auc': 0.94413}
test: {'epoch': 109, 'time_epoch': 0.85132, 'loss': 1.51046584, 'lr': 0, 'params': 201514, 'time_iter': 0.02128, 'accuracy': 0.4361, 'f1': 0.42014, 'auc': 0.88019}
> Epoch 109: took 4.0s (avg 4.2s) | Best so far: epoch 108	train_loss: 0.8270 train_accuracy: 0.6405	val_loss: 0.7518 val_accuracy: 0.6794	test_loss: 1.4882 test_accuracy: 0.4726
train: {'epoch': 110, 'time_epoch': 2.7998, 'eta': 2600.69391, 'eta_hours': 0.72241, 'loss': 0.82090823, 'lr': 0.00093685, 'params': 201514, 'time_iter': 0.02373, 'accuracy': 0.64367, 'f1': 0.64288, 'auc': 0.95607}
val: {'epoch': 110, 'time_epoch': 0.30103, 'loss': 0.78633189, 'lr': 0, 'params': 201514, 'time_iter': 0.01505, 'accuracy': 0.6542, 'f1': 0.65011, 'auc': 0.96048}
test: {'epoch': 110, 'time_epoch': 0.84761, 'loss': 1.46959161, 'lr': 0, 'params': 201514, 'time_iter': 0.02119, 'accuracy': 0.4769, 'f1': 0.46925, 'auc': 0.89244}
> Epoch 110: took 4.0s (avg 4.2s) | Best so far: epoch 108	train_loss: 0.8270 train_accuracy: 0.6405	val_loss: 0.7518 val_accuracy: 0.6794	test_loss: 1.4882 test_accuracy: 0.4726
train: {'epoch': 111, 'time_epoch': 2.89041, 'eta': 2597.49098, 'eta_hours': 0.72153, 'loss': 0.80920604, 'lr': 0.0009358, 'params': 201514, 'time_iter': 0.0245, 'accuracy': 0.64723, 'f1': 0.64671, 'auc': 0.9573}
val: {'epoch': 111, 'time_epoch': 0.28952, 'loss': 0.84719759, 'lr': 0, 'params': 201514, 'time_iter': 0.01448, 'accuracy': 0.6296, 'f1': 0.62292, 'auc': 0.95475}
test: {'epoch': 111, 'time_epoch': 0.83958, 'loss': 1.40190707, 'lr': 0, 'params': 201514, 'time_iter': 0.02099, 'accuracy': 0.4602, 'f1': 0.44762, 'auc': 0.89174}
> Epoch 111: took 4.1s (avg 4.2s) | Best so far: epoch 108	train_loss: 0.8270 train_accuracy: 0.6405	val_loss: 0.7518 val_accuracy: 0.6794	test_loss: 1.4882 test_accuracy: 0.4726
train: {'epoch': 112, 'time_epoch': 2.88038, 'eta': 2594.2148, 'eta_hours': 0.72062, 'loss': 0.79836892, 'lr': 0.00093474, 'params': 201514, 'time_iter': 0.02441, 'accuracy': 0.653, 'f1': 0.65225, 'auc': 0.9584}
val: {'epoch': 112, 'time_epoch': 0.30339, 'loss': 1.15617386, 'lr': 0, 'params': 201514, 'time_iter': 0.01517, 'accuracy': 0.5226, 'f1': 0.51576, 'auc': 0.9302}
test: {'epoch': 112, 'time_epoch': 0.83878, 'loss': 1.61371204, 'lr': 0, 'params': 201514, 'time_iter': 0.02097, 'accuracy': 0.4004, 'f1': 0.38627, 'auc': 0.86856}
> Epoch 112: took 4.1s (avg 4.2s) | Best so far: epoch 108	train_loss: 0.8270 train_accuracy: 0.6405	val_loss: 0.7518 val_accuracy: 0.6794	test_loss: 1.4882 test_accuracy: 0.4726
train: {'epoch': 113, 'time_epoch': 3.02613, 'eta': 2592.07837, 'eta_hours': 0.72002, 'loss': 0.7994741, 'lr': 0.00093369, 'params': 201514, 'time_iter': 0.02565, 'accuracy': 0.65073, 'f1': 0.65007, 'auc': 0.95834}
val: {'epoch': 113, 'time_epoch': 0.29403, 'loss': 0.77497306, 'lr': 0, 'params': 201514, 'time_iter': 0.0147, 'accuracy': 0.6602, 'f1': 0.65679, 'auc': 0.96142}
test: {'epoch': 113, 'time_epoch': 1.09664, 'loss': 1.47234389, 'lr': 0, 'params': 201514, 'time_iter': 0.02742, 'accuracy': 0.4714, 'f1': 0.46357, 'auc': 0.89155}
> Epoch 113: took 4.5s (avg 4.2s) | Best so far: epoch 108	train_loss: 0.8270 train_accuracy: 0.6405	val_loss: 0.7518 val_accuracy: 0.6794	test_loss: 1.4882 test_accuracy: 0.4726
train: {'epoch': 114, 'time_epoch': 2.9087, 'eta': 2589.02273, 'eta_hours': 0.71917, 'loss': 0.79835957, 'lr': 0.00093264, 'params': 201514, 'time_iter': 0.02465, 'accuracy': 0.6541, 'f1': 0.65361, 'auc': 0.95829}
val: {'epoch': 114, 'time_epoch': 0.31929, 'loss': 0.8422021, 'lr': 0, 'params': 201514, 'time_iter': 0.01596, 'accuracy': 0.6448, 'f1': 0.6418, 'auc': 0.95574}
test: {'epoch': 114, 'time_epoch': 0.8486, 'loss': 1.49469867, 'lr': 0, 'params': 201514, 'time_iter': 0.02121, 'accuracy': 0.4646, 'f1': 0.4548, 'auc': 0.88918}
> Epoch 114: took 4.1s (avg 4.2s) | Best so far: epoch 108	train_loss: 0.8270 train_accuracy: 0.6405	val_loss: 0.7518 val_accuracy: 0.6794	test_loss: 1.4882 test_accuracy: 0.4726
train: {'epoch': 115, 'time_epoch': 2.95082, 'eta': 2586.29062, 'eta_hours': 0.71841, 'loss': 0.7893817, 'lr': 0.00093159, 'params': 201514, 'time_iter': 0.02501, 'accuracy': 0.656, 'f1': 0.65515, 'auc': 0.95946}
val: {'epoch': 115, 'time_epoch': 0.29674, 'loss': 0.79783668, 'lr': 0, 'params': 201514, 'time_iter': 0.01484, 'accuracy': 0.6512, 'f1': 0.64272, 'auc': 0.96122}
test: {'epoch': 115, 'time_epoch': 0.85354, 'loss': 1.58970736, 'lr': 0, 'params': 201514, 'time_iter': 0.02134, 'accuracy': 0.4642, 'f1': 0.45137, 'auc': 0.88933}
> Epoch 115: took 4.1s (avg 4.2s) | Best so far: epoch 108	train_loss: 0.8270 train_accuracy: 0.6405	val_loss: 0.7518 val_accuracy: 0.6794	test_loss: 1.4882 test_accuracy: 0.4726
train: {'epoch': 116, 'time_epoch': 2.95774, 'eta': 2583.60699, 'eta_hours': 0.71767, 'loss': 0.78337512, 'lr': 0.00093053, 'params': 201514, 'time_iter': 0.02507, 'accuracy': 0.65583, 'f1': 0.65506, 'auc': 0.95972}
val: {'epoch': 116, 'time_epoch': 0.2984, 'loss': 0.80171799, 'lr': 0, 'params': 201514, 'time_iter': 0.01492, 'accuracy': 0.6506, 'f1': 0.64831, 'auc': 0.95814}
test: {'epoch': 116, 'time_epoch': 0.85793, 'loss': 1.40143457, 'lr': 0, 'params': 201514, 'time_iter': 0.02145, 'accuracy': 0.4735, 'f1': 0.46861, 'auc': 0.89371}
> Epoch 116: took 4.1s (avg 4.2s) | Best so far: epoch 108	train_loss: 0.8270 train_accuracy: 0.6405	val_loss: 0.7518 val_accuracy: 0.6794	test_loss: 1.4882 test_accuracy: 0.4726
train: {'epoch': 117, 'time_epoch': 2.91449, 'eta': 2580.59545, 'eta_hours': 0.71683, 'loss': 0.793232, 'lr': 0.00092948, 'params': 201514, 'time_iter': 0.0247, 'accuracy': 0.65427, 'f1': 0.65352, 'auc': 0.95883}
val: {'epoch': 117, 'time_epoch': 0.29601, 'loss': 0.943726, 'lr': 0, 'params': 201514, 'time_iter': 0.0148, 'accuracy': 0.6004, 'f1': 0.59349, 'auc': 0.94734}
test: {'epoch': 117, 'time_epoch': 0.84833, 'loss': 1.45643667, 'lr': 0, 'params': 201514, 'time_iter': 0.02121, 'accuracy': 0.4418, 'f1': 0.43513, 'auc': 0.88351}
> Epoch 117: took 4.1s (avg 4.2s) | Best so far: epoch 108	train_loss: 0.8270 train_accuracy: 0.6405	val_loss: 0.7518 val_accuracy: 0.6794	test_loss: 1.4882 test_accuracy: 0.4726
train: {'epoch': 118, 'time_epoch': 2.89511, 'eta': 2577.44203, 'eta_hours': 0.71596, 'loss': 0.77986253, 'lr': 0.00092843, 'params': 201514, 'time_iter': 0.02453, 'accuracy': 0.6572, 'f1': 0.65673, 'auc': 0.96006}
val: {'epoch': 118, 'time_epoch': 0.29359, 'loss': 0.75181101, 'lr': 0, 'params': 201514, 'time_iter': 0.01468, 'accuracy': 0.672, 'f1': 0.66594, 'auc': 0.96302}
test: {'epoch': 118, 'time_epoch': 0.86834, 'loss': 1.49781376, 'lr': 0, 'params': 201514, 'time_iter': 0.02171, 'accuracy': 0.4816, 'f1': 0.46925, 'auc': 0.89309}
> Epoch 118: took 4.1s (avg 4.2s) | Best so far: epoch 108	train_loss: 0.8270 train_accuracy: 0.6405	val_loss: 0.7518 val_accuracy: 0.6794	test_loss: 1.4882 test_accuracy: 0.4726
train: {'epoch': 119, 'time_epoch': 2.84542, 'eta': 2573.92857, 'eta_hours': 0.71498, 'loss': 0.77788105, 'lr': 0.00092738, 'params': 201514, 'time_iter': 0.02411, 'accuracy': 0.66253, 'f1': 0.66199, 'auc': 0.96052}
val: {'epoch': 119, 'time_epoch': 0.30152, 'loss': 0.73033185, 'lr': 0, 'params': 201514, 'time_iter': 0.01508, 'accuracy': 0.6754, 'f1': 0.67144, 'auc': 0.96423}
test: {'epoch': 119, 'time_epoch': 0.86782, 'loss': 1.37954479, 'lr': 0, 'params': 201514, 'time_iter': 0.0217, 'accuracy': 0.4887, 'f1': 0.48051, 'auc': 0.89866}
> Epoch 119: took 4.0s (avg 4.2s) | Best so far: epoch 108	train_loss: 0.8270 train_accuracy: 0.6405	val_loss: 0.7518 val_accuracy: 0.6794	test_loss: 1.4882 test_accuracy: 0.4726
train: {'epoch': 120, 'time_epoch': 2.85245, 'eta': 2570.47723, 'eta_hours': 0.71402, 'loss': 0.7659368, 'lr': 0.00092632, 'params': 201514, 'time_iter': 0.02417, 'accuracy': 0.6659, 'f1': 0.66534, 'auc': 0.96149}
val: {'epoch': 120, 'time_epoch': 0.30126, 'loss': 0.72179683, 'lr': 0, 'params': 201514, 'time_iter': 0.01506, 'accuracy': 0.6874, 'f1': 0.6841, 'auc': 0.9652}
test: {'epoch': 120, 'time_epoch': 1.12308, 'loss': 1.3288186, 'lr': 0, 'params': 201514, 'time_iter': 0.02808, 'accuracy': 0.489, 'f1': 0.48147, 'auc': 0.90255}
> Epoch 120: took 4.3s (avg 4.2s) | Best so far: epoch 120	train_loss: 0.7659 train_accuracy: 0.6659	val_loss: 0.7218 val_accuracy: 0.6874	test_loss: 1.3288 test_accuracy: 0.4890
train: {'epoch': 121, 'time_epoch': 2.84913, 'eta': 2567.01177, 'eta_hours': 0.71306, 'loss': 0.77758937, 'lr': 0.00092527, 'params': 201514, 'time_iter': 0.02415, 'accuracy': 0.6624, 'f1': 0.66198, 'auc': 0.9604}
val: {'epoch': 121, 'time_epoch': 0.29753, 'loss': 0.72907134, 'lr': 0, 'params': 201514, 'time_iter': 0.01488, 'accuracy': 0.6804, 'f1': 0.67607, 'auc': 0.96657}
test: {'epoch': 121, 'time_epoch': 0.85246, 'loss': 1.34840652, 'lr': 0, 'params': 201514, 'time_iter': 0.02131, 'accuracy': 0.4905, 'f1': 0.48207, 'auc': 0.89978}
> Epoch 121: took 4.0s (avg 4.2s) | Best so far: epoch 120	train_loss: 0.7659 train_accuracy: 0.6659	val_loss: 0.7218 val_accuracy: 0.6874	test_loss: 1.3288 test_accuracy: 0.4890
train: {'epoch': 122, 'time_epoch': 2.91586, 'eta': 2564.03213, 'eta_hours': 0.71223, 'loss': 0.77082585, 'lr': 0.00092422, 'params': 201514, 'time_iter': 0.02471, 'accuracy': 0.66507, 'f1': 0.66446, 'auc': 0.9612}
val: {'epoch': 122, 'time_epoch': 0.30152, 'loss': 0.73456177, 'lr': 0, 'params': 201514, 'time_iter': 0.01508, 'accuracy': 0.6828, 'f1': 0.68084, 'auc': 0.96485}
test: {'epoch': 122, 'time_epoch': 0.84128, 'loss': 1.61061967, 'lr': 0, 'params': 201514, 'time_iter': 0.02103, 'accuracy': 0.4776, 'f1': 0.4731, 'auc': 0.88656}
> Epoch 122: took 4.1s (avg 4.2s) | Best so far: epoch 120	train_loss: 0.7659 train_accuracy: 0.6659	val_loss: 0.7218 val_accuracy: 0.6874	test_loss: 1.3288 test_accuracy: 0.4890
train: {'epoch': 123, 'time_epoch': 2.97249, 'eta': 2561.45357, 'eta_hours': 0.71151, 'loss': 0.76638213, 'lr': 0.00092317, 'params': 201514, 'time_iter': 0.02519, 'accuracy': 0.66713, 'f1': 0.66659, 'auc': 0.96153}
val: {'epoch': 123, 'time_epoch': 0.29703, 'loss': 0.9093267, 'lr': 0, 'params': 201514, 'time_iter': 0.01485, 'accuracy': 0.62, 'f1': 0.61431, 'auc': 0.95164}
test: {'epoch': 123, 'time_epoch': 0.84264, 'loss': 1.53699053, 'lr': 0, 'params': 201514, 'time_iter': 0.02107, 'accuracy': 0.454, 'f1': 0.44168, 'auc': 0.88578}
> Epoch 123: took 4.1s (avg 4.2s) | Best so far: epoch 120	train_loss: 0.7659 train_accuracy: 0.6659	val_loss: 0.7218 val_accuracy: 0.6874	test_loss: 1.3288 test_accuracy: 0.4890
train: {'epoch': 124, 'time_epoch': 2.94404, 'eta': 2558.66961, 'eta_hours': 0.71074, 'loss': 0.75289117, 'lr': 0.00092211, 'params': 201514, 'time_iter': 0.02495, 'accuracy': 0.6721, 'f1': 0.67145, 'auc': 0.96254}
val: {'epoch': 124, 'time_epoch': 0.29452, 'loss': 0.75673928, 'lr': 0, 'params': 201514, 'time_iter': 0.01473, 'accuracy': 0.6754, 'f1': 0.67041, 'auc': 0.96289}
test: {'epoch': 124, 'time_epoch': 0.86184, 'loss': 1.44433364, 'lr': 0, 'params': 201514, 'time_iter': 0.02155, 'accuracy': 0.4819, 'f1': 0.47367, 'auc': 0.89584}
> Epoch 124: took 4.1s (avg 4.2s) | Best so far: epoch 120	train_loss: 0.7659 train_accuracy: 0.6659	val_loss: 0.7218 val_accuracy: 0.6874	test_loss: 1.3288 test_accuracy: 0.4890
train: {'epoch': 125, 'time_epoch': 2.93878, 'eta': 2555.84659, 'eta_hours': 0.70996, 'loss': 0.75515397, 'lr': 0.00092106, 'params': 201514, 'time_iter': 0.0249, 'accuracy': 0.6736, 'f1': 0.67316, 'auc': 0.9624}
val: {'epoch': 125, 'time_epoch': 0.29752, 'loss': 0.86963215, 'lr': 0, 'params': 201514, 'time_iter': 0.01488, 'accuracy': 0.6208, 'f1': 0.61692, 'auc': 0.95467}
test: {'epoch': 125, 'time_epoch': 0.85305, 'loss': 1.49872918, 'lr': 0, 'params': 201514, 'time_iter': 0.02133, 'accuracy': 0.4532, 'f1': 0.44718, 'auc': 0.88929}
> Epoch 125: took 4.1s (avg 4.2s) | Best so far: epoch 120	train_loss: 0.7659 train_accuracy: 0.6659	val_loss: 0.7218 val_accuracy: 0.6874	test_loss: 1.3288 test_accuracy: 0.4890
train: {'epoch': 126, 'time_epoch': 2.93043, 'eta': 2552.96436, 'eta_hours': 0.70916, 'loss': 0.7528756, 'lr': 0.00092001, 'params': 201514, 'time_iter': 0.02483, 'accuracy': 0.6719, 'f1': 0.67148, 'auc': 0.96268}
val: {'epoch': 126, 'time_epoch': 0.29537, 'loss': 0.75841017, 'lr': 0, 'params': 201514, 'time_iter': 0.01477, 'accuracy': 0.68, 'f1': 0.67773, 'auc': 0.96319}
test: {'epoch': 126, 'time_epoch': 0.84562, 'loss': 1.46177589, 'lr': 0, 'params': 201514, 'time_iter': 0.02114, 'accuracy': 0.4842, 'f1': 0.47319, 'auc': 0.895}
> Epoch 126: took 4.1s (avg 4.2s) | Best so far: epoch 120	train_loss: 0.7659 train_accuracy: 0.6659	val_loss: 0.7218 val_accuracy: 0.6874	test_loss: 1.3288 test_accuracy: 0.4890
train: {'epoch': 127, 'time_epoch': 2.93887, 'eta': 2550.13884, 'eta_hours': 0.70837, 'loss': 0.73917306, 'lr': 0.00091896, 'params': 201514, 'time_iter': 0.02491, 'accuracy': 0.67457, 'f1': 0.67414, 'auc': 0.9638}
val: {'epoch': 127, 'time_epoch': 0.29904, 'loss': 0.8276383, 'lr': 0, 'params': 201514, 'time_iter': 0.01495, 'accuracy': 0.6466, 'f1': 0.63742, 'auc': 0.95899}
test: {'epoch': 127, 'time_epoch': 1.09419, 'loss': 1.48481028, 'lr': 0, 'params': 201514, 'time_iter': 0.02735, 'accuracy': 0.4748, 'f1': 0.46097, 'auc': 0.89365}
> Epoch 127: took 4.4s (avg 4.2s) | Best so far: epoch 120	train_loss: 0.7659 train_accuracy: 0.6659	val_loss: 0.7218 val_accuracy: 0.6874	test_loss: 1.3288 test_accuracy: 0.4890
train: {'epoch': 128, 'time_epoch': 2.8449, 'eta': 2546.67714, 'eta_hours': 0.70741, 'loss': 0.73817828, 'lr': 0.0009179, 'params': 201514, 'time_iter': 0.02411, 'accuracy': 0.67803, 'f1': 0.67763, 'auc': 0.96372}
val: {'epoch': 128, 'time_epoch': 0.30152, 'loss': 0.85780276, 'lr': 0, 'params': 201514, 'time_iter': 0.01508, 'accuracy': 0.6366, 'f1': 0.63359, 'auc': 0.95465}
test: {'epoch': 128, 'time_epoch': 0.8565, 'loss': 1.49667168, 'lr': 0, 'params': 201514, 'time_iter': 0.02141, 'accuracy': 0.4583, 'f1': 0.45042, 'auc': 0.88659}
> Epoch 128: took 4.0s (avg 4.2s) | Best so far: epoch 120	train_loss: 0.7659 train_accuracy: 0.6659	val_loss: 0.7218 val_accuracy: 0.6874	test_loss: 1.3288 test_accuracy: 0.4890
train: {'epoch': 129, 'time_epoch': 2.93078, 'eta': 2543.79963, 'eta_hours': 0.70661, 'loss': 0.73091772, 'lr': 0.00091685, 'params': 201514, 'time_iter': 0.02484, 'accuracy': 0.6827, 'f1': 0.68236, 'auc': 0.96481}
val: {'epoch': 129, 'time_epoch': 0.30024, 'loss': 0.72830931, 'lr': 0, 'params': 201514, 'time_iter': 0.01501, 'accuracy': 0.6872, 'f1': 0.68635, 'auc': 0.96562}
test: {'epoch': 129, 'time_epoch': 0.86366, 'loss': 1.39390275, 'lr': 0, 'params': 201514, 'time_iter': 0.02159, 'accuracy': 0.4846, 'f1': 0.4816, 'auc': 0.89967}
> Epoch 129: took 4.1s (avg 4.2s) | Best so far: epoch 120	train_loss: 0.7659 train_accuracy: 0.6659	val_loss: 0.7218 val_accuracy: 0.6874	test_loss: 1.3288 test_accuracy: 0.4890
train: {'epoch': 130, 'time_epoch': 2.83963, 'eta': 2540.31664, 'eta_hours': 0.70564, 'loss': 0.76676781, 'lr': 0.0009158, 'params': 201514, 'time_iter': 0.02406, 'accuracy': 0.66687, 'f1': 0.66659, 'auc': 0.96153}
val: {'epoch': 130, 'time_epoch': 0.29953, 'loss': 0.7574816, 'lr': 0, 'params': 201514, 'time_iter': 0.01498, 'accuracy': 0.6718, 'f1': 0.66856, 'auc': 0.96277}
test: {'epoch': 130, 'time_epoch': 0.86291, 'loss': 1.34559022, 'lr': 0, 'params': 201514, 'time_iter': 0.02157, 'accuracy': 0.4889, 'f1': 0.48177, 'auc': 0.8994}
> Epoch 130: took 4.0s (avg 4.2s) | Best so far: epoch 120	train_loss: 0.7659 train_accuracy: 0.6659	val_loss: 0.7218 val_accuracy: 0.6874	test_loss: 1.3288 test_accuracy: 0.4890
train: {'epoch': 131, 'time_epoch': 2.84123, 'eta': 2536.85392, 'eta_hours': 0.70468, 'loss': 0.73534204, 'lr': 0.00091475, 'params': 201514, 'time_iter': 0.02408, 'accuracy': 0.67897, 'f1': 0.67845, 'auc': 0.96419}
val: {'epoch': 131, 'time_epoch': 0.29653, 'loss': 0.71618305, 'lr': 0, 'params': 201514, 'time_iter': 0.01483, 'accuracy': 0.6952, 'f1': 0.69387, 'auc': 0.96761}
test: {'epoch': 131, 'time_epoch': 0.85063, 'loss': 1.40508342, 'lr': 0, 'params': 201514, 'time_iter': 0.02127, 'accuracy': 0.4964, 'f1': 0.49173, 'auc': 0.90188}
> Epoch 131: took 4.0s (avg 4.2s) | Best so far: epoch 131	train_loss: 0.7353 train_accuracy: 0.6790	val_loss: 0.7162 val_accuracy: 0.6952	test_loss: 1.4051 test_accuracy: 0.4964
train: {'epoch': 132, 'time_epoch': 2.85002, 'eta': 2533.45785, 'eta_hours': 0.70374, 'loss': 0.72689624, 'lr': 0.00091369, 'params': 201514, 'time_iter': 0.02415, 'accuracy': 0.68543, 'f1': 0.68496, 'auc': 0.96516}
val: {'epoch': 132, 'time_epoch': 0.31436, 'loss': 0.8027879, 'lr': 0, 'params': 201514, 'time_iter': 0.01572, 'accuracy': 0.6594, 'f1': 0.65675, 'auc': 0.96091}
test: {'epoch': 132, 'time_epoch': 0.83995, 'loss': 1.47745851, 'lr': 0, 'params': 201514, 'time_iter': 0.021, 'accuracy': 0.4742, 'f1': 0.4665, 'auc': 0.89327}
> Epoch 132: took 4.0s (avg 4.2s) | Best so far: epoch 131	train_loss: 0.7353 train_accuracy: 0.6790	val_loss: 0.7162 val_accuracy: 0.6952	test_loss: 1.4051 test_accuracy: 0.4964
train: {'epoch': 133, 'time_epoch': 2.92802, 'eta': 2530.57404, 'eta_hours': 0.70294, 'loss': 0.7210301, 'lr': 0.00091264, 'params': 201514, 'time_iter': 0.02481, 'accuracy': 0.68657, 'f1': 0.68619, 'auc': 0.96552}
val: {'epoch': 133, 'time_epoch': 0.29202, 'loss': 0.74700836, 'lr': 0, 'params': 201514, 'time_iter': 0.0146, 'accuracy': 0.6788, 'f1': 0.67379, 'auc': 0.96458}
test: {'epoch': 133, 'time_epoch': 0.85619, 'loss': 1.45526854, 'lr': 0, 'params': 201514, 'time_iter': 0.0214, 'accuracy': 0.4934, 'f1': 0.48351, 'auc': 0.89695}
> Epoch 133: took 4.1s (avg 4.2s) | Best so far: epoch 131	train_loss: 0.7353 train_accuracy: 0.6790	val_loss: 0.7162 val_accuracy: 0.6952	test_loss: 1.4051 test_accuracy: 0.4964
train: {'epoch': 134, 'time_epoch': 3.0841, 'eta': 2528.6896, 'eta_hours': 0.70241, 'loss': 0.71858861, 'lr': 0.00091159, 'params': 201514, 'time_iter': 0.02614, 'accuracy': 0.68873, 'f1': 0.68856, 'auc': 0.96558}
val: {'epoch': 134, 'time_epoch': 0.2944, 'loss': 0.76468144, 'lr': 0, 'params': 201514, 'time_iter': 0.01472, 'accuracy': 0.6714, 'f1': 0.66807, 'auc': 0.96138}
test: {'epoch': 134, 'time_epoch': 0.84589, 'loss': 1.45930785, 'lr': 0, 'params': 201514, 'time_iter': 0.02115, 'accuracy': 0.4754, 'f1': 0.46679, 'auc': 0.89584}
> Epoch 134: took 4.3s (avg 4.2s) | Best so far: epoch 131	train_loss: 0.7353 train_accuracy: 0.6790	val_loss: 0.7162 val_accuracy: 0.6952	test_loss: 1.4051 test_accuracy: 0.4964
train: {'epoch': 135, 'time_epoch': 2.87448, 'eta': 2525.45584, 'eta_hours': 0.70152, 'loss': 0.72796738, 'lr': 0.00091054, 'params': 201514, 'time_iter': 0.02436, 'accuracy': 0.6832, 'f1': 0.68319, 'auc': 0.96463}
val: {'epoch': 135, 'time_epoch': 0.29353, 'loss': 0.76556341, 'lr': 0, 'params': 201514, 'time_iter': 0.01468, 'accuracy': 0.669, 'f1': 0.66379, 'auc': 0.96254}
test: {'epoch': 135, 'time_epoch': 0.82777, 'loss': 1.50725211, 'lr': 0, 'params': 201514, 'time_iter': 0.02069, 'accuracy': 0.4855, 'f1': 0.47361, 'auc': 0.89566}
> Epoch 135: took 4.0s (avg 4.2s) | Best so far: epoch 131	train_loss: 0.7353 train_accuracy: 0.6790	val_loss: 0.7162 val_accuracy: 0.6952	test_loss: 1.4051 test_accuracy: 0.4964
train: {'epoch': 136, 'time_epoch': 2.85584, 'eta': 2522.10991, 'eta_hours': 0.70059, 'loss': 0.7106437, 'lr': 0.00090948, 'params': 201514, 'time_iter': 0.0242, 'accuracy': 0.6901, 'f1': 0.68955, 'auc': 0.96643}
val: {'epoch': 136, 'time_epoch': 0.29529, 'loss': 0.90953142, 'lr': 0, 'params': 201514, 'time_iter': 0.01476, 'accuracy': 0.6212, 'f1': 0.61641, 'auc': 0.95105}
test: {'epoch': 136, 'time_epoch': 0.82509, 'loss': 1.59410084, 'lr': 0, 'params': 201514, 'time_iter': 0.02063, 'accuracy': 0.4494, 'f1': 0.43932, 'auc': 0.88149}
> Epoch 136: took 4.0s (avg 4.2s) | Best so far: epoch 131	train_loss: 0.7353 train_accuracy: 0.6790	val_loss: 0.7162 val_accuracy: 0.6952	test_loss: 1.4051 test_accuracy: 0.4964
train: {'epoch': 137, 'time_epoch': 2.96997, 'eta': 2519.48397, 'eta_hours': 0.69986, 'loss': 0.7193479, 'lr': 0.00090843, 'params': 201514, 'time_iter': 0.02517, 'accuracy': 0.6902, 'f1': 0.6897, 'auc': 0.96582}
val: {'epoch': 137, 'time_epoch': 0.30205, 'loss': 0.69055972, 'lr': 0, 'params': 201514, 'time_iter': 0.0151, 'accuracy': 0.698, 'f1': 0.69405, 'auc': 0.96803}
test: {'epoch': 137, 'time_epoch': 0.838, 'loss': 1.37879378, 'lr': 0, 'params': 201514, 'time_iter': 0.02095, 'accuracy': 0.5079, 'f1': 0.4982, 'auc': 0.90258}
> Epoch 137: took 4.1s (avg 4.2s) | Best so far: epoch 137	train_loss: 0.7193 train_accuracy: 0.6902	val_loss: 0.6906 val_accuracy: 0.6980	test_loss: 1.3788 test_accuracy: 0.5079
train: {'epoch': 138, 'time_epoch': 2.92606, 'eta': 2516.58112, 'eta_hours': 0.69905, 'loss': 0.71562443, 'lr': 0.00090738, 'params': 201514, 'time_iter': 0.0248, 'accuracy': 0.68723, 'f1': 0.68683, 'auc': 0.96608}
val: {'epoch': 138, 'time_epoch': 0.30523, 'loss': 0.72989448, 'lr': 0, 'params': 201514, 'time_iter': 0.01526, 'accuracy': 0.6878, 'f1': 0.68597, 'auc': 0.96646}
test: {'epoch': 138, 'time_epoch': 0.8691, 'loss': 1.42940008, 'lr': 0, 'params': 201514, 'time_iter': 0.02173, 'accuracy': 0.4988, 'f1': 0.49128, 'auc': 0.90071}
> Epoch 138: took 4.1s (avg 4.2s) | Best so far: epoch 137	train_loss: 0.7193 train_accuracy: 0.6902	val_loss: 0.6906 val_accuracy: 0.6980	test_loss: 1.3788 test_accuracy: 0.5079
train: {'epoch': 139, 'time_epoch': 2.85958, 'eta': 2513.26955, 'eta_hours': 0.69813, 'loss': 0.71436839, 'lr': 0.00090633, 'params': 201514, 'time_iter': 0.02423, 'accuracy': 0.69173, 'f1': 0.69153, 'auc': 0.96609}
val: {'epoch': 139, 'time_epoch': 0.29973, 'loss': 0.6972066, 'lr': 0, 'params': 201514, 'time_iter': 0.01499, 'accuracy': 0.701, 'f1': 0.69886, 'auc': 0.96843}
test: {'epoch': 139, 'time_epoch': 0.87798, 'loss': 1.35927256, 'lr': 0, 'params': 201514, 'time_iter': 0.02195, 'accuracy': 0.508, 'f1': 0.50087, 'auc': 0.90475}
> Epoch 139: took 4.1s (avg 4.2s) | Best so far: epoch 139	train_loss: 0.7144 train_accuracy: 0.6917	val_loss: 0.6972 val_accuracy: 0.7010	test_loss: 1.3593 test_accuracy: 0.5080
train: {'epoch': 140, 'time_epoch': 2.94413, 'eta': 2510.47952, 'eta_hours': 0.69736, 'loss': 0.6965997, 'lr': 0.00090527, 'params': 201514, 'time_iter': 0.02495, 'accuracy': 0.69687, 'f1': 0.69646, 'auc': 0.96741}
val: {'epoch': 140, 'time_epoch': 0.30675, 'loss': 0.72625336, 'lr': 0, 'params': 201514, 'time_iter': 0.01534, 'accuracy': 0.6902, 'f1': 0.68763, 'auc': 0.96649}
test: {'epoch': 140, 'time_epoch': 1.15776, 'loss': 1.32856378, 'lr': 0, 'params': 201514, 'time_iter': 0.02894, 'accuracy': 0.4952, 'f1': 0.49231, 'auc': 0.90456}
> Epoch 140: took 4.4s (avg 4.2s) | Best so far: epoch 139	train_loss: 0.7144 train_accuracy: 0.6917	val_loss: 0.6972 val_accuracy: 0.7010	test_loss: 1.3593 test_accuracy: 0.5080
train: {'epoch': 141, 'time_epoch': 2.82359, 'eta': 2506.95897, 'eta_hours': 0.69638, 'loss': 0.69439563, 'lr': 0.00090422, 'params': 201514, 'time_iter': 0.02393, 'accuracy': 0.69637, 'f1': 0.69608, 'auc': 0.96765}
val: {'epoch': 141, 'time_epoch': 0.28937, 'loss': 1.04566996, 'lr': 0, 'params': 201514, 'time_iter': 0.01447, 'accuracy': 0.584, 'f1': 0.57726, 'auc': 0.94215}
test: {'epoch': 141, 'time_epoch': 0.84529, 'loss': 1.77617472, 'lr': 0, 'params': 201514, 'time_iter': 0.02113, 'accuracy': 0.409, 'f1': 0.39773, 'auc': 0.8655}
> Epoch 141: took 4.0s (avg 4.2s) | Best so far: epoch 139	train_loss: 0.7144 train_accuracy: 0.6917	val_loss: 0.6972 val_accuracy: 0.7010	test_loss: 1.3593 test_accuracy: 0.5080
train: {'epoch': 142, 'time_epoch': 2.96003, 'eta': 2504.26584, 'eta_hours': 0.69563, 'loss': 0.7004471, 'lr': 0.00090317, 'params': 201514, 'time_iter': 0.02509, 'accuracy': 0.69477, 'f1': 0.69441, 'auc': 0.96737}
val: {'epoch': 142, 'time_epoch': 0.29203, 'loss': 0.77863391, 'lr': 0, 'params': 201514, 'time_iter': 0.0146, 'accuracy': 0.6764, 'f1': 0.67398, 'auc': 0.96228}
test: {'epoch': 142, 'time_epoch': 0.85906, 'loss': 1.49686146, 'lr': 0, 'params': 201514, 'time_iter': 0.02148, 'accuracy': 0.4868, 'f1': 0.48056, 'auc': 0.89646}
> Epoch 142: took 4.1s (avg 4.2s) | Best so far: epoch 139	train_loss: 0.7144 train_accuracy: 0.6917	val_loss: 0.6972 val_accuracy: 0.7010	test_loss: 1.3593 test_accuracy: 0.5080
train: {'epoch': 143, 'time_epoch': 2.74253, 'eta': 2500.27608, 'eta_hours': 0.69452, 'loss': 0.70439008, 'lr': 0.00090212, 'params': 201514, 'time_iter': 0.02324, 'accuracy': 0.69303, 'f1': 0.69266, 'auc': 0.96701}
val: {'epoch': 143, 'time_epoch': 0.28752, 'loss': 0.70596797, 'lr': 0, 'params': 201514, 'time_iter': 0.01438, 'accuracy': 0.6912, 'f1': 0.68864, 'auc': 0.96584}
test: {'epoch': 143, 'time_epoch': 0.90682, 'loss': 1.40816686, 'lr': 0, 'params': 201514, 'time_iter': 0.02267, 'accuracy': 0.4912, 'f1': 0.48367, 'auc': 0.90105}
> Epoch 143: took 4.0s (avg 4.2s) | Best so far: epoch 139	train_loss: 0.7144 train_accuracy: 0.6917	val_loss: 0.6972 val_accuracy: 0.7010	test_loss: 1.3593 test_accuracy: 0.5080
train: {'epoch': 144, 'time_epoch': 2.85538, 'eta': 2496.96896, 'eta_hours': 0.6936, 'loss': 0.68681933, 'lr': 0.00090106, 'params': 201514, 'time_iter': 0.0242, 'accuracy': 0.7029, 'f1': 0.70268, 'auc': 0.96846}
val: {'epoch': 144, 'time_epoch': 0.28403, 'loss': 0.7230541, 'lr': 0, 'params': 201514, 'time_iter': 0.0142, 'accuracy': 0.6998, 'f1': 0.69606, 'auc': 0.96618}
test: {'epoch': 144, 'time_epoch': 0.84847, 'loss': 1.52149188, 'lr': 0, 'params': 201514, 'time_iter': 0.02121, 'accuracy': 0.4915, 'f1': 0.48041, 'auc': 0.89526}
> Epoch 144: took 4.0s (avg 4.2s) | Best so far: epoch 139	train_loss: 0.7144 train_accuracy: 0.6917	val_loss: 0.6972 val_accuracy: 0.7010	test_loss: 1.3593 test_accuracy: 0.5080
train: {'epoch': 145, 'time_epoch': 2.9674, 'eta': 2494.32324, 'eta_hours': 0.69287, 'loss': 0.69144946, 'lr': 0.00090001, 'params': 201514, 'time_iter': 0.02515, 'accuracy': 0.70137, 'f1': 0.70098, 'auc': 0.96803}
val: {'epoch': 145, 'time_epoch': 0.29152, 'loss': 0.7622619, 'lr': 0, 'params': 201514, 'time_iter': 0.01458, 'accuracy': 0.6756, 'f1': 0.66774, 'auc': 0.96386}
test: {'epoch': 145, 'time_epoch': 0.90456, 'loss': 1.45105113, 'lr': 0, 'params': 201514, 'time_iter': 0.02261, 'accuracy': 0.4865, 'f1': 0.47899, 'auc': 0.89741}
> Epoch 145: took 4.2s (avg 4.2s) | Best so far: epoch 139	train_loss: 0.7144 train_accuracy: 0.6917	val_loss: 0.6972 val_accuracy: 0.7010	test_loss: 1.3593 test_accuracy: 0.5080
train: {'epoch': 146, 'time_epoch': 2.92226, 'eta': 2491.41124, 'eta_hours': 0.69206, 'loss': 0.69011649, 'lr': 0.00089896, 'params': 201514, 'time_iter': 0.02476, 'accuracy': 0.70067, 'f1': 0.70029, 'auc': 0.96822}
val: {'epoch': 146, 'time_epoch': 0.29752, 'loss': 0.7452088, 'lr': 0, 'params': 201514, 'time_iter': 0.01488, 'accuracy': 0.6868, 'f1': 0.68343, 'auc': 0.96466}
test: {'epoch': 146, 'time_epoch': 0.87058, 'loss': 1.44220982, 'lr': 0, 'params': 201514, 'time_iter': 0.02176, 'accuracy': 0.4878, 'f1': 0.48144, 'auc': 0.89863}
> Epoch 146: took 4.1s (avg 4.2s) | Best so far: epoch 139	train_loss: 0.7144 train_accuracy: 0.6917	val_loss: 0.6972 val_accuracy: 0.7010	test_loss: 1.3593 test_accuracy: 0.5080
train: {'epoch': 147, 'time_epoch': 3.51863, 'eta': 2491.93222, 'eta_hours': 0.6922, 'loss': 0.6820023, 'lr': 0.0008979, 'params': 201514, 'time_iter': 0.02982, 'accuracy': 0.69977, 'f1': 0.69949, 'auc': 0.96863}
val: {'epoch': 147, 'time_epoch': 0.30053, 'loss': 0.78555972, 'lr': 0, 'params': 201514, 'time_iter': 0.01503, 'accuracy': 0.669, 'f1': 0.66291, 'auc': 0.96464}
test: {'epoch': 147, 'time_epoch': 0.89706, 'loss': 1.55585756, 'lr': 0, 'params': 201514, 'time_iter': 0.02243, 'accuracy': 0.4747, 'f1': 0.45967, 'auc': 0.89509}
> Epoch 147: took 4.8s (avg 4.2s) | Best so far: epoch 139	train_loss: 0.7144 train_accuracy: 0.6917	val_loss: 0.6972 val_accuracy: 0.7010	test_loss: 1.3593 test_accuracy: 0.5080
train: {'epoch': 148, 'time_epoch': 3.13164, 'eta': 2490.18875, 'eta_hours': 0.69172, 'loss': 0.68518875, 'lr': 0.00089685, 'params': 201514, 'time_iter': 0.02654, 'accuracy': 0.69987, 'f1': 0.69967, 'auc': 0.96871}
val: {'epoch': 148, 'time_epoch': 0.32456, 'loss': 0.6759343, 'lr': 0, 'params': 201514, 'time_iter': 0.01623, 'accuracy': 0.7022, 'f1': 0.69718, 'auc': 0.96989}
test: {'epoch': 148, 'time_epoch': 0.86696, 'loss': 1.39850844, 'lr': 0, 'params': 201514, 'time_iter': 0.02167, 'accuracy': 0.5048, 'f1': 0.49469, 'auc': 0.9031}
> Epoch 148: took 4.4s (avg 4.2s) | Best so far: epoch 148	train_loss: 0.6852 train_accuracy: 0.6999	val_loss: 0.6759 val_accuracy: 0.7022	test_loss: 1.3985 test_accuracy: 0.5048
train: {'epoch': 149, 'time_epoch': 3.05937, 'eta': 2488.01726, 'eta_hours': 0.69112, 'loss': 0.67060544, 'lr': 0.0008958, 'params': 201514, 'time_iter': 0.02593, 'accuracy': 0.70803, 'f1': 0.70756, 'auc': 0.96972}
val: {'epoch': 149, 'time_epoch': 0.34156, 'loss': 0.70737815, 'lr': 0, 'params': 201514, 'time_iter': 0.01708, 'accuracy': 0.6982, 'f1': 0.69712, 'auc': 0.96775}
test: {'epoch': 149, 'time_epoch': 0.87104, 'loss': 1.44597692, 'lr': 0, 'params': 201514, 'time_iter': 0.02178, 'accuracy': 0.5026, 'f1': 0.49889, 'auc': 0.8993}
> Epoch 149: took 4.3s (avg 4.2s) | Best so far: epoch 148	train_loss: 0.6852 train_accuracy: 0.6999	val_loss: 0.6759 val_accuracy: 0.7022	test_loss: 1.3985 test_accuracy: 0.5048
train: {'epoch': 150, 'time_epoch': 3.00173, 'eta': 2485.5099, 'eta_hours': 0.69042, 'loss': 0.6694635, 'lr': 0.00089475, 'params': 201514, 'time_iter': 0.02544, 'accuracy': 0.71013, 'f1': 0.70982, 'auc': 0.96992}
val: {'epoch': 150, 'time_epoch': 0.30213, 'loss': 1.05086734, 'lr': 0, 'params': 201514, 'time_iter': 0.01511, 'accuracy': 0.5846, 'f1': 0.57935, 'auc': 0.94548}
test: {'epoch': 150, 'time_epoch': 0.90194, 'loss': 1.84828892, 'lr': 0, 'params': 201514, 'time_iter': 0.02255, 'accuracy': 0.4284, 'f1': 0.41554, 'auc': 0.87287}
> Epoch 150: took 4.2s (avg 4.2s) | Best so far: epoch 148	train_loss: 0.6852 train_accuracy: 0.6999	val_loss: 0.6759 val_accuracy: 0.7022	test_loss: 1.3985 test_accuracy: 0.5048
train: {'epoch': 151, 'time_epoch': 3.07913, 'eta': 2483.42788, 'eta_hours': 0.68984, 'loss': 0.67680685, 'lr': 0.00089369, 'params': 201514, 'time_iter': 0.02609, 'accuracy': 0.7078, 'f1': 0.70754, 'auc': 0.96941}
val: {'epoch': 151, 'time_epoch': 0.30653, 'loss': 0.68310894, 'lr': 0, 'params': 201514, 'time_iter': 0.01533, 'accuracy': 0.7108, 'f1': 0.70513, 'auc': 0.9696}
test: {'epoch': 151, 'time_epoch': 0.88569, 'loss': 1.54732614, 'lr': 0, 'params': 201514, 'time_iter': 0.02214, 'accuracy': 0.502, 'f1': 0.4908, 'auc': 0.89971}
> Epoch 151: took 4.3s (avg 4.2s) | Best so far: epoch 151	train_loss: 0.6768 train_accuracy: 0.7078	val_loss: 0.6831 val_accuracy: 0.7108	test_loss: 1.5473 test_accuracy: 0.5020
train: {'epoch': 152, 'time_epoch': 2.98784, 'eta': 2480.82743, 'eta_hours': 0.68912, 'loss': 0.67451968, 'lr': 0.00089264, 'params': 201514, 'time_iter': 0.02532, 'accuracy': 0.70793, 'f1': 0.70769, 'auc': 0.96947}
val: {'epoch': 152, 'time_epoch': 0.31003, 'loss': 0.64643879, 'lr': 0, 'params': 201514, 'time_iter': 0.0155, 'accuracy': 0.7208, 'f1': 0.71997, 'auc': 0.97165}
test: {'epoch': 152, 'time_epoch': 0.95332, 'loss': 1.35894751, 'lr': 0, 'params': 201514, 'time_iter': 0.02383, 'accuracy': 0.5156, 'f1': 0.50971, 'auc': 0.9073}
> Epoch 152: took 4.3s (avg 4.2s) | Best so far: epoch 152	train_loss: 0.6745 train_accuracy: 0.7079	val_loss: 0.6464 val_accuracy: 0.7208	test_loss: 1.3589 test_accuracy: 0.5156
train: {'epoch': 153, 'time_epoch': 2.99121, 'eta': 2478.24047, 'eta_hours': 0.6884, 'loss': 0.67043348, 'lr': 0.00089159, 'params': 201514, 'time_iter': 0.02535, 'accuracy': 0.7094, 'f1': 0.70913, 'auc': 0.96979}
val: {'epoch': 153, 'time_epoch': 0.30747, 'loss': 0.63953084, 'lr': 0, 'params': 201514, 'time_iter': 0.01537, 'accuracy': 0.72, 'f1': 0.71911, 'auc': 0.97096}
test: {'epoch': 153, 'time_epoch': 0.90192, 'loss': 1.33312762, 'lr': 0, 'params': 201514, 'time_iter': 0.02255, 'accuracy': 0.5046, 'f1': 0.50234, 'auc': 0.90633}
> Epoch 153: took 4.2s (avg 4.2s) | Best so far: epoch 152	train_loss: 0.6745 train_accuracy: 0.7079	val_loss: 0.6464 val_accuracy: 0.7208	test_loss: 1.3589 test_accuracy: 0.5156
train: {'epoch': 154, 'time_epoch': 3.27366, 'eta': 2477.18807, 'eta_hours': 0.68811, 'loss': 0.66200937, 'lr': 0.00089054, 'params': 201514, 'time_iter': 0.02774, 'accuracy': 0.71303, 'f1': 0.71273, 'auc': 0.97044}
val: {'epoch': 154, 'time_epoch': 0.30854, 'loss': 0.69183446, 'lr': 0, 'params': 201514, 'time_iter': 0.01543, 'accuracy': 0.696, 'f1': 0.69295, 'auc': 0.96931}
test: {'epoch': 154, 'time_epoch': 0.94721, 'loss': 1.426366, 'lr': 0, 'params': 201514, 'time_iter': 0.02368, 'accuracy': 0.492, 'f1': 0.48678, 'auc': 0.90125}
> Epoch 154: took 4.6s (avg 4.2s) | Best so far: epoch 152	train_loss: 0.6745 train_accuracy: 0.7079	val_loss: 0.6464 val_accuracy: 0.7208	test_loss: 1.3589 test_accuracy: 0.5156
train: {'epoch': 155, 'time_epoch': 3.03334, 'eta': 2474.80703, 'eta_hours': 0.68745, 'loss': 0.66144506, 'lr': 0.00088948, 'params': 201514, 'time_iter': 0.02571, 'accuracy': 0.7135, 'f1': 0.71324, 'auc': 0.97058}
val: {'epoch': 155, 'time_epoch': 0.30464, 'loss': 0.72982559, 'lr': 0, 'params': 201514, 'time_iter': 0.01523, 'accuracy': 0.6962, 'f1': 0.69476, 'auc': 0.96644}
test: {'epoch': 155, 'time_epoch': 0.87458, 'loss': 1.48326469, 'lr': 0, 'params': 201514, 'time_iter': 0.02186, 'accuracy': 0.4945, 'f1': 0.48993, 'auc': 0.89829}
> Epoch 155: took 4.3s (avg 4.2s) | Best so far: epoch 152	train_loss: 0.6745 train_accuracy: 0.7079	val_loss: 0.6464 val_accuracy: 0.7208	test_loss: 1.3589 test_accuracy: 0.5156
train: {'epoch': 156, 'time_epoch': 3.00497, 'eta': 2472.26532, 'eta_hours': 0.68674, 'loss': 0.66391663, 'lr': 0.00088843, 'params': 201514, 'time_iter': 0.02547, 'accuracy': 0.714, 'f1': 0.71404, 'auc': 0.97045}
val: {'epoch': 156, 'time_epoch': 0.30183, 'loss': 0.76570671, 'lr': 0, 'params': 201514, 'time_iter': 0.01509, 'accuracy': 0.6754, 'f1': 0.67136, 'auc': 0.96279}
test: {'epoch': 156, 'time_epoch': 0.87082, 'loss': 1.84416457, 'lr': 0, 'params': 201514, 'time_iter': 0.02177, 'accuracy': 0.4615, 'f1': 0.44762, 'auc': 0.87887}
> Epoch 156: took 4.2s (avg 4.2s) | Best so far: epoch 152	train_loss: 0.6745 train_accuracy: 0.7079	val_loss: 0.6464 val_accuracy: 0.7208	test_loss: 1.3589 test_accuracy: 0.5156
train: {'epoch': 157, 'time_epoch': 3.00102, 'eta': 2469.69673, 'eta_hours': 0.68603, 'loss': 0.66574591, 'lr': 0.00088738, 'params': 201514, 'time_iter': 0.02543, 'accuracy': 0.71107, 'f1': 0.71057, 'auc': 0.97017}
val: {'epoch': 157, 'time_epoch': 0.30211, 'loss': 0.72499902, 'lr': 0, 'params': 201514, 'time_iter': 0.01511, 'accuracy': 0.6932, 'f1': 0.69307, 'auc': 0.96522}
test: {'epoch': 157, 'time_epoch': 0.89012, 'loss': 1.44874121, 'lr': 0, 'params': 201514, 'time_iter': 0.02225, 'accuracy': 0.4949, 'f1': 0.49149, 'auc': 0.90137}
> Epoch 157: took 4.2s (avg 4.2s) | Best so far: epoch 152	train_loss: 0.6745 train_accuracy: 0.7079	val_loss: 0.6464 val_accuracy: 0.7208	test_loss: 1.3589 test_accuracy: 0.5156
train: {'epoch': 158, 'time_epoch': 3.00029, 'eta': 2467.11882, 'eta_hours': 0.68531, 'loss': 0.67384102, 'lr': 0.00088633, 'params': 201514, 'time_iter': 0.02543, 'accuracy': 0.70763, 'f1': 0.70734, 'auc': 0.96933}
val: {'epoch': 158, 'time_epoch': 0.30052, 'loss': 0.80330347, 'lr': 0, 'params': 201514, 'time_iter': 0.01503, 'accuracy': 0.66, 'f1': 0.65744, 'auc': 0.96168}
test: {'epoch': 158, 'time_epoch': 0.89209, 'loss': 1.62850164, 'lr': 0, 'params': 201514, 'time_iter': 0.0223, 'accuracy': 0.4664, 'f1': 0.46062, 'auc': 0.88585}
> Epoch 158: took 4.2s (avg 4.2s) | Best so far: epoch 152	train_loss: 0.6745 train_accuracy: 0.7079	val_loss: 0.6464 val_accuracy: 0.7208	test_loss: 1.3589 test_accuracy: 0.5156
train: {'epoch': 159, 'time_epoch': 2.97167, 'eta': 2464.38536, 'eta_hours': 0.68455, 'loss': 0.64812397, 'lr': 0.00088527, 'params': 201514, 'time_iter': 0.02518, 'accuracy': 0.7176, 'f1': 0.71757, 'auc': 0.97158}
val: {'epoch': 159, 'time_epoch': 0.33856, 'loss': 0.66896243, 'lr': 0, 'params': 201514, 'time_iter': 0.01693, 'accuracy': 0.7174, 'f1': 0.7133, 'auc': 0.97034}
test: {'epoch': 159, 'time_epoch': 0.86055, 'loss': 1.46101122, 'lr': 0, 'params': 201514, 'time_iter': 0.02151, 'accuracy': 0.5059, 'f1': 0.49891, 'auc': 0.90241}
> Epoch 159: took 4.2s (avg 4.2s) | Best so far: epoch 152	train_loss: 0.6745 train_accuracy: 0.7079	val_loss: 0.6464 val_accuracy: 0.7208	test_loss: 1.3589 test_accuracy: 0.5156
train: {'epoch': 160, 'time_epoch': 2.93583, 'eta': 2461.46221, 'eta_hours': 0.68374, 'loss': 0.64512559, 'lr': 0.00088422, 'params': 201514, 'time_iter': 0.02488, 'accuracy': 0.72263, 'f1': 0.72236, 'auc': 0.97201}
val: {'epoch': 160, 'time_epoch': 0.30453, 'loss': 0.66785135, 'lr': 0, 'params': 201514, 'time_iter': 0.01523, 'accuracy': 0.7114, 'f1': 0.70747, 'auc': 0.97144}
test: {'epoch': 160, 'time_epoch': 0.93716, 'loss': 1.49999882, 'lr': 0, 'params': 201514, 'time_iter': 0.02343, 'accuracy': 0.5108, 'f1': 0.50109, 'auc': 0.90394}
> Epoch 160: took 4.2s (avg 4.2s) | Best so far: epoch 152	train_loss: 0.6745 train_accuracy: 0.7079	val_loss: 0.6464 val_accuracy: 0.7208	test_loss: 1.3589 test_accuracy: 0.5156
train: {'epoch': 161, 'time_epoch': 3.29319, 'eta': 2460.38747, 'eta_hours': 0.68344, 'loss': 0.65245574, 'lr': 0.00088317, 'params': 201514, 'time_iter': 0.02791, 'accuracy': 0.7185, 'f1': 0.71823, 'auc': 0.97136}
val: {'epoch': 161, 'time_epoch': 0.30403, 'loss': 0.7921729, 'lr': 0, 'params': 201514, 'time_iter': 0.0152, 'accuracy': 0.6676, 'f1': 0.66468, 'auc': 0.96268}
test: {'epoch': 161, 'time_epoch': 0.88251, 'loss': 1.67739424, 'lr': 0, 'params': 201514, 'time_iter': 0.02206, 'accuracy': 0.4614, 'f1': 0.45363, 'auc': 0.88554}
> Epoch 161: took 4.5s (avg 4.2s) | Best so far: epoch 152	train_loss: 0.6745 train_accuracy: 0.7079	val_loss: 0.6464 val_accuracy: 0.7208	test_loss: 1.3589 test_accuracy: 0.5156
train: {'epoch': 162, 'time_epoch': 2.96239, 'eta': 2457.58683, 'eta_hours': 0.68266, 'loss': 0.64753466, 'lr': 0.00088212, 'params': 201514, 'time_iter': 0.0251, 'accuracy': 0.72077, 'f1': 0.72051, 'auc': 0.97159}
val: {'epoch': 162, 'time_epoch': 0.31653, 'loss': 0.86655525, 'lr': 0, 'params': 201514, 'time_iter': 0.01583, 'accuracy': 0.6452, 'f1': 0.6411, 'auc': 0.95625}
test: {'epoch': 162, 'time_epoch': 0.86784, 'loss': 1.61173089, 'lr': 0, 'params': 201514, 'time_iter': 0.0217, 'accuracy': 0.4691, 'f1': 0.45783, 'auc': 0.88702}
> Epoch 162: took 4.2s (avg 4.2s) | Best so far: epoch 152	train_loss: 0.6745 train_accuracy: 0.7079	val_loss: 0.6464 val_accuracy: 0.7208	test_loss: 1.3589 test_accuracy: 0.5156
train: {'epoch': 163, 'time_epoch': 2.94675, 'eta': 2454.70451, 'eta_hours': 0.68186, 'loss': 0.6502742, 'lr': 0.00088106, 'params': 201514, 'time_iter': 0.02497, 'accuracy': 0.71793, 'f1': 0.71765, 'auc': 0.97148}
val: {'epoch': 163, 'time_epoch': 0.30153, 'loss': 0.6572893, 'lr': 0, 'params': 201514, 'time_iter': 0.01508, 'accuracy': 0.7186, 'f1': 0.71768, 'auc': 0.97152}
test: {'epoch': 163, 'time_epoch': 0.88473, 'loss': 1.58292841, 'lr': 0, 'params': 201514, 'time_iter': 0.02212, 'accuracy': 0.5053, 'f1': 0.49898, 'auc': 0.89779}
> Epoch 163: took 4.2s (avg 4.2s) | Best so far: epoch 152	train_loss: 0.6745 train_accuracy: 0.7079	val_loss: 0.6464 val_accuracy: 0.7208	test_loss: 1.3589 test_accuracy: 0.5156
train: {'epoch': 164, 'time_epoch': 2.97406, 'eta': 2451.9596, 'eta_hours': 0.6811, 'loss': 0.63168969, 'lr': 0.00088001, 'params': 201514, 'time_iter': 0.0252, 'accuracy': 0.7269, 'f1': 0.72683, 'auc': 0.97276}
val: {'epoch': 164, 'time_epoch': 0.30253, 'loss': 0.68564119, 'lr': 0, 'params': 201514, 'time_iter': 0.01513, 'accuracy': 0.7108, 'f1': 0.70859, 'auc': 0.96942}
test: {'epoch': 164, 'time_epoch': 0.87517, 'loss': 1.59971288, 'lr': 0, 'params': 201514, 'time_iter': 0.02188, 'accuracy': 0.4935, 'f1': 0.48603, 'auc': 0.89351}
> Epoch 164: took 4.2s (avg 4.2s) | Best so far: epoch 152	train_loss: 0.6745 train_accuracy: 0.7079	val_loss: 0.6464 val_accuracy: 0.7208	test_loss: 1.3589 test_accuracy: 0.5156
train: {'epoch': 165, 'time_epoch': 3.08575, 'eta': 2449.77309, 'eta_hours': 0.68049, 'loss': 0.63744695, 'lr': 0.00087896, 'params': 201514, 'time_iter': 0.02615, 'accuracy': 0.724, 'f1': 0.72381, 'auc': 0.97249}
val: {'epoch': 165, 'time_epoch': 0.30415, 'loss': 0.82274652, 'lr': 0, 'params': 201514, 'time_iter': 0.01521, 'accuracy': 0.6524, 'f1': 0.64779, 'auc': 0.95816}
test: {'epoch': 165, 'time_epoch': 0.86435, 'loss': 1.45351491, 'lr': 0, 'params': 201514, 'time_iter': 0.02161, 'accuracy': 0.4671, 'f1': 0.46118, 'auc': 0.89318}
> Epoch 165: took 4.3s (avg 4.2s) | Best so far: epoch 152	train_loss: 0.6745 train_accuracy: 0.7079	val_loss: 0.6464 val_accuracy: 0.7208	test_loss: 1.3589 test_accuracy: 0.5156
train: {'epoch': 166, 'time_epoch': 2.94762, 'eta': 2446.88682, 'eta_hours': 0.67969, 'loss': 0.62634346, 'lr': 0.00087791, 'params': 201514, 'time_iter': 0.02498, 'accuracy': 0.73083, 'f1': 0.73061, 'auc': 0.97342}
val: {'epoch': 166, 'time_epoch': 0.29952, 'loss': 0.7844924, 'lr': 0, 'params': 201514, 'time_iter': 0.01498, 'accuracy': 0.6802, 'f1': 0.6775, 'auc': 0.96411}
test: {'epoch': 166, 'time_epoch': 0.95093, 'loss': 1.55730758, 'lr': 0, 'params': 201514, 'time_iter': 0.02377, 'accuracy': 0.4837, 'f1': 0.47818, 'auc': 0.89518}
> Epoch 166: took 4.2s (avg 4.2s) | Best so far: epoch 152	train_loss: 0.6745 train_accuracy: 0.7079	val_loss: 0.6464 val_accuracy: 0.7208	test_loss: 1.3589 test_accuracy: 0.5156
train: {'epoch': 167, 'time_epoch': 2.95618, 'eta': 2444.0422, 'eta_hours': 0.6789, 'loss': 0.63551129, 'lr': 0.00087685, 'params': 201514, 'time_iter': 0.02505, 'accuracy': 0.72477, 'f1': 0.72444, 'auc': 0.97265}
val: {'epoch': 167, 'time_epoch': 0.30153, 'loss': 0.63144753, 'lr': 0, 'params': 201514, 'time_iter': 0.01508, 'accuracy': 0.7234, 'f1': 0.72352, 'auc': 0.97298}
test: {'epoch': 167, 'time_epoch': 0.85559, 'loss': 1.41737506, 'lr': 0, 'params': 201514, 'time_iter': 0.02139, 'accuracy': 0.5053, 'f1': 0.50025, 'auc': 0.90511}
> Epoch 167: took 4.1s (avg 4.2s) | Best so far: epoch 167	train_loss: 0.6355 train_accuracy: 0.7248	val_loss: 0.6314 val_accuracy: 0.7234	test_loss: 1.4174 test_accuracy: 0.5053
train: {'epoch': 168, 'time_epoch': 3.25996, 'eta': 2442.68999, 'eta_hours': 0.67852, 'loss': 0.63484368, 'lr': 0.0008758, 'params': 201514, 'time_iter': 0.02763, 'accuracy': 0.72897, 'f1': 0.72892, 'auc': 0.97263}
val: {'epoch': 168, 'time_epoch': 0.29575, 'loss': 0.70795436, 'lr': 0, 'params': 201514, 'time_iter': 0.01479, 'accuracy': 0.7006, 'f1': 0.69809, 'auc': 0.96848}
test: {'epoch': 168, 'time_epoch': 0.85033, 'loss': 1.67250281, 'lr': 0, 'params': 201514, 'time_iter': 0.02126, 'accuracy': 0.4942, 'f1': 0.4853, 'auc': 0.89206}
> Epoch 168: took 4.4s (avg 4.2s) | Best so far: epoch 167	train_loss: 0.6355 train_accuracy: 0.7248	val_loss: 0.6314 val_accuracy: 0.7234	test_loss: 1.4174 test_accuracy: 0.5053
train: {'epoch': 169, 'time_epoch': 2.97001, 'eta': 2439.8997, 'eta_hours': 0.67775, 'loss': 0.61480201, 'lr': 0.00087475, 'params': 201514, 'time_iter': 0.02517, 'accuracy': 0.73283, 'f1': 0.7327, 'auc': 0.97406}
val: {'epoch': 169, 'time_epoch': 0.30175, 'loss': 0.65407762, 'lr': 0, 'params': 201514, 'time_iter': 0.01509, 'accuracy': 0.7202, 'f1': 0.71827, 'auc': 0.97145}
test: {'epoch': 169, 'time_epoch': 0.89591, 'loss': 1.42345623, 'lr': 0, 'params': 201514, 'time_iter': 0.0224, 'accuracy': 0.5121, 'f1': 0.50705, 'auc': 0.90674}
> Epoch 169: took 4.2s (avg 4.2s) | Best so far: epoch 167	train_loss: 0.6355 train_accuracy: 0.7248	val_loss: 0.6314 val_accuracy: 0.7234	test_loss: 1.4174 test_accuracy: 0.5053
train: {'epoch': 170, 'time_epoch': 3.02175, 'eta': 2437.35814, 'eta_hours': 0.67704, 'loss': 0.6185006, 'lr': 0.0008737, 'params': 201514, 'time_iter': 0.02561, 'accuracy': 0.7323, 'f1': 0.73212, 'auc': 0.97393}
val: {'epoch': 170, 'time_epoch': 0.30603, 'loss': 0.64456232, 'lr': 0, 'params': 201514, 'time_iter': 0.0153, 'accuracy': 0.7184, 'f1': 0.71771, 'auc': 0.97177}
test: {'epoch': 170, 'time_epoch': 0.89313, 'loss': 1.54767659, 'lr': 0, 'params': 201514, 'time_iter': 0.02233, 'accuracy': 0.5056, 'f1': 0.50008, 'auc': 0.89777}
> Epoch 170: took 4.3s (avg 4.2s) | Best so far: epoch 167	train_loss: 0.6355 train_accuracy: 0.7248	val_loss: 0.6314 val_accuracy: 0.7234	test_loss: 1.4174 test_accuracy: 0.5053
train: {'epoch': 171, 'time_epoch': 2.97332, 'eta': 2434.57783, 'eta_hours': 0.67627, 'loss': 0.62399134, 'lr': 0.00087264, 'params': 201514, 'time_iter': 0.0252, 'accuracy': 0.7299, 'f1': 0.72958, 'auc': 0.97339}
val: {'epoch': 171, 'time_epoch': 0.30554, 'loss': 0.83417453, 'lr': 0, 'params': 201514, 'time_iter': 0.01528, 'accuracy': 0.6728, 'f1': 0.67036, 'auc': 0.96147}
test: {'epoch': 171, 'time_epoch': 0.95902, 'loss': 1.61460082, 'lr': 0, 'params': 201514, 'time_iter': 0.02398, 'accuracy': 0.4809, 'f1': 0.47556, 'auc': 0.89461}
> Epoch 171: took 4.3s (avg 4.2s) | Best so far: epoch 167	train_loss: 0.6355 train_accuracy: 0.7248	val_loss: 0.6314 val_accuracy: 0.7234	test_loss: 1.4174 test_accuracy: 0.5053
train: {'epoch': 172, 'time_epoch': 3.0028, 'eta': 2431.93624, 'eta_hours': 0.67554, 'loss': 0.61521263, 'lr': 0.00087159, 'params': 201514, 'time_iter': 0.02545, 'accuracy': 0.73373, 'f1': 0.73341, 'auc': 0.97411}
val: {'epoch': 172, 'time_epoch': 0.30471, 'loss': 0.79256166, 'lr': 0, 'params': 201514, 'time_iter': 0.01524, 'accuracy': 0.6712, 'f1': 0.66818, 'auc': 0.96361}
test: {'epoch': 172, 'time_epoch': 0.87235, 'loss': 1.69061627, 'lr': 0, 'params': 201514, 'time_iter': 0.02181, 'accuracy': 0.4699, 'f1': 0.46216, 'auc': 0.88761}
> Epoch 172: took 4.2s (avg 4.2s) | Best so far: epoch 167	train_loss: 0.6355 train_accuracy: 0.7248	val_loss: 0.6314 val_accuracy: 0.7234	test_loss: 1.4174 test_accuracy: 0.5053
train: {'epoch': 173, 'time_epoch': 2.98757, 'eta': 2429.2182, 'eta_hours': 0.67478, 'loss': 0.61733413, 'lr': 0.00087054, 'params': 201514, 'time_iter': 0.02532, 'accuracy': 0.7314, 'f1': 0.73117, 'auc': 0.97387}
val: {'epoch': 173, 'time_epoch': 0.30811, 'loss': 0.70250999, 'lr': 0, 'params': 201514, 'time_iter': 0.01541, 'accuracy': 0.697, 'f1': 0.6945, 'auc': 0.96905}
test: {'epoch': 173, 'time_epoch': 0.86957, 'loss': 1.48264489, 'lr': 0, 'params': 201514, 'time_iter': 0.02174, 'accuracy': 0.4876, 'f1': 0.48163, 'auc': 0.89965}
> Epoch 173: took 4.2s (avg 4.2s) | Best so far: epoch 167	train_loss: 0.6355 train_accuracy: 0.7248	val_loss: 0.6314 val_accuracy: 0.7234	test_loss: 1.4174 test_accuracy: 0.5053
train: {'epoch': 174, 'time_epoch': 3.30591, 'eta': 2427.99782, 'eta_hours': 0.67444, 'loss': 0.62503509, 'lr': 0.00086949, 'params': 201514, 'time_iter': 0.02802, 'accuracy': 0.72777, 'f1': 0.72762, 'auc': 0.97322}
val: {'epoch': 174, 'time_epoch': 0.34365, 'loss': 0.73942788, 'lr': 0, 'params': 201514, 'time_iter': 0.01718, 'accuracy': 0.6904, 'f1': 0.68804, 'auc': 0.96623}
test: {'epoch': 174, 'time_epoch': 0.93134, 'loss': 1.67045878, 'lr': 0, 'params': 201514, 'time_iter': 0.02328, 'accuracy': 0.481, 'f1': 0.4733, 'auc': 0.88952}
> Epoch 174: took 4.6s (avg 4.2s) | Best so far: epoch 167	train_loss: 0.6355 train_accuracy: 0.7248	val_loss: 0.6314 val_accuracy: 0.7234	test_loss: 1.4174 test_accuracy: 0.5053
train: {'epoch': 175, 'time_epoch': 3.16529, 'eta': 2426.0954, 'eta_hours': 0.67392, 'loss': 0.61396217, 'lr': 0.00086843, 'params': 201514, 'time_iter': 0.02682, 'accuracy': 0.7352, 'f1': 0.73503, 'auc': 0.97421}
val: {'epoch': 175, 'time_epoch': 0.30872, 'loss': 0.73848637, 'lr': 0, 'params': 201514, 'time_iter': 0.01544, 'accuracy': 0.6984, 'f1': 0.69557, 'auc': 0.96624}
test: {'epoch': 175, 'time_epoch': 0.92997, 'loss': 1.57431977, 'lr': 0, 'params': 201514, 'time_iter': 0.02325, 'accuracy': 0.4899, 'f1': 0.48355, 'auc': 0.89636}
> Epoch 175: took 4.4s (avg 4.2s) | Best so far: epoch 167	train_loss: 0.6355 train_accuracy: 0.7248	val_loss: 0.6314 val_accuracy: 0.7234	test_loss: 1.4174 test_accuracy: 0.5053
train: {'epoch': 176, 'time_epoch': 3.01241, 'eta': 2423.46785, 'eta_hours': 0.67319, 'loss': 0.60667358, 'lr': 0.00086738, 'params': 201514, 'time_iter': 0.02553, 'accuracy': 0.74017, 'f1': 0.74008, 'auc': 0.97487}
val: {'epoch': 176, 'time_epoch': 0.31803, 'loss': 0.72196708, 'lr': 0, 'params': 201514, 'time_iter': 0.0159, 'accuracy': 0.6978, 'f1': 0.6958, 'auc': 0.96708}
test: {'epoch': 176, 'time_epoch': 0.8869, 'loss': 1.52334329, 'lr': 0, 'params': 201514, 'time_iter': 0.02217, 'accuracy': 0.4855, 'f1': 0.47878, 'auc': 0.89803}
> Epoch 176: took 4.3s (avg 4.2s) | Best so far: epoch 167	train_loss: 0.6355 train_accuracy: 0.7248	val_loss: 0.6314 val_accuracy: 0.7234	test_loss: 1.4174 test_accuracy: 0.5053
train: {'epoch': 177, 'time_epoch': 3.05445, 'eta': 2421.03009, 'eta_hours': 0.67251, 'loss': 0.61257254, 'lr': 0.00086633, 'params': 201514, 'time_iter': 0.02589, 'accuracy': 0.73647, 'f1': 0.73641, 'auc': 0.97435}
val: {'epoch': 177, 'time_epoch': 0.30618, 'loss': 0.74295733, 'lr': 0, 'params': 201514, 'time_iter': 0.01531, 'accuracy': 0.6836, 'f1': 0.67959, 'auc': 0.96684}
test: {'epoch': 177, 'time_epoch': 0.90151, 'loss': 1.52707418, 'lr': 0, 'params': 201514, 'time_iter': 0.02254, 'accuracy': 0.4891, 'f1': 0.47817, 'auc': 0.8989}
> Epoch 177: took 4.3s (avg 4.2s) | Best so far: epoch 167	train_loss: 0.6355 train_accuracy: 0.7248	val_loss: 0.6314 val_accuracy: 0.7234	test_loss: 1.4174 test_accuracy: 0.5053
train: {'epoch': 178, 'time_epoch': 2.99938, 'eta': 2418.33288, 'eta_hours': 0.67176, 'loss': 0.6098082, 'lr': 0.00086528, 'params': 201514, 'time_iter': 0.02542, 'accuracy': 0.7358, 'f1': 0.7357, 'auc': 0.97465}
val: {'epoch': 178, 'time_epoch': 0.30605, 'loss': 0.65909205, 'lr': 0, 'params': 201514, 'time_iter': 0.0153, 'accuracy': 0.7226, 'f1': 0.71951, 'auc': 0.97131}
test: {'epoch': 178, 'time_epoch': 0.90277, 'loss': 1.42544497, 'lr': 0, 'params': 201514, 'time_iter': 0.02257, 'accuracy': 0.5074, 'f1': 0.50598, 'auc': 0.90606}
> Epoch 178: took 4.2s (avg 4.2s) | Best so far: epoch 167	train_loss: 0.6355 train_accuracy: 0.7248	val_loss: 0.6314 val_accuracy: 0.7234	test_loss: 1.4174 test_accuracy: 0.5053
train: {'epoch': 179, 'time_epoch': 3.07241, 'eta': 2415.96502, 'eta_hours': 0.6711, 'loss': 0.59984857, 'lr': 0.00086422, 'params': 201514, 'time_iter': 0.02604, 'accuracy': 0.7415, 'f1': 0.74151, 'auc': 0.97526}
val: {'epoch': 179, 'time_epoch': 0.30395, 'loss': 0.82818321, 'lr': 0, 'params': 201514, 'time_iter': 0.0152, 'accuracy': 0.6704, 'f1': 0.66354, 'auc': 0.96271}
test: {'epoch': 179, 'time_epoch': 0.90836, 'loss': 1.74570413, 'lr': 0, 'params': 201514, 'time_iter': 0.02271, 'accuracy': 0.4782, 'f1': 0.46405, 'auc': 0.89037}
> Epoch 179: took 4.3s (avg 4.2s) | Best so far: epoch 167	train_loss: 0.6355 train_accuracy: 0.7248	val_loss: 0.6314 val_accuracy: 0.7234	test_loss: 1.4174 test_accuracy: 0.5053
train: {'epoch': 180, 'time_epoch': 2.94675, 'eta': 2413.02078, 'eta_hours': 0.67028, 'loss': 0.59187093, 'lr': 0.00086317, 'params': 201514, 'time_iter': 0.02497, 'accuracy': 0.74337, 'f1': 0.74325, 'auc': 0.9758}
val: {'epoch': 180, 'time_epoch': 0.30453, 'loss': 0.68540697, 'lr': 0, 'params': 201514, 'time_iter': 0.01523, 'accuracy': 0.7088, 'f1': 0.70321, 'auc': 0.97169}
test: {'epoch': 180, 'time_epoch': 0.87916, 'loss': 1.62287112, 'lr': 0, 'params': 201514, 'time_iter': 0.02198, 'accuracy': 0.5029, 'f1': 0.48833, 'auc': 0.9002}
> Epoch 180: took 4.2s (avg 4.2s) | Best so far: epoch 167	train_loss: 0.6355 train_accuracy: 0.7248	val_loss: 0.6314 val_accuracy: 0.7234	test_loss: 1.4174 test_accuracy: 0.5053
train: {'epoch': 181, 'time_epoch': 3.23791, 'eta': 2411.3851, 'eta_hours': 0.66983, 'loss': 0.59606259, 'lr': 0.00086212, 'params': 201514, 'time_iter': 0.02744, 'accuracy': 0.7424, 'f1': 0.74219, 'auc': 0.97567}
val: {'epoch': 181, 'time_epoch': 0.33839, 'loss': 0.64757576, 'lr': 0, 'params': 201514, 'time_iter': 0.01692, 'accuracy': 0.7212, 'f1': 0.71856, 'auc': 0.97306}
test: {'epoch': 181, 'time_epoch': 0.91615, 'loss': 1.5060948, 'lr': 0, 'params': 201514, 'time_iter': 0.0229, 'accuracy': 0.5151, 'f1': 0.50619, 'auc': 0.90355}
> Epoch 181: took 4.5s (avg 4.2s) | Best so far: epoch 167	train_loss: 0.6355 train_accuracy: 0.7248	val_loss: 0.6314 val_accuracy: 0.7234	test_loss: 1.4174 test_accuracy: 0.5053
train: {'epoch': 182, 'time_epoch': 3.03102, 'eta': 2408.80826, 'eta_hours': 0.66911, 'loss': 0.59822904, 'lr': 0.00086107, 'params': 201514, 'time_iter': 0.02569, 'accuracy': 0.7443, 'f1': 0.74412, 'auc': 0.97557}
val: {'epoch': 182, 'time_epoch': 0.30103, 'loss': 0.68806324, 'lr': 0, 'params': 201514, 'time_iter': 0.01505, 'accuracy': 0.7112, 'f1': 0.70694, 'auc': 0.96991}
test: {'epoch': 182, 'time_epoch': 0.87933, 'loss': 1.36735923, 'lr': 0, 'params': 201514, 'time_iter': 0.02198, 'accuracy': 0.5139, 'f1': 0.50909, 'auc': 0.90953}
> Epoch 182: took 4.2s (avg 4.2s) | Best so far: epoch 167	train_loss: 0.6355 train_accuracy: 0.7248	val_loss: 0.6314 val_accuracy: 0.7234	test_loss: 1.4174 test_accuracy: 0.5053
train: {'epoch': 183, 'time_epoch': 3.04711, 'eta': 2406.29786, 'eta_hours': 0.66842, 'loss': 0.60659822, 'lr': 0.00086001, 'params': 201514, 'time_iter': 0.02582, 'accuracy': 0.74023, 'f1': 0.7399, 'auc': 0.97483}
val: {'epoch': 183, 'time_epoch': 0.30552, 'loss': 0.59629257, 'lr': 0, 'params': 201514, 'time_iter': 0.01528, 'accuracy': 0.742, 'f1': 0.73951, 'auc': 0.97529}
test: {'epoch': 183, 'time_epoch': 0.87325, 'loss': 1.29161512, 'lr': 0, 'params': 201514, 'time_iter': 0.02183, 'accuracy': 0.5317, 'f1': 0.52901, 'auc': 0.91567}
> Epoch 183: took 4.3s (avg 4.2s) | Best so far: epoch 183	train_loss: 0.6066 train_accuracy: 0.7402	val_loss: 0.5963 val_accuracy: 0.7420	test_loss: 1.2916 test_accuracy: 0.5317
train: {'epoch': 184, 'time_epoch': 3.02245, 'eta': 2403.67302, 'eta_hours': 0.66769, 'loss': 0.58489852, 'lr': 0.00085896, 'params': 201514, 'time_iter': 0.02561, 'accuracy': 0.74813, 'f1': 0.74801, 'auc': 0.97638}
val: {'epoch': 184, 'time_epoch': 0.3108, 'loss': 0.66668434, 'lr': 0, 'params': 201514, 'time_iter': 0.01554, 'accuracy': 0.7184, 'f1': 0.71644, 'auc': 0.97132}
test: {'epoch': 184, 'time_epoch': 0.89516, 'loss': 1.5535655, 'lr': 0, 'params': 201514, 'time_iter': 0.02238, 'accuracy': 0.5076, 'f1': 0.49996, 'auc': 0.90016}
> Epoch 184: took 4.3s (avg 4.2s) | Best so far: epoch 183	train_loss: 0.6066 train_accuracy: 0.7402	val_loss: 0.5963 val_accuracy: 0.7420	test_loss: 1.2916 test_accuracy: 0.5317
train: {'epoch': 185, 'time_epoch': 3.00473, 'eta': 2400.96635, 'eta_hours': 0.66694, 'loss': 0.5868183, 'lr': 0.00085791, 'params': 201514, 'time_iter': 0.02546, 'accuracy': 0.7461, 'f1': 0.74608, 'auc': 0.97626}
val: {'epoch': 185, 'time_epoch': 0.30152, 'loss': 0.72248218, 'lr': 0, 'params': 201514, 'time_iter': 0.01508, 'accuracy': 0.7038, 'f1': 0.70018, 'auc': 0.96887}
test: {'epoch': 185, 'time_epoch': 0.88022, 'loss': 1.63942148, 'lr': 0, 'params': 201514, 'time_iter': 0.02201, 'accuracy': 0.5, 'f1': 0.4898, 'auc': 0.89603}
> Epoch 185: took 4.2s (avg 4.2s) | Best so far: epoch 183	train_loss: 0.6066 train_accuracy: 0.7402	val_loss: 0.5963 val_accuracy: 0.7420	test_loss: 1.2916 test_accuracy: 0.5317
train: {'epoch': 186, 'time_epoch': 2.99465, 'eta': 2398.21266, 'eta_hours': 0.66617, 'loss': 0.59583997, 'lr': 0.00085686, 'params': 201514, 'time_iter': 0.02538, 'accuracy': 0.7407, 'f1': 0.74044, 'auc': 0.97555}
val: {'epoch': 186, 'time_epoch': 0.30653, 'loss': 0.71999556, 'lr': 0, 'params': 201514, 'time_iter': 0.01533, 'accuracy': 0.7012, 'f1': 0.69715, 'auc': 0.96927}
test: {'epoch': 186, 'time_epoch': 0.87494, 'loss': 1.64168917, 'lr': 0, 'params': 201514, 'time_iter': 0.02187, 'accuracy': 0.4933, 'f1': 0.48287, 'auc': 0.89612}
> Epoch 186: took 4.2s (avg 4.2s) | Best so far: epoch 183	train_loss: 0.6066 train_accuracy: 0.7402	val_loss: 0.5963 val_accuracy: 0.7420	test_loss: 1.2916 test_accuracy: 0.5317
train: {'epoch': 187, 'time_epoch': 3.0555, 'eta': 2395.71921, 'eta_hours': 0.66548, 'loss': 0.58103641, 'lr': 0.0008558, 'params': 201514, 'time_iter': 0.02589, 'accuracy': 0.7462, 'f1': 0.74608, 'auc': 0.9765}
val: {'epoch': 187, 'time_epoch': 0.30708, 'loss': 1.13001905, 'lr': 0, 'params': 201514, 'time_iter': 0.01535, 'accuracy': 0.598, 'f1': 0.59203, 'auc': 0.94474}
test: {'epoch': 187, 'time_epoch': 0.90637, 'loss': 2.05975016, 'lr': 0, 'params': 201514, 'time_iter': 0.02266, 'accuracy': 0.4274, 'f1': 0.4133, 'auc': 0.86839}
> Epoch 187: took 4.3s (avg 4.2s) | Best so far: epoch 183	train_loss: 0.6066 train_accuracy: 0.7402	val_loss: 0.5963 val_accuracy: 0.7420	test_loss: 1.2916 test_accuracy: 0.5317
train: {'epoch': 188, 'time_epoch': 3.25629, 'eta': 2394.08142, 'eta_hours': 0.66502, 'loss': 0.5945528, 'lr': 0.00085475, 'params': 201514, 'time_iter': 0.0276, 'accuracy': 0.7433, 'f1': 0.74311, 'auc': 0.97568}
val: {'epoch': 188, 'time_epoch': 0.34104, 'loss': 0.77132955, 'lr': 0, 'params': 201514, 'time_iter': 0.01705, 'accuracy': 0.6816, 'f1': 0.67894, 'auc': 0.96448}
test: {'epoch': 188, 'time_epoch': 0.90317, 'loss': 1.74463688, 'lr': 0, 'params': 201514, 'time_iter': 0.02258, 'accuracy': 0.4789, 'f1': 0.47116, 'auc': 0.88848}
> Epoch 188: took 4.5s (avg 4.2s) | Best so far: epoch 183	train_loss: 0.6066 train_accuracy: 0.7402	val_loss: 0.5963 val_accuracy: 0.7420	test_loss: 1.2916 test_accuracy: 0.5317
train: {'epoch': 189, 'time_epoch': 2.90788, 'eta': 2390.94127, 'eta_hours': 0.66415, 'loss': 0.58531643, 'lr': 0.0008537, 'params': 201514, 'time_iter': 0.02464, 'accuracy': 0.74803, 'f1': 0.74804, 'auc': 0.97642}
val: {'epoch': 189, 'time_epoch': 0.29864, 'loss': 0.65214613, 'lr': 0, 'params': 201514, 'time_iter': 0.01493, 'accuracy': 0.7198, 'f1': 0.71706, 'auc': 0.97044}
test: {'epoch': 189, 'time_epoch': 0.91809, 'loss': 1.48255494, 'lr': 0, 'params': 201514, 'time_iter': 0.02295, 'accuracy': 0.5051, 'f1': 0.4938, 'auc': 0.90358}
> Epoch 189: took 4.2s (avg 4.2s) | Best so far: epoch 183	train_loss: 0.6066 train_accuracy: 0.7402	val_loss: 0.5963 val_accuracy: 0.7420	test_loss: 1.2916 test_accuracy: 0.5317
train: {'epoch': 190, 'time_epoch': 2.96552, 'eta': 2388.04769, 'eta_hours': 0.66335, 'loss': 0.58853247, 'lr': 0.00085265, 'params': 201514, 'time_iter': 0.02513, 'accuracy': 0.74683, 'f1': 0.74657, 'auc': 0.97606}
val: {'epoch': 190, 'time_epoch': 0.32953, 'loss': 0.69082504, 'lr': 0, 'params': 201514, 'time_iter': 0.01648, 'accuracy': 0.7154, 'f1': 0.70979, 'auc': 0.9712}
test: {'epoch': 190, 'time_epoch': 0.95643, 'loss': 1.695052, 'lr': 0, 'params': 201514, 'time_iter': 0.02391, 'accuracy': 0.507, 'f1': 0.49221, 'auc': 0.89805}
> Epoch 190: took 4.3s (avg 4.2s) | Best so far: epoch 183	train_loss: 0.6066 train_accuracy: 0.7402	val_loss: 0.5963 val_accuracy: 0.7420	test_loss: 1.2916 test_accuracy: 0.5317
train: {'epoch': 191, 'time_epoch': 2.95901, 'eta': 2385.12597, 'eta_hours': 0.66253, 'loss': 0.57774594, 'lr': 0.00085159, 'params': 201514, 'time_iter': 0.02508, 'accuracy': 0.74867, 'f1': 0.74847, 'auc': 0.97688}
val: {'epoch': 191, 'time_epoch': 0.31209, 'loss': 0.797464, 'lr': 0, 'params': 201514, 'time_iter': 0.0156, 'accuracy': 0.6652, 'f1': 0.66222, 'auc': 0.96326}
test: {'epoch': 191, 'time_epoch': 0.89531, 'loss': 1.56967524, 'lr': 0, 'params': 201514, 'time_iter': 0.02238, 'accuracy': 0.4772, 'f1': 0.47049, 'auc': 0.89437}
> Epoch 191: took 4.2s (avg 4.2s) | Best so far: epoch 183	train_loss: 0.6066 train_accuracy: 0.7402	val_loss: 0.5963 val_accuracy: 0.7420	test_loss: 1.2916 test_accuracy: 0.5317
train: {'epoch': 192, 'time_epoch': 2.96083, 'eta': 2382.21147, 'eta_hours': 0.66173, 'loss': 0.57187454, 'lr': 0.00085054, 'params': 201514, 'time_iter': 0.02509, 'accuracy': 0.75183, 'f1': 0.75185, 'auc': 0.97729}
val: {'epoch': 192, 'time_epoch': 0.31303, 'loss': 0.85038276, 'lr': 0, 'params': 201514, 'time_iter': 0.01565, 'accuracy': 0.6802, 'f1': 0.67369, 'auc': 0.96367}
test: {'epoch': 192, 'time_epoch': 0.90515, 'loss': 1.96631558, 'lr': 0, 'params': 201514, 'time_iter': 0.02263, 'accuracy': 0.4743, 'f1': 0.45681, 'auc': 0.88494}
> Epoch 192: took 4.2s (avg 4.2s) | Best so far: epoch 183	train_loss: 0.6066 train_accuracy: 0.7402	val_loss: 0.5963 val_accuracy: 0.7420	test_loss: 1.2916 test_accuracy: 0.5317
train: {'epoch': 193, 'time_epoch': 2.93847, 'eta': 2379.20358, 'eta_hours': 0.66089, 'loss': 0.56858341, 'lr': 0.00084949, 'params': 201514, 'time_iter': 0.0249, 'accuracy': 0.754, 'f1': 0.75391, 'auc': 0.9776}
val: {'epoch': 193, 'time_epoch': 0.30124, 'loss': 0.80940338, 'lr': 0, 'params': 201514, 'time_iter': 0.01506, 'accuracy': 0.675, 'f1': 0.67013, 'auc': 0.96518}
test: {'epoch': 193, 'time_epoch': 0.87729, 'loss': 1.66706461, 'lr': 0, 'params': 201514, 'time_iter': 0.02193, 'accuracy': 0.4919, 'f1': 0.48262, 'auc': 0.89731}
> Epoch 193: took 4.2s (avg 4.2s) | Best so far: epoch 183	train_loss: 0.6066 train_accuracy: 0.7402	val_loss: 0.5963 val_accuracy: 0.7420	test_loss: 1.2916 test_accuracy: 0.5317
train: {'epoch': 194, 'time_epoch': 2.93369, 'eta': 2376.17668, 'eta_hours': 0.66005, 'loss': 0.56671104, 'lr': 0.00084844, 'params': 201514, 'time_iter': 0.02486, 'accuracy': 0.75687, 'f1': 0.75666, 'auc': 0.9777}
val: {'epoch': 194, 'time_epoch': 0.30646, 'loss': 0.71163095, 'lr': 0, 'params': 201514, 'time_iter': 0.01532, 'accuracy': 0.713, 'f1': 0.70896, 'auc': 0.96982}
test: {'epoch': 194, 'time_epoch': 1.1806, 'loss': 1.68289124, 'lr': 0, 'params': 201514, 'time_iter': 0.02951, 'accuracy': 0.5075, 'f1': 0.49854, 'auc': 0.9002}
> Epoch 194: took 4.5s (avg 4.2s) | Best so far: epoch 183	train_loss: 0.6066 train_accuracy: 0.7402	val_loss: 0.5963 val_accuracy: 0.7420	test_loss: 1.2916 test_accuracy: 0.5317
train: {'epoch': 195, 'time_epoch': 2.99844, 'eta': 2373.41635, 'eta_hours': 0.65928, 'loss': 0.58802572, 'lr': 0.00084738, 'params': 201514, 'time_iter': 0.02541, 'accuracy': 0.74587, 'f1': 0.74571, 'auc': 0.97635}
val: {'epoch': 195, 'time_epoch': 0.32572, 'loss': 0.62645402, 'lr': 0, 'params': 201514, 'time_iter': 0.01629, 'accuracy': 0.7398, 'f1': 0.73696, 'auc': 0.97433}
test: {'epoch': 195, 'time_epoch': 0.92364, 'loss': 1.43269747, 'lr': 0, 'params': 201514, 'time_iter': 0.02309, 'accuracy': 0.5286, 'f1': 0.52176, 'auc': 0.91107}
> Epoch 195: took 4.3s (avg 4.2s) | Best so far: epoch 183	train_loss: 0.6066 train_accuracy: 0.7402	val_loss: 0.5963 val_accuracy: 0.7420	test_loss: 1.2916 test_accuracy: 0.5317
train: {'epoch': 196, 'time_epoch': 2.93324, 'eta': 2370.38784, 'eta_hours': 0.65844, 'loss': 0.56866502, 'lr': 0.00084633, 'params': 201514, 'time_iter': 0.02486, 'accuracy': 0.75387, 'f1': 0.75393, 'auc': 0.97756}
val: {'epoch': 196, 'time_epoch': 0.32321, 'loss': 0.63282106, 'lr': 0, 'params': 201514, 'time_iter': 0.01616, 'accuracy': 0.7352, 'f1': 0.73183, 'auc': 0.97376}
test: {'epoch': 196, 'time_epoch': 0.92756, 'loss': 1.46343104, 'lr': 0, 'params': 201514, 'time_iter': 0.02319, 'accuracy': 0.515, 'f1': 0.50891, 'auc': 0.9088}
> Epoch 196: took 4.2s (avg 4.2s) | Best so far: epoch 183	train_loss: 0.6066 train_accuracy: 0.7402	val_loss: 0.5963 val_accuracy: 0.7420	test_loss: 1.2916 test_accuracy: 0.5317
train: {'epoch': 197, 'time_epoch': 2.89421, 'eta': 2367.20219, 'eta_hours': 0.65756, 'loss': 0.56509451, 'lr': 0.00084528, 'params': 201514, 'time_iter': 0.02453, 'accuracy': 0.75767, 'f1': 0.75747, 'auc': 0.97791}
val: {'epoch': 197, 'time_epoch': 0.30387, 'loss': 0.73195016, 'lr': 0, 'params': 201514, 'time_iter': 0.01519, 'accuracy': 0.6906, 'f1': 0.68664, 'auc': 0.96689}
test: {'epoch': 197, 'time_epoch': 0.90538, 'loss': 1.7011528, 'lr': 0, 'params': 201514, 'time_iter': 0.02263, 'accuracy': 0.484, 'f1': 0.47161, 'auc': 0.89093}
> Epoch 197: took 4.1s (avg 4.2s) | Best so far: epoch 183	train_loss: 0.6066 train_accuracy: 0.7402	val_loss: 0.5963 val_accuracy: 0.7420	test_loss: 1.2916 test_accuracy: 0.5317
train: {'epoch': 198, 'time_epoch': 2.97176, 'eta': 2364.33161, 'eta_hours': 0.65676, 'loss': 0.56348516, 'lr': 0.00084423, 'params': 201514, 'time_iter': 0.02518, 'accuracy': 0.7581, 'f1': 0.75801, 'auc': 0.97789}
val: {'epoch': 198, 'time_epoch': 0.31052, 'loss': 0.68341673, 'lr': 0, 'params': 201514, 'time_iter': 0.01553, 'accuracy': 0.7064, 'f1': 0.70454, 'auc': 0.97043}
test: {'epoch': 198, 'time_epoch': 0.91656, 'loss': 1.62750459, 'lr': 0, 'params': 201514, 'time_iter': 0.02291, 'accuracy': 0.504, 'f1': 0.49678, 'auc': 0.89984}
> Epoch 198: took 4.2s (avg 4.2s) | Best so far: epoch 183	train_loss: 0.6066 train_accuracy: 0.7402	val_loss: 0.5963 val_accuracy: 0.7420	test_loss: 1.2916 test_accuracy: 0.5317
train: {'epoch': 199, 'time_epoch': 2.86487, 'eta': 2361.03248, 'eta_hours': 0.65584, 'loss': 0.55791349, 'lr': 0.00084317, 'params': 201514, 'time_iter': 0.02428, 'accuracy': 0.75857, 'f1': 0.75837, 'auc': 0.97847}
val: {'epoch': 199, 'time_epoch': 0.32144, 'loss': 0.59698833, 'lr': 0, 'params': 201514, 'time_iter': 0.01607, 'accuracy': 0.745, 'f1': 0.74303, 'auc': 0.97572}
test: {'epoch': 199, 'time_epoch': 0.9293, 'loss': 1.56080077, 'lr': 0, 'params': 201514, 'time_iter': 0.02323, 'accuracy': 0.5285, 'f1': 0.51874, 'auc': 0.90778}
> Epoch 199: took 4.2s (avg 4.2s) | Best so far: epoch 199	train_loss: 0.5579 train_accuracy: 0.7586	val_loss: 0.5970 val_accuracy: 0.7450	test_loss: 1.5608 test_accuracy: 0.5285
train: {'epoch': 200, 'time_epoch': 2.86609, 'eta': 2357.7425, 'eta_hours': 0.65493, 'loss': 0.55775036, 'lr': 0.00084212, 'params': 201514, 'time_iter': 0.02429, 'accuracy': 0.7606, 'f1': 0.7605, 'auc': 0.97843}
val: {'epoch': 200, 'time_epoch': 0.31351, 'loss': 0.6426971, 'lr': 0, 'params': 201514, 'time_iter': 0.01568, 'accuracy': 0.7304, 'f1': 0.72931, 'auc': 0.97309}
test: {'epoch': 200, 'time_epoch': 0.91121, 'loss': 1.51618965, 'lr': 0, 'params': 201514, 'time_iter': 0.02278, 'accuracy': 0.5222, 'f1': 0.5168, 'auc': 0.90759}
> Epoch 200: took 4.1s (avg 4.2s) | Best so far: epoch 199	train_loss: 0.5579 train_accuracy: 0.7586	val_loss: 0.5970 val_accuracy: 0.7450	test_loss: 1.5608 test_accuracy: 0.5285
train: {'epoch': 201, 'time_epoch': 3.17583, 'eta': 2355.68036, 'eta_hours': 0.65436, 'loss': 0.55145698, 'lr': 0.00084107, 'params': 201514, 'time_iter': 0.02691, 'accuracy': 0.76343, 'f1': 0.76348, 'auc': 0.97882}
val: {'epoch': 201, 'time_epoch': 0.31452, 'loss': 0.6744303, 'lr': 0, 'params': 201514, 'time_iter': 0.01573, 'accuracy': 0.7204, 'f1': 0.71669, 'auc': 0.97164}
test: {'epoch': 201, 'time_epoch': 0.93399, 'loss': 1.49813318, 'lr': 0, 'params': 201514, 'time_iter': 0.02335, 'accuracy': 0.51, 'f1': 0.5034, 'auc': 0.90368}
> Epoch 201: took 4.5s (avg 4.2s) | Best so far: epoch 199	train_loss: 0.5579 train_accuracy: 0.7586	val_loss: 0.5970 val_accuracy: 0.7450	test_loss: 1.5608 test_accuracy: 0.5285
train: {'epoch': 202, 'time_epoch': 2.99494, 'eta': 2352.89705, 'eta_hours': 0.65358, 'loss': 0.54686499, 'lr': 0.00084002, 'params': 201514, 'time_iter': 0.02538, 'accuracy': 0.7647, 'f1': 0.76456, 'auc': 0.97922}
val: {'epoch': 202, 'time_epoch': 0.31914, 'loss': 0.58916881, 'lr': 0, 'params': 201514, 'time_iter': 0.01596, 'accuracy': 0.7506, 'f1': 0.74794, 'auc': 0.97627}
test: {'epoch': 202, 'time_epoch': 0.92023, 'loss': 1.48930531, 'lr': 0, 'params': 201514, 'time_iter': 0.02301, 'accuracy': 0.5314, 'f1': 0.52211, 'auc': 0.90874}
> Epoch 202: took 4.3s (avg 4.2s) | Best so far: epoch 202	train_loss: 0.5469 train_accuracy: 0.7647	val_loss: 0.5892 val_accuracy: 0.7506	test_loss: 1.4893 test_accuracy: 0.5314
train: {'epoch': 203, 'time_epoch': 3.04306, 'eta': 2350.29941, 'eta_hours': 0.65286, 'loss': 0.55566847, 'lr': 0.00083896, 'params': 201514, 'time_iter': 0.02579, 'accuracy': 0.76117, 'f1': 0.76106, 'auc': 0.97845}
val: {'epoch': 203, 'time_epoch': 0.30923, 'loss': 0.66365974, 'lr': 0, 'params': 201514, 'time_iter': 0.01546, 'accuracy': 0.715, 'f1': 0.71374, 'auc': 0.97022}
test: {'epoch': 203, 'time_epoch': 0.92682, 'loss': 1.50257221, 'lr': 0, 'params': 201514, 'time_iter': 0.02317, 'accuracy': 0.5108, 'f1': 0.5047, 'auc': 0.905}
> Epoch 203: took 4.3s (avg 4.2s) | Best so far: epoch 202	train_loss: 0.5469 train_accuracy: 0.7647	val_loss: 0.5892 val_accuracy: 0.7506	test_loss: 1.4893 test_accuracy: 0.5314
train: {'epoch': 204, 'time_epoch': 3.02052, 'eta': 2347.61001, 'eta_hours': 0.65211, 'loss': 0.54713403, 'lr': 0.00083791, 'params': 201514, 'time_iter': 0.0256, 'accuracy': 0.7648, 'f1': 0.76464, 'auc': 0.97912}
val: {'epoch': 204, 'time_epoch': 0.31322, 'loss': 0.69969589, 'lr': 0, 'params': 201514, 'time_iter': 0.01566, 'accuracy': 0.7066, 'f1': 0.70421, 'auc': 0.97}
test: {'epoch': 204, 'time_epoch': 0.92308, 'loss': 1.67824848, 'lr': 0, 'params': 201514, 'time_iter': 0.02308, 'accuracy': 0.4981, 'f1': 0.48805, 'auc': 0.89376}
> Epoch 204: took 4.3s (avg 4.2s) | Best so far: epoch 202	train_loss: 0.5469 train_accuracy: 0.7647	val_loss: 0.5892 val_accuracy: 0.7506	test_loss: 1.4893 test_accuracy: 0.5314
train: {'epoch': 205, 'time_epoch': 2.98706, 'eta': 2344.78845, 'eta_hours': 0.65133, 'loss': 0.54984512, 'lr': 0.00083686, 'params': 201514, 'time_iter': 0.02531, 'accuracy': 0.76447, 'f1': 0.76437, 'auc': 0.97894}
val: {'epoch': 205, 'time_epoch': 0.30903, 'loss': 0.60142952, 'lr': 0, 'params': 201514, 'time_iter': 0.01545, 'accuracy': 0.744, 'f1': 0.74284, 'auc': 0.97537}
test: {'epoch': 205, 'time_epoch': 0.93298, 'loss': 1.5286035, 'lr': 0, 'params': 201514, 'time_iter': 0.02332, 'accuracy': 0.5295, 'f1': 0.52356, 'auc': 0.9083}
> Epoch 205: took 4.3s (avg 4.2s) | Best so far: epoch 202	train_loss: 0.5469 train_accuracy: 0.7647	val_loss: 0.5892 val_accuracy: 0.7506	test_loss: 1.4893 test_accuracy: 0.5314
train: {'epoch': 206, 'time_epoch': 2.99886, 'eta': 2342.01047, 'eta_hours': 0.65056, 'loss': 0.55347993, 'lr': 0.00083581, 'params': 201514, 'time_iter': 0.02541, 'accuracy': 0.7628, 'f1': 0.76278, 'auc': 0.97869}
val: {'epoch': 206, 'time_epoch': 0.3224, 'loss': 0.6079514, 'lr': 0, 'params': 201514, 'time_iter': 0.01612, 'accuracy': 0.7466, 'f1': 0.74529, 'auc': 0.97497}
test: {'epoch': 206, 'time_epoch': 0.94959, 'loss': 1.39986377, 'lr': 0, 'params': 201514, 'time_iter': 0.02374, 'accuracy': 0.5294, 'f1': 0.52372, 'auc': 0.91453}
> Epoch 206: took 4.3s (avg 4.2s) | Best so far: epoch 202	train_loss: 0.5469 train_accuracy: 0.7647	val_loss: 0.5892 val_accuracy: 0.7506	test_loss: 1.4893 test_accuracy: 0.5314
train: {'epoch': 207, 'time_epoch': 2.99374, 'eta': 2339.21091, 'eta_hours': 0.64978, 'loss': 0.56694919, 'lr': 0.00083475, 'params': 201514, 'time_iter': 0.02537, 'accuracy': 0.75813, 'f1': 0.7579, 'auc': 0.97768}
val: {'epoch': 207, 'time_epoch': 0.30524, 'loss': 0.98119456, 'lr': 0, 'params': 201514, 'time_iter': 0.01526, 'accuracy': 0.636, 'f1': 0.63207, 'auc': 0.95407}
test: {'epoch': 207, 'time_epoch': 1.14347, 'loss': 1.88545319, 'lr': 0, 'params': 201514, 'time_iter': 0.02859, 'accuracy': 0.4711, 'f1': 0.45835, 'auc': 0.88618}
> Epoch 207: took 4.5s (avg 4.2s) | Best so far: epoch 202	train_loss: 0.5469 train_accuracy: 0.7647	val_loss: 0.5892 val_accuracy: 0.7506	test_loss: 1.4893 test_accuracy: 0.5314
train: {'epoch': 208, 'time_epoch': 3.01023, 'eta': 2336.47187, 'eta_hours': 0.64902, 'loss': 0.54412401, 'lr': 0.0008337, 'params': 201514, 'time_iter': 0.02551, 'accuracy': 0.76743, 'f1': 0.76747, 'auc': 0.97934}
val: {'epoch': 208, 'time_epoch': 0.31237, 'loss': 0.58284531, 'lr': 0, 'params': 201514, 'time_iter': 0.01562, 'accuracy': 0.751, 'f1': 0.74934, 'auc': 0.97665}
test: {'epoch': 208, 'time_epoch': 0.96068, 'loss': 1.5685597, 'lr': 0, 'params': 201514, 'time_iter': 0.02402, 'accuracy': 0.5285, 'f1': 0.52073, 'auc': 0.90612}
> Epoch 208: took 4.3s (avg 4.2s) | Best so far: epoch 208	train_loss: 0.5441 train_accuracy: 0.7674	val_loss: 0.5828 val_accuracy: 0.7510	test_loss: 1.5686 test_accuracy: 0.5285
train: {'epoch': 209, 'time_epoch': 3.02734, 'eta': 2333.79462, 'eta_hours': 0.64828, 'loss': 0.53164996, 'lr': 0.00083265, 'params': 201514, 'time_iter': 0.02566, 'accuracy': 0.773, 'f1': 0.77289, 'auc': 0.98018}
val: {'epoch': 209, 'time_epoch': 0.31821, 'loss': 0.94640411, 'lr': 0, 'params': 201514, 'time_iter': 0.01591, 'accuracy': 0.6236, 'f1': 0.61877, 'auc': 0.95546}
test: {'epoch': 209, 'time_epoch': 0.93826, 'loss': 1.92722683, 'lr': 0, 'params': 201514, 'time_iter': 0.02346, 'accuracy': 0.4527, 'f1': 0.43707, 'auc': 0.88227}
> Epoch 209: took 4.3s (avg 4.2s) | Best so far: epoch 208	train_loss: 0.5441 train_accuracy: 0.7674	val_loss: 0.5828 val_accuracy: 0.7510	test_loss: 1.5686 test_accuracy: 0.5285
train: {'epoch': 210, 'time_epoch': 2.97077, 'eta': 2330.90251, 'eta_hours': 0.64747, 'loss': 0.53912253, 'lr': 0.0008316, 'params': 201514, 'time_iter': 0.02518, 'accuracy': 0.76777, 'f1': 0.76753, 'auc': 0.97964}
val: {'epoch': 210, 'time_epoch': 0.32005, 'loss': 0.60879338, 'lr': 0, 'params': 201514, 'time_iter': 0.016, 'accuracy': 0.7474, 'f1': 0.7452, 'auc': 0.97576}
test: {'epoch': 210, 'time_epoch': 0.91573, 'loss': 1.58426498, 'lr': 0, 'params': 201514, 'time_iter': 0.02289, 'accuracy': 0.5296, 'f1': 0.52143, 'auc': 0.90554}
> Epoch 210: took 4.2s (avg 4.2s) | Best so far: epoch 208	train_loss: 0.5441 train_accuracy: 0.7674	val_loss: 0.5828 val_accuracy: 0.7510	test_loss: 1.5686 test_accuracy: 0.5285
train: {'epoch': 211, 'time_epoch': 2.99772, 'eta': 2328.10983, 'eta_hours': 0.6467, 'loss': 0.5430478, 'lr': 0.00083054, 'params': 201514, 'time_iter': 0.0254, 'accuracy': 0.76573, 'f1': 0.76561, 'auc': 0.97938}
val: {'epoch': 211, 'time_epoch': 0.30704, 'loss': 0.5652331, 'lr': 0, 'params': 201514, 'time_iter': 0.01535, 'accuracy': 0.7638, 'f1': 0.76157, 'auc': 0.9782}
test: {'epoch': 211, 'time_epoch': 0.93932, 'loss': 1.53966019, 'lr': 0, 'params': 201514, 'time_iter': 0.02348, 'accuracy': 0.5344, 'f1': 0.5273, 'auc': 0.90861}
> Epoch 211: took 4.3s (avg 4.2s) | Best so far: epoch 211	train_loss: 0.5430 train_accuracy: 0.7657	val_loss: 0.5652 val_accuracy: 0.7638	test_loss: 1.5397 test_accuracy: 0.5344
train: {'epoch': 212, 'time_epoch': 2.92838, 'eta': 2325.05905, 'eta_hours': 0.64585, 'loss': 0.54163988, 'lr': 0.00082949, 'params': 201514, 'time_iter': 0.02482, 'accuracy': 0.769, 'f1': 0.7688, 'auc': 0.97967}
val: {'epoch': 212, 'time_epoch': 0.32211, 'loss': 0.68105669, 'lr': 0, 'params': 201514, 'time_iter': 0.01611, 'accuracy': 0.7146, 'f1': 0.71259, 'auc': 0.97194}
test: {'epoch': 212, 'time_epoch': 0.92919, 'loss': 1.54070969, 'lr': 0, 'params': 201514, 'time_iter': 0.02323, 'accuracy': 0.5072, 'f1': 0.4994, 'auc': 0.90015}
> Epoch 212: took 4.2s (avg 4.2s) | Best so far: epoch 211	train_loss: 0.5430 train_accuracy: 0.7657	val_loss: 0.5652 val_accuracy: 0.7638	test_loss: 1.5397 test_accuracy: 0.5344
train: {'epoch': 213, 'time_epoch': 2.95931, 'eta': 2322.12299, 'eta_hours': 0.64503, 'loss': 0.54940537, 'lr': 0.00082844, 'params': 201514, 'time_iter': 0.02508, 'accuracy': 0.76227, 'f1': 0.76213, 'auc': 0.97887}
val: {'epoch': 213, 'time_epoch': 0.30852, 'loss': 0.63766148, 'lr': 0, 'params': 201514, 'time_iter': 0.01543, 'accuracy': 0.7294, 'f1': 0.72586, 'auc': 0.97351}
test: {'epoch': 213, 'time_epoch': 0.93367, 'loss': 1.4595538, 'lr': 0, 'params': 201514, 'time_iter': 0.02334, 'accuracy': 0.5276, 'f1': 0.52124, 'auc': 0.90964}
> Epoch 213: took 4.2s (avg 4.2s) | Best so far: epoch 211	train_loss: 0.5430 train_accuracy: 0.7657	val_loss: 0.5652 val_accuracy: 0.7638	test_loss: 1.5397 test_accuracy: 0.5344
train: {'epoch': 214, 'time_epoch': 3.26652, 'eta': 2320.30842, 'eta_hours': 0.64453, 'loss': 0.52845947, 'lr': 0.00082739, 'params': 201514, 'time_iter': 0.02768, 'accuracy': 0.77633, 'f1': 0.7763, 'auc': 0.98039}
val: {'epoch': 214, 'time_epoch': 0.31852, 'loss': 0.60529438, 'lr': 0, 'params': 201514, 'time_iter': 0.01593, 'accuracy': 0.7472, 'f1': 0.74231, 'auc': 0.97597}
test: {'epoch': 214, 'time_epoch': 0.91552, 'loss': 1.5469568, 'lr': 0, 'params': 201514, 'time_iter': 0.02289, 'accuracy': 0.5271, 'f1': 0.51879, 'auc': 0.90808}
> Epoch 214: took 4.5s (avg 4.2s) | Best so far: epoch 211	train_loss: 0.5430 train_accuracy: 0.7657	val_loss: 0.5652 val_accuracy: 0.7638	test_loss: 1.5397 test_accuracy: 0.5344
train: {'epoch': 215, 'time_epoch': 2.99394, 'eta': 2317.49102, 'eta_hours': 0.64375, 'loss': 0.53382567, 'lr': 0.00082633, 'params': 201514, 'time_iter': 0.02537, 'accuracy': 0.77153, 'f1': 0.77137, 'auc': 0.98008}
val: {'epoch': 215, 'time_epoch': 0.31817, 'loss': 0.6469587, 'lr': 0, 'params': 201514, 'time_iter': 0.01591, 'accuracy': 0.7286, 'f1': 0.72666, 'auc': 0.97305}
test: {'epoch': 215, 'time_epoch': 0.93707, 'loss': 1.6500693, 'lr': 0, 'params': 201514, 'time_iter': 0.02343, 'accuracy': 0.5029, 'f1': 0.49479, 'auc': 0.89638}
> Epoch 215: took 4.3s (avg 4.2s) | Best so far: epoch 211	train_loss: 0.5430 train_accuracy: 0.7657	val_loss: 0.5652 val_accuracy: 0.7638	test_loss: 1.5397 test_accuracy: 0.5344
train: {'epoch': 216, 'time_epoch': 2.96097, 'eta': 2314.55304, 'eta_hours': 0.64293, 'loss': 0.52933553, 'lr': 0.00082528, 'params': 201514, 'time_iter': 0.02509, 'accuracy': 0.77623, 'f1': 0.77621, 'auc': 0.98052}
val: {'epoch': 216, 'time_epoch': 0.3067, 'loss': 0.58171737, 'lr': 0, 'params': 201514, 'time_iter': 0.01533, 'accuracy': 0.748, 'f1': 0.74533, 'auc': 0.97727}
test: {'epoch': 216, 'time_epoch': 0.90657, 'loss': 1.53376104, 'lr': 0, 'params': 201514, 'time_iter': 0.02266, 'accuracy': 0.534, 'f1': 0.52773, 'auc': 0.90883}
> Epoch 216: took 4.2s (avg 4.2s) | Best so far: epoch 211	train_loss: 0.5430 train_accuracy: 0.7657	val_loss: 0.5652 val_accuracy: 0.7638	test_loss: 1.5397 test_accuracy: 0.5344
train: {'epoch': 217, 'time_epoch': 3.02006, 'eta': 2311.82681, 'eta_hours': 0.64217, 'loss': 0.54053306, 'lr': 0.00082423, 'params': 201514, 'time_iter': 0.02559, 'accuracy': 0.76577, 'f1': 0.76563, 'auc': 0.97941}
val: {'epoch': 217, 'time_epoch': 0.30701, 'loss': 0.63063508, 'lr': 0, 'params': 201514, 'time_iter': 0.01535, 'accuracy': 0.7346, 'f1': 0.7331, 'auc': 0.9734}
test: {'epoch': 217, 'time_epoch': 0.92879, 'loss': 1.47665448, 'lr': 0, 'params': 201514, 'time_iter': 0.02322, 'accuracy': 0.5204, 'f1': 0.51388, 'auc': 0.90676}
> Epoch 217: took 4.3s (avg 4.2s) | Best so far: epoch 211	train_loss: 0.5430 train_accuracy: 0.7657	val_loss: 0.5652 val_accuracy: 0.7638	test_loss: 1.5397 test_accuracy: 0.5344
train: {'epoch': 218, 'time_epoch': 2.99286, 'eta': 2309.00089, 'eta_hours': 0.64139, 'loss': 0.52776066, 'lr': 0.00082318, 'params': 201514, 'time_iter': 0.02536, 'accuracy': 0.77457, 'f1': 0.77437, 'auc': 0.98028}
val: {'epoch': 218, 'time_epoch': 0.31464, 'loss': 0.73572257, 'lr': 0, 'params': 201514, 'time_iter': 0.01573, 'accuracy': 0.7044, 'f1': 0.70269, 'auc': 0.96886}
test: {'epoch': 218, 'time_epoch': 0.91539, 'loss': 1.65590705, 'lr': 0, 'params': 201514, 'time_iter': 0.02288, 'accuracy': 0.5049, 'f1': 0.50105, 'auc': 0.90244}
> Epoch 218: took 4.3s (avg 4.2s) | Best so far: epoch 211	train_loss: 0.5430 train_accuracy: 0.7657	val_loss: 0.5652 val_accuracy: 0.7638	test_loss: 1.5397 test_accuracy: 0.5344
train: {'epoch': 219, 'time_epoch': 2.98792, 'eta': 2306.15593, 'eta_hours': 0.6406, 'loss': 0.54461783, 'lr': 0.00082212, 'params': 201514, 'time_iter': 0.02532, 'accuracy': 0.76743, 'f1': 0.76729, 'auc': 0.97923}
val: {'epoch': 219, 'time_epoch': 0.30971, 'loss': 0.74622813, 'lr': 0, 'params': 201514, 'time_iter': 0.01549, 'accuracy': 0.6932, 'f1': 0.69019, 'auc': 0.96707}
test: {'epoch': 219, 'time_epoch': 0.94725, 'loss': 1.77676737, 'lr': 0, 'params': 201514, 'time_iter': 0.02368, 'accuracy': 0.4749, 'f1': 0.46605, 'auc': 0.88919}
> Epoch 219: took 4.3s (avg 4.2s) | Best so far: epoch 211	train_loss: 0.5430 train_accuracy: 0.7657	val_loss: 0.5652 val_accuracy: 0.7638	test_loss: 1.5397 test_accuracy: 0.5344
train: {'epoch': 220, 'time_epoch': 3.02115, 'eta': 2303.42681, 'eta_hours': 0.63984, 'loss': 0.51823602, 'lr': 0.00082107, 'params': 201514, 'time_iter': 0.0256, 'accuracy': 0.7775, 'f1': 0.77748, 'auc': 0.98109}
val: {'epoch': 220, 'time_epoch': 0.31152, 'loss': 0.89879215, 'lr': 0, 'params': 201514, 'time_iter': 0.01558, 'accuracy': 0.6594, 'f1': 0.6546, 'auc': 0.95938}
test: {'epoch': 220, 'time_epoch': 0.91515, 'loss': 1.86416268, 'lr': 0, 'params': 201514, 'time_iter': 0.02288, 'accuracy': 0.4602, 'f1': 0.44887, 'auc': 0.88134}
> Epoch 220: took 4.3s (avg 4.2s) | Best so far: epoch 211	train_loss: 0.5430 train_accuracy: 0.7657	val_loss: 0.5652 val_accuracy: 0.7638	test_loss: 1.5397 test_accuracy: 0.5344
train: {'epoch': 221, 'time_epoch': 3.30729, 'eta': 2301.69785, 'eta_hours': 0.63936, 'loss': 0.51541635, 'lr': 0.00082002, 'params': 201514, 'time_iter': 0.02803, 'accuracy': 0.7793, 'f1': 0.77906, 'auc': 0.98128}
val: {'epoch': 221, 'time_epoch': 0.3282, 'loss': 0.76099061, 'lr': 0, 'params': 201514, 'time_iter': 0.01641, 'accuracy': 0.6982, 'f1': 0.69508, 'auc': 0.96884}
test: {'epoch': 221, 'time_epoch': 0.94914, 'loss': 1.71862342, 'lr': 0, 'params': 201514, 'time_iter': 0.02373, 'accuracy': 0.4867, 'f1': 0.4787, 'auc': 0.89557}
> Epoch 221: took 4.6s (avg 4.2s) | Best so far: epoch 211	train_loss: 0.5430 train_accuracy: 0.7657	val_loss: 0.5652 val_accuracy: 0.7638	test_loss: 1.5397 test_accuracy: 0.5344
train: {'epoch': 222, 'time_epoch': 3.02368, 'eta': 2298.96656, 'eta_hours': 0.6386, 'loss': 0.51792647, 'lr': 0.00081897, 'params': 201514, 'time_iter': 0.02562, 'accuracy': 0.7803, 'f1': 0.7802, 'auc': 0.98116}
val: {'epoch': 222, 'time_epoch': 0.30502, 'loss': 0.56308056, 'lr': 0, 'params': 201514, 'time_iter': 0.01525, 'accuracy': 0.7622, 'f1': 0.76097, 'auc': 0.97832}
test: {'epoch': 222, 'time_epoch': 0.9418, 'loss': 1.59968434, 'lr': 0, 'params': 201514, 'time_iter': 0.02355, 'accuracy': 0.5287, 'f1': 0.52174, 'auc': 0.90557}
> Epoch 222: took 4.3s (avg 4.2s) | Best so far: epoch 211	train_loss: 0.5430 train_accuracy: 0.7657	val_loss: 0.5652 val_accuracy: 0.7638	test_loss: 1.5397 test_accuracy: 0.5344
train: {'epoch': 223, 'time_epoch': 3.00061, 'eta': 2296.15272, 'eta_hours': 0.63782, 'loss': 0.52839427, 'lr': 0.00081791, 'params': 201514, 'time_iter': 0.02543, 'accuracy': 0.77243, 'f1': 0.7723, 'auc': 0.9804}
val: {'epoch': 223, 'time_epoch': 0.32003, 'loss': 0.59406427, 'lr': 0, 'params': 201514, 'time_iter': 0.016, 'accuracy': 0.7518, 'f1': 0.74914, 'auc': 0.97673}
test: {'epoch': 223, 'time_epoch': 0.90525, 'loss': 1.67237432, 'lr': 0, 'params': 201514, 'time_iter': 0.02263, 'accuracy': 0.5242, 'f1': 0.51708, 'auc': 0.90426}
> Epoch 223: took 4.3s (avg 4.2s) | Best so far: epoch 211	train_loss: 0.5430 train_accuracy: 0.7657	val_loss: 0.5652 val_accuracy: 0.7638	test_loss: 1.5397 test_accuracy: 0.5344
train: {'epoch': 224, 'time_epoch': 3.02364, 'eta': 2293.41655, 'eta_hours': 0.63706, 'loss': 0.51165396, 'lr': 0.00081686, 'params': 201514, 'time_iter': 0.02562, 'accuracy': 0.78333, 'f1': 0.78321, 'auc': 0.98152}
val: {'epoch': 224, 'time_epoch': 0.30902, 'loss': 0.820893, 'lr': 0, 'params': 201514, 'time_iter': 0.01545, 'accuracy': 0.6918, 'f1': 0.68748, 'auc': 0.96525}
test: {'epoch': 224, 'time_epoch': 0.93727, 'loss': 2.02995238, 'lr': 0, 'params': 201514, 'time_iter': 0.02343, 'accuracy': 0.4789, 'f1': 0.46447, 'auc': 0.88456}
> Epoch 224: took 4.3s (avg 4.2s) | Best so far: epoch 211	train_loss: 0.5430 train_accuracy: 0.7657	val_loss: 0.5652 val_accuracy: 0.7638	test_loss: 1.5397 test_accuracy: 0.5344
train: {'epoch': 225, 'time_epoch': 2.91903, 'eta': 2290.31956, 'eta_hours': 0.6362, 'loss': 0.51440729, 'lr': 0.00081581, 'params': 201514, 'time_iter': 0.02474, 'accuracy': 0.77983, 'f1': 0.77973, 'auc': 0.98144}
val: {'epoch': 225, 'time_epoch': 0.31552, 'loss': 0.63413569, 'lr': 0, 'params': 201514, 'time_iter': 0.01578, 'accuracy': 0.7268, 'f1': 0.72477, 'auc': 0.97444}
test: {'epoch': 225, 'time_epoch': 0.8768, 'loss': 1.45497478, 'lr': 0, 'params': 201514, 'time_iter': 0.02192, 'accuracy': 0.5145, 'f1': 0.51079, 'auc': 0.90906}
> Epoch 225: took 4.2s (avg 4.2s) | Best so far: epoch 211	train_loss: 0.5430 train_accuracy: 0.7657	val_loss: 0.5652 val_accuracy: 0.7638	test_loss: 1.5397 test_accuracy: 0.5344
train: {'epoch': 226, 'time_epoch': 2.93177, 'eta': 2287.26753, 'eta_hours': 0.63535, 'loss': 0.50903622, 'lr': 0.00081476, 'params': 201514, 'time_iter': 0.02485, 'accuracy': 0.78193, 'f1': 0.78189, 'auc': 0.98177}
val: {'epoch': 226, 'time_epoch': 0.3063, 'loss': 0.77200197, 'lr': 0, 'params': 201514, 'time_iter': 0.01531, 'accuracy': 0.6856, 'f1': 0.683, 'auc': 0.96594}
test: {'epoch': 226, 'time_epoch': 0.91882, 'loss': 1.66683941, 'lr': 0, 'params': 201514, 'time_iter': 0.02297, 'accuracy': 0.4871, 'f1': 0.48078, 'auc': 0.89635}
> Epoch 226: took 4.2s (avg 4.2s) | Best so far: epoch 211	train_loss: 0.5430 train_accuracy: 0.7657	val_loss: 0.5652 val_accuracy: 0.7638	test_loss: 1.5397 test_accuracy: 0.5344
train: {'epoch': 227, 'time_epoch': 3.02836, 'eta': 2284.54361, 'eta_hours': 0.6346, 'loss': 0.51326823, 'lr': 0.0008137, 'params': 201514, 'time_iter': 0.02566, 'accuracy': 0.78087, 'f1': 0.78077, 'auc': 0.98143}
val: {'epoch': 227, 'time_epoch': 0.31704, 'loss': 0.62209887, 'lr': 0, 'params': 201514, 'time_iter': 0.01585, 'accuracy': 0.7422, 'f1': 0.73856, 'auc': 0.97632}
test: {'epoch': 227, 'time_epoch': 0.94218, 'loss': 1.68645226, 'lr': 0, 'params': 201514, 'time_iter': 0.02355, 'accuracy': 0.5237, 'f1': 0.51303, 'auc': 0.90399}
> Epoch 227: took 4.3s (avg 4.2s) | Best so far: epoch 211	train_loss: 0.5430 train_accuracy: 0.7657	val_loss: 0.5652 val_accuracy: 0.7638	test_loss: 1.5397 test_accuracy: 0.5344
train: {'epoch': 228, 'time_epoch': 3.20782, 'eta': 2282.42124, 'eta_hours': 0.63401, 'loss': 0.51057819, 'lr': 0.00081265, 'params': 201514, 'time_iter': 0.02718, 'accuracy': 0.78183, 'f1': 0.78178, 'auc': 0.98164}
val: {'epoch': 228, 'time_epoch': 0.32219, 'loss': 0.74806422, 'lr': 0, 'params': 201514, 'time_iter': 0.01611, 'accuracy': 0.7006, 'f1': 0.69677, 'auc': 0.96939}
test: {'epoch': 228, 'time_epoch': 0.91511, 'loss': 1.74046054, 'lr': 0, 'params': 201514, 'time_iter': 0.02288, 'accuracy': 0.4922, 'f1': 0.48459, 'auc': 0.89593}
> Epoch 228: took 4.5s (avg 4.2s) | Best so far: epoch 211	train_loss: 0.5430 train_accuracy: 0.7657	val_loss: 0.5652 val_accuracy: 0.7638	test_loss: 1.5397 test_accuracy: 0.5344
train: {'epoch': 229, 'time_epoch': 3.00679, 'eta': 2279.61643, 'eta_hours': 0.63323, 'loss': 0.50680481, 'lr': 0.0008116, 'params': 201514, 'time_iter': 0.02548, 'accuracy': 0.78437, 'f1': 0.78442, 'auc': 0.98193}
val: {'epoch': 229, 'time_epoch': 0.32303, 'loss': 0.67707535, 'lr': 0, 'params': 201514, 'time_iter': 0.01615, 'accuracy': 0.7216, 'f1': 0.71828, 'auc': 0.97261}
test: {'epoch': 229, 'time_epoch': 0.91541, 'loss': 1.69473733, 'lr': 0, 'params': 201514, 'time_iter': 0.02289, 'accuracy': 0.5001, 'f1': 0.49522, 'auc': 0.8992}
> Epoch 229: took 4.3s (avg 4.2s) | Best so far: epoch 211	train_loss: 0.5430 train_accuracy: 0.7657	val_loss: 0.5652 val_accuracy: 0.7638	test_loss: 1.5397 test_accuracy: 0.5344
train: {'epoch': 230, 'time_epoch': 3.00769, 'eta': 2276.81284, 'eta_hours': 0.63245, 'loss': 0.51668317, 'lr': 0.00081055, 'params': 201514, 'time_iter': 0.02549, 'accuracy': 0.7797, 'f1': 0.77956, 'auc': 0.98121}
val: {'epoch': 230, 'time_epoch': 0.30452, 'loss': 0.57087628, 'lr': 0, 'params': 201514, 'time_iter': 0.01523, 'accuracy': 0.7626, 'f1': 0.76097, 'auc': 0.97772}
test: {'epoch': 230, 'time_epoch': 0.96725, 'loss': 1.59867397, 'lr': 0, 'params': 201514, 'time_iter': 0.02418, 'accuracy': 0.5283, 'f1': 0.52114, 'auc': 0.90633}
> Epoch 230: took 4.3s (avg 4.2s) | Best so far: epoch 211	train_loss: 0.5430 train_accuracy: 0.7657	val_loss: 0.5652 val_accuracy: 0.7638	test_loss: 1.5397 test_accuracy: 0.5344
train: {'epoch': 231, 'time_epoch': 3.17849, 'eta': 2274.57291, 'eta_hours': 0.63183, 'loss': 0.50371958, 'lr': 0.00080949, 'params': 201514, 'time_iter': 0.02694, 'accuracy': 0.78603, 'f1': 0.78599, 'auc': 0.98204}
val: {'epoch': 231, 'time_epoch': 0.31058, 'loss': 0.53588742, 'lr': 0, 'params': 201514, 'time_iter': 0.01553, 'accuracy': 0.7716, 'f1': 0.76955, 'auc': 0.98025}
test: {'epoch': 231, 'time_epoch': 0.93775, 'loss': 1.47428919, 'lr': 0, 'params': 201514, 'time_iter': 0.02344, 'accuracy': 0.5474, 'f1': 0.53938, 'auc': 0.91481}
> Epoch 231: took 4.5s (avg 4.2s) | Best so far: epoch 231	train_loss: 0.5037 train_accuracy: 0.7860	val_loss: 0.5359 val_accuracy: 0.7716	test_loss: 1.4743 test_accuracy: 0.5474
train: {'epoch': 232, 'time_epoch': 2.98942, 'eta': 2271.70253, 'eta_hours': 0.63103, 'loss': 0.50475079, 'lr': 0.00080844, 'params': 201514, 'time_iter': 0.02533, 'accuracy': 0.7847, 'f1': 0.78461, 'auc': 0.98205}
val: {'epoch': 232, 'time_epoch': 0.31053, 'loss': 0.56635499, 'lr': 0, 'params': 201514, 'time_iter': 0.01553, 'accuracy': 0.7642, 'f1': 0.7603, 'auc': 0.97852}
test: {'epoch': 232, 'time_epoch': 0.91149, 'loss': 1.45883023, 'lr': 0, 'params': 201514, 'time_iter': 0.02279, 'accuracy': 0.5394, 'f1': 0.53456, 'auc': 0.91588}
> Epoch 232: took 4.2s (avg 4.2s) | Best so far: epoch 231	train_loss: 0.5037 train_accuracy: 0.7860	val_loss: 0.5359 val_accuracy: 0.7716	test_loss: 1.4743 test_accuracy: 0.5474
train: {'epoch': 233, 'time_epoch': 3.0435, 'eta': 2269.00815, 'eta_hours': 0.63028, 'loss': 0.50530949, 'lr': 0.00080739, 'params': 201514, 'time_iter': 0.02579, 'accuracy': 0.7854, 'f1': 0.78526, 'auc': 0.98182}
val: {'epoch': 233, 'time_epoch': 0.31631, 'loss': 0.54338866, 'lr': 0, 'params': 201514, 'time_iter': 0.01582, 'accuracy': 0.773, 'f1': 0.77204, 'auc': 0.97974}
test: {'epoch': 233, 'time_epoch': 0.93166, 'loss': 1.44468637, 'lr': 0, 'params': 201514, 'time_iter': 0.02329, 'accuracy': 0.5395, 'f1': 0.53755, 'auc': 0.91414}
> Epoch 233: took 4.3s (avg 4.2s) | Best so far: epoch 233	train_loss: 0.5053 train_accuracy: 0.7854	val_loss: 0.5434 val_accuracy: 0.7730	test_loss: 1.4447 test_accuracy: 0.5395
train: {'epoch': 234, 'time_epoch': 3.25982, 'eta': 2267.015, 'eta_hours': 0.62973, 'loss': 0.49837451, 'lr': 0.00080634, 'params': 201514, 'time_iter': 0.02763, 'accuracy': 0.78793, 'f1': 0.788, 'auc': 0.98236}
val: {'epoch': 234, 'time_epoch': 0.31715, 'loss': 0.67334713, 'lr': 0, 'params': 201514, 'time_iter': 0.01586, 'accuracy': 0.735, 'f1': 0.73144, 'auc': 0.97333}
test: {'epoch': 234, 'time_epoch': 0.94034, 'loss': 1.93601005, 'lr': 0, 'params': 201514, 'time_iter': 0.02351, 'accuracy': 0.5082, 'f1': 0.49573, 'auc': 0.89543}
> Epoch 234: took 4.6s (avg 4.2s) | Best so far: epoch 233	train_loss: 0.5053 train_accuracy: 0.7854	val_loss: 0.5434 val_accuracy: 0.7730	test_loss: 1.4447 test_accuracy: 0.5395
train: {'epoch': 235, 'time_epoch': 3.14466, 'eta': 2264.63831, 'eta_hours': 0.62907, 'loss': 0.49704475, 'lr': 0.00080528, 'params': 201514, 'time_iter': 0.02665, 'accuracy': 0.7865, 'f1': 0.78645, 'auc': 0.98254}
val: {'epoch': 235, 'time_epoch': 0.30469, 'loss': 0.68591177, 'lr': 0, 'params': 201514, 'time_iter': 0.01523, 'accuracy': 0.7176, 'f1': 0.71513, 'auc': 0.97096}
test: {'epoch': 235, 'time_epoch': 0.94773, 'loss': 1.55738668, 'lr': 0, 'params': 201514, 'time_iter': 0.02369, 'accuracy': 0.5133, 'f1': 0.50781, 'auc': 0.90514}
> Epoch 235: took 4.4s (avg 4.2s) | Best so far: epoch 233	train_loss: 0.5053 train_accuracy: 0.7854	val_loss: 0.5434 val_accuracy: 0.7730	test_loss: 1.4447 test_accuracy: 0.5395
train: {'epoch': 236, 'time_epoch': 2.98805, 'eta': 2261.75094, 'eta_hours': 0.62826, 'loss': 0.49289362, 'lr': 0.00080423, 'params': 201514, 'time_iter': 0.02532, 'accuracy': 0.78833, 'f1': 0.78835, 'auc': 0.98278}
val: {'epoch': 236, 'time_epoch': 0.31503, 'loss': 0.81722346, 'lr': 0, 'params': 201514, 'time_iter': 0.01575, 'accuracy': 0.6878, 'f1': 0.68356, 'auc': 0.96587}
test: {'epoch': 236, 'time_epoch': 0.91049, 'loss': 1.81895409, 'lr': 0, 'params': 201514, 'time_iter': 0.02276, 'accuracy': 0.4763, 'f1': 0.46883, 'auc': 0.88932}
> Epoch 236: took 4.3s (avg 4.2s) | Best so far: epoch 233	train_loss: 0.5053 train_accuracy: 0.7854	val_loss: 0.5434 val_accuracy: 0.7730	test_loss: 1.4447 test_accuracy: 0.5395
train: {'epoch': 237, 'time_epoch': 2.99729, 'eta': 2258.89231, 'eta_hours': 0.62747, 'loss': 0.50434383, 'lr': 0.00080318, 'params': 201514, 'time_iter': 0.0254, 'accuracy': 0.7844, 'f1': 0.78427, 'auc': 0.98198}
val: {'epoch': 237, 'time_epoch': 0.31352, 'loss': 0.70843259, 'lr': 0, 'params': 201514, 'time_iter': 0.01568, 'accuracy': 0.7186, 'f1': 0.71551, 'auc': 0.97135}
test: {'epoch': 237, 'time_epoch': 0.90928, 'loss': 1.70808374, 'lr': 0, 'params': 201514, 'time_iter': 0.02273, 'accuracy': 0.5085, 'f1': 0.49898, 'auc': 0.90012}
> Epoch 237: took 4.3s (avg 4.2s) | Best so far: epoch 233	train_loss: 0.5053 train_accuracy: 0.7854	val_loss: 0.5434 val_accuracy: 0.7730	test_loss: 1.4447 test_accuracy: 0.5395
train: {'epoch': 238, 'time_epoch': 3.01564, 'eta': 2256.09095, 'eta_hours': 0.62669, 'loss': 0.50419281, 'lr': 0.00080213, 'params': 201514, 'time_iter': 0.02556, 'accuracy': 0.78157, 'f1': 0.7814, 'auc': 0.98198}
val: {'epoch': 238, 'time_epoch': 0.3082, 'loss': 0.65197785, 'lr': 0, 'params': 201514, 'time_iter': 0.01541, 'accuracy': 0.7424, 'f1': 0.74, 'auc': 0.97458}
test: {'epoch': 238, 'time_epoch': 0.90506, 'loss': 2.09744381, 'lr': 0, 'params': 201514, 'time_iter': 0.02263, 'accuracy': 0.5001, 'f1': 0.49106, 'auc': 0.88856}
> Epoch 238: took 4.3s (avg 4.2s) | Best so far: epoch 233	train_loss: 0.5053 train_accuracy: 0.7854	val_loss: 0.5434 val_accuracy: 0.7730	test_loss: 1.4447 test_accuracy: 0.5395
train: {'epoch': 239, 'time_epoch': 2.9869, 'eta': 2253.1968, 'eta_hours': 0.62589, 'loss': 0.49554862, 'lr': 0.00080107, 'params': 201514, 'time_iter': 0.02531, 'accuracy': 0.78913, 'f1': 0.78915, 'auc': 0.98268}
val: {'epoch': 239, 'time_epoch': 0.30008, 'loss': 0.52541058, 'lr': 0, 'params': 201514, 'time_iter': 0.015, 'accuracy': 0.7714, 'f1': 0.77102, 'auc': 0.98009}
test: {'epoch': 239, 'time_epoch': 0.91807, 'loss': 1.60052114, 'lr': 0, 'params': 201514, 'time_iter': 0.02295, 'accuracy': 0.5246, 'f1': 0.51821, 'auc': 0.90595}
> Epoch 239: took 4.2s (avg 4.2s) | Best so far: epoch 233	train_loss: 0.5053 train_accuracy: 0.7854	val_loss: 0.5434 val_accuracy: 0.7730	test_loss: 1.4447 test_accuracy: 0.5395
train: {'epoch': 240, 'time_epoch': 2.94783, 'eta': 2250.17883, 'eta_hours': 0.62505, 'loss': 0.4834363, 'lr': 0.00080002, 'params': 201514, 'time_iter': 0.02498, 'accuracy': 0.79427, 'f1': 0.79428, 'auc': 0.98343}
val: {'epoch': 240, 'time_epoch': 0.30903, 'loss': 0.65959723, 'lr': 0, 'params': 201514, 'time_iter': 0.01545, 'accuracy': 0.7188, 'f1': 0.71645, 'auc': 0.97173}
test: {'epoch': 240, 'time_epoch': 0.93593, 'loss': 1.54821848, 'lr': 0, 'params': 201514, 'time_iter': 0.0234, 'accuracy': 0.5061, 'f1': 0.50261, 'auc': 0.90578}
> Epoch 240: took 4.2s (avg 4.2s) | Best so far: epoch 233	train_loss: 0.5053 train_accuracy: 0.7854	val_loss: 0.5434 val_accuracy: 0.7730	test_loss: 1.4447 test_accuracy: 0.5395
train: {'epoch': 241, 'time_epoch': 3.24072, 'eta': 2248.07884, 'eta_hours': 0.62447, 'loss': 0.48196006, 'lr': 0.00079897, 'params': 201514, 'time_iter': 0.02746, 'accuracy': 0.79887, 'f1': 0.79887, 'auc': 0.98353}
val: {'epoch': 241, 'time_epoch': 0.31289, 'loss': 0.57800828, 'lr': 0, 'params': 201514, 'time_iter': 0.01564, 'accuracy': 0.7586, 'f1': 0.75695, 'auc': 0.97782}
test: {'epoch': 241, 'time_epoch': 0.91724, 'loss': 1.43869328, 'lr': 0, 'params': 201514, 'time_iter': 0.02293, 'accuracy': 0.5391, 'f1': 0.53602, 'auc': 0.91493}
> Epoch 241: took 4.5s (avg 4.2s) | Best so far: epoch 233	train_loss: 0.5053 train_accuracy: 0.7854	val_loss: 0.5434 val_accuracy: 0.7730	test_loss: 1.4447 test_accuracy: 0.5395
train: {'epoch': 242, 'time_epoch': 2.91957, 'eta': 2244.96902, 'eta_hours': 0.6236, 'loss': 0.48384963, 'lr': 0.00079791, 'params': 201514, 'time_iter': 0.02474, 'accuracy': 0.79493, 'f1': 0.7948, 'auc': 0.98329}
val: {'epoch': 242, 'time_epoch': 0.32365, 'loss': 0.91632025, 'lr': 0, 'params': 201514, 'time_iter': 0.01618, 'accuracy': 0.6528, 'f1': 0.64959, 'auc': 0.95804}
test: {'epoch': 242, 'time_epoch': 0.9258, 'loss': 1.82371341, 'lr': 0, 'params': 201514, 'time_iter': 0.02315, 'accuracy': 0.4762, 'f1': 0.46725, 'auc': 0.89163}
> Epoch 242: took 4.2s (avg 4.2s) | Best so far: epoch 233	train_loss: 0.5053 train_accuracy: 0.7854	val_loss: 0.5434 val_accuracy: 0.7730	test_loss: 1.4447 test_accuracy: 0.5395
train: {'epoch': 243, 'time_epoch': 2.98495, 'eta': 2242.0633, 'eta_hours': 0.6228, 'loss': 0.49141996, 'lr': 0.00079686, 'params': 201514, 'time_iter': 0.0253, 'accuracy': 0.79417, 'f1': 0.79406, 'auc': 0.98308}
val: {'epoch': 243, 'time_epoch': 0.31952, 'loss': 0.60506973, 'lr': 0, 'params': 201514, 'time_iter': 0.01598, 'accuracy': 0.7544, 'f1': 0.7504, 'auc': 0.97731}
test: {'epoch': 243, 'time_epoch': 0.93226, 'loss': 1.8531893, 'lr': 0, 'params': 201514, 'time_iter': 0.02331, 'accuracy': 0.5191, 'f1': 0.5075, 'auc': 0.90129}
> Epoch 243: took 4.3s (avg 4.2s) | Best so far: epoch 233	train_loss: 0.5053 train_accuracy: 0.7854	val_loss: 0.5434 val_accuracy: 0.7730	test_loss: 1.4447 test_accuracy: 0.5395
train: {'epoch': 244, 'time_epoch': 3.01975, 'eta': 2239.26421, 'eta_hours': 0.62202, 'loss': 0.47372357, 'lr': 0.00079581, 'params': 201514, 'time_iter': 0.02559, 'accuracy': 0.79777, 'f1': 0.79768, 'auc': 0.98396}
val: {'epoch': 244, 'time_epoch': 0.31829, 'loss': 0.82824664, 'lr': 0, 'params': 201514, 'time_iter': 0.01591, 'accuracy': 0.6886, 'f1': 0.68557, 'auc': 0.96564}
test: {'epoch': 244, 'time_epoch': 0.94559, 'loss': 1.90189822, 'lr': 0, 'params': 201514, 'time_iter': 0.02364, 'accuracy': 0.4889, 'f1': 0.48132, 'auc': 0.89302}
> Epoch 244: took 4.3s (avg 4.2s) | Best so far: epoch 233	train_loss: 0.5053 train_accuracy: 0.7854	val_loss: 0.5434 val_accuracy: 0.7730	test_loss: 1.4447 test_accuracy: 0.5395
train: {'epoch': 245, 'time_epoch': 2.95817, 'eta': 2236.27456, 'eta_hours': 0.62119, 'loss': 0.48987916, 'lr': 0.00079476, 'params': 201514, 'time_iter': 0.02507, 'accuracy': 0.7929, 'f1': 0.79278, 'auc': 0.98299}
val: {'epoch': 245, 'time_epoch': 0.32158, 'loss': 0.70394983, 'lr': 0, 'params': 201514, 'time_iter': 0.01608, 'accuracy': 0.7194, 'f1': 0.71625, 'auc': 0.97235}
test: {'epoch': 245, 'time_epoch': 0.93107, 'loss': 2.13109988, 'lr': 0, 'params': 201514, 'time_iter': 0.02328, 'accuracy': 0.495, 'f1': 0.48287, 'auc': 0.8872}
> Epoch 245: took 4.2s (avg 4.2s) | Best so far: epoch 233	train_loss: 0.5053 train_accuracy: 0.7854	val_loss: 0.5434 val_accuracy: 0.7730	test_loss: 1.4447 test_accuracy: 0.5395
train: {'epoch': 246, 'time_epoch': 3.03907, 'eta': 2233.53179, 'eta_hours': 0.62043, 'loss': 0.48134663, 'lr': 0.0007937, 'params': 201514, 'time_iter': 0.02575, 'accuracy': 0.79733, 'f1': 0.79727, 'auc': 0.98363}
val: {'epoch': 246, 'time_epoch': 0.31803, 'loss': 0.57388982, 'lr': 0, 'params': 201514, 'time_iter': 0.0159, 'accuracy': 0.7606, 'f1': 0.75907, 'auc': 0.97776}
test: {'epoch': 246, 'time_epoch': 0.90457, 'loss': 1.49966557, 'lr': 0, 'params': 201514, 'time_iter': 0.02261, 'accuracy': 0.5429, 'f1': 0.54102, 'auc': 0.91444}
> Epoch 246: took 4.3s (avg 4.2s) | Best so far: epoch 233	train_loss: 0.5053 train_accuracy: 0.7854	val_loss: 0.5434 val_accuracy: 0.7730	test_loss: 1.4447 test_accuracy: 0.5395
train: {'epoch': 247, 'time_epoch': 2.98991, 'eta': 2230.63757, 'eta_hours': 0.61962, 'loss': 0.49325028, 'lr': 0.00079265, 'params': 201514, 'time_iter': 0.02534, 'accuracy': 0.7905, 'f1': 0.79062, 'auc': 0.98269}
val: {'epoch': 247, 'time_epoch': 0.32543, 'loss': 0.59293981, 'lr': 0, 'params': 201514, 'time_iter': 0.01627, 'accuracy': 0.7604, 'f1': 0.75762, 'auc': 0.97801}
test: {'epoch': 247, 'time_epoch': 0.93507, 'loss': 1.76037212, 'lr': 0, 'params': 201514, 'time_iter': 0.02338, 'accuracy': 0.5303, 'f1': 0.51933, 'auc': 0.90479}
> Epoch 247: took 4.3s (avg 4.2s) | Best so far: epoch 233	train_loss: 0.5053 train_accuracy: 0.7854	val_loss: 0.5434 val_accuracy: 0.7730	test_loss: 1.4447 test_accuracy: 0.5395
train: {'epoch': 248, 'time_epoch': 3.30413, 'eta': 2228.6903, 'eta_hours': 0.61908, 'loss': 0.49007902, 'lr': 0.0007916, 'params': 201514, 'time_iter': 0.028, 'accuracy': 0.79107, 'f1': 0.79098, 'auc': 0.98301}
val: {'epoch': 248, 'time_epoch': 0.32083, 'loss': 0.63997614, 'lr': 0, 'params': 201514, 'time_iter': 0.01604, 'accuracy': 0.748, 'f1': 0.74698, 'auc': 0.97589}
test: {'epoch': 248, 'time_epoch': 0.95302, 'loss': 1.82253242, 'lr': 0, 'params': 201514, 'time_iter': 0.02383, 'accuracy': 0.5153, 'f1': 0.50954, 'auc': 0.90142}
> Epoch 248: took 4.6s (avg 4.2s) | Best so far: epoch 233	train_loss: 0.5053 train_accuracy: 0.7854	val_loss: 0.5434 val_accuracy: 0.7730	test_loss: 1.4447 test_accuracy: 0.5395
train: {'epoch': 249, 'time_epoch': 3.01014, 'eta': 2225.8502, 'eta_hours': 0.61829, 'loss': 0.48145622, 'lr': 0.00079055, 'params': 201514, 'time_iter': 0.02551, 'accuracy': 0.7964, 'f1': 0.79643, 'auc': 0.98348}
val: {'epoch': 249, 'time_epoch': 0.31008, 'loss': 0.54897429, 'lr': 0, 'params': 201514, 'time_iter': 0.0155, 'accuracy': 0.7648, 'f1': 0.7627, 'auc': 0.97926}
test: {'epoch': 249, 'time_epoch': 0.93118, 'loss': 1.73517475, 'lr': 0, 'params': 201514, 'time_iter': 0.02328, 'accuracy': 0.5371, 'f1': 0.52858, 'auc': 0.90437}
> Epoch 249: took 4.3s (avg 4.2s) | Best so far: epoch 233	train_loss: 0.5053 train_accuracy: 0.7854	val_loss: 0.5434 val_accuracy: 0.7730	test_loss: 1.4447 test_accuracy: 0.5395
train: {'epoch': 250, 'time_epoch': 2.9523, 'eta': 2222.83616, 'eta_hours': 0.61745, 'loss': 0.48219153, 'lr': 0.00078949, 'params': 201514, 'time_iter': 0.02502, 'accuracy': 0.7944, 'f1': 0.79439, 'auc': 0.98348}
val: {'epoch': 250, 'time_epoch': 0.33121, 'loss': 0.54265252, 'lr': 0, 'params': 201514, 'time_iter': 0.01656, 'accuracy': 0.7712, 'f1': 0.77117, 'auc': 0.97937}
test: {'epoch': 250, 'time_epoch': 0.91706, 'loss': 1.59754769, 'lr': 0, 'params': 201514, 'time_iter': 0.02293, 'accuracy': 0.5381, 'f1': 0.53311, 'auc': 0.90935}
> Epoch 250: took 4.2s (avg 4.2s) | Best so far: epoch 233	train_loss: 0.5053 train_accuracy: 0.7854	val_loss: 0.5434 val_accuracy: 0.7730	test_loss: 1.4447 test_accuracy: 0.5395
train: {'epoch': 251, 'time_epoch': 2.91907, 'eta': 2219.72397, 'eta_hours': 0.61659, 'loss': 0.47658467, 'lr': 0.00078844, 'params': 201514, 'time_iter': 0.02474, 'accuracy': 0.79743, 'f1': 0.79741, 'auc': 0.9837}
val: {'epoch': 251, 'time_epoch': 0.31023, 'loss': 0.5347781, 'lr': 0, 'params': 201514, 'time_iter': 0.01551, 'accuracy': 0.777, 'f1': 0.77576, 'auc': 0.98086}
test: {'epoch': 251, 'time_epoch': 0.92308, 'loss': 1.52901637, 'lr': 0, 'params': 201514, 'time_iter': 0.02308, 'accuracy': 0.5484, 'f1': 0.54348, 'auc': 0.91386}
> Epoch 251: took 4.2s (avg 4.2s) | Best so far: epoch 251	train_loss: 0.4766 train_accuracy: 0.7974	val_loss: 0.5348 val_accuracy: 0.7770	test_loss: 1.5290 test_accuracy: 0.5484
train: {'epoch': 252, 'time_epoch': 3.00747, 'eta': 2216.87431, 'eta_hours': 0.6158, 'loss': 0.4808577, 'lr': 0.00078739, 'params': 201514, 'time_iter': 0.02549, 'accuracy': 0.7949, 'f1': 0.79484, 'auc': 0.98357}
val: {'epoch': 252, 'time_epoch': 0.30952, 'loss': 0.7155919, 'lr': 0, 'params': 201514, 'time_iter': 0.01548, 'accuracy': 0.706, 'f1': 0.70349, 'auc': 0.97121}
test: {'epoch': 252, 'time_epoch': 0.90444, 'loss': 1.64760447, 'lr': 0, 'params': 201514, 'time_iter': 0.02261, 'accuracy': 0.5036, 'f1': 0.49654, 'auc': 0.90287}
> Epoch 252: took 4.3s (avg 4.2s) | Best so far: epoch 251	train_loss: 0.4766 train_accuracy: 0.7974	val_loss: 0.5348 val_accuracy: 0.7770	test_loss: 1.5290 test_accuracy: 0.5484
train: {'epoch': 253, 'time_epoch': 3.11912, 'eta': 2214.35132, 'eta_hours': 0.6151, 'loss': 0.46537469, 'lr': 0.00078634, 'params': 201514, 'time_iter': 0.02643, 'accuracy': 0.80213, 'f1': 0.80217, 'auc': 0.98453}
val: {'epoch': 253, 'time_epoch': 0.30711, 'loss': 0.53331456, 'lr': 0, 'params': 201514, 'time_iter': 0.01536, 'accuracy': 0.7824, 'f1': 0.78134, 'auc': 0.98039}
test: {'epoch': 253, 'time_epoch': 0.96261, 'loss': 1.58865716, 'lr': 0, 'params': 201514, 'time_iter': 0.02407, 'accuracy': 0.5448, 'f1': 0.54165, 'auc': 0.91235}
> Epoch 253: took 4.4s (avg 4.2s) | Best so far: epoch 253	train_loss: 0.4654 train_accuracy: 0.8021	val_loss: 0.5333 val_accuracy: 0.7824	test_loss: 1.5887 test_accuracy: 0.5448
train: {'epoch': 254, 'time_epoch': 3.39244, 'eta': 2212.62218, 'eta_hours': 0.61462, 'loss': 0.46472628, 'lr': 0.00078528, 'params': 201514, 'time_iter': 0.02875, 'accuracy': 0.80183, 'f1': 0.80178, 'auc': 0.98451}
val: {'epoch': 254, 'time_epoch': 0.34029, 'loss': 0.60536558, 'lr': 0, 'params': 201514, 'time_iter': 0.01701, 'accuracy': 0.7538, 'f1': 0.75202, 'auc': 0.97567}
test: {'epoch': 254, 'time_epoch': 1.01857, 'loss': 1.57859088, 'lr': 0, 'params': 201514, 'time_iter': 0.02546, 'accuracy': 0.5281, 'f1': 0.52197, 'auc': 0.90805}
> Epoch 254: took 4.8s (avg 4.2s) | Best so far: epoch 253	train_loss: 0.4654 train_accuracy: 0.8021	val_loss: 0.5333 val_accuracy: 0.7824	test_loss: 1.5887 test_accuracy: 0.5448
train: {'epoch': 255, 'time_epoch': 3.06239, 'eta': 2209.92083, 'eta_hours': 0.61387, 'loss': 0.46220643, 'lr': 0.00078423, 'params': 201514, 'time_iter': 0.02595, 'accuracy': 0.80557, 'f1': 0.80561, 'auc': 0.98468}
val: {'epoch': 255, 'time_epoch': 0.3047, 'loss': 0.57320269, 'lr': 0, 'params': 201514, 'time_iter': 0.01524, 'accuracy': 0.7618, 'f1': 0.75916, 'auc': 0.9781}
test: {'epoch': 255, 'time_epoch': 0.89948, 'loss': 1.6047186, 'lr': 0, 'params': 201514, 'time_iter': 0.02249, 'accuracy': 0.5429, 'f1': 0.53693, 'auc': 0.9107}
> Epoch 255: took 4.3s (avg 4.2s) | Best so far: epoch 253	train_loss: 0.4654 train_accuracy: 0.8021	val_loss: 0.5333 val_accuracy: 0.7824	test_loss: 1.5887 test_accuracy: 0.5448
train: {'epoch': 256, 'time_epoch': 3.09453, 'eta': 2207.30958, 'eta_hours': 0.61314, 'loss': 0.46618022, 'lr': 0.00078318, 'params': 201514, 'time_iter': 0.02622, 'accuracy': 0.80507, 'f1': 0.80506, 'auc': 0.98469}
val: {'epoch': 256, 'time_epoch': 0.30997, 'loss': 0.65065402, 'lr': 0, 'params': 201514, 'time_iter': 0.0155, 'accuracy': 0.7436, 'f1': 0.74198, 'auc': 0.97587}
test: {'epoch': 256, 'time_epoch': 0.87463, 'loss': 1.74664711, 'lr': 0, 'params': 201514, 'time_iter': 0.02187, 'accuracy': 0.5252, 'f1': 0.52039, 'auc': 0.90588}
> Epoch 256: took 4.3s (avg 4.2s) | Best so far: epoch 253	train_loss: 0.4654 train_accuracy: 0.8021	val_loss: 0.5333 val_accuracy: 0.7824	test_loss: 1.5887 test_accuracy: 0.5448
train: {'epoch': 257, 'time_epoch': 2.98949, 'eta': 2204.3925, 'eta_hours': 0.61233, 'loss': 0.46290262, 'lr': 0.00078213, 'params': 201514, 'time_iter': 0.02533, 'accuracy': 0.80593, 'f1': 0.8059, 'auc': 0.98472}
val: {'epoch': 257, 'time_epoch': 0.30871, 'loss': 0.62262163, 'lr': 0, 'params': 201514, 'time_iter': 0.01544, 'accuracy': 0.754, 'f1': 0.7517, 'auc': 0.97577}
test: {'epoch': 257, 'time_epoch': 0.86495, 'loss': 1.73930478, 'lr': 0, 'params': 201514, 'time_iter': 0.02162, 'accuracy': 0.5279, 'f1': 0.5165, 'auc': 0.90553}
> Epoch 257: took 4.2s (avg 4.2s) | Best so far: epoch 253	train_loss: 0.4654 train_accuracy: 0.8021	val_loss: 0.5333 val_accuracy: 0.7824	test_loss: 1.5887 test_accuracy: 0.5448
train: {'epoch': 258, 'time_epoch': 3.10163, 'eta': 2201.79569, 'eta_hours': 0.61161, 'loss': 0.4475071, 'lr': 0.00078107, 'params': 201514, 'time_iter': 0.02628, 'accuracy': 0.81277, 'f1': 0.81278, 'auc': 0.98561}
val: {'epoch': 258, 'time_epoch': 0.33599, 'loss': 0.68770428, 'lr': 0, 'params': 201514, 'time_iter': 0.0168, 'accuracy': 0.7422, 'f1': 0.73951, 'auc': 0.97423}
test: {'epoch': 258, 'time_epoch': 0.97609, 'loss': 1.75812892, 'lr': 0, 'params': 201514, 'time_iter': 0.0244, 'accuracy': 0.5192, 'f1': 0.51319, 'auc': 0.90342}
> Epoch 258: took 4.5s (avg 4.2s) | Best so far: epoch 253	train_loss: 0.4654 train_accuracy: 0.8021	val_loss: 0.5333 val_accuracy: 0.7824	test_loss: 1.5887 test_accuracy: 0.5448
train: {'epoch': 259, 'time_epoch': 3.02678, 'eta': 2198.98197, 'eta_hours': 0.61083, 'loss': 0.45616566, 'lr': 0.00078002, 'params': 201514, 'time_iter': 0.02565, 'accuracy': 0.80667, 'f1': 0.80666, 'auc': 0.98512}
val: {'epoch': 259, 'time_epoch': 0.31215, 'loss': 0.79303153, 'lr': 0, 'params': 201514, 'time_iter': 0.01561, 'accuracy': 0.6926, 'f1': 0.68953, 'auc': 0.96769}
test: {'epoch': 259, 'time_epoch': 0.88319, 'loss': 1.80590474, 'lr': 0, 'params': 201514, 'time_iter': 0.02208, 'accuracy': 0.4948, 'f1': 0.48981, 'auc': 0.89939}
> Epoch 259: took 4.3s (avg 4.2s) | Best so far: epoch 253	train_loss: 0.4654 train_accuracy: 0.8021	val_loss: 0.5333 val_accuracy: 0.7824	test_loss: 1.5887 test_accuracy: 0.5448
train: {'epoch': 260, 'time_epoch': 3.01533, 'eta': 2196.13421, 'eta_hours': 0.61004, 'loss': 0.4666048, 'lr': 0.00077897, 'params': 201514, 'time_iter': 0.02555, 'accuracy': 0.80047, 'f1': 0.80047, 'auc': 0.98452}
val: {'epoch': 260, 'time_epoch': 0.31015, 'loss': 0.71484904, 'lr': 0, 'params': 201514, 'time_iter': 0.01551, 'accuracy': 0.723, 'f1': 0.71686, 'auc': 0.97254}
test: {'epoch': 260, 'time_epoch': 0.87142, 'loss': 1.88537525, 'lr': 0, 'params': 201514, 'time_iter': 0.02179, 'accuracy': 0.511, 'f1': 0.49894, 'auc': 0.90114}
> Epoch 260: took 4.2s (avg 4.2s) | Best so far: epoch 253	train_loss: 0.4654 train_accuracy: 0.8021	val_loss: 0.5333 val_accuracy: 0.7824	test_loss: 1.5887 test_accuracy: 0.5448
train: {'epoch': 261, 'time_epoch': 3.26648, 'eta': 2193.9926, 'eta_hours': 0.60944, 'loss': 0.45724478, 'lr': 0.00077792, 'params': 201514, 'time_iter': 0.02768, 'accuracy': 0.807, 'f1': 0.80687, 'auc': 0.98512}
val: {'epoch': 261, 'time_epoch': 0.30153, 'loss': 0.55023353, 'lr': 0, 'params': 201514, 'time_iter': 0.01508, 'accuracy': 0.7746, 'f1': 0.77294, 'auc': 0.97966}
test: {'epoch': 261, 'time_epoch': 0.90246, 'loss': 1.48951797, 'lr': 0, 'params': 201514, 'time_iter': 0.02256, 'accuracy': 0.549, 'f1': 0.54295, 'auc': 0.91608}
> Epoch 261: took 4.5s (avg 4.2s) | Best so far: epoch 253	train_loss: 0.4654 train_accuracy: 0.8021	val_loss: 0.5333 val_accuracy: 0.7824	test_loss: 1.5887 test_accuracy: 0.5448
train: {'epoch': 262, 'time_epoch': 2.99336, 'eta': 2191.07708, 'eta_hours': 0.60863, 'loss': 0.44595957, 'lr': 0.00077686, 'params': 201514, 'time_iter': 0.02537, 'accuracy': 0.81283, 'f1': 0.81287, 'auc': 0.9857}
val: {'epoch': 262, 'time_epoch': 0.30603, 'loss': 0.78446884, 'lr': 0, 'params': 201514, 'time_iter': 0.0153, 'accuracy': 0.691, 'f1': 0.68748, 'auc': 0.96699}
test: {'epoch': 262, 'time_epoch': 0.96564, 'loss': 1.78140556, 'lr': 0, 'params': 201514, 'time_iter': 0.02414, 'accuracy': 0.4884, 'f1': 0.48122, 'auc': 0.89896}
> Epoch 262: took 4.3s (avg 4.2s) | Best so far: epoch 253	train_loss: 0.4654 train_accuracy: 0.8021	val_loss: 0.5333 val_accuracy: 0.7824	test_loss: 1.5887 test_accuracy: 0.5448
train: {'epoch': 263, 'time_epoch': 2.9072, 'eta': 2187.92075, 'eta_hours': 0.60776, 'loss': 0.44893597, 'lr': 0.00077581, 'params': 201514, 'time_iter': 0.02464, 'accuracy': 0.81013, 'f1': 0.81016, 'auc': 0.98553}
val: {'epoch': 263, 'time_epoch': 0.30391, 'loss': 0.7181623, 'lr': 0, 'params': 201514, 'time_iter': 0.0152, 'accuracy': 0.7312, 'f1': 0.72861, 'auc': 0.97312}
test: {'epoch': 263, 'time_epoch': 0.91729, 'loss': 1.94666465, 'lr': 0, 'params': 201514, 'time_iter': 0.02293, 'accuracy': 0.5041, 'f1': 0.4953, 'auc': 0.89841}
> Epoch 263: took 4.2s (avg 4.2s) | Best so far: epoch 253	train_loss: 0.4654 train_accuracy: 0.8021	val_loss: 0.5333 val_accuracy: 0.7824	test_loss: 1.5887 test_accuracy: 0.5448
train: {'epoch': 264, 'time_epoch': 2.93611, 'eta': 2184.8465, 'eta_hours': 0.6069, 'loss': 0.44445328, 'lr': 0.00077476, 'params': 201514, 'time_iter': 0.02488, 'accuracy': 0.8124, 'f1': 0.81239, 'auc': 0.98577}
val: {'epoch': 264, 'time_epoch': 0.30053, 'loss': 0.65503862, 'lr': 0, 'params': 201514, 'time_iter': 0.01503, 'accuracy': 0.7492, 'f1': 0.74578, 'auc': 0.97531}
test: {'epoch': 264, 'time_epoch': 0.87183, 'loss': 1.72859289, 'lr': 0, 'params': 201514, 'time_iter': 0.0218, 'accuracy': 0.5286, 'f1': 0.52065, 'auc': 0.90731}
> Epoch 264: took 4.2s (avg 4.2s) | Best so far: epoch 253	train_loss: 0.4654 train_accuracy: 0.8021	val_loss: 0.5333 val_accuracy: 0.7824	test_loss: 1.5887 test_accuracy: 0.5448
train: {'epoch': 265, 'time_epoch': 2.96346, 'eta': 2181.84875, 'eta_hours': 0.60607, 'loss': 0.45117886, 'lr': 0.00077371, 'params': 201514, 'time_iter': 0.02511, 'accuracy': 0.81023, 'f1': 0.81029, 'auc': 0.98552}
val: {'epoch': 265, 'time_epoch': 0.30052, 'loss': 0.71359142, 'lr': 0, 'params': 201514, 'time_iter': 0.01503, 'accuracy': 0.7316, 'f1': 0.72883, 'auc': 0.97308}
test: {'epoch': 265, 'time_epoch': 0.88057, 'loss': 2.02409685, 'lr': 0, 'params': 201514, 'time_iter': 0.02201, 'accuracy': 0.509, 'f1': 0.4987, 'auc': 0.89755}
> Epoch 265: took 4.2s (avg 4.2s) | Best so far: epoch 253	train_loss: 0.4654 train_accuracy: 0.8021	val_loss: 0.5333 val_accuracy: 0.7824	test_loss: 1.5887 test_accuracy: 0.5448
train: {'epoch': 266, 'time_epoch': 2.90429, 'eta': 2178.68882, 'eta_hours': 0.60519, 'loss': 0.44605223, 'lr': 0.00077265, 'params': 201514, 'time_iter': 0.02461, 'accuracy': 0.81373, 'f1': 0.81376, 'auc': 0.98576}
val: {'epoch': 266, 'time_epoch': 0.30103, 'loss': 0.68813226, 'lr': 0, 'params': 201514, 'time_iter': 0.01505, 'accuracy': 0.7314, 'f1': 0.72938, 'auc': 0.97284}
test: {'epoch': 266, 'time_epoch': 0.92599, 'loss': 1.77745638, 'lr': 0, 'params': 201514, 'time_iter': 0.02315, 'accuracy': 0.5154, 'f1': 0.50856, 'auc': 0.90153}
> Epoch 266: took 4.2s (avg 4.2s) | Best so far: epoch 253	train_loss: 0.4654 train_accuracy: 0.8021	val_loss: 0.5333 val_accuracy: 0.7824	test_loss: 1.5887 test_accuracy: 0.5448
train: {'epoch': 267, 'time_epoch': 2.83558, 'eta': 2175.34314, 'eta_hours': 0.60426, 'loss': 0.44762664, 'lr': 0.0007716, 'params': 201514, 'time_iter': 0.02403, 'accuracy': 0.80977, 'f1': 0.80987, 'auc': 0.98567}
val: {'epoch': 267, 'time_epoch': 0.30452, 'loss': 0.63881359, 'lr': 0, 'params': 201514, 'time_iter': 0.01523, 'accuracy': 0.7514, 'f1': 0.74929, 'auc': 0.97543}
test: {'epoch': 267, 'time_epoch': 0.89627, 'loss': 2.00154154, 'lr': 0, 'params': 201514, 'time_iter': 0.02241, 'accuracy': 0.5294, 'f1': 0.52104, 'auc': 0.9015}
> Epoch 267: took 4.1s (avg 4.2s) | Best so far: epoch 253	train_loss: 0.4654 train_accuracy: 0.8021	val_loss: 0.5333 val_accuracy: 0.7824	test_loss: 1.5887 test_accuracy: 0.5448
train: {'epoch': 268, 'time_epoch': 3.12071, 'eta': 2172.77606, 'eta_hours': 0.60355, 'loss': 0.43914124, 'lr': 0.00077055, 'params': 201514, 'time_iter': 0.02645, 'accuracy': 0.81797, 'f1': 0.81795, 'auc': 0.98604}
val: {'epoch': 268, 'time_epoch': 0.29431, 'loss': 0.65361817, 'lr': 0, 'params': 201514, 'time_iter': 0.01472, 'accuracy': 0.7358, 'f1': 0.73388, 'auc': 0.97396}
test: {'epoch': 268, 'time_epoch': 0.9112, 'loss': 1.69557707, 'lr': 0, 'params': 201514, 'time_iter': 0.02278, 'accuracy': 0.5222, 'f1': 0.51727, 'auc': 0.9054}
> Epoch 268: took 4.4s (avg 4.2s) | Best so far: epoch 253	train_loss: 0.4654 train_accuracy: 0.8021	val_loss: 0.5333 val_accuracy: 0.7824	test_loss: 1.5887 test_accuracy: 0.5448
train: {'epoch': 269, 'time_epoch': 2.9699, 'eta': 2169.79714, 'eta_hours': 0.60272, 'loss': 0.44964324, 'lr': 0.0007695, 'params': 201514, 'time_iter': 0.02517, 'accuracy': 0.81157, 'f1': 0.81141, 'auc': 0.98549}
val: {'epoch': 269, 'time_epoch': 0.33347, 'loss': 0.68708648, 'lr': 0, 'params': 201514, 'time_iter': 0.01667, 'accuracy': 0.7246, 'f1': 0.72204, 'auc': 0.97258}
test: {'epoch': 269, 'time_epoch': 0.90578, 'loss': 2.28720067, 'lr': 0, 'params': 201514, 'time_iter': 0.02264, 'accuracy': 0.4928, 'f1': 0.48429, 'auc': 0.88643}
> Epoch 269: took 4.2s (avg 4.2s) | Best so far: epoch 253	train_loss: 0.4654 train_accuracy: 0.8021	val_loss: 0.5333 val_accuracy: 0.7824	test_loss: 1.5887 test_accuracy: 0.5448
train: {'epoch': 270, 'time_epoch': 2.85759, 'eta': 2166.51617, 'eta_hours': 0.60181, 'loss': 0.44377414, 'lr': 0.00076844, 'params': 201514, 'time_iter': 0.02422, 'accuracy': 0.81263, 'f1': 0.81264, 'auc': 0.98589}
val: {'epoch': 270, 'time_epoch': 0.31411, 'loss': 0.62015715, 'lr': 0, 'params': 201514, 'time_iter': 0.01571, 'accuracy': 0.7524, 'f1': 0.75064, 'auc': 0.97678}
test: {'epoch': 270, 'time_epoch': 0.90458, 'loss': 1.68958868, 'lr': 0, 'params': 201514, 'time_iter': 0.02261, 'accuracy': 0.5252, 'f1': 0.52034, 'auc': 0.90775}
> Epoch 270: took 4.1s (avg 4.2s) | Best so far: epoch 253	train_loss: 0.4654 train_accuracy: 0.8021	val_loss: 0.5333 val_accuracy: 0.7824	test_loss: 1.5887 test_accuracy: 0.5448
train: {'epoch': 271, 'time_epoch': 2.91569, 'eta': 2163.39381, 'eta_hours': 0.60094, 'loss': 0.44794983, 'lr': 0.00076739, 'params': 201514, 'time_iter': 0.02471, 'accuracy': 0.81143, 'f1': 0.81145, 'auc': 0.98576}
val: {'epoch': 271, 'time_epoch': 0.32201, 'loss': 0.62441246, 'lr': 0, 'params': 201514, 'time_iter': 0.0161, 'accuracy': 0.7544, 'f1': 0.7524, 'auc': 0.97608}
test: {'epoch': 271, 'time_epoch': 0.93825, 'loss': 1.86816107, 'lr': 0, 'params': 201514, 'time_iter': 0.02346, 'accuracy': 0.5316, 'f1': 0.5216, 'auc': 0.90556}
> Epoch 271: took 4.2s (avg 4.2s) | Best so far: epoch 253	train_loss: 0.4654 train_accuracy: 0.8021	val_loss: 0.5333 val_accuracy: 0.7824	test_loss: 1.5887 test_accuracy: 0.5448
train: {'epoch': 272, 'time_epoch': 2.85553, 'eta': 2160.11278, 'eta_hours': 0.60003, 'loss': 0.43853593, 'lr': 0.00076634, 'params': 201514, 'time_iter': 0.0242, 'accuracy': 0.81663, 'f1': 0.81665, 'auc': 0.98612}
val: {'epoch': 272, 'time_epoch': 0.30672, 'loss': 0.56894842, 'lr': 0, 'params': 201514, 'time_iter': 0.01534, 'accuracy': 0.7612, 'f1': 0.75992, 'auc': 0.978}
test: {'epoch': 272, 'time_epoch': 0.92291, 'loss': 1.87164871, 'lr': 0, 'params': 201514, 'time_iter': 0.02307, 'accuracy': 0.53, 'f1': 0.5228, 'auc': 0.90109}
> Epoch 272: took 4.1s (avg 4.2s) | Best so far: epoch 253	train_loss: 0.4654 train_accuracy: 0.8021	val_loss: 0.5333 val_accuracy: 0.7824	test_loss: 1.5887 test_accuracy: 0.5448
train: {'epoch': 273, 'time_epoch': 3.05851, 'eta': 2157.37267, 'eta_hours': 0.59927, 'loss': 0.43824665, 'lr': 0.00076529, 'params': 201514, 'time_iter': 0.02592, 'accuracy': 0.81473, 'f1': 0.81477, 'auc': 0.98618}
val: {'epoch': 273, 'time_epoch': 0.31573, 'loss': 0.60127662, 'lr': 0, 'params': 201514, 'time_iter': 0.01579, 'accuracy': 0.7622, 'f1': 0.76031, 'auc': 0.97885}
test: {'epoch': 273, 'time_epoch': 0.94881, 'loss': 1.87202906, 'lr': 0, 'params': 201514, 'time_iter': 0.02372, 'accuracy': 0.5452, 'f1': 0.53658, 'auc': 0.90893}
> Epoch 273: took 4.4s (avg 4.2s) | Best so far: epoch 253	train_loss: 0.4654 train_accuracy: 0.8021	val_loss: 0.5333 val_accuracy: 0.7824	test_loss: 1.5887 test_accuracy: 0.5448
train: {'epoch': 274, 'time_epoch': 2.96504, 'eta': 2154.38382, 'eta_hours': 0.59844, 'loss': 0.43826563, 'lr': 0.00076423, 'params': 201514, 'time_iter': 0.02513, 'accuracy': 0.81787, 'f1': 0.81793, 'auc': 0.98628}
val: {'epoch': 274, 'time_epoch': 0.31053, 'loss': 0.54758554, 'lr': 0, 'params': 201514, 'time_iter': 0.01553, 'accuracy': 0.7742, 'f1': 0.7718, 'auc': 0.98018}
test: {'epoch': 274, 'time_epoch': 0.91621, 'loss': 1.86890095, 'lr': 0, 'params': 201514, 'time_iter': 0.02291, 'accuracy': 0.5406, 'f1': 0.532, 'auc': 0.90611}
> Epoch 274: took 4.2s (avg 4.2s) | Best so far: epoch 253	train_loss: 0.4654 train_accuracy: 0.8021	val_loss: 0.5333 val_accuracy: 0.7824	test_loss: 1.5887 test_accuracy: 0.5448
train: {'epoch': 275, 'time_epoch': 3.21608, 'eta': 2152.05368, 'eta_hours': 0.59779, 'loss': 0.45319221, 'lr': 0.00076318, 'params': 201514, 'time_iter': 0.02725, 'accuracy': 0.8099, 'f1': 0.80986, 'auc': 0.98526}
val: {'epoch': 275, 'time_epoch': 0.31752, 'loss': 0.52442311, 'lr': 0, 'params': 201514, 'time_iter': 0.01588, 'accuracy': 0.7948, 'f1': 0.7933, 'auc': 0.98118}
test: {'epoch': 275, 'time_epoch': 0.91379, 'loss': 1.76682685, 'lr': 0, 'params': 201514, 'time_iter': 0.02284, 'accuracy': 0.5564, 'f1': 0.54867, 'auc': 0.91045}
> Epoch 275: took 4.5s (avg 4.2s) | Best so far: epoch 275	train_loss: 0.4532 train_accuracy: 0.8099	val_loss: 0.5244 val_accuracy: 0.7948	test_loss: 1.7668 test_accuracy: 0.5564
train: {'epoch': 276, 'time_epoch': 3.01581, 'eta': 2149.19439, 'eta_hours': 0.597, 'loss': 0.4453585, 'lr': 0.00076213, 'params': 201514, 'time_iter': 0.02556, 'accuracy': 0.8151, 'f1': 0.8151, 'auc': 0.98581}
val: {'epoch': 276, 'time_epoch': 0.30852, 'loss': 0.55801028, 'lr': 0, 'params': 201514, 'time_iter': 0.01543, 'accuracy': 0.7766, 'f1': 0.7761, 'auc': 0.97974}
test: {'epoch': 276, 'time_epoch': 0.93451, 'loss': 1.68190083, 'lr': 0, 'params': 201514, 'time_iter': 0.02336, 'accuracy': 0.547, 'f1': 0.54085, 'auc': 0.91283}
> Epoch 276: took 4.3s (avg 4.2s) | Best so far: epoch 275	train_loss: 0.4532 train_accuracy: 0.8099	val_loss: 0.5244 val_accuracy: 0.7948	test_loss: 1.7668 test_accuracy: 0.5564
train: {'epoch': 277, 'time_epoch': 2.93239, 'eta': 2146.11735, 'eta_hours': 0.59614, 'loss': 0.42887468, 'lr': 0.00076108, 'params': 201514, 'time_iter': 0.02485, 'accuracy': 0.81997, 'f1': 0.81991, 'auc': 0.98682}
val: {'epoch': 277, 'time_epoch': 0.30276, 'loss': 0.53306928, 'lr': 0, 'params': 201514, 'time_iter': 0.01514, 'accuracy': 0.774, 'f1': 0.77452, 'auc': 0.98009}
test: {'epoch': 277, 'time_epoch': 0.92267, 'loss': 1.56879109, 'lr': 0, 'params': 201514, 'time_iter': 0.02307, 'accuracy': 0.5411, 'f1': 0.53751, 'auc': 0.91369}
> Epoch 277: took 4.2s (avg 4.2s) | Best so far: epoch 275	train_loss: 0.4532 train_accuracy: 0.8099	val_loss: 0.5244 val_accuracy: 0.7948	test_loss: 1.7668 test_accuracy: 0.5564
train: {'epoch': 278, 'time_epoch': 2.96141, 'eta': 2143.11633, 'eta_hours': 0.59531, 'loss': 0.42838424, 'lr': 0.00076002, 'params': 201514, 'time_iter': 0.0251, 'accuracy': 0.82127, 'f1': 0.82132, 'auc': 0.98678}
val: {'epoch': 278, 'time_epoch': 0.31708, 'loss': 0.53891223, 'lr': 0, 'params': 201514, 'time_iter': 0.01585, 'accuracy': 0.7784, 'f1': 0.77695, 'auc': 0.98086}
test: {'epoch': 278, 'time_epoch': 0.91007, 'loss': 1.86165832, 'lr': 0, 'params': 201514, 'time_iter': 0.02275, 'accuracy': 0.543, 'f1': 0.53618, 'auc': 0.90809}
> Epoch 278: took 4.2s (avg 4.2s) | Best so far: epoch 275	train_loss: 0.4532 train_accuracy: 0.8099	val_loss: 0.5244 val_accuracy: 0.7948	test_loss: 1.7668 test_accuracy: 0.5564
train: {'epoch': 279, 'time_epoch': 2.90499, 'eta': 2139.97052, 'eta_hours': 0.59444, 'loss': 0.44003918, 'lr': 0.00075897, 'params': 201514, 'time_iter': 0.02462, 'accuracy': 0.8169, 'f1': 0.8168, 'auc': 0.98626}
val: {'epoch': 279, 'time_epoch': 0.31429, 'loss': 0.74192817, 'lr': 0, 'params': 201514, 'time_iter': 0.01571, 'accuracy': 0.7104, 'f1': 0.70677, 'auc': 0.97013}
test: {'epoch': 279, 'time_epoch': 0.91507, 'loss': 2.04388741, 'lr': 0, 'params': 201514, 'time_iter': 0.02288, 'accuracy': 0.4858, 'f1': 0.47646, 'auc': 0.89241}
> Epoch 279: took 4.2s (avg 4.2s) | Best so far: epoch 275	train_loss: 0.4532 train_accuracy: 0.8099	val_loss: 0.5244 val_accuracy: 0.7948	test_loss: 1.7668 test_accuracy: 0.5564
train: {'epoch': 280, 'time_epoch': 2.99971, 'eta': 2137.06877, 'eta_hours': 0.59363, 'loss': 0.43391556, 'lr': 0.00075792, 'params': 201514, 'time_iter': 0.02542, 'accuracy': 0.81907, 'f1': 0.81904, 'auc': 0.98649}
val: {'epoch': 280, 'time_epoch': 0.31652, 'loss': 0.51803044, 'lr': 0, 'params': 201514, 'time_iter': 0.01583, 'accuracy': 0.784, 'f1': 0.7833, 'auc': 0.98117}
test: {'epoch': 280, 'time_epoch': 0.91145, 'loss': 1.56183858, 'lr': 0, 'params': 201514, 'time_iter': 0.02279, 'accuracy': 0.5532, 'f1': 0.54932, 'auc': 0.91571}
> Epoch 280: took 4.3s (avg 4.2s) | Best so far: epoch 275	train_loss: 0.4532 train_accuracy: 0.8099	val_loss: 0.5244 val_accuracy: 0.7948	test_loss: 1.7668 test_accuracy: 0.5564
train: {'epoch': 281, 'time_epoch': 2.93295, 'eta': 2133.99634, 'eta_hours': 0.59278, 'loss': 0.43568916, 'lr': 0.00075687, 'params': 201514, 'time_iter': 0.02486, 'accuracy': 0.81817, 'f1': 0.81816, 'auc': 0.98617}
val: {'epoch': 281, 'time_epoch': 0.31602, 'loss': 0.56026178, 'lr': 0, 'params': 201514, 'time_iter': 0.0158, 'accuracy': 0.7678, 'f1': 0.76646, 'auc': 0.97894}
test: {'epoch': 281, 'time_epoch': 1.18772, 'loss': 1.4440678, 'lr': 0, 'params': 201514, 'time_iter': 0.02969, 'accuracy': 0.5429, 'f1': 0.5402, 'auc': 0.91644}
> Epoch 281: took 4.5s (avg 4.2s) | Best so far: epoch 275	train_loss: 0.4532 train_accuracy: 0.8099	val_loss: 0.5244 val_accuracy: 0.7948	test_loss: 1.7668 test_accuracy: 0.5564
train: {'epoch': 282, 'time_epoch': 2.91269, 'eta': 2130.87357, 'eta_hours': 0.59191, 'loss': 0.4452939, 'lr': 0.00075581, 'params': 201514, 'time_iter': 0.02468, 'accuracy': 0.81267, 'f1': 0.81268, 'auc': 0.98585}
val: {'epoch': 282, 'time_epoch': 0.30902, 'loss': 0.51620535, 'lr': 0, 'params': 201514, 'time_iter': 0.01545, 'accuracy': 0.7852, 'f1': 0.78277, 'auc': 0.98157}
test: {'epoch': 282, 'time_epoch': 0.93369, 'loss': 1.69535247, 'lr': 0, 'params': 201514, 'time_iter': 0.02334, 'accuracy': 0.5463, 'f1': 0.53987, 'auc': 0.91051}
> Epoch 282: took 4.2s (avg 4.2s) | Best so far: epoch 275	train_loss: 0.4532 train_accuracy: 0.8099	val_loss: 0.5244 val_accuracy: 0.7948	test_loss: 1.7668 test_accuracy: 0.5564
train: {'epoch': 283, 'time_epoch': 3.00396, 'eta': 2127.9824, 'eta_hours': 0.59111, 'loss': 0.43963701, 'lr': 0.00075476, 'params': 201514, 'time_iter': 0.02546, 'accuracy': 0.81367, 'f1': 0.81365, 'auc': 0.98592}
val: {'epoch': 283, 'time_epoch': 0.30752, 'loss': 0.9169491, 'lr': 0, 'params': 201514, 'time_iter': 0.01538, 'accuracy': 0.6638, 'f1': 0.65995, 'auc': 0.96144}
test: {'epoch': 283, 'time_epoch': 0.90742, 'loss': 2.3269615, 'lr': 0, 'params': 201514, 'time_iter': 0.02269, 'accuracy': 0.4546, 'f1': 0.44196, 'auc': 0.87858}
> Epoch 283: took 4.3s (avg 4.2s) | Best so far: epoch 275	train_loss: 0.4532 train_accuracy: 0.8099	val_loss: 0.5244 val_accuracy: 0.7948	test_loss: 1.7668 test_accuracy: 0.5564
train: {'epoch': 284, 'time_epoch': 3.00518, 'eta': 2125.0935, 'eta_hours': 0.5903, 'loss': 0.42879146, 'lr': 0.00075371, 'params': 201514, 'time_iter': 0.02547, 'accuracy': 0.82217, 'f1': 0.82222, 'auc': 0.98673}
val: {'epoch': 284, 'time_epoch': 0.31252, 'loss': 0.70151675, 'lr': 0, 'params': 201514, 'time_iter': 0.01563, 'accuracy': 0.7398, 'f1': 0.73775, 'auc': 0.97499}
test: {'epoch': 284, 'time_epoch': 0.91941, 'loss': 2.20221011, 'lr': 0, 'params': 201514, 'time_iter': 0.02299, 'accuracy': 0.5135, 'f1': 0.50756, 'auc': 0.89346}
> Epoch 284: took 4.3s (avg 4.2s) | Best so far: epoch 275	train_loss: 0.4532 train_accuracy: 0.8099	val_loss: 0.5244 val_accuracy: 0.7948	test_loss: 1.7668 test_accuracy: 0.5564
train: {'epoch': 285, 'time_epoch': 2.92684, 'eta': 2122.00819, 'eta_hours': 0.58945, 'loss': 0.42782529, 'lr': 0.00075266, 'params': 201514, 'time_iter': 0.0248, 'accuracy': 0.82103, 'f1': 0.82108, 'auc': 0.98673}
val: {'epoch': 285, 'time_epoch': 0.31052, 'loss': 0.64530734, 'lr': 0, 'params': 201514, 'time_iter': 0.01553, 'accuracy': 0.7494, 'f1': 0.74643, 'auc': 0.97608}
test: {'epoch': 285, 'time_epoch': 0.91557, 'loss': 1.89438901, 'lr': 0, 'params': 201514, 'time_iter': 0.02289, 'accuracy': 0.5278, 'f1': 0.5241, 'auc': 0.90497}
> Epoch 285: took 4.2s (avg 4.2s) | Best so far: epoch 275	train_loss: 0.4532 train_accuracy: 0.8099	val_loss: 0.5244 val_accuracy: 0.7948	test_loss: 1.7668 test_accuracy: 0.5564
train: {'epoch': 286, 'time_epoch': 2.95963, 'eta': 2119.00546, 'eta_hours': 0.58861, 'loss': 0.41752205, 'lr': 0.0007516, 'params': 201514, 'time_iter': 0.02508, 'accuracy': 0.82663, 'f1': 0.82664, 'auc': 0.98743}
val: {'epoch': 286, 'time_epoch': 0.30652, 'loss': 0.62250583, 'lr': 0, 'params': 201514, 'time_iter': 0.01533, 'accuracy': 0.752, 'f1': 0.75021, 'auc': 0.97699}
test: {'epoch': 286, 'time_epoch': 0.96123, 'loss': 1.82049124, 'lr': 0, 'params': 201514, 'time_iter': 0.02403, 'accuracy': 0.5246, 'f1': 0.51853, 'auc': 0.90303}
> Epoch 286: took 4.3s (avg 4.2s) | Best so far: epoch 275	train_loss: 0.4532 train_accuracy: 0.8099	val_loss: 0.5244 val_accuracy: 0.7948	test_loss: 1.7668 test_accuracy: 0.5564
train: {'epoch': 287, 'time_epoch': 2.95608, 'eta': 2115.99425, 'eta_hours': 0.58778, 'loss': 0.42167326, 'lr': 0.00075055, 'params': 201514, 'time_iter': 0.02505, 'accuracy': 0.82647, 'f1': 0.82647, 'auc': 0.98716}
val: {'epoch': 287, 'time_epoch': 0.31195, 'loss': 0.53792329, 'lr': 0, 'params': 201514, 'time_iter': 0.0156, 'accuracy': 0.777, 'f1': 0.77714, 'auc': 0.98107}
test: {'epoch': 287, 'time_epoch': 0.92897, 'loss': 1.86870213, 'lr': 0, 'params': 201514, 'time_iter': 0.02322, 'accuracy': 0.5331, 'f1': 0.52981, 'auc': 0.90427}
> Epoch 287: took 4.2s (avg 4.2s) | Best so far: epoch 275	train_loss: 0.4532 train_accuracy: 0.8099	val_loss: 0.5244 val_accuracy: 0.7948	test_loss: 1.7668 test_accuracy: 0.5564
train: {'epoch': 288, 'time_epoch': 2.91873, 'eta': 2112.89154, 'eta_hours': 0.58691, 'loss': 0.41059344, 'lr': 0.0007495, 'params': 201514, 'time_iter': 0.02474, 'accuracy': 0.82823, 'f1': 0.8281, 'auc': 0.98777}
val: {'epoch': 288, 'time_epoch': 0.3173, 'loss': 0.60739587, 'lr': 0, 'params': 201514, 'time_iter': 0.01586, 'accuracy': 0.7618, 'f1': 0.75994, 'auc': 0.97773}
test: {'epoch': 288, 'time_epoch': 1.14833, 'loss': 1.84563491, 'lr': 0, 'params': 201514, 'time_iter': 0.02871, 'accuracy': 0.5277, 'f1': 0.52216, 'auc': 0.90454}
> Epoch 288: took 4.4s (avg 4.2s) | Best so far: epoch 275	train_loss: 0.4532 train_accuracy: 0.8099	val_loss: 0.5244 val_accuracy: 0.7948	test_loss: 1.7668 test_accuracy: 0.5564
train: {'epoch': 289, 'time_epoch': 2.97875, 'eta': 2109.93705, 'eta_hours': 0.58609, 'loss': 0.41659367, 'lr': 0.00074845, 'params': 201514, 'time_iter': 0.02524, 'accuracy': 0.826, 'f1': 0.82606, 'auc': 0.9875}
val: {'epoch': 289, 'time_epoch': 0.32243, 'loss': 0.71845404, 'lr': 0, 'params': 201514, 'time_iter': 0.01612, 'accuracy': 0.7404, 'f1': 0.73757, 'auc': 0.97446}
test: {'epoch': 289, 'time_epoch': 0.92557, 'loss': 2.05910571, 'lr': 0, 'params': 201514, 'time_iter': 0.02314, 'accuracy': 0.5142, 'f1': 0.50417, 'auc': 0.90027}
> Epoch 289: took 4.3s (avg 4.2s) | Best so far: epoch 275	train_loss: 0.4532 train_accuracy: 0.8099	val_loss: 0.5244 val_accuracy: 0.7948	test_loss: 1.7668 test_accuracy: 0.5564
train: {'epoch': 290, 'time_epoch': 3.0782, 'eta': 2107.22469, 'eta_hours': 0.58534, 'loss': 0.41682457, 'lr': 0.00074739, 'params': 201514, 'time_iter': 0.02609, 'accuracy': 0.82537, 'f1': 0.82533, 'auc': 0.98731}
val: {'epoch': 290, 'time_epoch': 0.30367, 'loss': 0.5699286, 'lr': 0, 'params': 201514, 'time_iter': 0.01518, 'accuracy': 0.778, 'f1': 0.77538, 'auc': 0.97937}
test: {'epoch': 290, 'time_epoch': 0.86947, 'loss': 2.05403221, 'lr': 0, 'params': 201514, 'time_iter': 0.02174, 'accuracy': 0.5414, 'f1': 0.53239, 'auc': 0.90449}
> Epoch 290: took 4.3s (avg 4.2s) | Best so far: epoch 275	train_loss: 0.4532 train_accuracy: 0.8099	val_loss: 0.5244 val_accuracy: 0.7948	test_loss: 1.7668 test_accuracy: 0.5564
train: {'epoch': 291, 'time_epoch': 3.10168, 'eta': 2104.56675, 'eta_hours': 0.5846, 'loss': 0.42225556, 'lr': 0.00074634, 'params': 201514, 'time_iter': 0.02629, 'accuracy': 0.82293, 'f1': 0.82295, 'auc': 0.98714}
val: {'epoch': 291, 'time_epoch': 0.30666, 'loss': 0.57575352, 'lr': 0, 'params': 201514, 'time_iter': 0.01533, 'accuracy': 0.7712, 'f1': 0.76921, 'auc': 0.97947}
test: {'epoch': 291, 'time_epoch': 0.8828, 'loss': 2.00622953, 'lr': 0, 'params': 201514, 'time_iter': 0.02207, 'accuracy': 0.5352, 'f1': 0.52599, 'auc': 0.90256}
> Epoch 291: took 4.3s (avg 4.2s) | Best so far: epoch 275	train_loss: 0.4532 train_accuracy: 0.8099	val_loss: 0.5244 val_accuracy: 0.7948	test_loss: 1.7668 test_accuracy: 0.5564
train: {'epoch': 292, 'time_epoch': 2.9811, 'eta': 2101.61482, 'eta_hours': 0.58378, 'loss': 0.41565225, 'lr': 0.00074529, 'params': 201514, 'time_iter': 0.02526, 'accuracy': 0.82657, 'f1': 0.82662, 'auc': 0.98741}
val: {'epoch': 292, 'time_epoch': 0.30453, 'loss': 0.53222255, 'lr': 0, 'params': 201514, 'time_iter': 0.01523, 'accuracy': 0.7866, 'f1': 0.78502, 'auc': 0.98108}
test: {'epoch': 292, 'time_epoch': 0.909, 'loss': 1.72404531, 'lr': 0, 'params': 201514, 'time_iter': 0.02272, 'accuracy': 0.5563, 'f1': 0.55348, 'auc': 0.91443}
> Epoch 292: took 4.2s (avg 4.2s) | Best so far: epoch 275	train_loss: 0.4532 train_accuracy: 0.8099	val_loss: 0.5244 val_accuracy: 0.7948	test_loss: 1.7668 test_accuracy: 0.5564
train: {'epoch': 293, 'time_epoch': 2.98943, 'eta': 2098.6827, 'eta_hours': 0.58297, 'loss': 0.41088956, 'lr': 0.00074424, 'params': 201514, 'time_iter': 0.02533, 'accuracy': 0.8293, 'f1': 0.82922, 'auc': 0.98787}
val: {'epoch': 293, 'time_epoch': 0.30025, 'loss': 0.59160523, 'lr': 0, 'params': 201514, 'time_iter': 0.01501, 'accuracy': 0.7648, 'f1': 0.76197, 'auc': 0.97856}
test: {'epoch': 293, 'time_epoch': 0.87227, 'loss': 1.98560154, 'lr': 0, 'params': 201514, 'time_iter': 0.02181, 'accuracy': 0.5297, 'f1': 0.52218, 'auc': 0.90218}
> Epoch 293: took 4.2s (avg 4.2s) | Best so far: epoch 275	train_loss: 0.4532 train_accuracy: 0.8099	val_loss: 0.5244 val_accuracy: 0.7948	test_loss: 1.7668 test_accuracy: 0.5564
train: {'epoch': 294, 'time_epoch': 3.00243, 'eta': 2095.78125, 'eta_hours': 0.58216, 'loss': 0.40283121, 'lr': 0.00074318, 'params': 201514, 'time_iter': 0.02544, 'accuracy': 0.83293, 'f1': 0.83296, 'auc': 0.98816}
val: {'epoch': 294, 'time_epoch': 0.29823, 'loss': 0.67128399, 'lr': 0, 'params': 201514, 'time_iter': 0.01491, 'accuracy': 0.7456, 'f1': 0.74334, 'auc': 0.97612}
test: {'epoch': 294, 'time_epoch': 0.87422, 'loss': 1.95131911, 'lr': 0, 'params': 201514, 'time_iter': 0.02186, 'accuracy': 0.5177, 'f1': 0.50979, 'auc': 0.90216}
> Epoch 294: took 4.2s (avg 4.2s) | Best so far: epoch 275	train_loss: 0.4532 train_accuracy: 0.8099	val_loss: 0.5244 val_accuracy: 0.7948	test_loss: 1.7668 test_accuracy: 0.5564
train: {'epoch': 295, 'time_epoch': 2.99979, 'eta': 2092.87285, 'eta_hours': 0.58135, 'loss': 0.41496262, 'lr': 0.00074213, 'params': 201514, 'time_iter': 0.02542, 'accuracy': 0.8274, 'f1': 0.82754, 'auc': 0.98749}
val: {'epoch': 295, 'time_epoch': 0.31403, 'loss': 0.57283014, 'lr': 0, 'params': 201514, 'time_iter': 0.0157, 'accuracy': 0.7646, 'f1': 0.76339, 'auc': 0.97921}
test: {'epoch': 295, 'time_epoch': 1.21017, 'loss': 2.17969749, 'lr': 0, 'params': 201514, 'time_iter': 0.03025, 'accuracy': 0.5108, 'f1': 0.50652, 'auc': 0.89315}
> Epoch 295: took 4.6s (avg 4.2s) | Best so far: epoch 275	train_loss: 0.4532 train_accuracy: 0.8099	val_loss: 0.5244 val_accuracy: 0.7948	test_loss: 1.7668 test_accuracy: 0.5564
train: {'epoch': 296, 'time_epoch': 2.96348, 'eta': 2089.87789, 'eta_hours': 0.58052, 'loss': 0.40893185, 'lr': 0.00074108, 'params': 201514, 'time_iter': 0.02511, 'accuracy': 0.82987, 'f1': 0.82985, 'auc': 0.98791}
val: {'epoch': 296, 'time_epoch': 0.29952, 'loss': 0.6492142, 'lr': 0, 'params': 201514, 'time_iter': 0.01498, 'accuracy': 0.7446, 'f1': 0.74201, 'auc': 0.97496}
test: {'epoch': 296, 'time_epoch': 0.8818, 'loss': 2.16509991, 'lr': 0, 'params': 201514, 'time_iter': 0.02204, 'accuracy': 0.5002, 'f1': 0.49235, 'auc': 0.89146}
> Epoch 296: took 4.2s (avg 4.2s) | Best so far: epoch 275	train_loss: 0.4532 train_accuracy: 0.8099	val_loss: 0.5244 val_accuracy: 0.7948	test_loss: 1.7668 test_accuracy: 0.5564
train: {'epoch': 297, 'time_epoch': 2.97591, 'eta': 2086.91242, 'eta_hours': 0.5797, 'loss': 0.40904943, 'lr': 0.00074003, 'params': 201514, 'time_iter': 0.02522, 'accuracy': 0.82933, 'f1': 0.82936, 'auc': 0.98782}
val: {'epoch': 297, 'time_epoch': 0.30864, 'loss': 0.56477906, 'lr': 0, 'params': 201514, 'time_iter': 0.01543, 'accuracy': 0.7768, 'f1': 0.77365, 'auc': 0.98049}
test: {'epoch': 297, 'time_epoch': 0.96572, 'loss': 2.02975153, 'lr': 0, 'params': 201514, 'time_iter': 0.02414, 'accuracy': 0.5369, 'f1': 0.52656, 'auc': 0.90494}
> Epoch 297: took 4.3s (avg 4.2s) | Best so far: epoch 275	train_loss: 0.4532 train_accuracy: 0.8099	val_loss: 0.5244 val_accuracy: 0.7948	test_loss: 1.7668 test_accuracy: 0.5564
train: {'epoch': 298, 'time_epoch': 2.9525, 'eta': 2083.892, 'eta_hours': 0.57886, 'loss': 0.40449305, 'lr': 0.00073897, 'params': 201514, 'time_iter': 0.02502, 'accuracy': 0.83217, 'f1': 0.8321, 'auc': 0.98807}
val: {'epoch': 298, 'time_epoch': 0.30204, 'loss': 0.51176057, 'lr': 0, 'params': 201514, 'time_iter': 0.0151, 'accuracy': 0.7858, 'f1': 0.78601, 'auc': 0.98172}
test: {'epoch': 298, 'time_epoch': 0.87581, 'loss': 1.88879879, 'lr': 0, 'params': 201514, 'time_iter': 0.0219, 'accuracy': 0.5349, 'f1': 0.53069, 'auc': 0.9062}
> Epoch 298: took 4.2s (avg 4.2s) | Best so far: epoch 275	train_loss: 0.4532 train_accuracy: 0.8099	val_loss: 0.5244 val_accuracy: 0.7948	test_loss: 1.7668 test_accuracy: 0.5564
train: {'epoch': 299, 'time_epoch': 2.97977, 'eta': 2080.93565, 'eta_hours': 0.57804, 'loss': 0.40160438, 'lr': 0.00073792, 'params': 201514, 'time_iter': 0.02525, 'accuracy': 0.8332, 'f1': 0.83327, 'auc': 0.98826}
val: {'epoch': 299, 'time_epoch': 0.30096, 'loss': 0.6680678, 'lr': 0, 'params': 201514, 'time_iter': 0.01505, 'accuracy': 0.7444, 'f1': 0.7423, 'auc': 0.9744}
test: {'epoch': 299, 'time_epoch': 0.86723, 'loss': 1.93161759, 'lr': 0, 'params': 201514, 'time_iter': 0.02168, 'accuracy': 0.5312, 'f1': 0.52339, 'auc': 0.90412}
> Epoch 299: took 4.2s (avg 4.2s) | Best so far: epoch 275	train_loss: 0.4532 train_accuracy: 0.8099	val_loss: 0.5244 val_accuracy: 0.7948	test_loss: 1.7668 test_accuracy: 0.5564
train: {'epoch': 300, 'time_epoch': 3.02559, 'eta': 2078.08556, 'eta_hours': 0.57725, 'loss': 0.41058836, 'lr': 0.00073687, 'params': 201514, 'time_iter': 0.02564, 'accuracy': 0.8296, 'f1': 0.82962, 'auc': 0.98781}
val: {'epoch': 300, 'time_epoch': 0.30552, 'loss': 0.51068868, 'lr': 0, 'params': 201514, 'time_iter': 0.01528, 'accuracy': 0.7858, 'f1': 0.78486, 'auc': 0.98165}
test: {'epoch': 300, 'time_epoch': 0.93393, 'loss': 1.79519416, 'lr': 0, 'params': 201514, 'time_iter': 0.02335, 'accuracy': 0.5511, 'f1': 0.54706, 'auc': 0.90918}
> Epoch 300: took 4.3s (avg 4.2s) | Best so far: epoch 275	train_loss: 0.4532 train_accuracy: 0.8099	val_loss: 0.5244 val_accuracy: 0.7948	test_loss: 1.7668 test_accuracy: 0.5564
train: {'epoch': 301, 'time_epoch': 2.97653, 'eta': 2075.12092, 'eta_hours': 0.57642, 'loss': 0.40935743, 'lr': 0.00073582, 'params': 201514, 'time_iter': 0.02522, 'accuracy': 0.828, 'f1': 0.82802, 'auc': 0.98784}
val: {'epoch': 301, 'time_epoch': 0.30859, 'loss': 0.67240048, 'lr': 0, 'params': 201514, 'time_iter': 0.01543, 'accuracy': 0.7418, 'f1': 0.73926, 'auc': 0.97494}
test: {'epoch': 301, 'time_epoch': 0.9008, 'loss': 1.98871821, 'lr': 0, 'params': 201514, 'time_iter': 0.02252, 'accuracy': 0.518, 'f1': 0.50939, 'auc': 0.9}
> Epoch 301: took 4.2s (avg 4.2s) | Best so far: epoch 275	train_loss: 0.4532 train_accuracy: 0.8099	val_loss: 0.5244 val_accuracy: 0.7948	test_loss: 1.7668 test_accuracy: 0.5564
train: {'epoch': 302, 'time_epoch': 3.0013, 'eta': 2072.21318, 'eta_hours': 0.57561, 'loss': 0.40324135, 'lr': 0.00073476, 'params': 201514, 'time_iter': 0.02543, 'accuracy': 0.83273, 'f1': 0.83274, 'auc': 0.98819}
val: {'epoch': 302, 'time_epoch': 0.30337, 'loss': 0.50740349, 'lr': 0, 'params': 201514, 'time_iter': 0.01517, 'accuracy': 0.789, 'f1': 0.78778, 'auc': 0.98213}
test: {'epoch': 302, 'time_epoch': 1.16258, 'loss': 1.89813433, 'lr': 0, 'params': 201514, 'time_iter': 0.02906, 'accuracy': 0.5436, 'f1': 0.53799, 'auc': 0.90446}
> Epoch 302: took 4.5s (avg 4.2s) | Best so far: epoch 275	train_loss: 0.4532 train_accuracy: 0.8099	val_loss: 0.5244 val_accuracy: 0.7948	test_loss: 1.7668 test_accuracy: 0.5564
train: {'epoch': 303, 'time_epoch': 3.00889, 'eta': 2069.32221, 'eta_hours': 0.57481, 'loss': 0.40303962, 'lr': 0.00073371, 'params': 201514, 'time_iter': 0.0255, 'accuracy': 0.83307, 'f1': 0.83312, 'auc': 0.98818}
val: {'epoch': 303, 'time_epoch': 0.30053, 'loss': 0.52317059, 'lr': 0, 'params': 201514, 'time_iter': 0.01503, 'accuracy': 0.7866, 'f1': 0.78479, 'auc': 0.98184}
test: {'epoch': 303, 'time_epoch': 0.90412, 'loss': 1.8707654, 'lr': 0, 'params': 201514, 'time_iter': 0.0226, 'accuracy': 0.5552, 'f1': 0.54844, 'auc': 0.91087}
> Epoch 303: took 4.3s (avg 4.2s) | Best so far: epoch 275	train_loss: 0.4532 train_accuracy: 0.8099	val_loss: 0.5244 val_accuracy: 0.7948	test_loss: 1.7668 test_accuracy: 0.5564
train: {'epoch': 304, 'time_epoch': 3.04485, 'eta': 2066.5124, 'eta_hours': 0.57403, 'loss': 0.39299006, 'lr': 0.00073266, 'params': 201514, 'time_iter': 0.0258, 'accuracy': 0.8362, 'f1': 0.83618, 'auc': 0.9887}
val: {'epoch': 304, 'time_epoch': 0.30553, 'loss': 0.48722175, 'lr': 0, 'params': 201514, 'time_iter': 0.01528, 'accuracy': 0.7982, 'f1': 0.79819, 'auc': 0.9835}
test: {'epoch': 304, 'time_epoch': 0.88057, 'loss': 1.78986629, 'lr': 0, 'params': 201514, 'time_iter': 0.02201, 'accuracy': 0.5539, 'f1': 0.54933, 'auc': 0.91269}
> Epoch 304: took 4.3s (avg 4.2s) | Best so far: epoch 304	train_loss: 0.3930 train_accuracy: 0.8362	val_loss: 0.4872 val_accuracy: 0.7982	test_loss: 1.7899 test_accuracy: 0.5539
train: {'epoch': 305, 'time_epoch': 2.98579, 'eta': 2063.5671, 'eta_hours': 0.57321, 'loss': 0.3921069, 'lr': 0.00073161, 'params': 201514, 'time_iter': 0.0253, 'accuracy': 0.839, 'f1': 0.83904, 'auc': 0.98889}
val: {'epoch': 305, 'time_epoch': 0.29987, 'loss': 0.61898806, 'lr': 0, 'params': 201514, 'time_iter': 0.01499, 'accuracy': 0.7672, 'f1': 0.76526, 'auc': 0.97907}
test: {'epoch': 305, 'time_epoch': 0.90822, 'loss': 2.19733309, 'lr': 0, 'params': 201514, 'time_iter': 0.02271, 'accuracy': 0.5263, 'f1': 0.51836, 'auc': 0.89819}
> Epoch 305: took 4.2s (avg 4.2s) | Best so far: epoch 304	train_loss: 0.3930 train_accuracy: 0.8362	val_loss: 0.4872 val_accuracy: 0.7982	test_loss: 1.7899 test_accuracy: 0.5539
train: {'epoch': 306, 'time_epoch': 2.87766, 'eta': 2060.37746, 'eta_hours': 0.57233, 'loss': 0.38645066, 'lr': 0.00073055, 'params': 201514, 'time_iter': 0.02439, 'accuracy': 0.83917, 'f1': 0.83909, 'auc': 0.98905}
val: {'epoch': 306, 'time_epoch': 0.29941, 'loss': 0.73606322, 'lr': 0, 'params': 201514, 'time_iter': 0.01497, 'accuracy': 0.7214, 'f1': 0.71894, 'auc': 0.97233}
test: {'epoch': 306, 'time_epoch': 0.84807, 'loss': 2.05074218, 'lr': 0, 'params': 201514, 'time_iter': 0.0212, 'accuracy': 0.4921, 'f1': 0.48534, 'auc': 0.89476}
> Epoch 306: took 4.1s (avg 4.2s) | Best so far: epoch 304	train_loss: 0.3930 train_accuracy: 0.8362	val_loss: 0.4872 val_accuracy: 0.7982	test_loss: 1.7899 test_accuracy: 0.5539
train: {'epoch': 307, 'time_epoch': 2.88336, 'eta': 2057.20265, 'eta_hours': 0.57145, 'loss': 0.38802758, 'lr': 0.0007295, 'params': 201514, 'time_iter': 0.02444, 'accuracy': 0.83777, 'f1': 0.83778, 'auc': 0.98889}
val: {'epoch': 307, 'time_epoch': 0.31431, 'loss': 0.69364674, 'lr': 0, 'params': 201514, 'time_iter': 0.01572, 'accuracy': 0.734, 'f1': 0.73153, 'auc': 0.97391}
test: {'epoch': 307, 'time_epoch': 0.91086, 'loss': 2.08097245, 'lr': 0, 'params': 201514, 'time_iter': 0.02277, 'accuracy': 0.5119, 'f1': 0.50121, 'auc': 0.89774}
> Epoch 307: took 4.1s (avg 4.2s) | Best so far: epoch 304	train_loss: 0.3930 train_accuracy: 0.8362	val_loss: 0.4872 val_accuracy: 0.7982	test_loss: 1.7899 test_accuracy: 0.5539
train: {'epoch': 308, 'time_epoch': 2.98494, 'eta': 2054.25689, 'eta_hours': 0.57063, 'loss': 0.38408723, 'lr': 0.00072845, 'params': 201514, 'time_iter': 0.0253, 'accuracy': 0.84147, 'f1': 0.84144, 'auc': 0.98919}
val: {'epoch': 308, 'time_epoch': 0.30316, 'loss': 0.64395653, 'lr': 0, 'params': 201514, 'time_iter': 0.01516, 'accuracy': 0.754, 'f1': 0.75201, 'auc': 0.97652}
test: {'epoch': 308, 'time_epoch': 0.92886, 'loss': 2.1364409, 'lr': 0, 'params': 201514, 'time_iter': 0.02322, 'accuracy': 0.5227, 'f1': 0.51493, 'auc': 0.89857}
> Epoch 308: took 4.3s (avg 4.2s) | Best so far: epoch 304	train_loss: 0.3930 train_accuracy: 0.8362	val_loss: 0.4872 val_accuracy: 0.7982	test_loss: 1.7899 test_accuracy: 0.5539
train: {'epoch': 309, 'time_epoch': 2.91037, 'eta': 2051.14489, 'eta_hours': 0.56976, 'loss': 0.39636637, 'lr': 0.0007274, 'params': 201514, 'time_iter': 0.02466, 'accuracy': 0.83353, 'f1': 0.83358, 'auc': 0.98855}
val: {'epoch': 309, 'time_epoch': 0.30152, 'loss': 0.63396932, 'lr': 0, 'params': 201514, 'time_iter': 0.01508, 'accuracy': 0.7586, 'f1': 0.757, 'auc': 0.97748}
test: {'epoch': 309, 'time_epoch': 1.1513, 'loss': 2.14830537, 'lr': 0, 'params': 201514, 'time_iter': 0.02878, 'accuracy': 0.5187, 'f1': 0.50995, 'auc': 0.89707}
> Epoch 309: took 4.4s (avg 4.2s) | Best so far: epoch 304	train_loss: 0.3930 train_accuracy: 0.8362	val_loss: 0.4872 val_accuracy: 0.7982	test_loss: 1.7899 test_accuracy: 0.5539
train: {'epoch': 310, 'time_epoch': 3.05067, 'eta': 2048.34502, 'eta_hours': 0.56898, 'loss': 0.3971182, 'lr': 0.00072634, 'params': 201514, 'time_iter': 0.02585, 'accuracy': 0.83377, 'f1': 0.83372, 'auc': 0.9885}
val: {'epoch': 310, 'time_epoch': 0.30504, 'loss': 0.51950707, 'lr': 0, 'params': 201514, 'time_iter': 0.01525, 'accuracy': 0.7908, 'f1': 0.78836, 'auc': 0.98227}
test: {'epoch': 310, 'time_epoch': 0.88956, 'loss': 1.88987563, 'lr': 0, 'params': 201514, 'time_iter': 0.02224, 'accuracy': 0.5497, 'f1': 0.54036, 'auc': 0.9099}
> Epoch 310: took 4.3s (avg 4.2s) | Best so far: epoch 304	train_loss: 0.3930 train_accuracy: 0.8362	val_loss: 0.4872 val_accuracy: 0.7982	test_loss: 1.7899 test_accuracy: 0.5539
train: {'epoch': 311, 'time_epoch': 2.97651, 'eta': 2045.38, 'eta_hours': 0.56816, 'loss': 0.38683691, 'lr': 0.00072529, 'params': 201514, 'time_iter': 0.02522, 'accuracy': 0.83957, 'f1': 0.83953, 'auc': 0.98911}
val: {'epoch': 311, 'time_epoch': 0.30549, 'loss': 0.59955923, 'lr': 0, 'params': 201514, 'time_iter': 0.01527, 'accuracy': 0.7614, 'f1': 0.75926, 'auc': 0.97825}
test: {'epoch': 311, 'time_epoch': 0.88564, 'loss': 2.17617577, 'lr': 0, 'params': 201514, 'time_iter': 0.02214, 'accuracy': 0.5191, 'f1': 0.51204, 'auc': 0.897}
> Epoch 311: took 4.2s (avg 4.2s) | Best so far: epoch 304	train_loss: 0.3930 train_accuracy: 0.8362	val_loss: 0.4872 val_accuracy: 0.7982	test_loss: 1.7899 test_accuracy: 0.5539
train: {'epoch': 312, 'time_epoch': 2.96071, 'eta': 2042.38022, 'eta_hours': 0.56733, 'loss': 0.38599063, 'lr': 0.00072424, 'params': 201514, 'time_iter': 0.02509, 'accuracy': 0.84303, 'f1': 0.84312, 'auc': 0.98912}
val: {'epoch': 312, 'time_epoch': 0.30252, 'loss': 0.64183129, 'lr': 0, 'params': 201514, 'time_iter': 0.01513, 'accuracy': 0.763, 'f1': 0.76127, 'auc': 0.97682}
test: {'epoch': 312, 'time_epoch': 0.91644, 'loss': 2.16140206, 'lr': 0, 'params': 201514, 'time_iter': 0.02291, 'accuracy': 0.5218, 'f1': 0.51333, 'auc': 0.89791}
> Epoch 312: took 4.2s (avg 4.2s) | Best so far: epoch 304	train_loss: 0.3930 train_accuracy: 0.8362	val_loss: 0.4872 val_accuracy: 0.7982	test_loss: 1.7899 test_accuracy: 0.5539
train: {'epoch': 313, 'time_epoch': 3.00325, 'eta': 2039.47365, 'eta_hours': 0.56652, 'loss': 0.3875017, 'lr': 0.00072319, 'params': 201514, 'time_iter': 0.02545, 'accuracy': 0.83863, 'f1': 0.83864, 'auc': 0.989}
val: {'epoch': 313, 'time_epoch': 0.31154, 'loss': 0.70033821, 'lr': 0, 'params': 201514, 'time_iter': 0.01558, 'accuracy': 0.7464, 'f1': 0.74373, 'auc': 0.97596}
test: {'epoch': 313, 'time_epoch': 0.87211, 'loss': 2.12338032, 'lr': 0, 'params': 201514, 'time_iter': 0.0218, 'accuracy': 0.5119, 'f1': 0.50583, 'auc': 0.89828}
> Epoch 313: took 4.2s (avg 4.2s) | Best so far: epoch 304	train_loss: 0.3930 train_accuracy: 0.8362	val_loss: 0.4872 val_accuracy: 0.7982	test_loss: 1.7899 test_accuracy: 0.5539
train: {'epoch': 314, 'time_epoch': 2.9987, 'eta': 2036.55655, 'eta_hours': 0.56571, 'loss': 0.38941002, 'lr': 0.00072213, 'params': 201514, 'time_iter': 0.02541, 'accuracy': 0.84077, 'f1': 0.84079, 'auc': 0.98903}
val: {'epoch': 314, 'time_epoch': 0.30311, 'loss': 0.66380951, 'lr': 0, 'params': 201514, 'time_iter': 0.01516, 'accuracy': 0.746, 'f1': 0.74412, 'auc': 0.97646}
test: {'epoch': 314, 'time_epoch': 0.88676, 'loss': 2.08104284, 'lr': 0, 'params': 201514, 'time_iter': 0.02217, 'accuracy': 0.5217, 'f1': 0.51436, 'auc': 0.90201}
> Epoch 314: took 4.2s (avg 4.2s) | Best so far: epoch 304	train_loss: 0.3930 train_accuracy: 0.8362	val_loss: 0.4872 val_accuracy: 0.7982	test_loss: 1.7899 test_accuracy: 0.5539
train: {'epoch': 315, 'time_epoch': 3.30439, 'eta': 2034.30061, 'eta_hours': 0.56508, 'loss': 0.37715648, 'lr': 0.00072108, 'params': 201514, 'time_iter': 0.028, 'accuracy': 0.84267, 'f1': 0.84262, 'auc': 0.98957}
val: {'epoch': 315, 'time_epoch': 0.30052, 'loss': 0.48364426, 'lr': 0, 'params': 201514, 'time_iter': 0.01503, 'accuracy': 0.799, 'f1': 0.79845, 'auc': 0.98344}
test: {'epoch': 315, 'time_epoch': 0.88817, 'loss': 1.5992355, 'lr': 0, 'params': 201514, 'time_iter': 0.0222, 'accuracy': 0.5625, 'f1': 0.55932, 'auc': 0.91763}
> Epoch 315: took 4.5s (avg 4.2s) | Best so far: epoch 315	train_loss: 0.3772 train_accuracy: 0.8427	val_loss: 0.4836 val_accuracy: 0.7990	test_loss: 1.5992 test_accuracy: 0.5625
train: {'epoch': 316, 'time_epoch': 3.22874, 'eta': 2031.87508, 'eta_hours': 0.56441, 'loss': 0.38621371, 'lr': 0.00072003, 'params': 201514, 'time_iter': 0.02736, 'accuracy': 0.8401, 'f1': 0.84007, 'auc': 0.98909}
val: {'epoch': 316, 'time_epoch': 0.34454, 'loss': 0.63019435, 'lr': 0, 'params': 201514, 'time_iter': 0.01723, 'accuracy': 0.7682, 'f1': 0.76696, 'auc': 0.97821}
test: {'epoch': 316, 'time_epoch': 0.91096, 'loss': 2.05204767, 'lr': 0, 'params': 201514, 'time_iter': 0.02277, 'accuracy': 0.53, 'f1': 0.52359, 'auc': 0.90352}
> Epoch 316: took 4.5s (avg 4.2s) | Best so far: epoch 315	train_loss: 0.3772 train_accuracy: 0.8427	val_loss: 0.4836 val_accuracy: 0.7990	test_loss: 1.5992 test_accuracy: 0.5625
train: {'epoch': 317, 'time_epoch': 2.93671, 'eta': 2028.81819, 'eta_hours': 0.56356, 'loss': 0.38589685, 'lr': 0.00071898, 'params': 201514, 'time_iter': 0.02489, 'accuracy': 0.84183, 'f1': 0.84184, 'auc': 0.98903}
val: {'epoch': 317, 'time_epoch': 0.30001, 'loss': 0.5176262, 'lr': 0, 'params': 201514, 'time_iter': 0.015, 'accuracy': 0.791, 'f1': 0.78791, 'auc': 0.98248}
test: {'epoch': 317, 'time_epoch': 0.8621, 'loss': 2.19277452, 'lr': 0, 'params': 201514, 'time_iter': 0.02155, 'accuracy': 0.5541, 'f1': 0.54434, 'auc': 0.9056}
> Epoch 317: took 4.1s (avg 4.2s) | Best so far: epoch 315	train_loss: 0.3772 train_accuracy: 0.8427	val_loss: 0.4836 val_accuracy: 0.7990	test_loss: 1.5992 test_accuracy: 0.5625
train: {'epoch': 318, 'time_epoch': 3.03203, 'eta': 2025.96554, 'eta_hours': 0.56277, 'loss': 0.37607973, 'lr': 0.00071792, 'params': 201514, 'time_iter': 0.0257, 'accuracy': 0.84487, 'f1': 0.84485, 'auc': 0.98968}
val: {'epoch': 318, 'time_epoch': 0.30104, 'loss': 0.50313763, 'lr': 0, 'params': 201514, 'time_iter': 0.01505, 'accuracy': 0.8008, 'f1': 0.80011, 'auc': 0.98298}
test: {'epoch': 318, 'time_epoch': 0.90473, 'loss': 1.78740903, 'lr': 0, 'params': 201514, 'time_iter': 0.02262, 'accuracy': 0.5612, 'f1': 0.55644, 'auc': 0.91451}
> Epoch 318: took 4.3s (avg 4.2s) | Best so far: epoch 318	train_loss: 0.3761 train_accuracy: 0.8449	val_loss: 0.5031 val_accuracy: 0.8008	test_loss: 1.7874 test_accuracy: 0.5612
train: {'epoch': 319, 'time_epoch': 3.05588, 'eta': 2023.16245, 'eta_hours': 0.56199, 'loss': 0.38292105, 'lr': 0.00071687, 'params': 201514, 'time_iter': 0.0259, 'accuracy': 0.8437, 'f1': 0.8437, 'auc': 0.98933}
val: {'epoch': 319, 'time_epoch': 0.30085, 'loss': 0.65141604, 'lr': 0, 'params': 201514, 'time_iter': 0.01504, 'accuracy': 0.7512, 'f1': 0.74976, 'auc': 0.97686}
test: {'epoch': 319, 'time_epoch': 0.8729, 'loss': 2.04894874, 'lr': 0, 'params': 201514, 'time_iter': 0.02182, 'accuracy': 0.5362, 'f1': 0.53061, 'auc': 0.9047}
> Epoch 319: took 4.3s (avg 4.2s) | Best so far: epoch 318	train_loss: 0.3761 train_accuracy: 0.8449	val_loss: 0.5031 val_accuracy: 0.8008	test_loss: 1.7874 test_accuracy: 0.5612
train: {'epoch': 320, 'time_epoch': 2.96279, 'eta': 2020.16088, 'eta_hours': 0.56116, 'loss': 0.3661834, 'lr': 0.00071582, 'params': 201514, 'time_iter': 0.02511, 'accuracy': 0.85067, 'f1': 0.85074, 'auc': 0.99011}
val: {'epoch': 320, 'time_epoch': 0.32594, 'loss': 0.59201827, 'lr': 0, 'params': 201514, 'time_iter': 0.0163, 'accuracy': 0.7776, 'f1': 0.77323, 'auc': 0.9791}
test: {'epoch': 320, 'time_epoch': 0.90579, 'loss': 1.92052373, 'lr': 0, 'params': 201514, 'time_iter': 0.02264, 'accuracy': 0.5439, 'f1': 0.53504, 'auc': 0.90816}
> Epoch 320: took 4.2s (avg 4.2s) | Best so far: epoch 318	train_loss: 0.3761 train_accuracy: 0.8449	val_loss: 0.5031 val_accuracy: 0.8008	test_loss: 1.7874 test_accuracy: 0.5612
train: {'epoch': 321, 'time_epoch': 2.98927, 'eta': 2017.21532, 'eta_hours': 0.56034, 'loss': 0.37554569, 'lr': 0.00071477, 'params': 201514, 'time_iter': 0.02533, 'accuracy': 0.8466, 'f1': 0.84656, 'auc': 0.9897}
val: {'epoch': 321, 'time_epoch': 0.30112, 'loss': 0.55478217, 'lr': 0, 'params': 201514, 'time_iter': 0.01506, 'accuracy': 0.7772, 'f1': 0.77622, 'auc': 0.9808}
test: {'epoch': 321, 'time_epoch': 0.86559, 'loss': 1.93667354, 'lr': 0, 'params': 201514, 'time_iter': 0.02164, 'accuracy': 0.5431, 'f1': 0.5371, 'auc': 0.90625}
> Epoch 321: took 4.2s (avg 4.2s) | Best so far: epoch 318	train_loss: 0.3761 train_accuracy: 0.8449	val_loss: 0.5031 val_accuracy: 0.8008	test_loss: 1.7874 test_accuracy: 0.5612
train: {'epoch': 322, 'time_epoch': 2.96795, 'eta': 2014.22478, 'eta_hours': 0.55951, 'loss': 0.37737235, 'lr': 0.00071371, 'params': 201514, 'time_iter': 0.02515, 'accuracy': 0.84467, 'f1': 0.84477, 'auc': 0.98951}
val: {'epoch': 322, 'time_epoch': 0.29853, 'loss': 0.51452395, 'lr': 0, 'params': 201514, 'time_iter': 0.01493, 'accuracy': 0.7994, 'f1': 0.798, 'auc': 0.98272}
test: {'epoch': 322, 'time_epoch': 0.86937, 'loss': 2.0322321, 'lr': 0, 'params': 201514, 'time_iter': 0.02173, 'accuracy': 0.5527, 'f1': 0.54632, 'auc': 0.9063}
> Epoch 322: took 4.2s (avg 4.2s) | Best so far: epoch 318	train_loss: 0.3761 train_accuracy: 0.8449	val_loss: 0.5031 val_accuracy: 0.8008	test_loss: 1.7874 test_accuracy: 0.5612
train: {'epoch': 323, 'time_epoch': 3.30222, 'eta': 2011.93181, 'eta_hours': 0.55887, 'loss': 0.3788084, 'lr': 0.00071266, 'params': 201514, 'time_iter': 0.02798, 'accuracy': 0.8453, 'f1': 0.84529, 'auc': 0.98948}
val: {'epoch': 323, 'time_epoch': 0.31692, 'loss': 0.72534042, 'lr': 0, 'params': 201514, 'time_iter': 0.01585, 'accuracy': 0.7406, 'f1': 0.73831, 'auc': 0.97427}
test: {'epoch': 323, 'time_epoch': 0.88824, 'loss': 2.40560006, 'lr': 0, 'params': 201514, 'time_iter': 0.02221, 'accuracy': 0.5126, 'f1': 0.50585, 'auc': 0.89112}
> Epoch 323: took 4.5s (avg 4.2s) | Best so far: epoch 318	train_loss: 0.3761 train_accuracy: 0.8449	val_loss: 0.5031 val_accuracy: 0.8008	test_loss: 1.7874 test_accuracy: 0.5612
train: {'epoch': 324, 'time_epoch': 2.92913, 'eta': 2008.85776, 'eta_hours': 0.55802, 'loss': 0.37539128, 'lr': 0.00071161, 'params': 201514, 'time_iter': 0.02482, 'accuracy': 0.8434, 'f1': 0.84332, 'auc': 0.98957}
val: {'epoch': 324, 'time_epoch': 0.30171, 'loss': 0.69782382, 'lr': 0, 'params': 201514, 'time_iter': 0.01509, 'accuracy': 0.7394, 'f1': 0.73648, 'auc': 0.97504}
test: {'epoch': 324, 'time_epoch': 0.92459, 'loss': 2.51383213, 'lr': 0, 'params': 201514, 'time_iter': 0.02311, 'accuracy': 0.5114, 'f1': 0.50533, 'auc': 0.88887}
> Epoch 324: took 4.2s (avg 4.2s) | Best so far: epoch 318	train_loss: 0.3761 train_accuracy: 0.8449	val_loss: 0.5031 val_accuracy: 0.8008	test_loss: 1.7874 test_accuracy: 0.5612
train: {'epoch': 325, 'time_epoch': 2.92668, 'eta': 2005.77953, 'eta_hours': 0.55716, 'loss': 0.36610048, 'lr': 0.00071056, 'params': 201514, 'time_iter': 0.0248, 'accuracy': 0.84887, 'f1': 0.84886, 'auc': 0.99013}
val: {'epoch': 325, 'time_epoch': 0.30088, 'loss': 0.48696667, 'lr': 0, 'params': 201514, 'time_iter': 0.01504, 'accuracy': 0.8068, 'f1': 0.80558, 'auc': 0.98406}
test: {'epoch': 325, 'time_epoch': 0.82594, 'loss': 1.92028635, 'lr': 0, 'params': 201514, 'time_iter': 0.02065, 'accuracy': 0.5638, 'f1': 0.56093, 'auc': 0.91048}
> Epoch 325: took 4.1s (avg 4.2s) | Best so far: epoch 325	train_loss: 0.3661 train_accuracy: 0.8489	val_loss: 0.4870 val_accuracy: 0.8068	test_loss: 1.9203 test_accuracy: 0.5638
train: {'epoch': 326, 'time_epoch': 2.93555, 'eta': 2002.72047, 'eta_hours': 0.55631, 'loss': 0.37197614, 'lr': 0.0007095, 'params': 201514, 'time_iter': 0.02488, 'accuracy': 0.84747, 'f1': 0.84743, 'auc': 0.98993}
val: {'epoch': 326, 'time_epoch': 0.29606, 'loss': 0.62322324, 'lr': 0, 'params': 201514, 'time_iter': 0.0148, 'accuracy': 0.7644, 'f1': 0.76219, 'auc': 0.97849}
test: {'epoch': 326, 'time_epoch': 0.8757, 'loss': 2.43374119, 'lr': 0, 'params': 201514, 'time_iter': 0.02189, 'accuracy': 0.5236, 'f1': 0.51462, 'auc': 0.8922}
> Epoch 326: took 4.1s (avg 4.2s) | Best so far: epoch 325	train_loss: 0.3661 train_accuracy: 0.8489	val_loss: 0.4870 val_accuracy: 0.8068	test_loss: 1.9203 test_accuracy: 0.5638
train: {'epoch': 327, 'time_epoch': 2.85199, 'eta': 1999.49098, 'eta_hours': 0.55541, 'loss': 0.36496074, 'lr': 0.00070845, 'params': 201514, 'time_iter': 0.02417, 'accuracy': 0.84877, 'f1': 0.84879, 'auc': 0.99015}
val: {'epoch': 327, 'time_epoch': 0.29158, 'loss': 0.53597031, 'lr': 0, 'params': 201514, 'time_iter': 0.01458, 'accuracy': 0.7834, 'f1': 0.78159, 'auc': 0.98138}
test: {'epoch': 327, 'time_epoch': 0.92608, 'loss': 2.17111531, 'lr': 0, 'params': 201514, 'time_iter': 0.02315, 'accuracy': 0.5373, 'f1': 0.52966, 'auc': 0.90246}
> Epoch 327: took 4.1s (avg 4.2s) | Best so far: epoch 325	train_loss: 0.3661 train_accuracy: 0.8489	val_loss: 0.4870 val_accuracy: 0.8068	test_loss: 1.9203 test_accuracy: 0.5638
train: {'epoch': 328, 'time_epoch': 2.83287, 'eta': 1996.22478, 'eta_hours': 0.55451, 'loss': 0.37148081, 'lr': 0.0007074, 'params': 201514, 'time_iter': 0.02401, 'accuracy': 0.84633, 'f1': 0.84634, 'auc': 0.98984}
val: {'epoch': 328, 'time_epoch': 0.29404, 'loss': 0.62790186, 'lr': 0, 'params': 201514, 'time_iter': 0.0147, 'accuracy': 0.7698, 'f1': 0.76742, 'auc': 0.97899}
test: {'epoch': 328, 'time_epoch': 0.88168, 'loss': 2.30637742, 'lr': 0, 'params': 201514, 'time_iter': 0.02204, 'accuracy': 0.5389, 'f1': 0.53082, 'auc': 0.90174}
> Epoch 328: took 4.0s (avg 4.2s) | Best so far: epoch 325	train_loss: 0.3661 train_accuracy: 0.8489	val_loss: 0.4870 val_accuracy: 0.8068	test_loss: 1.9203 test_accuracy: 0.5638
train: {'epoch': 329, 'time_epoch': 2.99302, 'eta': 1993.28637, 'eta_hours': 0.55369, 'loss': 0.37509882, 'lr': 0.00070635, 'params': 201514, 'time_iter': 0.02536, 'accuracy': 0.84613, 'f1': 0.84614, 'auc': 0.98971}
val: {'epoch': 329, 'time_epoch': 0.29501, 'loss': 0.52022431, 'lr': 0, 'params': 201514, 'time_iter': 0.01475, 'accuracy': 0.7928, 'f1': 0.79133, 'auc': 0.98252}
test: {'epoch': 329, 'time_epoch': 0.85258, 'loss': 1.98697726, 'lr': 0, 'params': 201514, 'time_iter': 0.02131, 'accuracy': 0.5467, 'f1': 0.54188, 'auc': 0.90682}
> Epoch 329: took 4.2s (avg 4.2s) | Best so far: epoch 325	train_loss: 0.3661 train_accuracy: 0.8489	val_loss: 0.4870 val_accuracy: 0.8068	test_loss: 1.9203 test_accuracy: 0.5638
train: {'epoch': 330, 'time_epoch': 3.20308, 'eta': 1990.7722, 'eta_hours': 0.55299, 'loss': 0.35761524, 'lr': 0.00070529, 'params': 201514, 'time_iter': 0.02714, 'accuracy': 0.85187, 'f1': 0.85189, 'auc': 0.99054}
val: {'epoch': 330, 'time_epoch': 0.30553, 'loss': 0.54327781, 'lr': 0, 'params': 201514, 'time_iter': 0.01528, 'accuracy': 0.7904, 'f1': 0.78649, 'auc': 0.98235}
test: {'epoch': 330, 'time_epoch': 0.88665, 'loss': 1.99046088, 'lr': 0, 'params': 201514, 'time_iter': 0.02217, 'accuracy': 0.5484, 'f1': 0.53906, 'auc': 0.90863}
> Epoch 330: took 4.4s (avg 4.2s) | Best so far: epoch 325	train_loss: 0.3661 train_accuracy: 0.8489	val_loss: 0.4870 val_accuracy: 0.8068	test_loss: 1.9203 test_accuracy: 0.5638
train: {'epoch': 331, 'time_epoch': 2.91462, 'eta': 1987.67347, 'eta_hours': 0.55213, 'loss': 0.36389775, 'lr': 0.00070424, 'params': 201514, 'time_iter': 0.0247, 'accuracy': 0.85073, 'f1': 0.85074, 'auc': 0.99026}
val: {'epoch': 331, 'time_epoch': 0.29419, 'loss': 0.54356733, 'lr': 0, 'params': 201514, 'time_iter': 0.01471, 'accuracy': 0.7844, 'f1': 0.78252, 'auc': 0.98085}
test: {'epoch': 331, 'time_epoch': 0.85879, 'loss': 1.8404386, 'lr': 0, 'params': 201514, 'time_iter': 0.02147, 'accuracy': 0.5442, 'f1': 0.54219, 'auc': 0.91018}
> Epoch 331: took 4.1s (avg 4.2s) | Best so far: epoch 325	train_loss: 0.3661 train_accuracy: 0.8489	val_loss: 0.4870 val_accuracy: 0.8068	test_loss: 1.9203 test_accuracy: 0.5638
train: {'epoch': 332, 'time_epoch': 2.92632, 'eta': 1984.59928, 'eta_hours': 0.55128, 'loss': 0.35971323, 'lr': 0.00070319, 'params': 201514, 'time_iter': 0.0248, 'accuracy': 0.8523, 'f1': 0.85225, 'auc': 0.99042}
val: {'epoch': 332, 'time_epoch': 0.29554, 'loss': 0.62770475, 'lr': 0, 'params': 201514, 'time_iter': 0.01478, 'accuracy': 0.7566, 'f1': 0.75499, 'auc': 0.97859}
test: {'epoch': 332, 'time_epoch': 0.91035, 'loss': 2.00869335, 'lr': 0, 'params': 201514, 'time_iter': 0.02276, 'accuracy': 0.5314, 'f1': 0.52807, 'auc': 0.90643}
> Epoch 332: took 4.2s (avg 4.2s) | Best so far: epoch 325	train_loss: 0.3661 train_accuracy: 0.8489	val_loss: 0.4870 val_accuracy: 0.8068	test_loss: 1.9203 test_accuracy: 0.5638
train: {'epoch': 333, 'time_epoch': 2.93877, 'eta': 1981.55082, 'eta_hours': 0.55043, 'loss': 0.35915869, 'lr': 0.00070214, 'params': 201514, 'time_iter': 0.0249, 'accuracy': 0.85193, 'f1': 0.85201, 'auc': 0.99045}
val: {'epoch': 333, 'time_epoch': 0.29352, 'loss': 0.64347312, 'lr': 0, 'params': 201514, 'time_iter': 0.01468, 'accuracy': 0.7644, 'f1': 0.7618, 'auc': 0.97835}
test: {'epoch': 333, 'time_epoch': 0.87835, 'loss': 2.26606779, 'lr': 0, 'params': 201514, 'time_iter': 0.02196, 'accuracy': 0.524, 'f1': 0.51654, 'auc': 0.89844}
> Epoch 333: took 4.1s (avg 4.2s) | Best so far: epoch 325	train_loss: 0.3661 train_accuracy: 0.8489	val_loss: 0.4870 val_accuracy: 0.8068	test_loss: 1.9203 test_accuracy: 0.5638
train: {'epoch': 334, 'time_epoch': 2.9612, 'eta': 1978.54751, 'eta_hours': 0.5496, 'loss': 0.35208062, 'lr': 0.00070108, 'params': 201514, 'time_iter': 0.02509, 'accuracy': 0.8552, 'f1': 0.85522, 'auc': 0.99075}
val: {'epoch': 334, 'time_epoch': 0.32004, 'loss': 0.65535563, 'lr': 0, 'params': 201514, 'time_iter': 0.016, 'accuracy': 0.7664, 'f1': 0.76415, 'auc': 0.97797}
test: {'epoch': 334, 'time_epoch': 0.9583, 'loss': 2.1630042, 'lr': 0, 'params': 201514, 'time_iter': 0.02396, 'accuracy': 0.5279, 'f1': 0.5251, 'auc': 0.90273}
> Epoch 334: took 4.3s (avg 4.2s) | Best so far: epoch 325	train_loss: 0.3661 train_accuracy: 0.8489	val_loss: 0.4870 val_accuracy: 0.8068	test_loss: 1.9203 test_accuracy: 0.5638
train: {'epoch': 335, 'time_epoch': 3.08734, 'eta': 1975.79375, 'eta_hours': 0.54883, 'loss': 0.35480063, 'lr': 0.00070003, 'params': 201514, 'time_iter': 0.02616, 'accuracy': 0.85337, 'f1': 0.85335, 'auc': 0.99062}
val: {'epoch': 335, 'time_epoch': 0.2873, 'loss': 0.64152485, 'lr': 0, 'params': 201514, 'time_iter': 0.01437, 'accuracy': 0.7666, 'f1': 0.76564, 'auc': 0.9782}
test: {'epoch': 335, 'time_epoch': 0.85959, 'loss': 2.18490537, 'lr': 0, 'params': 201514, 'time_iter': 0.02149, 'accuracy': 0.53, 'f1': 0.52402, 'auc': 0.90186}
> Epoch 335: took 4.3s (avg 4.2s) | Best so far: epoch 325	train_loss: 0.3661 train_accuracy: 0.8489	val_loss: 0.4870 val_accuracy: 0.8068	test_loss: 1.9203 test_accuracy: 0.5638
train: {'epoch': 336, 'time_epoch': 2.94592, 'eta': 1972.75978, 'eta_hours': 0.54799, 'loss': 0.35619938, 'lr': 0.00069898, 'params': 201514, 'time_iter': 0.02497, 'accuracy': 0.85597, 'f1': 0.85595, 'auc': 0.99061}
val: {'epoch': 336, 'time_epoch': 0.30333, 'loss': 0.55992175, 'lr': 0, 'params': 201514, 'time_iter': 0.01517, 'accuracy': 0.786, 'f1': 0.78415, 'auc': 0.98103}
test: {'epoch': 336, 'time_epoch': 0.89703, 'loss': 2.26325291, 'lr': 0, 'params': 201514, 'time_iter': 0.02243, 'accuracy': 0.5377, 'f1': 0.53153, 'auc': 0.90072}
> Epoch 336: took 4.2s (avg 4.2s) | Best so far: epoch 325	train_loss: 0.3661 train_accuracy: 0.8489	val_loss: 0.4870 val_accuracy: 0.8068	test_loss: 1.9203 test_accuracy: 0.5638
train: {'epoch': 337, 'time_epoch': 3.10603, 'eta': 1970.03991, 'eta_hours': 0.54723, 'loss': 0.35381133, 'lr': 0.00069792, 'params': 201514, 'time_iter': 0.02632, 'accuracy': 0.85603, 'f1': 0.85605, 'auc': 0.99076}
val: {'epoch': 337, 'time_epoch': 0.30872, 'loss': 0.50834651, 'lr': 0, 'params': 201514, 'time_iter': 0.01544, 'accuracy': 0.8036, 'f1': 0.80311, 'auc': 0.98348}
test: {'epoch': 337, 'time_epoch': 0.90819, 'loss': 1.95440432, 'lr': 0, 'params': 201514, 'time_iter': 0.0227, 'accuracy': 0.5489, 'f1': 0.54477, 'auc': 0.90995}
> Epoch 337: took 4.4s (avg 4.2s) | Best so far: epoch 325	train_loss: 0.3661 train_accuracy: 0.8489	val_loss: 0.4870 val_accuracy: 0.8068	test_loss: 1.9203 test_accuracy: 0.5638
train: {'epoch': 338, 'time_epoch': 2.85766, 'eta': 1966.83348, 'eta_hours': 0.54634, 'loss': 0.35965294, 'lr': 0.00069687, 'params': 201514, 'time_iter': 0.02422, 'accuracy': 0.85367, 'f1': 0.85372, 'auc': 0.99054}
val: {'epoch': 338, 'time_epoch': 0.29005, 'loss': 0.5227961, 'lr': 0, 'params': 201514, 'time_iter': 0.0145, 'accuracy': 0.7926, 'f1': 0.79189, 'auc': 0.98181}
test: {'epoch': 338, 'time_epoch': 0.85893, 'loss': 1.89183734, 'lr': 0, 'params': 201514, 'time_iter': 0.02147, 'accuracy': 0.5456, 'f1': 0.54219, 'auc': 0.91048}
> Epoch 338: took 4.0s (avg 4.2s) | Best so far: epoch 325	train_loss: 0.3661 train_accuracy: 0.8489	val_loss: 0.4870 val_accuracy: 0.8068	test_loss: 1.9203 test_accuracy: 0.5638
train: {'epoch': 339, 'time_epoch': 2.94856, 'eta': 1963.80556, 'eta_hours': 0.5455, 'loss': 0.34942106, 'lr': 0.00069582, 'params': 201514, 'time_iter': 0.02499, 'accuracy': 0.85633, 'f1': 0.85635, 'auc': 0.99086}
val: {'epoch': 339, 'time_epoch': 0.30667, 'loss': 0.56850602, 'lr': 0, 'params': 201514, 'time_iter': 0.01533, 'accuracy': 0.7756, 'f1': 0.77364, 'auc': 0.98028}
test: {'epoch': 339, 'time_epoch': 0.85226, 'loss': 1.87010146, 'lr': 0, 'params': 201514, 'time_iter': 0.02131, 'accuracy': 0.5501, 'f1': 0.54602, 'auc': 0.91106}
> Epoch 339: took 4.1s (avg 4.2s) | Best so far: epoch 325	train_loss: 0.3661 train_accuracy: 0.8489	val_loss: 0.4870 val_accuracy: 0.8068	test_loss: 1.9203 test_accuracy: 0.5638
train: {'epoch': 340, 'time_epoch': 2.97784, 'eta': 1960.83469, 'eta_hours': 0.54468, 'loss': 0.34552645, 'lr': 0.00069477, 'params': 201514, 'time_iter': 0.02524, 'accuracy': 0.85913, 'f1': 0.85916, 'auc': 0.99112}
val: {'epoch': 340, 'time_epoch': 0.30704, 'loss': 0.67619196, 'lr': 0, 'params': 201514, 'time_iter': 0.01535, 'accuracy': 0.748, 'f1': 0.74594, 'auc': 0.97666}
test: {'epoch': 340, 'time_epoch': 0.90711, 'loss': 2.28602737, 'lr': 0, 'params': 201514, 'time_iter': 0.02268, 'accuracy': 0.5161, 'f1': 0.51007, 'auc': 0.89544}
> Epoch 340: took 4.2s (avg 4.2s) | Best so far: epoch 325	train_loss: 0.3661 train_accuracy: 0.8489	val_loss: 0.4870 val_accuracy: 0.8068	test_loss: 1.9203 test_accuracy: 0.5638
train: {'epoch': 341, 'time_epoch': 2.92191, 'eta': 1957.75618, 'eta_hours': 0.54382, 'loss': 0.34460287, 'lr': 0.00069371, 'params': 201514, 'time_iter': 0.02476, 'accuracy': 0.86073, 'f1': 0.86077, 'auc': 0.99127}
val: {'epoch': 341, 'time_epoch': 0.3298, 'loss': 0.60904493, 'lr': 0, 'params': 201514, 'time_iter': 0.01649, 'accuracy': 0.7586, 'f1': 0.75637, 'auc': 0.97885}
test: {'epoch': 341, 'time_epoch': 0.8915, 'loss': 1.8591139, 'lr': 0, 'params': 201514, 'time_iter': 0.02229, 'accuracy': 0.5367, 'f1': 0.53394, 'auc': 0.91005}
> Epoch 341: took 4.2s (avg 4.2s) | Best so far: epoch 325	train_loss: 0.3661 train_accuracy: 0.8489	val_loss: 0.4870 val_accuracy: 0.8068	test_loss: 1.9203 test_accuracy: 0.5638
train: {'epoch': 342, 'time_epoch': 2.94401, 'eta': 1954.72091, 'eta_hours': 0.54298, 'loss': 0.34471933, 'lr': 0.00069266, 'params': 201514, 'time_iter': 0.02495, 'accuracy': 0.8589, 'f1': 0.85892, 'auc': 0.99114}
val: {'epoch': 342, 'time_epoch': 0.29254, 'loss': 0.54297825, 'lr': 0, 'params': 201514, 'time_iter': 0.01463, 'accuracy': 0.798, 'f1': 0.79587, 'auc': 0.98259}
test: {'epoch': 342, 'time_epoch': 0.87649, 'loss': 2.27963989, 'lr': 0, 'params': 201514, 'time_iter': 0.02191, 'accuracy': 0.5393, 'f1': 0.53581, 'auc': 0.90005}
> Epoch 342: took 4.1s (avg 4.2s) | Best so far: epoch 325	train_loss: 0.3661 train_accuracy: 0.8489	val_loss: 0.4870 val_accuracy: 0.8068	test_loss: 1.9203 test_accuracy: 0.5638
train: {'epoch': 343, 'time_epoch': 3.10223, 'eta': 1951.9879, 'eta_hours': 0.54222, 'loss': 0.35082766, 'lr': 0.00069161, 'params': 201514, 'time_iter': 0.02629, 'accuracy': 0.85793, 'f1': 0.85792, 'auc': 0.9909}
val: {'epoch': 343, 'time_epoch': 0.347, 'loss': 0.54446904, 'lr': 0, 'params': 201514, 'time_iter': 0.01735, 'accuracy': 0.791, 'f1': 0.79042, 'auc': 0.98226}
test: {'epoch': 343, 'time_epoch': 1.23138, 'loss': 2.0016217, 'lr': 0, 'params': 201514, 'time_iter': 0.03078, 'accuracy': 0.5468, 'f1': 0.54229, 'auc': 0.90906}
> Epoch 343: took 4.7s (avg 4.2s) | Best so far: epoch 325	train_loss: 0.3661 train_accuracy: 0.8489	val_loss: 0.4870 val_accuracy: 0.8068	test_loss: 1.9203 test_accuracy: 0.5638
train: {'epoch': 344, 'time_epoch': 2.85854, 'eta': 1948.79008, 'eta_hours': 0.54133, 'loss': 0.35928818, 'lr': 0.00069056, 'params': 201514, 'time_iter': 0.02422, 'accuracy': 0.8549, 'f1': 0.85493, 'auc': 0.99047}
val: {'epoch': 344, 'time_epoch': 0.28852, 'loss': 0.57305101, 'lr': 0, 'params': 201514, 'time_iter': 0.01443, 'accuracy': 0.781, 'f1': 0.77958, 'auc': 0.9797}
test: {'epoch': 344, 'time_epoch': 0.88413, 'loss': 2.37939328, 'lr': 0, 'params': 201514, 'time_iter': 0.0221, 'accuracy': 0.519, 'f1': 0.51263, 'auc': 0.89543}
> Epoch 344: took 4.1s (avg 4.2s) | Best so far: epoch 325	train_loss: 0.3661 train_accuracy: 0.8489	val_loss: 0.4870 val_accuracy: 0.8068	test_loss: 1.9203 test_accuracy: 0.5638
train: {'epoch': 345, 'time_epoch': 2.9174, 'eta': 1945.70547, 'eta_hours': 0.54047, 'loss': 0.35327996, 'lr': 0.0006895, 'params': 201514, 'time_iter': 0.02472, 'accuracy': 0.85693, 'f1': 0.85702, 'auc': 0.99082}
val: {'epoch': 345, 'time_epoch': 0.29204, 'loss': 0.58849759, 'lr': 0, 'params': 201514, 'time_iter': 0.0146, 'accuracy': 0.771, 'f1': 0.76949, 'auc': 0.98058}
test: {'epoch': 345, 'time_epoch': 0.89671, 'loss': 2.40471542, 'lr': 0, 'params': 201514, 'time_iter': 0.02242, 'accuracy': 0.5219, 'f1': 0.51532, 'auc': 0.89741}
> Epoch 345: took 4.1s (avg 4.2s) | Best so far: epoch 325	train_loss: 0.3661 train_accuracy: 0.8489	val_loss: 0.4870 val_accuracy: 0.8068	test_loss: 1.9203 test_accuracy: 0.5638
train: {'epoch': 346, 'time_epoch': 2.89421, 'eta': 1942.5782, 'eta_hours': 0.53961, 'loss': 0.3365141, 'lr': 0.00068845, 'params': 201514, 'time_iter': 0.02453, 'accuracy': 0.86097, 'f1': 0.86097, 'auc': 0.99152}
val: {'epoch': 346, 'time_epoch': 0.29522, 'loss': 0.53259653, 'lr': 0, 'params': 201514, 'time_iter': 0.01476, 'accuracy': 0.8002, 'f1': 0.79781, 'auc': 0.98274}
test: {'epoch': 346, 'time_epoch': 0.8571, 'loss': 2.39009998, 'lr': 0, 'params': 201514, 'time_iter': 0.02143, 'accuracy': 0.5402, 'f1': 0.53368, 'auc': 0.89798}
> Epoch 346: took 4.1s (avg 4.2s) | Best so far: epoch 325	train_loss: 0.3661 train_accuracy: 0.8489	val_loss: 0.4870 val_accuracy: 0.8068	test_loss: 1.9203 test_accuracy: 0.5638
train: {'epoch': 347, 'time_epoch': 2.93955, 'eta': 1939.53721, 'eta_hours': 0.53876, 'loss': 0.34348037, 'lr': 0.0006874, 'params': 201514, 'time_iter': 0.02491, 'accuracy': 0.86147, 'f1': 0.8614, 'auc': 0.99123}
val: {'epoch': 347, 'time_epoch': 0.29152, 'loss': 0.71996216, 'lr': 0, 'params': 201514, 'time_iter': 0.01458, 'accuracy': 0.7416, 'f1': 0.73958, 'auc': 0.97426}
test: {'epoch': 347, 'time_epoch': 0.87094, 'loss': 2.2542957, 'lr': 0, 'params': 201514, 'time_iter': 0.02177, 'accuracy': 0.5159, 'f1': 0.51042, 'auc': 0.90048}
> Epoch 347: took 4.1s (avg 4.2s) | Best so far: epoch 325	train_loss: 0.3661 train_accuracy: 0.8489	val_loss: 0.4870 val_accuracy: 0.8068	test_loss: 1.9203 test_accuracy: 0.5638
train: {'epoch': 348, 'time_epoch': 2.8001, 'eta': 1936.23668, 'eta_hours': 0.53784, 'loss': 0.34436915, 'lr': 0.00068635, 'params': 201514, 'time_iter': 0.02373, 'accuracy': 0.8599, 'f1': 0.85989, 'auc': 0.99115}
val: {'epoch': 348, 'time_epoch': 0.28953, 'loss': 0.48739888, 'lr': 0, 'params': 201514, 'time_iter': 0.01448, 'accuracy': 0.8038, 'f1': 0.8027, 'auc': 0.98384}
test: {'epoch': 348, 'time_epoch': 0.86884, 'loss': 1.85145188, 'lr': 0, 'params': 201514, 'time_iter': 0.02172, 'accuracy': 0.5617, 'f1': 0.55888, 'auc': 0.91412}
> Epoch 348: took 4.0s (avg 4.2s) | Best so far: epoch 325	train_loss: 0.3661 train_accuracy: 0.8489	val_loss: 0.4870 val_accuracy: 0.8068	test_loss: 1.9203 test_accuracy: 0.5638
train: {'epoch': 349, 'time_epoch': 2.93264, 'eta': 1933.18516, 'eta_hours': 0.537, 'loss': 0.340407, 'lr': 0.00068529, 'params': 201514, 'time_iter': 0.02485, 'accuracy': 0.86303, 'f1': 0.86306, 'auc': 0.9914}
val: {'epoch': 349, 'time_epoch': 0.29602, 'loss': 0.49973045, 'lr': 0, 'params': 201514, 'time_iter': 0.0148, 'accuracy': 0.8014, 'f1': 0.8009, 'auc': 0.98319}
test: {'epoch': 349, 'time_epoch': 0.84279, 'loss': 1.69929096, 'lr': 0, 'params': 201514, 'time_iter': 0.02107, 'accuracy': 0.5654, 'f1': 0.56299, 'auc': 0.91827}
> Epoch 349: took 4.1s (avg 4.2s) | Best so far: epoch 325	train_loss: 0.3661 train_accuracy: 0.8489	val_loss: 0.4870 val_accuracy: 0.8068	test_loss: 1.9203 test_accuracy: 0.5638
train: {'epoch': 350, 'time_epoch': 2.85656, 'eta': 1929.99364, 'eta_hours': 0.53611, 'loss': 0.33264422, 'lr': 0.00068424, 'params': 201514, 'time_iter': 0.02421, 'accuracy': 0.86353, 'f1': 0.86353, 'auc': 0.99169}
val: {'epoch': 350, 'time_epoch': 0.29253, 'loss': 0.59761344, 'lr': 0, 'params': 201514, 'time_iter': 0.01463, 'accuracy': 0.7698, 'f1': 0.76783, 'auc': 0.9788}
test: {'epoch': 350, 'time_epoch': 1.09546, 'loss': 2.14706258, 'lr': 0, 'params': 201514, 'time_iter': 0.02739, 'accuracy': 0.5272, 'f1': 0.5231, 'auc': 0.90207}
> Epoch 350: took 4.3s (avg 4.2s) | Best so far: epoch 325	train_loss: 0.3661 train_accuracy: 0.8489	val_loss: 0.4870 val_accuracy: 0.8068	test_loss: 1.9203 test_accuracy: 0.5638
train: {'epoch': 351, 'time_epoch': 2.97459, 'eta': 1927.02131, 'eta_hours': 0.53528, 'loss': 0.3457612, 'lr': 0.00068319, 'params': 201514, 'time_iter': 0.02521, 'accuracy': 0.85767, 'f1': 0.85768, 'auc': 0.99108}
val: {'epoch': 351, 'time_epoch': 0.2942, 'loss': 0.63634694, 'lr': 0, 'params': 201514, 'time_iter': 0.01471, 'accuracy': 0.7708, 'f1': 0.76881, 'auc': 0.97853}
test: {'epoch': 351, 'time_epoch': 0.88521, 'loss': 2.40352261, 'lr': 0, 'params': 201514, 'time_iter': 0.02213, 'accuracy': 0.5208, 'f1': 0.51542, 'auc': 0.89777}
> Epoch 351: took 4.2s (avg 4.2s) | Best so far: epoch 325	train_loss: 0.3661 train_accuracy: 0.8489	val_loss: 0.4870 val_accuracy: 0.8068	test_loss: 1.9203 test_accuracy: 0.5638
train: {'epoch': 352, 'time_epoch': 2.87587, 'eta': 1923.86802, 'eta_hours': 0.53441, 'loss': 0.32678201, 'lr': 0.00068214, 'params': 201514, 'time_iter': 0.02437, 'accuracy': 0.8669, 'f1': 0.86687, 'auc': 0.99196}
val: {'epoch': 352, 'time_epoch': 0.2912, 'loss': 0.55492041, 'lr': 0, 'params': 201514, 'time_iter': 0.01456, 'accuracy': 0.7868, 'f1': 0.78592, 'auc': 0.98204}
test: {'epoch': 352, 'time_epoch': 0.85558, 'loss': 2.30052742, 'lr': 0, 'params': 201514, 'time_iter': 0.02139, 'accuracy': 0.5341, 'f1': 0.53018, 'auc': 0.90095}
> Epoch 352: took 4.1s (avg 4.2s) | Best so far: epoch 325	train_loss: 0.3661 train_accuracy: 0.8489	val_loss: 0.4870 val_accuracy: 0.8068	test_loss: 1.9203 test_accuracy: 0.5638
train: {'epoch': 353, 'time_epoch': 2.95628, 'eta': 1920.86304, 'eta_hours': 0.53357, 'loss': 0.33858923, 'lr': 0.00068108, 'params': 201514, 'time_iter': 0.02505, 'accuracy': 0.8637, 'f1': 0.86366, 'auc': 0.99151}
val: {'epoch': 353, 'time_epoch': 0.29372, 'loss': 0.72347226, 'lr': 0, 'params': 201514, 'time_iter': 0.01469, 'accuracy': 0.748, 'f1': 0.74528, 'auc': 0.97492}
test: {'epoch': 353, 'time_epoch': 0.8781, 'loss': 2.42538797, 'lr': 0, 'params': 201514, 'time_iter': 0.02195, 'accuracy': 0.5051, 'f1': 0.49687, 'auc': 0.89297}
> Epoch 353: took 4.2s (avg 4.2s) | Best so far: epoch 325	train_loss: 0.3661 train_accuracy: 0.8489	val_loss: 0.4870 val_accuracy: 0.8068	test_loss: 1.9203 test_accuracy: 0.5638
train: {'epoch': 354, 'time_epoch': 2.89966, 'eta': 1917.75546, 'eta_hours': 0.53271, 'loss': 0.34208875, 'lr': 0.00068003, 'params': 201514, 'time_iter': 0.02457, 'accuracy': 0.86363, 'f1': 0.86365, 'auc': 0.99127}
val: {'epoch': 354, 'time_epoch': 0.29272, 'loss': 0.56570112, 'lr': 0, 'params': 201514, 'time_iter': 0.01464, 'accuracy': 0.792, 'f1': 0.79082, 'auc': 0.98162}
test: {'epoch': 354, 'time_epoch': 0.9162, 'loss': 2.08428834, 'lr': 0, 'params': 201514, 'time_iter': 0.0229, 'accuracy': 0.5547, 'f1': 0.55039, 'auc': 0.90939}
> Epoch 354: took 4.1s (avg 4.2s) | Best so far: epoch 325	train_loss: 0.3661 train_accuracy: 0.8489	val_loss: 0.4870 val_accuracy: 0.8068	test_loss: 1.9203 test_accuracy: 0.5638
train: {'epoch': 355, 'time_epoch': 2.87387, 'eta': 1914.6024, 'eta_hours': 0.53183, 'loss': 0.33259893, 'lr': 0.00067898, 'params': 201514, 'time_iter': 0.02435, 'accuracy': 0.86553, 'f1': 0.86554, 'auc': 0.99171}
val: {'epoch': 355, 'time_epoch': 0.29403, 'loss': 0.49927134, 'lr': 0, 'params': 201514, 'time_iter': 0.0147, 'accuracy': 0.8004, 'f1': 0.79951, 'auc': 0.98341}
test: {'epoch': 355, 'time_epoch': 0.8693, 'loss': 1.81193629, 'lr': 0, 'params': 201514, 'time_iter': 0.02173, 'accuracy': 0.5665, 'f1': 0.56527, 'auc': 0.91581}
> Epoch 355: took 4.1s (avg 4.2s) | Best so far: epoch 325	train_loss: 0.3661 train_accuracy: 0.8489	val_loss: 0.4870 val_accuracy: 0.8068	test_loss: 1.9203 test_accuracy: 0.5638
train: {'epoch': 356, 'time_epoch': 2.89463, 'eta': 1911.48829, 'eta_hours': 0.53097, 'loss': 0.33053405, 'lr': 0.00067793, 'params': 201514, 'time_iter': 0.02453, 'accuracy': 0.86613, 'f1': 0.86605, 'auc': 0.99177}
val: {'epoch': 356, 'time_epoch': 0.3347, 'loss': 0.56590688, 'lr': 0, 'params': 201514, 'time_iter': 0.01673, 'accuracy': 0.791, 'f1': 0.78945, 'auc': 0.98137}
test: {'epoch': 356, 'time_epoch': 0.88561, 'loss': 2.30423333, 'lr': 0, 'params': 201514, 'time_iter': 0.02214, 'accuracy': 0.5417, 'f1': 0.53448, 'auc': 0.90175}
> Epoch 356: took 4.1s (avg 4.2s) | Best so far: epoch 325	train_loss: 0.3661 train_accuracy: 0.8489	val_loss: 0.4870 val_accuracy: 0.8068	test_loss: 1.9203 test_accuracy: 0.5638
train: {'epoch': 357, 'time_epoch': 2.77903, 'eta': 1908.1681, 'eta_hours': 0.53005, 'loss': 0.33768207, 'lr': 0.00067687, 'params': 201514, 'time_iter': 0.02355, 'accuracy': 0.86477, 'f1': 0.86476, 'auc': 0.99155}
val: {'epoch': 357, 'time_epoch': 0.2907, 'loss': 0.73274545, 'lr': 0, 'params': 201514, 'time_iter': 0.01453, 'accuracy': 0.738, 'f1': 0.7353, 'auc': 0.97506}
test: {'epoch': 357, 'time_epoch': 1.14964, 'loss': 2.366009, 'lr': 0, 'params': 201514, 'time_iter': 0.02874, 'accuracy': 0.5144, 'f1': 0.50751, 'auc': 0.89747}
> Epoch 357: took 4.3s (avg 4.2s) | Best so far: epoch 325	train_loss: 0.3661 train_accuracy: 0.8489	val_loss: 0.4870 val_accuracy: 0.8068	test_loss: 1.9203 test_accuracy: 0.5638
train: {'epoch': 358, 'time_epoch': 2.97709, 'eta': 1905.20457, 'eta_hours': 0.52922, 'loss': 0.32637814, 'lr': 0.00067582, 'params': 201514, 'time_iter': 0.02523, 'accuracy': 0.86767, 'f1': 0.8677, 'auc': 0.99209}
val: {'epoch': 358, 'time_epoch': 0.30178, 'loss': 0.78494512, 'lr': 0, 'params': 201514, 'time_iter': 0.01509, 'accuracy': 0.7188, 'f1': 0.71663, 'auc': 0.97183}
test: {'epoch': 358, 'time_epoch': 0.90476, 'loss': 2.80983909, 'lr': 0, 'params': 201514, 'time_iter': 0.02262, 'accuracy': 0.4867, 'f1': 0.47914, 'auc': 0.8839}
> Epoch 358: took 4.2s (avg 4.2s) | Best so far: epoch 325	train_loss: 0.3661 train_accuracy: 0.8489	val_loss: 0.4870 val_accuracy: 0.8068	test_loss: 1.9203 test_accuracy: 0.5638
train: {'epoch': 359, 'time_epoch': 2.92246, 'eta': 1902.14383, 'eta_hours': 0.52837, 'loss': 0.33691771, 'lr': 0.00067477, 'params': 201514, 'time_iter': 0.02477, 'accuracy': 0.86317, 'f1': 0.86318, 'auc': 0.99165}
val: {'epoch': 359, 'time_epoch': 0.30952, 'loss': 0.54973752, 'lr': 0, 'params': 201514, 'time_iter': 0.01548, 'accuracy': 0.7888, 'f1': 0.78756, 'auc': 0.98171}
test: {'epoch': 359, 'time_epoch': 0.95552, 'loss': 2.50376304, 'lr': 0, 'params': 201514, 'time_iter': 0.02389, 'accuracy': 0.5308, 'f1': 0.52461, 'auc': 0.89464}
> Epoch 359: took 4.2s (avg 4.2s) | Best so far: epoch 325	train_loss: 0.3661 train_accuracy: 0.8489	val_loss: 0.4870 val_accuracy: 0.8068	test_loss: 1.9203 test_accuracy: 0.5638
train: {'epoch': 360, 'time_epoch': 2.93009, 'eta': 1899.09738, 'eta_hours': 0.52753, 'loss': 0.32169429, 'lr': 0.00067372, 'params': 201514, 'time_iter': 0.02483, 'accuracy': 0.86793, 'f1': 0.86796, 'auc': 0.99222}
val: {'epoch': 360, 'time_epoch': 0.29764, 'loss': 0.52872044, 'lr': 0, 'params': 201514, 'time_iter': 0.01488, 'accuracy': 0.8086, 'f1': 0.80782, 'auc': 0.9835}
test: {'epoch': 360, 'time_epoch': 0.8578, 'loss': 2.07180538, 'lr': 0, 'params': 201514, 'time_iter': 0.02145, 'accuracy': 0.5561, 'f1': 0.5528, 'auc': 0.91135}
> Epoch 360: took 4.1s (avg 4.2s) | Best so far: epoch 360	train_loss: 0.3217 train_accuracy: 0.8679	val_loss: 0.5287 val_accuracy: 0.8086	test_loss: 2.0718 test_accuracy: 0.5561
train: {'epoch': 361, 'time_epoch': 2.94443, 'eta': 1896.07684, 'eta_hours': 0.52669, 'loss': 0.3305387, 'lr': 0.00067266, 'params': 201514, 'time_iter': 0.02495, 'accuracy': 0.86717, 'f1': 0.86717, 'auc': 0.99181}
val: {'epoch': 361, 'time_epoch': 0.30355, 'loss': 0.62256664, 'lr': 0, 'params': 201514, 'time_iter': 0.01518, 'accuracy': 0.7616, 'f1': 0.75849, 'auc': 0.97676}
test: {'epoch': 361, 'time_epoch': 0.95171, 'loss': 1.97738893, 'lr': 0, 'params': 201514, 'time_iter': 0.02379, 'accuracy': 0.542, 'f1': 0.53883, 'auc': 0.90899}
> Epoch 361: took 4.2s (avg 4.2s) | Best so far: epoch 360	train_loss: 0.3217 train_accuracy: 0.8679	val_loss: 0.5287 val_accuracy: 0.8086	test_loss: 2.0718 test_accuracy: 0.5561
train: {'epoch': 362, 'time_epoch': 3.04678, 'eta': 1893.23633, 'eta_hours': 0.5259, 'loss': 0.34269607, 'lr': 0.00067161, 'params': 201514, 'time_iter': 0.02582, 'accuracy': 0.8617, 'f1': 0.86161, 'auc': 0.99132}
val: {'epoch': 362, 'time_epoch': 0.29053, 'loss': 0.55180689, 'lr': 0, 'params': 201514, 'time_iter': 0.01453, 'accuracy': 0.7914, 'f1': 0.79041, 'auc': 0.98196}
test: {'epoch': 362, 'time_epoch': 0.85349, 'loss': 1.86176943, 'lr': 0, 'params': 201514, 'time_iter': 0.02134, 'accuracy': 0.5519, 'f1': 0.55078, 'auc': 0.91373}
> Epoch 362: took 4.2s (avg 4.2s) | Best so far: epoch 360	train_loss: 0.3217 train_accuracy: 0.8679	val_loss: 0.5287 val_accuracy: 0.8086	test_loss: 2.0718 test_accuracy: 0.5561
train: {'epoch': 363, 'time_epoch': 2.94946, 'eta': 1890.22464, 'eta_hours': 0.52506, 'loss': 0.32268461, 'lr': 0.00067056, 'params': 201514, 'time_iter': 0.025, 'accuracy': 0.87007, 'f1': 0.87006, 'auc': 0.9922}
val: {'epoch': 363, 'time_epoch': 0.30053, 'loss': 0.48920635, 'lr': 0, 'params': 201514, 'time_iter': 0.01503, 'accuracy': 0.8094, 'f1': 0.80775, 'auc': 0.98428}
test: {'epoch': 363, 'time_epoch': 0.92097, 'loss': 1.75018459, 'lr': 0, 'params': 201514, 'time_iter': 0.02302, 'accuracy': 0.5715, 'f1': 0.56793, 'auc': 0.92043}
> Epoch 363: took 4.2s (avg 4.2s) | Best so far: epoch 363	train_loss: 0.3227 train_accuracy: 0.8701	val_loss: 0.4892 val_accuracy: 0.8094	test_loss: 1.7502 test_accuracy: 0.5715
train: {'epoch': 364, 'time_epoch': 3.03588, 'eta': 1887.36364, 'eta_hours': 0.52427, 'loss': 0.32454884, 'lr': 0.00066951, 'params': 201514, 'time_iter': 0.02573, 'accuracy': 0.86967, 'f1': 0.86968, 'auc': 0.99219}
val: {'epoch': 364, 'time_epoch': 0.33984, 'loss': 0.54023537, 'lr': 0, 'params': 201514, 'time_iter': 0.01699, 'accuracy': 0.8022, 'f1': 0.8018, 'auc': 0.98246}
test: {'epoch': 364, 'time_epoch': 1.18077, 'loss': 2.12561219, 'lr': 0, 'params': 201514, 'time_iter': 0.02952, 'accuracy': 0.5485, 'f1': 0.54623, 'auc': 0.90946}
> Epoch 364: took 4.6s (avg 4.2s) | Best so far: epoch 363	train_loss: 0.3227 train_accuracy: 0.8701	val_loss: 0.4892 val_accuracy: 0.8094	test_loss: 1.7502 test_accuracy: 0.5715
train: {'epoch': 365, 'time_epoch': 2.98627, 'eta': 1884.41573, 'eta_hours': 0.52345, 'loss': 0.33188096, 'lr': 0.00066845, 'params': 201514, 'time_iter': 0.02531, 'accuracy': 0.86617, 'f1': 0.86618, 'auc': 0.99179}
val: {'epoch': 365, 'time_epoch': 0.29204, 'loss': 0.59405283, 'lr': 0, 'params': 201514, 'time_iter': 0.0146, 'accuracy': 0.787, 'f1': 0.78526, 'auc': 0.981}
test: {'epoch': 365, 'time_epoch': 0.93994, 'loss': 2.32095237, 'lr': 0, 'params': 201514, 'time_iter': 0.0235, 'accuracy': 0.5384, 'f1': 0.53232, 'auc': 0.9013}
> Epoch 365: took 4.3s (avg 4.2s) | Best so far: epoch 363	train_loss: 0.3227 train_accuracy: 0.8701	val_loss: 0.4892 val_accuracy: 0.8094	test_loss: 1.7502 test_accuracy: 0.5715
train: {'epoch': 366, 'time_epoch': 2.98689, 'eta': 1881.46869, 'eta_hours': 0.52263, 'loss': 0.31746322, 'lr': 0.0006674, 'params': 201514, 'time_iter': 0.02531, 'accuracy': 0.8694, 'f1': 0.8694, 'auc': 0.99243}
val: {'epoch': 366, 'time_epoch': 0.30604, 'loss': 0.68918871, 'lr': 0, 'params': 201514, 'time_iter': 0.0153, 'accuracy': 0.7618, 'f1': 0.76006, 'auc': 0.97656}
test: {'epoch': 366, 'time_epoch': 0.97693, 'loss': 2.0745896, 'lr': 0, 'params': 201514, 'time_iter': 0.02442, 'accuracy': 0.5279, 'f1': 0.52332, 'auc': 0.90517}
> Epoch 366: took 4.3s (avg 4.2s) | Best so far: epoch 363	train_loss: 0.3227 train_accuracy: 0.8701	val_loss: 0.4892 val_accuracy: 0.8094	test_loss: 1.7502 test_accuracy: 0.5715
train: {'epoch': 367, 'time_epoch': 2.96413, 'eta': 1878.48235, 'eta_hours': 0.5218, 'loss': 0.32250062, 'lr': 0.00066635, 'params': 201514, 'time_iter': 0.02512, 'accuracy': 0.87087, 'f1': 0.87083, 'auc': 0.99235}
val: {'epoch': 367, 'time_epoch': 0.30229, 'loss': 0.55431932, 'lr': 0, 'params': 201514, 'time_iter': 0.01511, 'accuracy': 0.7958, 'f1': 0.79412, 'auc': 0.98159}
test: {'epoch': 367, 'time_epoch': 0.89473, 'loss': 2.01087258, 'lr': 0, 'params': 201514, 'time_iter': 0.02237, 'accuracy': 0.5451, 'f1': 0.54014, 'auc': 0.91041}
> Epoch 367: took 4.2s (avg 4.2s) | Best so far: epoch 363	train_loss: 0.3227 train_accuracy: 0.8701	val_loss: 0.4892 val_accuracy: 0.8094	test_loss: 1.7502 test_accuracy: 0.5715
train: {'epoch': 368, 'time_epoch': 2.85626, 'eta': 1875.31166, 'eta_hours': 0.52092, 'loss': 0.31840588, 'lr': 0.0006653, 'params': 201514, 'time_iter': 0.02421, 'accuracy': 0.8707, 'f1': 0.87066, 'auc': 0.99236}
val: {'epoch': 368, 'time_epoch': 0.29304, 'loss': 0.58215709, 'lr': 0, 'params': 201514, 'time_iter': 0.01465, 'accuracy': 0.7924, 'f1': 0.79104, 'auc': 0.98107}
test: {'epoch': 368, 'time_epoch': 0.85485, 'loss': 2.13287205, 'lr': 0, 'params': 201514, 'time_iter': 0.02137, 'accuracy': 0.5519, 'f1': 0.54774, 'auc': 0.90804}
> Epoch 368: took 4.0s (avg 4.2s) | Best so far: epoch 363	train_loss: 0.3227 train_accuracy: 0.8701	val_loss: 0.4892 val_accuracy: 0.8094	test_loss: 1.7502 test_accuracy: 0.5715
train: {'epoch': 369, 'time_epoch': 2.96114, 'eta': 1872.32125, 'eta_hours': 0.52009, 'loss': 0.3226513, 'lr': 0.00066424, 'params': 201514, 'time_iter': 0.02509, 'accuracy': 0.8704, 'f1': 0.87035, 'auc': 0.99214}
val: {'epoch': 369, 'time_epoch': 0.30654, 'loss': 0.54684751, 'lr': 0, 'params': 201514, 'time_iter': 0.01533, 'accuracy': 0.7992, 'f1': 0.79819, 'auc': 0.98195}
test: {'epoch': 369, 'time_epoch': 0.90474, 'loss': 1.86556998, 'lr': 0, 'params': 201514, 'time_iter': 0.02262, 'accuracy': 0.5569, 'f1': 0.55552, 'auc': 0.91451}
> Epoch 369: took 4.2s (avg 4.2s) | Best so far: epoch 363	train_loss: 0.3227 train_accuracy: 0.8701	val_loss: 0.4892 val_accuracy: 0.8094	test_loss: 1.7502 test_accuracy: 0.5715
train: {'epoch': 370, 'time_epoch': 2.98954, 'eta': 1869.37916, 'eta_hours': 0.51927, 'loss': 0.31557356, 'lr': 0.00066319, 'params': 201514, 'time_iter': 0.02534, 'accuracy': 0.8718, 'f1': 0.87178, 'auc': 0.99249}
val: {'epoch': 370, 'time_epoch': 0.30409, 'loss': 0.53396918, 'lr': 0, 'params': 201514, 'time_iter': 0.0152, 'accuracy': 0.8006, 'f1': 0.79956, 'auc': 0.98302}
test: {'epoch': 370, 'time_epoch': 0.87178, 'loss': 2.42424808, 'lr': 0, 'params': 201514, 'time_iter': 0.02179, 'accuracy': 0.5434, 'f1': 0.53819, 'auc': 0.89837}
> Epoch 370: took 4.2s (avg 4.2s) | Best so far: epoch 363	train_loss: 0.3227 train_accuracy: 0.8701	val_loss: 0.4892 val_accuracy: 0.8094	test_loss: 1.7502 test_accuracy: 0.5715
train: {'epoch': 371, 'time_epoch': 3.25925, 'eta': 1866.89212, 'eta_hours': 0.51858, 'loss': 0.31243185, 'lr': 0.00066214, 'params': 201514, 'time_iter': 0.02762, 'accuracy': 0.8717, 'f1': 0.87165, 'auc': 0.99259}
val: {'epoch': 371, 'time_epoch': 0.34834, 'loss': 0.54638165, 'lr': 0, 'params': 201514, 'time_iter': 0.01742, 'accuracy': 0.792, 'f1': 0.79144, 'auc': 0.98262}
test: {'epoch': 371, 'time_epoch': 0.97863, 'loss': 2.14860952, 'lr': 0, 'params': 201514, 'time_iter': 0.02447, 'accuracy': 0.5479, 'f1': 0.54407, 'auc': 0.90771}
> Epoch 371: took 4.6s (avg 4.2s) | Best so far: epoch 363	train_loss: 0.3227 train_accuracy: 0.8701	val_loss: 0.4892 val_accuracy: 0.8094	test_loss: 1.7502 test_accuracy: 0.5715
train: {'epoch': 372, 'time_epoch': 3.0681, 'eta': 1864.07964, 'eta_hours': 0.5178, 'loss': 0.32805608, 'lr': 0.00066109, 'params': 201514, 'time_iter': 0.026, 'accuracy': 0.86997, 'f1': 0.86994, 'auc': 0.99205}
val: {'epoch': 372, 'time_epoch': 0.31959, 'loss': 0.52164847, 'lr': 0, 'params': 201514, 'time_iter': 0.01598, 'accuracy': 0.8118, 'f1': 0.81113, 'auc': 0.9837}
test: {'epoch': 372, 'time_epoch': 0.89411, 'loss': 2.04919367, 'lr': 0, 'params': 201514, 'time_iter': 0.02235, 'accuracy': 0.5555, 'f1': 0.55313, 'auc': 0.91169}
> Epoch 372: took 4.3s (avg 4.2s) | Best so far: epoch 372	train_loss: 0.3281 train_accuracy: 0.8700	val_loss: 0.5216 val_accuracy: 0.8118	test_loss: 2.0492 test_accuracy: 0.5555
train: {'epoch': 373, 'time_epoch': 2.94362, 'eta': 1861.05743, 'eta_hours': 0.51696, 'loss': 0.31109132, 'lr': 0.00066003, 'params': 201514, 'time_iter': 0.02495, 'accuracy': 0.87467, 'f1': 0.8747, 'auc': 0.99269}
val: {'epoch': 373, 'time_epoch': 0.31879, 'loss': 0.58512002, 'lr': 0, 'params': 201514, 'time_iter': 0.01594, 'accuracy': 0.7926, 'f1': 0.79129, 'auc': 0.98219}
test: {'epoch': 373, 'time_epoch': 0.93969, 'loss': 2.12329952, 'lr': 0, 'params': 201514, 'time_iter': 0.02349, 'accuracy': 0.5504, 'f1': 0.54569, 'auc': 0.91107}
> Epoch 373: took 4.2s (avg 4.2s) | Best so far: epoch 372	train_loss: 0.3281 train_accuracy: 0.8700	val_loss: 0.5216 val_accuracy: 0.8118	test_loss: 2.0492 test_accuracy: 0.5555
train: {'epoch': 374, 'time_epoch': 3.07247, 'eta': 1858.25038, 'eta_hours': 0.51618, 'loss': 0.32027826, 'lr': 0.00065898, 'params': 201514, 'time_iter': 0.02604, 'accuracy': 0.86883, 'f1': 0.86884, 'auc': 0.99226}
val: {'epoch': 374, 'time_epoch': 0.32228, 'loss': 0.6232533, 'lr': 0, 'params': 201514, 'time_iter': 0.01611, 'accuracy': 0.7792, 'f1': 0.77779, 'auc': 0.97966}
test: {'epoch': 374, 'time_epoch': 0.91613, 'loss': 2.17670315, 'lr': 0, 'params': 201514, 'time_iter': 0.0229, 'accuracy': 0.5439, 'f1': 0.54087, 'auc': 0.90838}
> Epoch 374: took 4.4s (avg 4.2s) | Best so far: epoch 372	train_loss: 0.3281 train_accuracy: 0.8700	val_loss: 0.5216 val_accuracy: 0.8118	test_loss: 2.0492 test_accuracy: 0.5555
train: {'epoch': 375, 'time_epoch': 3.02382, 'eta': 1855.36119, 'eta_hours': 0.51538, 'loss': 0.30717291, 'lr': 0.00065793, 'params': 201514, 'time_iter': 0.02563, 'accuracy': 0.87813, 'f1': 0.87812, 'auc': 0.99291}
val: {'epoch': 375, 'time_epoch': 0.30353, 'loss': 0.50455295, 'lr': 0, 'params': 201514, 'time_iter': 0.01518, 'accuracy': 0.8098, 'f1': 0.80938, 'auc': 0.98405}
test: {'epoch': 375, 'time_epoch': 0.89646, 'loss': 2.13811367, 'lr': 0, 'params': 201514, 'time_iter': 0.02241, 'accuracy': 0.5482, 'f1': 0.54337, 'auc': 0.908}
> Epoch 375: took 4.3s (avg 4.2s) | Best so far: epoch 372	train_loss: 0.3281 train_accuracy: 0.8700	val_loss: 0.5216 val_accuracy: 0.8118	test_loss: 2.0492 test_accuracy: 0.5555
train: {'epoch': 376, 'time_epoch': 3.0652, 'eta': 1852.53966, 'eta_hours': 0.51459, 'loss': 0.30653478, 'lr': 0.00065688, 'params': 201514, 'time_iter': 0.02598, 'accuracy': 0.878, 'f1': 0.87802, 'auc': 0.99291}
val: {'epoch': 376, 'time_epoch': 0.30673, 'loss': 0.50700259, 'lr': 0, 'params': 201514, 'time_iter': 0.01534, 'accuracy': 0.8134, 'f1': 0.8118, 'auc': 0.98447}
test: {'epoch': 376, 'time_epoch': 0.86883, 'loss': 2.05960774, 'lr': 0, 'params': 201514, 'time_iter': 0.02172, 'accuracy': 0.5552, 'f1': 0.55295, 'auc': 0.91157}
> Epoch 376: took 4.3s (avg 4.2s) | Best so far: epoch 376	train_loss: 0.3065 train_accuracy: 0.8780	val_loss: 0.5070 val_accuracy: 0.8134	test_loss: 2.0596 test_accuracy: 0.5552
train: {'epoch': 377, 'time_epoch': 2.95192, 'eta': 1849.53044, 'eta_hours': 0.51376, 'loss': 0.31556008, 'lr': 0.00065582, 'params': 201514, 'time_iter': 0.02502, 'accuracy': 0.874, 'f1': 0.87402, 'auc': 0.99252}
val: {'epoch': 377, 'time_epoch': 0.30753, 'loss': 0.48331329, 'lr': 0, 'params': 201514, 'time_iter': 0.01538, 'accuracy': 0.8168, 'f1': 0.81588, 'auc': 0.98451}
test: {'epoch': 377, 'time_epoch': 0.94915, 'loss': 1.84977314, 'lr': 0, 'params': 201514, 'time_iter': 0.02373, 'accuracy': 0.5726, 'f1': 0.57135, 'auc': 0.91897}
> Epoch 377: took 4.3s (avg 4.2s) | Best so far: epoch 377	train_loss: 0.3156 train_accuracy: 0.8740	val_loss: 0.4833 val_accuracy: 0.8168	test_loss: 1.8498 test_accuracy: 0.5726
train: {'epoch': 378, 'time_epoch': 3.18389, 'eta': 1846.90161, 'eta_hours': 0.51303, 'loss': 0.29990176, 'lr': 0.00065477, 'params': 201514, 'time_iter': 0.02698, 'accuracy': 0.8789, 'f1': 0.87892, 'auc': 0.99314}
val: {'epoch': 378, 'time_epoch': 0.30286, 'loss': 0.63897221, 'lr': 0, 'params': 201514, 'time_iter': 0.01514, 'accuracy': 0.7714, 'f1': 0.76933, 'auc': 0.97875}
test: {'epoch': 378, 'time_epoch': 0.85492, 'loss': 1.8633664, 'lr': 0, 'params': 201514, 'time_iter': 0.02137, 'accuracy': 0.5424, 'f1': 0.53904, 'auc': 0.91285}
> Epoch 378: took 4.4s (avg 4.2s) | Best so far: epoch 377	train_loss: 0.3156 train_accuracy: 0.8740	val_loss: 0.4833 val_accuracy: 0.8168	test_loss: 1.8498 test_accuracy: 0.5726
train: {'epoch': 379, 'time_epoch': 2.99553, 'eta': 1843.96253, 'eta_hours': 0.51221, 'loss': 0.31367806, 'lr': 0.00065372, 'params': 201514, 'time_iter': 0.02539, 'accuracy': 0.87323, 'f1': 0.8732, 'auc': 0.9926}
val: {'epoch': 379, 'time_epoch': 0.29954, 'loss': 0.53094732, 'lr': 0, 'params': 201514, 'time_iter': 0.01498, 'accuracy': 0.8076, 'f1': 0.8055, 'auc': 0.98359}
test: {'epoch': 379, 'time_epoch': 0.85696, 'loss': 1.97561882, 'lr': 0, 'params': 201514, 'time_iter': 0.02142, 'accuracy': 0.5568, 'f1': 0.55346, 'auc': 0.91389}
> Epoch 379: took 4.2s (avg 4.2s) | Best so far: epoch 377	train_loss: 0.3156 train_accuracy: 0.8740	val_loss: 0.4833 val_accuracy: 0.8168	test_loss: 1.8498 test_accuracy: 0.5726
train: {'epoch': 380, 'time_epoch': 2.91635, 'eta': 1840.89452, 'eta_hours': 0.51136, 'loss': 0.31032502, 'lr': 0.00065267, 'params': 201514, 'time_iter': 0.02471, 'accuracy': 0.8753, 'f1': 0.87534, 'auc': 0.99279}
val: {'epoch': 380, 'time_epoch': 0.29903, 'loss': 0.6287711, 'lr': 0, 'params': 201514, 'time_iter': 0.01495, 'accuracy': 0.7748, 'f1': 0.77317, 'auc': 0.97921}
test: {'epoch': 380, 'time_epoch': 0.888, 'loss': 2.36804128, 'lr': 0, 'params': 201514, 'time_iter': 0.0222, 'accuracy': 0.5253, 'f1': 0.51979, 'auc': 0.89978}
> Epoch 380: took 4.1s (avg 4.2s) | Best so far: epoch 377	train_loss: 0.3156 train_accuracy: 0.8740	val_loss: 0.4833 val_accuracy: 0.8168	test_loss: 1.8498 test_accuracy: 0.5726
train: {'epoch': 381, 'time_epoch': 2.97873, 'eta': 1837.92823, 'eta_hours': 0.51054, 'loss': 0.30407784, 'lr': 0.00065161, 'params': 201514, 'time_iter': 0.02524, 'accuracy': 0.87847, 'f1': 0.87848, 'auc': 0.99306}
val: {'epoch': 381, 'time_epoch': 0.31003, 'loss': 0.47353867, 'lr': 0, 'params': 201514, 'time_iter': 0.0155, 'accuracy': 0.8198, 'f1': 0.81788, 'auc': 0.98545}
test: {'epoch': 381, 'time_epoch': 0.86935, 'loss': 2.13730094, 'lr': 0, 'params': 201514, 'time_iter': 0.02173, 'accuracy': 0.5607, 'f1': 0.55504, 'auc': 0.91094}
> Epoch 381: took 4.2s (avg 4.2s) | Best so far: epoch 381	train_loss: 0.3041 train_accuracy: 0.8785	val_loss: 0.4735 val_accuracy: 0.8198	test_loss: 2.1373 test_accuracy: 0.5607
train: {'epoch': 382, 'time_epoch': 3.00505, 'eta': 1835.00426, 'eta_hours': 0.50972, 'loss': 0.3094856, 'lr': 0.00065056, 'params': 201514, 'time_iter': 0.02547, 'accuracy': 0.87607, 'f1': 0.876, 'auc': 0.99278}
val: {'epoch': 382, 'time_epoch': 0.30353, 'loss': 0.57526038, 'lr': 0, 'params': 201514, 'time_iter': 0.01518, 'accuracy': 0.7844, 'f1': 0.78328, 'auc': 0.98141}
test: {'epoch': 382, 'time_epoch': 0.91367, 'loss': 2.32414547, 'lr': 0, 'params': 201514, 'time_iter': 0.02284, 'accuracy': 0.5349, 'f1': 0.52909, 'auc': 0.90359}
> Epoch 382: took 4.3s (avg 4.2s) | Best so far: epoch 381	train_loss: 0.3041 train_accuracy: 0.8785	val_loss: 0.4735 val_accuracy: 0.8198	test_loss: 2.1373 test_accuracy: 0.5607
train: {'epoch': 383, 'time_epoch': 2.99819, 'eta': 1832.06887, 'eta_hours': 0.50891, 'loss': 0.30494282, 'lr': 0.00064951, 'params': 201514, 'time_iter': 0.02541, 'accuracy': 0.8777, 'f1': 0.87771, 'auc': 0.99293}
val: {'epoch': 383, 'time_epoch': 0.30453, 'loss': 0.53938285, 'lr': 0, 'params': 201514, 'time_iter': 0.01523, 'accuracy': 0.8028, 'f1': 0.80098, 'auc': 0.98327}
test: {'epoch': 383, 'time_epoch': 0.89854, 'loss': 2.05459286, 'lr': 0, 'params': 201514, 'time_iter': 0.02246, 'accuracy': 0.5554, 'f1': 0.5509, 'auc': 0.9126}
> Epoch 383: took 4.2s (avg 4.2s) | Best so far: epoch 381	train_loss: 0.3041 train_accuracy: 0.8785	val_loss: 0.4735 val_accuracy: 0.8198	test_loss: 2.1373 test_accuracy: 0.5607
train: {'epoch': 384, 'time_epoch': 3.00926, 'eta': 1829.15084, 'eta_hours': 0.5081, 'loss': 0.29756956, 'lr': 0.00064846, 'params': 201514, 'time_iter': 0.0255, 'accuracy': 0.88137, 'f1': 0.88139, 'auc': 0.99335}
val: {'epoch': 384, 'time_epoch': 0.54962, 'loss': 0.59290962, 'lr': 0, 'params': 201514, 'time_iter': 0.02748, 'accuracy': 0.792, 'f1': 0.79049, 'auc': 0.98172}
test: {'epoch': 384, 'time_epoch': 0.88129, 'loss': 2.65140587, 'lr': 0, 'params': 201514, 'time_iter': 0.02203, 'accuracy': 0.5336, 'f1': 0.52886, 'auc': 0.89757}
> Epoch 384: took 4.5s (avg 4.2s) | Best so far: epoch 381	train_loss: 0.3041 train_accuracy: 0.8785	val_loss: 0.4735 val_accuracy: 0.8198	test_loss: 2.1373 test_accuracy: 0.5607
train: {'epoch': 385, 'time_epoch': 2.9447, 'eta': 1826.12964, 'eta_hours': 0.50726, 'loss': 0.30754319, 'lr': 0.0006474, 'params': 201514, 'time_iter': 0.02496, 'accuracy': 0.8753, 'f1': 0.87529, 'auc': 0.99295}
val: {'epoch': 385, 'time_epoch': 0.29943, 'loss': 0.48259295, 'lr': 0, 'params': 201514, 'time_iter': 0.01497, 'accuracy': 0.8194, 'f1': 0.81779, 'auc': 0.98517}
test: {'epoch': 385, 'time_epoch': 0.92886, 'loss': 1.90981012, 'lr': 0, 'params': 201514, 'time_iter': 0.02322, 'accuracy': 0.5668, 'f1': 0.56475, 'auc': 0.91785}
> Epoch 385: took 4.2s (avg 4.2s) | Best so far: epoch 381	train_loss: 0.3041 train_accuracy: 0.8785	val_loss: 0.4735 val_accuracy: 0.8198	test_loss: 2.1373 test_accuracy: 0.5607
train: {'epoch': 386, 'time_epoch': 3.00774, 'eta': 1823.20868, 'eta_hours': 0.50645, 'loss': 0.29768927, 'lr': 0.00064635, 'params': 201514, 'time_iter': 0.02549, 'accuracy': 0.87897, 'f1': 0.87904, 'auc': 0.99325}
val: {'epoch': 386, 'time_epoch': 0.30494, 'loss': 0.5007614, 'lr': 0, 'params': 201514, 'time_iter': 0.01525, 'accuracy': 0.8084, 'f1': 0.80589, 'auc': 0.98452}
test: {'epoch': 386, 'time_epoch': 0.86434, 'loss': 2.38502333, 'lr': 0, 'params': 201514, 'time_iter': 0.02161, 'accuracy': 0.5492, 'f1': 0.54417, 'auc': 0.90408}
> Epoch 386: took 4.2s (avg 4.2s) | Best so far: epoch 381	train_loss: 0.3041 train_accuracy: 0.8785	val_loss: 0.4735 val_accuracy: 0.8198	test_loss: 2.1373 test_accuracy: 0.5607
train: {'epoch': 387, 'time_epoch': 2.91165, 'eta': 1820.13572, 'eta_hours': 0.50559, 'loss': 0.29180754, 'lr': 0.0006453, 'params': 201514, 'time_iter': 0.02468, 'accuracy': 0.88437, 'f1': 0.88435, 'auc': 0.9935}
val: {'epoch': 387, 'time_epoch': 0.29754, 'loss': 0.55039893, 'lr': 0, 'params': 201514, 'time_iter': 0.01488, 'accuracy': 0.8034, 'f1': 0.80283, 'auc': 0.9836}
test: {'epoch': 387, 'time_epoch': 0.83928, 'loss': 1.91641793, 'lr': 0, 'params': 201514, 'time_iter': 0.02098, 'accuracy': 0.5643, 'f1': 0.56387, 'auc': 0.91783}
> Epoch 387: took 4.1s (avg 4.2s) | Best so far: epoch 381	train_loss: 0.3041 train_accuracy: 0.8785	val_loss: 0.4735 val_accuracy: 0.8198	test_loss: 2.1373 test_accuracy: 0.5607
train: {'epoch': 388, 'time_epoch': 3.01677, 'eta': 1817.2287, 'eta_hours': 0.50479, 'loss': 0.30235312, 'lr': 0.00064425, 'params': 201514, 'time_iter': 0.02557, 'accuracy': 0.87787, 'f1': 0.87787, 'auc': 0.99307}
val: {'epoch': 388, 'time_epoch': 0.30003, 'loss': 0.60565118, 'lr': 0, 'params': 201514, 'time_iter': 0.015, 'accuracy': 0.7908, 'f1': 0.78958, 'auc': 0.98225}
test: {'epoch': 388, 'time_epoch': 0.89458, 'loss': 2.05975639, 'lr': 0, 'params': 201514, 'time_iter': 0.02236, 'accuracy': 0.5448, 'f1': 0.54219, 'auc': 0.91247}
> Epoch 388: took 4.2s (avg 4.2s) | Best so far: epoch 381	train_loss: 0.3041 train_accuracy: 0.8785	val_loss: 0.4735 val_accuracy: 0.8198	test_loss: 2.1373 test_accuracy: 0.5607
train: {'epoch': 389, 'time_epoch': 2.94322, 'eta': 1814.20608, 'eta_hours': 0.50395, 'loss': 0.30087511, 'lr': 0.00064319, 'params': 201514, 'time_iter': 0.02494, 'accuracy': 0.88033, 'f1': 0.88037, 'auc': 0.99315}
val: {'epoch': 389, 'time_epoch': 0.34554, 'loss': 0.55287693, 'lr': 0, 'params': 201514, 'time_iter': 0.01728, 'accuracy': 0.8034, 'f1': 0.80232, 'auc': 0.98238}
test: {'epoch': 389, 'time_epoch': 0.90689, 'loss': 2.18307086, 'lr': 0, 'params': 201514, 'time_iter': 0.02267, 'accuracy': 0.5482, 'f1': 0.54615, 'auc': 0.90789}
> Epoch 389: took 4.2s (avg 4.2s) | Best so far: epoch 381	train_loss: 0.3041 train_accuracy: 0.8785	val_loss: 0.4735 val_accuracy: 0.8198	test_loss: 2.1373 test_accuracy: 0.5607
train: {'epoch': 390, 'time_epoch': 2.99367, 'eta': 1811.26243, 'eta_hours': 0.50313, 'loss': 0.29824683, 'lr': 0.00064214, 'params': 201514, 'time_iter': 0.02537, 'accuracy': 0.88147, 'f1': 0.88145, 'auc': 0.99328}
val: {'epoch': 390, 'time_epoch': 0.30452, 'loss': 0.60526326, 'lr': 0, 'params': 201514, 'time_iter': 0.01523, 'accuracy': 0.7872, 'f1': 0.78564, 'auc': 0.98066}
test: {'epoch': 390, 'time_epoch': 0.86717, 'loss': 2.03446334, 'lr': 0, 'params': 201514, 'time_iter': 0.02168, 'accuracy': 0.5505, 'f1': 0.5476, 'auc': 0.91218}
> Epoch 390: took 4.2s (avg 4.2s) | Best so far: epoch 381	train_loss: 0.3041 train_accuracy: 0.8785	val_loss: 0.4735 val_accuracy: 0.8198	test_loss: 2.1373 test_accuracy: 0.5607
train: {'epoch': 391, 'time_epoch': 3.22685, 'eta': 1808.6802, 'eta_hours': 0.50241, 'loss': 0.29692061, 'lr': 0.00064109, 'params': 201514, 'time_iter': 0.02735, 'accuracy': 0.8834, 'f1': 0.88338, 'auc': 0.99327}
val: {'epoch': 391, 'time_epoch': 0.32076, 'loss': 0.54735614, 'lr': 0, 'params': 201514, 'time_iter': 0.01604, 'accuracy': 0.7974, 'f1': 0.79657, 'auc': 0.98243}
test: {'epoch': 391, 'time_epoch': 0.91725, 'loss': 1.94042784, 'lr': 0, 'params': 201514, 'time_iter': 0.02293, 'accuracy': 0.5459, 'f1': 0.54622, 'auc': 0.91386}
> Epoch 391: took 4.5s (avg 4.2s) | Best so far: epoch 381	train_loss: 0.3041 train_accuracy: 0.8785	val_loss: 0.4735 val_accuracy: 0.8198	test_loss: 2.1373 test_accuracy: 0.5607
train: {'epoch': 392, 'time_epoch': 2.98529, 'eta': 1805.72159, 'eta_hours': 0.50159, 'loss': 0.29180435, 'lr': 0.00064004, 'params': 201514, 'time_iter': 0.0253, 'accuracy': 0.88397, 'f1': 0.88399, 'auc': 0.99355}
val: {'epoch': 392, 'time_epoch': 0.30131, 'loss': 0.62525805, 'lr': 0, 'params': 201514, 'time_iter': 0.01507, 'accuracy': 0.779, 'f1': 0.77755, 'auc': 0.97986}
test: {'epoch': 392, 'time_epoch': 0.88479, 'loss': 2.09586899, 'lr': 0, 'params': 201514, 'time_iter': 0.02212, 'accuracy': 0.5332, 'f1': 0.52913, 'auc': 0.9069}
> Epoch 392: took 4.2s (avg 4.2s) | Best so far: epoch 381	train_loss: 0.3041 train_accuracy: 0.8785	val_loss: 0.4735 val_accuracy: 0.8198	test_loss: 2.1373 test_accuracy: 0.5607
train: {'epoch': 393, 'time_epoch': 3.15037, 'eta': 1803.01675, 'eta_hours': 0.50084, 'loss': 0.29097406, 'lr': 0.00063898, 'params': 201514, 'time_iter': 0.0267, 'accuracy': 0.88487, 'f1': 0.88483, 'auc': 0.99355}
val: {'epoch': 393, 'time_epoch': 0.30058, 'loss': 0.6123877, 'lr': 0, 'params': 201514, 'time_iter': 0.01503, 'accuracy': 0.7788, 'f1': 0.7775, 'auc': 0.98043}
test: {'epoch': 393, 'time_epoch': 0.86206, 'loss': 2.44829942, 'lr': 0, 'params': 201514, 'time_iter': 0.02155, 'accuracy': 0.5313, 'f1': 0.52629, 'auc': 0.89988}
> Epoch 393: took 4.4s (avg 4.2s) | Best so far: epoch 381	train_loss: 0.3041 train_accuracy: 0.8785	val_loss: 0.4735 val_accuracy: 0.8198	test_loss: 2.1373 test_accuracy: 0.5607
train: {'epoch': 394, 'time_epoch': 2.98488, 'eta': 1800.05618, 'eta_hours': 0.50002, 'loss': 0.29425205, 'lr': 0.00063793, 'params': 201514, 'time_iter': 0.0253, 'accuracy': 0.8834, 'f1': 0.88344, 'auc': 0.99338}
val: {'epoch': 394, 'time_epoch': 0.3066, 'loss': 0.45635511, 'lr': 0, 'params': 201514, 'time_iter': 0.01533, 'accuracy': 0.8254, 'f1': 0.82508, 'auc': 0.9858}
test: {'epoch': 394, 'time_epoch': 0.89588, 'loss': 1.80606122, 'lr': 0, 'params': 201514, 'time_iter': 0.0224, 'accuracy': 0.5701, 'f1': 0.56801, 'auc': 0.92012}
> Epoch 394: took 4.3s (avg 4.2s) | Best so far: epoch 394	train_loss: 0.2943 train_accuracy: 0.8834	val_loss: 0.4564 val_accuracy: 0.8254	test_loss: 1.8061 test_accuracy: 0.5701
train: {'epoch': 395, 'time_epoch': 3.01761, 'eta': 1797.14542, 'eta_hours': 0.49921, 'loss': 0.28355417, 'lr': 0.00063688, 'params': 201514, 'time_iter': 0.02557, 'accuracy': 0.88627, 'f1': 0.88631, 'auc': 0.99385}
val: {'epoch': 395, 'time_epoch': 0.30203, 'loss': 0.51951852, 'lr': 0, 'params': 201514, 'time_iter': 0.0151, 'accuracy': 0.8102, 'f1': 0.80761, 'auc': 0.9842}
test: {'epoch': 395, 'time_epoch': 0.88058, 'loss': 2.36773741, 'lr': 0, 'params': 201514, 'time_iter': 0.02201, 'accuracy': 0.5489, 'f1': 0.54447, 'auc': 0.90425}
> Epoch 395: took 4.2s (avg 4.2s) | Best so far: epoch 394	train_loss: 0.2943 train_accuracy: 0.8834	val_loss: 0.4564 val_accuracy: 0.8254	test_loss: 1.8061 test_accuracy: 0.5701
train: {'epoch': 396, 'time_epoch': 3.01624, 'eta': 1794.23204, 'eta_hours': 0.4984, 'loss': 0.29282681, 'lr': 0.00063583, 'params': 201514, 'time_iter': 0.02556, 'accuracy': 0.88567, 'f1': 0.88564, 'auc': 0.99351}
val: {'epoch': 396, 'time_epoch': 0.30504, 'loss': 0.4707242, 'lr': 0, 'params': 201514, 'time_iter': 0.01525, 'accuracy': 0.8176, 'f1': 0.81678, 'auc': 0.98522}
test: {'epoch': 396, 'time_epoch': 0.90308, 'loss': 2.22765557, 'lr': 0, 'params': 201514, 'time_iter': 0.02258, 'accuracy': 0.5545, 'f1': 0.54972, 'auc': 0.907}
> Epoch 396: took 4.3s (avg 4.2s) | Best so far: epoch 394	train_loss: 0.2943 train_accuracy: 0.8834	val_loss: 0.4564 val_accuracy: 0.8254	test_loss: 1.8061 test_accuracy: 0.5701
train: {'epoch': 397, 'time_epoch': 2.93529, 'eta': 1791.1957, 'eta_hours': 0.49755, 'loss': 0.28635674, 'lr': 0.00063477, 'params': 201514, 'time_iter': 0.02488, 'accuracy': 0.8853, 'f1': 0.88528, 'auc': 0.99368}
val: {'epoch': 397, 'time_epoch': 0.54908, 'loss': 0.47350015, 'lr': 0, 'params': 201514, 'time_iter': 0.02745, 'accuracy': 0.813, 'f1': 0.81131, 'auc': 0.98499}
test: {'epoch': 397, 'time_epoch': 0.94445, 'loss': 1.86894379, 'lr': 0, 'params': 201514, 'time_iter': 0.02361, 'accuracy': 0.5715, 'f1': 0.56737, 'auc': 0.91791}
> Epoch 397: took 4.5s (avg 4.2s) | Best so far: epoch 394	train_loss: 0.2943 train_accuracy: 0.8834	val_loss: 0.4564 val_accuracy: 0.8254	test_loss: 1.8061 test_accuracy: 0.5701
train: {'epoch': 398, 'time_epoch': 2.9573, 'eta': 1788.19301, 'eta_hours': 0.49672, 'loss': 0.28128211, 'lr': 0.00063372, 'params': 201514, 'time_iter': 0.02506, 'accuracy': 0.88847, 'f1': 0.88851, 'auc': 0.99397}
val: {'epoch': 398, 'time_epoch': 0.30309, 'loss': 0.59205648, 'lr': 0, 'params': 201514, 'time_iter': 0.01515, 'accuracy': 0.8008, 'f1': 0.79952, 'auc': 0.98216}
test: {'epoch': 398, 'time_epoch': 0.86426, 'loss': 3.08624546, 'lr': 0, 'params': 201514, 'time_iter': 0.02161, 'accuracy': 0.5328, 'f1': 0.52567, 'auc': 0.88512}
> Epoch 398: took 4.2s (avg 4.2s) | Best so far: epoch 394	train_loss: 0.2943 train_accuracy: 0.8834	val_loss: 0.4564 val_accuracy: 0.8254	test_loss: 1.8061 test_accuracy: 0.5701
train: {'epoch': 399, 'time_epoch': 2.9949, 'eta': 1785.24696, 'eta_hours': 0.4959, 'loss': 0.2969546, 'lr': 0.00063267, 'params': 201514, 'time_iter': 0.02538, 'accuracy': 0.8785, 'f1': 0.87853, 'auc': 0.99329}
val: {'epoch': 399, 'time_epoch': 0.30652, 'loss': 0.62258028, 'lr': 0, 'params': 201514, 'time_iter': 0.01533, 'accuracy': 0.7902, 'f1': 0.78895, 'auc': 0.98149}
test: {'epoch': 399, 'time_epoch': 0.89266, 'loss': 2.74272653, 'lr': 0, 'params': 201514, 'time_iter': 0.02232, 'accuracy': 0.5244, 'f1': 0.51864, 'auc': 0.89367}
> Epoch 399: took 4.2s (avg 4.2s) | Best so far: epoch 394	train_loss: 0.2943 train_accuracy: 0.8834	val_loss: 0.4564 val_accuracy: 0.8254	test_loss: 1.8061 test_accuracy: 0.5701
train: {'epoch': 400, 'time_epoch': 3.0369, 'eta': 1782.3634, 'eta_hours': 0.4951, 'loss': 0.28375491, 'lr': 0.00063162, 'params': 201514, 'time_iter': 0.02574, 'accuracy': 0.8866, 'f1': 0.88665, 'auc': 0.99382}
val: {'epoch': 400, 'time_epoch': 0.30453, 'loss': 0.55376261, 'lr': 0, 'params': 201514, 'time_iter': 0.01523, 'accuracy': 0.8052, 'f1': 0.80362, 'auc': 0.98341}
test: {'epoch': 400, 'time_epoch': 0.88201, 'loss': 2.15491142, 'lr': 0, 'params': 201514, 'time_iter': 0.02205, 'accuracy': 0.5467, 'f1': 0.54358, 'auc': 0.91062}
> Epoch 400: took 4.3s (avg 4.2s) | Best so far: epoch 394	train_loss: 0.2943 train_accuracy: 0.8834	val_loss: 0.4564 val_accuracy: 0.8254	test_loss: 1.8061 test_accuracy: 0.5701
train: {'epoch': 401, 'time_epoch': 3.07976, 'eta': 1779.54283, 'eta_hours': 0.49432, 'loss': 0.28358606, 'lr': 0.00063056, 'params': 201514, 'time_iter': 0.0261, 'accuracy': 0.88857, 'f1': 0.88857, 'auc': 0.99387}
val: {'epoch': 401, 'time_epoch': 0.31141, 'loss': 0.71793787, 'lr': 0, 'params': 201514, 'time_iter': 0.01557, 'accuracy': 0.7646, 'f1': 0.76192, 'auc': 0.97734}
test: {'epoch': 401, 'time_epoch': 0.90617, 'loss': 2.25046824, 'lr': 0, 'params': 201514, 'time_iter': 0.02265, 'accuracy': 0.5185, 'f1': 0.51221, 'auc': 0.9043}
> Epoch 401: took 4.3s (avg 4.2s) | Best so far: epoch 394	train_loss: 0.2943 train_accuracy: 0.8834	val_loss: 0.4564 val_accuracy: 0.8254	test_loss: 1.8061 test_accuracy: 0.5701
train: {'epoch': 402, 'time_epoch': 2.97126, 'eta': 1776.56025, 'eta_hours': 0.49349, 'loss': 0.2810456, 'lr': 0.00062951, 'params': 201514, 'time_iter': 0.02518, 'accuracy': 0.89, 'f1': 0.88999, 'auc': 0.99396}
val: {'epoch': 402, 'time_epoch': 0.30402, 'loss': 0.53201026, 'lr': 0, 'params': 201514, 'time_iter': 0.0152, 'accuracy': 0.803, 'f1': 0.80198, 'auc': 0.98343}
test: {'epoch': 402, 'time_epoch': 0.85537, 'loss': 2.26042227, 'lr': 0, 'params': 201514, 'time_iter': 0.02138, 'accuracy': 0.5442, 'f1': 0.54047, 'auc': 0.90602}
> Epoch 402: took 4.2s (avg 4.2s) | Best so far: epoch 394	train_loss: 0.2943 train_accuracy: 0.8834	val_loss: 0.4564 val_accuracy: 0.8254	test_loss: 1.8061 test_accuracy: 0.5701
train: {'epoch': 403, 'time_epoch': 3.0374, 'eta': 1773.67529, 'eta_hours': 0.49269, 'loss': 0.28217123, 'lr': 0.00062846, 'params': 201514, 'time_iter': 0.02574, 'accuracy': 0.88783, 'f1': 0.88784, 'auc': 0.99386}
val: {'epoch': 403, 'time_epoch': 0.30277, 'loss': 0.58761263, 'lr': 0, 'params': 201514, 'time_iter': 0.01514, 'accuracy': 0.7904, 'f1': 0.7895, 'auc': 0.98203}
test: {'epoch': 403, 'time_epoch': 0.85506, 'loss': 1.93856289, 'lr': 0, 'params': 201514, 'time_iter': 0.02138, 'accuracy': 0.5507, 'f1': 0.54931, 'auc': 0.91618}
> Epoch 403: took 4.2s (avg 4.2s) | Best so far: epoch 394	train_loss: 0.2943 train_accuracy: 0.8834	val_loss: 0.4564 val_accuracy: 0.8254	test_loss: 1.8061 test_accuracy: 0.5701
train: {'epoch': 404, 'time_epoch': 3.37174, 'eta': 1771.28077, 'eta_hours': 0.49202, 'loss': 0.28346467, 'lr': 0.00062741, 'params': 201514, 'time_iter': 0.02857, 'accuracy': 0.88823, 'f1': 0.88823, 'auc': 0.9939}
val: {'epoch': 404, 'time_epoch': 0.31736, 'loss': 0.61331424, 'lr': 0, 'params': 201514, 'time_iter': 0.01587, 'accuracy': 0.786, 'f1': 0.78436, 'auc': 0.9811}
test: {'epoch': 404, 'time_epoch': 0.9038, 'loss': 2.13735407, 'lr': 0, 'params': 201514, 'time_iter': 0.0226, 'accuracy': 0.535, 'f1': 0.533, 'auc': 0.90802}
> Epoch 404: took 4.6s (avg 4.2s) | Best so far: epoch 394	train_loss: 0.2943 train_accuracy: 0.8834	val_loss: 0.4564 val_accuracy: 0.8254	test_loss: 1.8061 test_accuracy: 0.5701
train: {'epoch': 405, 'time_epoch': 3.0233, 'eta': 1768.37166, 'eta_hours': 0.49121, 'loss': 0.27969706, 'lr': 0.00062635, 'params': 201514, 'time_iter': 0.02562, 'accuracy': 0.88913, 'f1': 0.88913, 'auc': 0.99398}
val: {'epoch': 405, 'time_epoch': 0.30712, 'loss': 0.55515119, 'lr': 0, 'params': 201514, 'time_iter': 0.01536, 'accuracy': 0.8116, 'f1': 0.80998, 'auc': 0.984}
test: {'epoch': 405, 'time_epoch': 0.91112, 'loss': 2.04868372, 'lr': 0, 'params': 201514, 'time_iter': 0.02278, 'accuracy': 0.5521, 'f1': 0.5493, 'auc': 0.91384}
> Epoch 405: took 4.3s (avg 4.2s) | Best so far: epoch 394	train_loss: 0.2943 train_accuracy: 0.8834	val_loss: 0.4564 val_accuracy: 0.8254	test_loss: 1.8061 test_accuracy: 0.5701
train: {'epoch': 406, 'time_epoch': 3.20906, 'eta': 1765.73263, 'eta_hours': 0.49048, 'loss': 0.27740239, 'lr': 0.0006253, 'params': 201514, 'time_iter': 0.0272, 'accuracy': 0.89007, 'f1': 0.8901, 'auc': 0.99403}
val: {'epoch': 406, 'time_epoch': 0.31169, 'loss': 0.50544924, 'lr': 0, 'params': 201514, 'time_iter': 0.01558, 'accuracy': 0.825, 'f1': 0.82463, 'auc': 0.98508}
test: {'epoch': 406, 'time_epoch': 0.90738, 'loss': 2.07259896, 'lr': 0, 'params': 201514, 'time_iter': 0.02268, 'accuracy': 0.5616, 'f1': 0.55959, 'auc': 0.91564}
> Epoch 406: took 4.5s (avg 4.2s) | Best so far: epoch 394	train_loss: 0.2943 train_accuracy: 0.8834	val_loss: 0.4564 val_accuracy: 0.8254	test_loss: 1.8061 test_accuracy: 0.5701
train: {'epoch': 407, 'time_epoch': 2.96916, 'eta': 1762.74273, 'eta_hours': 0.48965, 'loss': 0.27530077, 'lr': 0.00062425, 'params': 201514, 'time_iter': 0.02516, 'accuracy': 0.8913, 'f1': 0.8913, 'auc': 0.99421}
val: {'epoch': 407, 'time_epoch': 0.30207, 'loss': 0.56658925, 'lr': 0, 'params': 201514, 'time_iter': 0.0151, 'accuracy': 0.8004, 'f1': 0.79905, 'auc': 0.98323}
test: {'epoch': 407, 'time_epoch': 0.91672, 'loss': 2.00967476, 'lr': 0, 'params': 201514, 'time_iter': 0.02292, 'accuracy': 0.5515, 'f1': 0.54883, 'auc': 0.91592}
> Epoch 407: took 4.2s (avg 4.2s) | Best so far: epoch 394	train_loss: 0.2943 train_accuracy: 0.8834	val_loss: 0.4564 val_accuracy: 0.8254	test_loss: 1.8061 test_accuracy: 0.5701
train: {'epoch': 408, 'time_epoch': 2.95374, 'eta': 1759.73063, 'eta_hours': 0.48881, 'loss': 0.27586779, 'lr': 0.0006232, 'params': 201514, 'time_iter': 0.02503, 'accuracy': 0.89173, 'f1': 0.89174, 'auc': 0.99414}
val: {'epoch': 408, 'time_epoch': 0.30553, 'loss': 0.54382188, 'lr': 0, 'params': 201514, 'time_iter': 0.01528, 'accuracy': 0.8124, 'f1': 0.811, 'auc': 0.9836}
test: {'epoch': 408, 'time_epoch': 0.86266, 'loss': 2.20908139, 'lr': 0, 'params': 201514, 'time_iter': 0.02157, 'accuracy': 0.5528, 'f1': 0.54836, 'auc': 0.91004}
> Epoch 408: took 4.2s (avg 4.2s) | Best so far: epoch 394	train_loss: 0.2943 train_accuracy: 0.8834	val_loss: 0.4564 val_accuracy: 0.8254	test_loss: 1.8061 test_accuracy: 0.5701
train: {'epoch': 409, 'time_epoch': 2.97497, 'eta': 1756.74937, 'eta_hours': 0.48799, 'loss': 0.27965589, 'lr': 0.00062214, 'params': 201514, 'time_iter': 0.02521, 'accuracy': 0.88873, 'f1': 0.88875, 'auc': 0.99399}
val: {'epoch': 409, 'time_epoch': 0.30152, 'loss': 0.51785038, 'lr': 0, 'params': 201514, 'time_iter': 0.01508, 'accuracy': 0.8048, 'f1': 0.80398, 'auc': 0.98302}
test: {'epoch': 409, 'time_epoch': 0.90316, 'loss': 2.10283789, 'lr': 0, 'params': 201514, 'time_iter': 0.02258, 'accuracy': 0.5495, 'f1': 0.54611, 'auc': 0.91031}
> Epoch 409: took 4.2s (avg 4.2s) | Best so far: epoch 394	train_loss: 0.2943 train_accuracy: 0.8834	val_loss: 0.4564 val_accuracy: 0.8254	test_loss: 1.8061 test_accuracy: 0.5701
train: {'epoch': 410, 'time_epoch': 2.93226, 'eta': 1753.70694, 'eta_hours': 0.48714, 'loss': 0.28007449, 'lr': 0.00062109, 'params': 201514, 'time_iter': 0.02485, 'accuracy': 0.88863, 'f1': 0.88859, 'auc': 0.99405}
val: {'epoch': 410, 'time_epoch': 0.30552, 'loss': 0.63060177, 'lr': 0, 'params': 201514, 'time_iter': 0.01528, 'accuracy': 0.7848, 'f1': 0.78269, 'auc': 0.98119}
test: {'epoch': 410, 'time_epoch': 0.87202, 'loss': 2.18490406, 'lr': 0, 'params': 201514, 'time_iter': 0.0218, 'accuracy': 0.5383, 'f1': 0.53414, 'auc': 0.91076}
> Epoch 410: took 4.1s (avg 4.2s) | Best so far: epoch 394	train_loss: 0.2943 train_accuracy: 0.8834	val_loss: 0.4564 val_accuracy: 0.8254	test_loss: 1.8061 test_accuracy: 0.5701
train: {'epoch': 411, 'time_epoch': 3.24923, 'eta': 1751.11742, 'eta_hours': 0.48642, 'loss': 0.28816192, 'lr': 0.00062004, 'params': 201514, 'time_iter': 0.02754, 'accuracy': 0.8847, 'f1': 0.88465, 'auc': 0.99372}
val: {'epoch': 411, 'time_epoch': 0.30112, 'loss': 0.55101275, 'lr': 0, 'params': 201514, 'time_iter': 0.01506, 'accuracy': 0.8112, 'f1': 0.81026, 'auc': 0.98286}
test: {'epoch': 411, 'time_epoch': 0.8933, 'loss': 2.5420044, 'lr': 0, 'params': 201514, 'time_iter': 0.02233, 'accuracy': 0.5419, 'f1': 0.53643, 'auc': 0.89935}
> Epoch 411: took 4.5s (avg 4.2s) | Best so far: epoch 394	train_loss: 0.2943 train_accuracy: 0.8834	val_loss: 0.4564 val_accuracy: 0.8254	test_loss: 1.8061 test_accuracy: 0.5701
train: {'epoch': 412, 'time_epoch': 2.95795, 'eta': 1748.11069, 'eta_hours': 0.48559, 'loss': 0.27444881, 'lr': 0.00061899, 'params': 201514, 'time_iter': 0.02507, 'accuracy': 0.89247, 'f1': 0.89247, 'auc': 0.9942}
val: {'epoch': 412, 'time_epoch': 0.29752, 'loss': 0.58771579, 'lr': 0, 'params': 201514, 'time_iter': 0.01488, 'accuracy': 0.7982, 'f1': 0.7968, 'auc': 0.98232}
test: {'epoch': 412, 'time_epoch': 0.84599, 'loss': 2.37429079, 'lr': 0, 'params': 201514, 'time_iter': 0.02115, 'accuracy': 0.5452, 'f1': 0.54185, 'auc': 0.9066}
> Epoch 412: took 4.1s (avg 4.2s) | Best so far: epoch 394	train_loss: 0.2943 train_accuracy: 0.8834	val_loss: 0.4564 val_accuracy: 0.8254	test_loss: 1.8061 test_accuracy: 0.5701
train: {'epoch': 413, 'time_epoch': 2.97778, 'eta': 1745.13227, 'eta_hours': 0.48476, 'loss': 0.28337013, 'lr': 0.00061793, 'params': 201514, 'time_iter': 0.02524, 'accuracy': 0.8882, 'f1': 0.8882, 'auc': 0.99394}
val: {'epoch': 413, 'time_epoch': 0.30052, 'loss': 0.70481383, 'lr': 0, 'params': 201514, 'time_iter': 0.01503, 'accuracy': 0.7692, 'f1': 0.76719, 'auc': 0.97803}
test: {'epoch': 413, 'time_epoch': 0.88077, 'loss': 2.43351643, 'lr': 0, 'params': 201514, 'time_iter': 0.02202, 'accuracy': 0.5238, 'f1': 0.51963, 'auc': 0.90028}
> Epoch 413: took 4.2s (avg 4.2s) | Best so far: epoch 394	train_loss: 0.2943 train_accuracy: 0.8834	val_loss: 0.4564 val_accuracy: 0.8254	test_loss: 1.8061 test_accuracy: 0.5701
train: {'epoch': 414, 'time_epoch': 3.09453, 'eta': 1742.31844, 'eta_hours': 0.48398, 'loss': 0.27584141, 'lr': 0.00061688, 'params': 201514, 'time_iter': 0.02622, 'accuracy': 0.89007, 'f1': 0.89009, 'auc': 0.99411}
val: {'epoch': 414, 'time_epoch': 0.30203, 'loss': 0.58683458, 'lr': 0, 'params': 201514, 'time_iter': 0.0151, 'accuracy': 0.7958, 'f1': 0.79507, 'auc': 0.98203}
test: {'epoch': 414, 'time_epoch': 0.87616, 'loss': 2.24641341, 'lr': 0, 'params': 201514, 'time_iter': 0.0219, 'accuracy': 0.5475, 'f1': 0.54468, 'auc': 0.9097}
> Epoch 414: took 4.3s (avg 4.2s) | Best so far: epoch 394	train_loss: 0.2943 train_accuracy: 0.8834	val_loss: 0.4564 val_accuracy: 0.8254	test_loss: 1.8061 test_accuracy: 0.5701
train: {'epoch': 415, 'time_epoch': 2.95377, 'eta': 1739.30566, 'eta_hours': 0.48314, 'loss': 0.2667313, 'lr': 0.00061583, 'params': 201514, 'time_iter': 0.02503, 'accuracy': 0.89427, 'f1': 0.89427, 'auc': 0.99451}
val: {'epoch': 415, 'time_epoch': 0.30513, 'loss': 0.5832176, 'lr': 0, 'params': 201514, 'time_iter': 0.01526, 'accuracy': 0.7982, 'f1': 0.79743, 'auc': 0.98176}
test: {'epoch': 415, 'time_epoch': 0.87661, 'loss': 1.87803841, 'lr': 0, 'params': 201514, 'time_iter': 0.02192, 'accuracy': 0.5509, 'f1': 0.54901, 'auc': 0.91632}
> Epoch 415: took 4.2s (avg 4.2s) | Best so far: epoch 394	train_loss: 0.2943 train_accuracy: 0.8834	val_loss: 0.4564 val_accuracy: 0.8254	test_loss: 1.8061 test_accuracy: 0.5701
train: {'epoch': 416, 'time_epoch': 3.0418, 'eta': 1736.41623, 'eta_hours': 0.48234, 'loss': 0.28054663, 'lr': 0.00061478, 'params': 201514, 'time_iter': 0.02578, 'accuracy': 0.8872, 'f1': 0.88719, 'auc': 0.99389}
val: {'epoch': 416, 'time_epoch': 0.30669, 'loss': 0.66197768, 'lr': 0, 'params': 201514, 'time_iter': 0.01533, 'accuracy': 0.7728, 'f1': 0.77096, 'auc': 0.97849}
test: {'epoch': 416, 'time_epoch': 0.86999, 'loss': 2.40244128, 'lr': 0, 'params': 201514, 'time_iter': 0.02175, 'accuracy': 0.5319, 'f1': 0.52592, 'auc': 0.90249}
> Epoch 416: took 4.3s (avg 4.2s) | Best so far: epoch 394	train_loss: 0.2943 train_accuracy: 0.8834	val_loss: 0.4564 val_accuracy: 0.8254	test_loss: 1.8061 test_accuracy: 0.5701
train: {'epoch': 417, 'time_epoch': 2.94278, 'eta': 1733.38819, 'eta_hours': 0.4815, 'loss': 0.27244781, 'lr': 0.00061372, 'params': 201514, 'time_iter': 0.02494, 'accuracy': 0.892, 'f1': 0.89193, 'auc': 0.9943}
val: {'epoch': 417, 'time_epoch': 0.30468, 'loss': 0.56170907, 'lr': 0, 'params': 201514, 'time_iter': 0.01523, 'accuracy': 0.8074, 'f1': 0.8067, 'auc': 0.98345}
test: {'epoch': 417, 'time_epoch': 0.88156, 'loss': 2.33740636, 'lr': 0, 'params': 201514, 'time_iter': 0.02204, 'accuracy': 0.5424, 'f1': 0.53816, 'auc': 0.90683}
> Epoch 417: took 4.2s (avg 4.2s) | Best so far: epoch 394	train_loss: 0.2943 train_accuracy: 0.8834	val_loss: 0.4564 val_accuracy: 0.8254	test_loss: 1.8061 test_accuracy: 0.5701
train: {'epoch': 418, 'time_epoch': 3.31736, 'eta': 1730.87997, 'eta_hours': 0.4808, 'loss': 0.26090565, 'lr': 0.00061267, 'params': 201514, 'time_iter': 0.02811, 'accuracy': 0.89743, 'f1': 0.89744, 'auc': 0.99475}
val: {'epoch': 418, 'time_epoch': 0.30103, 'loss': 0.56790945, 'lr': 0, 'params': 201514, 'time_iter': 0.01505, 'accuracy': 0.8038, 'f1': 0.80298, 'auc': 0.98297}
test: {'epoch': 418, 'time_epoch': 0.8946, 'loss': 2.47818696, 'lr': 0, 'params': 201514, 'time_iter': 0.02236, 'accuracy': 0.5444, 'f1': 0.54177, 'auc': 0.90384}
> Epoch 418: took 4.6s (avg 4.2s) | Best so far: epoch 394	train_loss: 0.2943 train_accuracy: 0.8834	val_loss: 0.4564 val_accuracy: 0.8254	test_loss: 1.8061 test_accuracy: 0.5701
train: {'epoch': 419, 'time_epoch': 2.88808, 'eta': 1727.77508, 'eta_hours': 0.47994, 'loss': 0.26801371, 'lr': 0.00061162, 'params': 201514, 'time_iter': 0.02448, 'accuracy': 0.89257, 'f1': 0.89257, 'auc': 0.99449}
val: {'epoch': 419, 'time_epoch': 0.34693, 'loss': 0.48096331, 'lr': 0, 'params': 201514, 'time_iter': 0.01735, 'accuracy': 0.8204, 'f1': 0.81939, 'auc': 0.98556}
test: {'epoch': 419, 'time_epoch': 0.87119, 'loss': 2.07384612, 'lr': 0, 'params': 201514, 'time_iter': 0.02178, 'accuracy': 0.5638, 'f1': 0.56444, 'auc': 0.91615}
> Epoch 419: took 4.1s (avg 4.2s) | Best so far: epoch 394	train_loss: 0.2943 train_accuracy: 0.8834	val_loss: 0.4564 val_accuracy: 0.8254	test_loss: 1.8061 test_accuracy: 0.5701
train: {'epoch': 420, 'time_epoch': 2.96609, 'eta': 1724.77852, 'eta_hours': 0.47911, 'loss': 0.26215316, 'lr': 0.00061057, 'params': 201514, 'time_iter': 0.02514, 'accuracy': 0.8957, 'f1': 0.89566, 'auc': 0.99465}
val: {'epoch': 420, 'time_epoch': 0.30153, 'loss': 0.57307227, 'lr': 0, 'params': 201514, 'time_iter': 0.01508, 'accuracy': 0.807, 'f1': 0.80604, 'auc': 0.98312}
test: {'epoch': 420, 'time_epoch': 0.85924, 'loss': 2.61226913, 'lr': 0, 'params': 201514, 'time_iter': 0.02148, 'accuracy': 0.5464, 'f1': 0.54159, 'auc': 0.9019}
> Epoch 420: took 4.2s (avg 4.2s) | Best so far: epoch 394	train_loss: 0.2943 train_accuracy: 0.8834	val_loss: 0.4564 val_accuracy: 0.8254	test_loss: 1.8061 test_accuracy: 0.5701
train: {'epoch': 421, 'time_epoch': 2.96463, 'eta': 1721.78009, 'eta_hours': 0.47827, 'loss': 0.25891441, 'lr': 0.00060951, 'params': 201514, 'time_iter': 0.02512, 'accuracy': 0.8975, 'f1': 0.89749, 'auc': 0.99483}
val: {'epoch': 421, 'time_epoch': 0.30352, 'loss': 0.45047941, 'lr': 0, 'params': 201514, 'time_iter': 0.01518, 'accuracy': 0.8288, 'f1': 0.82898, 'auc': 0.98618}
test: {'epoch': 421, 'time_epoch': 0.86249, 'loss': 1.67221489, 'lr': 0, 'params': 201514, 'time_iter': 0.02156, 'accuracy': 0.5721, 'f1': 0.57307, 'auc': 0.92371}
> Epoch 421: took 4.2s (avg 4.2s) | Best so far: epoch 421	train_loss: 0.2589 train_accuracy: 0.8975	val_loss: 0.4505 val_accuracy: 0.8288	test_loss: 1.6722 test_accuracy: 0.5721
train: {'epoch': 422, 'time_epoch': 2.94612, 'eta': 1718.75658, 'eta_hours': 0.47743, 'loss': 0.2598702, 'lr': 0.00060846, 'params': 201514, 'time_iter': 0.02497, 'accuracy': 0.89733, 'f1': 0.89736, 'auc': 0.99475}
val: {'epoch': 422, 'time_epoch': 0.30403, 'loss': 0.61112545, 'lr': 0, 'params': 201514, 'time_iter': 0.0152, 'accuracy': 0.794, 'f1': 0.79271, 'auc': 0.98151}
test: {'epoch': 422, 'time_epoch': 0.87409, 'loss': 2.77691656, 'lr': 0, 'params': 201514, 'time_iter': 0.02185, 'accuracy': 0.5327, 'f1': 0.52719, 'auc': 0.89649}
> Epoch 422: took 4.2s (avg 4.2s) | Best so far: epoch 421	train_loss: 0.2589 train_accuracy: 0.8975	val_loss: 0.4505 val_accuracy: 0.8288	test_loss: 1.6722 test_accuracy: 0.5721
train: {'epoch': 423, 'time_epoch': 3.04998, 'eta': 1715.87453, 'eta_hours': 0.47663, 'loss': 0.26484304, 'lr': 0.00060741, 'params': 201514, 'time_iter': 0.02585, 'accuracy': 0.89497, 'f1': 0.89496, 'auc': 0.99457}
val: {'epoch': 423, 'time_epoch': 0.31152, 'loss': 0.63667872, 'lr': 0, 'params': 201514, 'time_iter': 0.01558, 'accuracy': 0.7856, 'f1': 0.78428, 'auc': 0.98021}
test: {'epoch': 423, 'time_epoch': 0.8574, 'loss': 2.57421726, 'lr': 0, 'params': 201514, 'time_iter': 0.02143, 'accuracy': 0.5348, 'f1': 0.52938, 'auc': 0.90368}
> Epoch 423: took 4.3s (avg 4.2s) | Best so far: epoch 421	train_loss: 0.2589 train_accuracy: 0.8975	val_loss: 0.4505 val_accuracy: 0.8288	test_loss: 1.6722 test_accuracy: 0.5721
train: {'epoch': 424, 'time_epoch': 3.24126, 'eta': 1713.25047, 'eta_hours': 0.4759, 'loss': 0.26577808, 'lr': 0.00060636, 'params': 201514, 'time_iter': 0.02747, 'accuracy': 0.8949, 'f1': 0.89491, 'auc': 0.9945}
val: {'epoch': 424, 'time_epoch': 0.31869, 'loss': 0.78855475, 'lr': 0, 'params': 201514, 'time_iter': 0.01593, 'accuracy': 0.7458, 'f1': 0.74302, 'auc': 0.97465}
test: {'epoch': 424, 'time_epoch': 0.9361, 'loss': 2.66422744, 'lr': 0, 'params': 201514, 'time_iter': 0.0234, 'accuracy': 0.5016, 'f1': 0.49289, 'auc': 0.89303}
> Epoch 424: took 4.5s (avg 4.2s) | Best so far: epoch 421	train_loss: 0.2589 train_accuracy: 0.8975	val_loss: 0.4505 val_accuracy: 0.8288	test_loss: 1.6722 test_accuracy: 0.5721
train: {'epoch': 425, 'time_epoch': 3.00763, 'eta': 1710.30872, 'eta_hours': 0.47509, 'loss': 0.27279486, 'lr': 0.0006053, 'params': 201514, 'time_iter': 0.02549, 'accuracy': 0.89113, 'f1': 0.89113, 'auc': 0.99424}
val: {'epoch': 425, 'time_epoch': 0.3044, 'loss': 0.68060231, 'lr': 0, 'params': 201514, 'time_iter': 0.01522, 'accuracy': 0.7738, 'f1': 0.77173, 'auc': 0.97866}
test: {'epoch': 425, 'time_epoch': 0.87302, 'loss': 2.24678489, 'lr': 0, 'params': 201514, 'time_iter': 0.02183, 'accuracy': 0.5358, 'f1': 0.52905, 'auc': 0.90505}
> Epoch 425: took 4.2s (avg 4.2s) | Best so far: epoch 421	train_loss: 0.2589 train_accuracy: 0.8975	val_loss: 0.4505 val_accuracy: 0.8288	test_loss: 1.6722 test_accuracy: 0.5721
train: {'epoch': 426, 'time_epoch': 3.0288, 'eta': 1707.39506, 'eta_hours': 0.47428, 'loss': 0.26270909, 'lr': 0.00060425, 'params': 201514, 'time_iter': 0.02567, 'accuracy': 0.89897, 'f1': 0.89895, 'auc': 0.99472}
val: {'epoch': 426, 'time_epoch': 0.30053, 'loss': 0.56335314, 'lr': 0, 'params': 201514, 'time_iter': 0.01503, 'accuracy': 0.8056, 'f1': 0.80446, 'auc': 0.98356}
test: {'epoch': 426, 'time_epoch': 0.87356, 'loss': 2.39477729, 'lr': 0, 'params': 201514, 'time_iter': 0.02184, 'accuracy': 0.5527, 'f1': 0.54663, 'auc': 0.90706}
> Epoch 426: took 4.2s (avg 4.2s) | Best so far: epoch 421	train_loss: 0.2589 train_accuracy: 0.8975	val_loss: 0.4505 val_accuracy: 0.8288	test_loss: 1.6722 test_accuracy: 0.5721
train: {'epoch': 427, 'time_epoch': 2.89926, 'eta': 1704.30774, 'eta_hours': 0.47342, 'loss': 0.26717656, 'lr': 0.0006032, 'params': 201514, 'time_iter': 0.02457, 'accuracy': 0.89683, 'f1': 0.89686, 'auc': 0.99454}
val: {'epoch': 427, 'time_epoch': 0.30452, 'loss': 0.73404579, 'lr': 0, 'params': 201514, 'time_iter': 0.01523, 'accuracy': 0.758, 'f1': 0.75573, 'auc': 0.97651}
test: {'epoch': 427, 'time_epoch': 0.88022, 'loss': 2.41498331, 'lr': 0, 'params': 201514, 'time_iter': 0.02201, 'accuracy': 0.5261, 'f1': 0.51976, 'auc': 0.90201}
> Epoch 427: took 4.1s (avg 4.2s) | Best so far: epoch 421	train_loss: 0.2589 train_accuracy: 0.8975	val_loss: 0.4505 val_accuracy: 0.8288	test_loss: 1.6722 test_accuracy: 0.5721
train: {'epoch': 428, 'time_epoch': 3.32868, 'eta': 1701.79287, 'eta_hours': 0.47272, 'loss': 0.26743502, 'lr': 0.00060215, 'params': 201514, 'time_iter': 0.02821, 'accuracy': 0.89523, 'f1': 0.89525, 'auc': 0.99442}
val: {'epoch': 428, 'time_epoch': 0.31104, 'loss': 0.48959933, 'lr': 0, 'params': 201514, 'time_iter': 0.01555, 'accuracy': 0.8146, 'f1': 0.81483, 'auc': 0.98464}
test: {'epoch': 428, 'time_epoch': 0.89248, 'loss': 2.090828, 'lr': 0, 'params': 201514, 'time_iter': 0.02231, 'accuracy': 0.5541, 'f1': 0.55238, 'auc': 0.91311}
> Epoch 428: took 4.6s (avg 4.2s) | Best so far: epoch 421	train_loss: 0.2589 train_accuracy: 0.8975	val_loss: 0.4505 val_accuracy: 0.8288	test_loss: 1.6722 test_accuracy: 0.5721
train: {'epoch': 429, 'time_epoch': 2.99629, 'eta': 1698.8336, 'eta_hours': 0.4719, 'loss': 0.26592101, 'lr': 0.00060109, 'params': 201514, 'time_iter': 0.02539, 'accuracy': 0.89523, 'f1': 0.8952, 'auc': 0.99453}
val: {'epoch': 429, 'time_epoch': 0.32253, 'loss': 0.50108185, 'lr': 0, 'params': 201514, 'time_iter': 0.01613, 'accuracy': 0.82, 'f1': 0.81981, 'auc': 0.98522}
test: {'epoch': 429, 'time_epoch': 0.89565, 'loss': 2.50393167, 'lr': 0, 'params': 201514, 'time_iter': 0.02239, 'accuracy': 0.5548, 'f1': 0.55174, 'auc': 0.90451}
> Epoch 429: took 4.3s (avg 4.2s) | Best so far: epoch 421	train_loss: 0.2589 train_accuracy: 0.8975	val_loss: 0.4505 val_accuracy: 0.8288	test_loss: 1.6722 test_accuracy: 0.5721
train: {'epoch': 430, 'time_epoch': 2.95595, 'eta': 1695.8209, 'eta_hours': 0.47106, 'loss': 0.25583571, 'lr': 0.00060004, 'params': 201514, 'time_iter': 0.02505, 'accuracy': 0.8988, 'f1': 0.89885, 'auc': 0.99491}
val: {'epoch': 430, 'time_epoch': 0.3464, 'loss': 0.61841958, 'lr': 0, 'params': 201514, 'time_iter': 0.01732, 'accuracy': 0.7908, 'f1': 0.78949, 'auc': 0.98124}
test: {'epoch': 430, 'time_epoch': 0.88073, 'loss': 2.69670578, 'lr': 0, 'params': 201514, 'time_iter': 0.02202, 'accuracy': 0.5443, 'f1': 0.53996, 'auc': 0.90178}
> Epoch 430: took 4.2s (avg 4.2s) | Best so far: epoch 421	train_loss: 0.2589 train_accuracy: 0.8975	val_loss: 0.4505 val_accuracy: 0.8288	test_loss: 1.6722 test_accuracy: 0.5721
train: {'epoch': 431, 'time_epoch': 3.33337, 'eta': 1693.3047, 'eta_hours': 0.47036, 'loss': 0.27091585, 'lr': 0.00059899, 'params': 201514, 'time_iter': 0.02825, 'accuracy': 0.8933, 'f1': 0.89334, 'auc': 0.99436}
val: {'epoch': 431, 'time_epoch': 0.30545, 'loss': 0.49170959, 'lr': 0, 'params': 201514, 'time_iter': 0.01527, 'accuracy': 0.8238, 'f1': 0.82317, 'auc': 0.98514}
test: {'epoch': 431, 'time_epoch': 0.89189, 'loss': 2.36915531, 'lr': 0, 'params': 201514, 'time_iter': 0.0223, 'accuracy': 0.5503, 'f1': 0.54652, 'auc': 0.90784}
> Epoch 431: took 4.6s (avg 4.2s) | Best so far: epoch 421	train_loss: 0.2589 train_accuracy: 0.8975	val_loss: 0.4505 val_accuracy: 0.8288	test_loss: 1.6722 test_accuracy: 0.5721
train: {'epoch': 432, 'time_epoch': 3.10013, 'eta': 1690.4793, 'eta_hours': 0.46958, 'loss': 0.2633384, 'lr': 0.00059793, 'params': 201514, 'time_iter': 0.02627, 'accuracy': 0.89597, 'f1': 0.89594, 'auc': 0.99469}
val: {'epoch': 432, 'time_epoch': 0.30452, 'loss': 0.51030152, 'lr': 0, 'params': 201514, 'time_iter': 0.01523, 'accuracy': 0.8144, 'f1': 0.81353, 'auc': 0.98451}
test: {'epoch': 432, 'time_epoch': 0.85888, 'loss': 2.2718935, 'lr': 0, 'params': 201514, 'time_iter': 0.02147, 'accuracy': 0.5557, 'f1': 0.55178, 'auc': 0.91037}
> Epoch 432: took 4.3s (avg 4.2s) | Best so far: epoch 421	train_loss: 0.2589 train_accuracy: 0.8975	val_loss: 0.4505 val_accuracy: 0.8288	test_loss: 1.6722 test_accuracy: 0.5721
train: {'epoch': 433, 'time_epoch': 3.04148, 'eta': 1687.57615, 'eta_hours': 0.46877, 'loss': 0.25177458, 'lr': 0.00059688, 'params': 201514, 'time_iter': 0.02578, 'accuracy': 0.90077, 'f1': 0.90078, 'auc': 0.99508}
val: {'epoch': 433, 'time_epoch': 0.30702, 'loss': 0.47601746, 'lr': 0, 'params': 201514, 'time_iter': 0.01535, 'accuracy': 0.8258, 'f1': 0.82521, 'auc': 0.98575}
test: {'epoch': 433, 'time_epoch': 0.88918, 'loss': 2.00245388, 'lr': 0, 'params': 201514, 'time_iter': 0.02223, 'accuracy': 0.5742, 'f1': 0.57077, 'auc': 0.91691}
> Epoch 433: took 4.3s (avg 4.2s) | Best so far: epoch 421	train_loss: 0.2589 train_accuracy: 0.8975	val_loss: 0.4505 val_accuracy: 0.8288	test_loss: 1.6722 test_accuracy: 0.5721
train: {'epoch': 434, 'time_epoch': 3.00577, 'eta': 1684.62598, 'eta_hours': 0.46795, 'loss': 0.2550054, 'lr': 0.00059583, 'params': 201514, 'time_iter': 0.02547, 'accuracy': 0.89947, 'f1': 0.89949, 'auc': 0.99492}
val: {'epoch': 434, 'time_epoch': 0.30152, 'loss': 0.67725149, 'lr': 0, 'params': 201514, 'time_iter': 0.01508, 'accuracy': 0.7802, 'f1': 0.77845, 'auc': 0.97926}
test: {'epoch': 434, 'time_epoch': 0.87334, 'loss': 2.44738607, 'lr': 0, 'params': 201514, 'time_iter': 0.02183, 'accuracy': 0.528, 'f1': 0.52338, 'auc': 0.90161}
> Epoch 434: took 4.2s (avg 4.2s) | Best so far: epoch 421	train_loss: 0.2589 train_accuracy: 0.8975	val_loss: 0.4505 val_accuracy: 0.8288	test_loss: 1.6722 test_accuracy: 0.5721
train: {'epoch': 435, 'time_epoch': 2.99983, 'eta': 1681.66788, 'eta_hours': 0.46713, 'loss': 0.25097761, 'lr': 0.00059478, 'params': 201514, 'time_iter': 0.02542, 'accuracy': 0.90053, 'f1': 0.9005, 'auc': 0.99511}
val: {'epoch': 435, 'time_epoch': 0.33952, 'loss': 0.63974834, 'lr': 0, 'params': 201514, 'time_iter': 0.01698, 'accuracy': 0.7814, 'f1': 0.77965, 'auc': 0.9802}
test: {'epoch': 435, 'time_epoch': 0.87525, 'loss': 2.10981248, 'lr': 0, 'params': 201514, 'time_iter': 0.02188, 'accuracy': 0.5442, 'f1': 0.53932, 'auc': 0.91077}
> Epoch 435: took 4.3s (avg 4.2s) | Best so far: epoch 421	train_loss: 0.2589 train_accuracy: 0.8975	val_loss: 0.4505 val_accuracy: 0.8288	test_loss: 1.6722 test_accuracy: 0.5721
train: {'epoch': 436, 'time_epoch': 2.99176, 'eta': 1678.69918, 'eta_hours': 0.46631, 'loss': 0.25957604, 'lr': 0.00059372, 'params': 201514, 'time_iter': 0.02535, 'accuracy': 0.89607, 'f1': 0.89601, 'auc': 0.99475}
val: {'epoch': 436, 'time_epoch': 0.30652, 'loss': 0.75501472, 'lr': 0, 'params': 201514, 'time_iter': 0.01533, 'accuracy': 0.7346, 'f1': 0.73204, 'auc': 0.97377}
test: {'epoch': 436, 'time_epoch': 0.91573, 'loss': 2.62352208, 'lr': 0, 'params': 201514, 'time_iter': 0.02289, 'accuracy': 0.5088, 'f1': 0.50179, 'auc': 0.89426}
> Epoch 436: took 4.3s (avg 4.2s) | Best so far: epoch 421	train_loss: 0.2589 train_accuracy: 0.8975	val_loss: 0.4505 val_accuracy: 0.8288	test_loss: 1.6722 test_accuracy: 0.5721
train: {'epoch': 437, 'time_epoch': 3.00757, 'eta': 1675.75066, 'eta_hours': 0.46549, 'loss': 0.24692895, 'lr': 0.00059267, 'params': 201514, 'time_iter': 0.02549, 'accuracy': 0.9034, 'f1': 0.90342, 'auc': 0.99531}
val: {'epoch': 437, 'time_epoch': 0.30152, 'loss': 0.52367508, 'lr': 0, 'params': 201514, 'time_iter': 0.01508, 'accuracy': 0.8146, 'f1': 0.81266, 'auc': 0.98507}
test: {'epoch': 437, 'time_epoch': 0.8943, 'loss': 2.46759052, 'lr': 0, 'params': 201514, 'time_iter': 0.02236, 'accuracy': 0.5527, 'f1': 0.54899, 'auc': 0.90588}
> Epoch 437: took 4.2s (avg 4.2s) | Best so far: epoch 421	train_loss: 0.2589 train_accuracy: 0.8975	val_loss: 0.4505 val_accuracy: 0.8288	test_loss: 1.6722 test_accuracy: 0.5721
train: {'epoch': 438, 'time_epoch': 3.17379, 'eta': 1673.01429, 'eta_hours': 0.46473, 'loss': 0.25792366, 'lr': 0.00059162, 'params': 201514, 'time_iter': 0.0269, 'accuracy': 0.9003, 'f1': 0.90032, 'auc': 0.99477}
val: {'epoch': 438, 'time_epoch': 0.30895, 'loss': 0.50004737, 'lr': 0, 'params': 201514, 'time_iter': 0.01545, 'accuracy': 0.8278, 'f1': 0.82569, 'auc': 0.98598}
test: {'epoch': 438, 'time_epoch': 0.85173, 'loss': 2.33499094, 'lr': 0, 'params': 201514, 'time_iter': 0.02129, 'accuracy': 0.5632, 'f1': 0.55754, 'auc': 0.91156}
> Epoch 438: took 4.4s (avg 4.2s) | Best so far: epoch 421	train_loss: 0.2589 train_accuracy: 0.8975	val_loss: 0.4505 val_accuracy: 0.8288	test_loss: 1.6722 test_accuracy: 0.5721
train: {'epoch': 439, 'time_epoch': 2.97594, 'eta': 1670.02413, 'eta_hours': 0.4639, 'loss': 0.25548027, 'lr': 0.00059057, 'params': 201514, 'time_iter': 0.02522, 'accuracy': 0.89957, 'f1': 0.89956, 'auc': 0.99488}
val: {'epoch': 439, 'time_epoch': 0.30071, 'loss': 0.45288467, 'lr': 0, 'params': 201514, 'time_iter': 0.01504, 'accuracy': 0.833, 'f1': 0.83295, 'auc': 0.98648}
test: {'epoch': 439, 'time_epoch': 0.90029, 'loss': 2.24024014, 'lr': 0, 'params': 201514, 'time_iter': 0.02251, 'accuracy': 0.5718, 'f1': 0.56842, 'auc': 0.9134}
> Epoch 439: took 4.2s (avg 4.2s) | Best so far: epoch 439	train_loss: 0.2555 train_accuracy: 0.8996	val_loss: 0.4529 val_accuracy: 0.8330	test_loss: 2.2402 test_accuracy: 0.5718
train: {'epoch': 440, 'time_epoch': 2.95259, 'eta': 1667.00443, 'eta_hours': 0.46306, 'loss': 0.24124302, 'lr': 0.00058951, 'params': 201514, 'time_iter': 0.02502, 'accuracy': 0.90597, 'f1': 0.90597, 'auc': 0.99548}
val: {'epoch': 440, 'time_epoch': 0.30106, 'loss': 0.49247864, 'lr': 0, 'params': 201514, 'time_iter': 0.01505, 'accuracy': 0.8234, 'f1': 0.82301, 'auc': 0.98547}
test: {'epoch': 440, 'time_epoch': 0.92044, 'loss': 2.64724432, 'lr': 0, 'params': 201514, 'time_iter': 0.02301, 'accuracy': 0.5531, 'f1': 0.54896, 'auc': 0.90309}
> Epoch 440: took 4.2s (avg 4.2s) | Best so far: epoch 439	train_loss: 0.2555 train_accuracy: 0.8996	val_loss: 0.4529 val_accuracy: 0.8330	test_loss: 2.2402 test_accuracy: 0.5718
train: {'epoch': 441, 'time_epoch': 2.90844, 'eta': 1663.92929, 'eta_hours': 0.4622, 'loss': 0.25384862, 'lr': 0.00058846, 'params': 201514, 'time_iter': 0.02465, 'accuracy': 0.90073, 'f1': 0.90075, 'auc': 0.99503}
val: {'epoch': 441, 'time_epoch': 0.30752, 'loss': 0.55685433, 'lr': 0, 'params': 201514, 'time_iter': 0.01538, 'accuracy': 0.7932, 'f1': 0.79202, 'auc': 0.98187}
test: {'epoch': 441, 'time_epoch': 0.86094, 'loss': 2.03175148, 'lr': 0, 'params': 201514, 'time_iter': 0.02152, 'accuracy': 0.5571, 'f1': 0.55512, 'auc': 0.91351}
> Epoch 441: took 4.1s (avg 4.2s) | Best so far: epoch 439	train_loss: 0.2555 train_accuracy: 0.8996	val_loss: 0.4529 val_accuracy: 0.8330	test_loss: 2.2402 test_accuracy: 0.5718
train: {'epoch': 442, 'time_epoch': 3.21577, 'eta': 1661.24133, 'eta_hours': 0.46146, 'loss': 0.23798577, 'lr': 0.00058741, 'params': 201514, 'time_iter': 0.02725, 'accuracy': 0.90597, 'f1': 0.90595, 'auc': 0.99565}
val: {'epoch': 442, 'time_epoch': 0.30423, 'loss': 0.57048307, 'lr': 0, 'params': 201514, 'time_iter': 0.01521, 'accuracy': 0.808, 'f1': 0.80622, 'auc': 0.98325}
test: {'epoch': 442, 'time_epoch': 0.89461, 'loss': 2.65557858, 'lr': 0, 'params': 201514, 'time_iter': 0.02237, 'accuracy': 0.5438, 'f1': 0.53861, 'auc': 0.90108}
> Epoch 442: took 4.5s (avg 4.2s) | Best so far: epoch 439	train_loss: 0.2555 train_accuracy: 0.8996	val_loss: 0.4529 val_accuracy: 0.8330	test_loss: 2.2402 test_accuracy: 0.5718
train: {'epoch': 443, 'time_epoch': 3.00001, 'eta': 1658.28079, 'eta_hours': 0.46063, 'loss': 0.24752963, 'lr': 0.00058636, 'params': 201514, 'time_iter': 0.02542, 'accuracy': 0.9014, 'f1': 0.90139, 'auc': 0.99523}
val: {'epoch': 443, 'time_epoch': 0.30052, 'loss': 0.53614481, 'lr': 0, 'params': 201514, 'time_iter': 0.01503, 'accuracy': 0.822, 'f1': 0.82115, 'auc': 0.98465}
test: {'epoch': 443, 'time_epoch': 0.84872, 'loss': 2.92468852, 'lr': 0, 'params': 201514, 'time_iter': 0.02122, 'accuracy': 0.5549, 'f1': 0.54989, 'auc': 0.89648}
> Epoch 443: took 4.2s (avg 4.2s) | Best so far: epoch 439	train_loss: 0.2555 train_accuracy: 0.8996	val_loss: 0.4529 val_accuracy: 0.8330	test_loss: 2.2402 test_accuracy: 0.5718
train: {'epoch': 444, 'time_epoch': 3.04529, 'eta': 1655.37656, 'eta_hours': 0.45983, 'loss': 0.23979033, 'lr': 0.0005853, 'params': 201514, 'time_iter': 0.02581, 'accuracy': 0.90753, 'f1': 0.90755, 'auc': 0.99547}
val: {'epoch': 444, 'time_epoch': 0.30252, 'loss': 0.5413582, 'lr': 0, 'params': 201514, 'time_iter': 0.01513, 'accuracy': 0.8164, 'f1': 0.81465, 'auc': 0.98487}
test: {'epoch': 444, 'time_epoch': 0.88051, 'loss': 2.5923697, 'lr': 0, 'params': 201514, 'time_iter': 0.02201, 'accuracy': 0.5516, 'f1': 0.54676, 'auc': 0.90606}
> Epoch 444: took 4.3s (avg 4.2s) | Best so far: epoch 439	train_loss: 0.2555 train_accuracy: 0.8996	val_loss: 0.4529 val_accuracy: 0.8330	test_loss: 2.2402 test_accuracy: 0.5718
train: {'epoch': 445, 'time_epoch': 3.17803, 'eta': 1652.63658, 'eta_hours': 0.45907, 'loss': 0.2438465, 'lr': 0.00058425, 'params': 201514, 'time_iter': 0.02693, 'accuracy': 0.9054, 'f1': 0.90539, 'auc': 0.99536}
val: {'epoch': 445, 'time_epoch': 0.30213, 'loss': 0.63620336, 'lr': 0, 'params': 201514, 'time_iter': 0.01511, 'accuracy': 0.79, 'f1': 0.78871, 'auc': 0.98145}
test: {'epoch': 445, 'time_epoch': 0.9638, 'loss': 2.4770534, 'lr': 0, 'params': 201514, 'time_iter': 0.0241, 'accuracy': 0.5309, 'f1': 0.52711, 'auc': 0.90331}
> Epoch 445: took 4.5s (avg 4.2s) | Best so far: epoch 439	train_loss: 0.2555 train_accuracy: 0.8996	val_loss: 0.4529 val_accuracy: 0.8330	test_loss: 2.2402 test_accuracy: 0.5718
train: {'epoch': 446, 'time_epoch': 3.09882, 'eta': 1649.79664, 'eta_hours': 0.45828, 'loss': 0.24447239, 'lr': 0.0005832, 'params': 201514, 'time_iter': 0.02626, 'accuracy': 0.905, 'f1': 0.90503, 'auc': 0.99537}
val: {'epoch': 446, 'time_epoch': 0.31602, 'loss': 0.49097981, 'lr': 0, 'params': 201514, 'time_iter': 0.0158, 'accuracy': 0.8294, 'f1': 0.82964, 'auc': 0.98568}
test: {'epoch': 446, 'time_epoch': 0.89018, 'loss': 2.13342681, 'lr': 0, 'params': 201514, 'time_iter': 0.02225, 'accuracy': 0.568, 'f1': 0.56657, 'auc': 0.91666}
> Epoch 446: took 4.3s (avg 4.2s) | Best so far: epoch 439	train_loss: 0.2555 train_accuracy: 0.8996	val_loss: 0.4529 val_accuracy: 0.8330	test_loss: 2.2402 test_accuracy: 0.5718
train: {'epoch': 447, 'time_epoch': 2.97972, 'eta': 1646.8088, 'eta_hours': 0.45745, 'loss': 0.25324261, 'lr': 0.00058215, 'params': 201514, 'time_iter': 0.02525, 'accuracy': 0.9, 'f1': 0.90002, 'auc': 0.99503}
val: {'epoch': 447, 'time_epoch': 0.30053, 'loss': 0.61781233, 'lr': 0, 'params': 201514, 'time_iter': 0.01503, 'accuracy': 0.794, 'f1': 0.79246, 'auc': 0.98143}
test: {'epoch': 447, 'time_epoch': 0.90925, 'loss': 3.42086837, 'lr': 0, 'params': 201514, 'time_iter': 0.02273, 'accuracy': 0.5253, 'f1': 0.51928, 'auc': 0.88042}
> Epoch 447: took 4.2s (avg 4.2s) | Best so far: epoch 439	train_loss: 0.2555 train_accuracy: 0.8996	val_loss: 0.4529 val_accuracy: 0.8330	test_loss: 2.2402 test_accuracy: 0.5718
train: {'epoch': 448, 'time_epoch': 2.90157, 'eta': 1643.72509, 'eta_hours': 0.45659, 'loss': 0.24672561, 'lr': 0.00058109, 'params': 201514, 'time_iter': 0.02459, 'accuracy': 0.9065, 'f1': 0.90654, 'auc': 0.99521}
val: {'epoch': 448, 'time_epoch': 0.30153, 'loss': 0.56763882, 'lr': 0, 'params': 201514, 'time_iter': 0.01508, 'accuracy': 0.8084, 'f1': 0.80714, 'auc': 0.98392}
test: {'epoch': 448, 'time_epoch': 0.83985, 'loss': 2.36695248, 'lr': 0, 'params': 201514, 'time_iter': 0.021, 'accuracy': 0.5496, 'f1': 0.54441, 'auc': 0.90889}
> Epoch 448: took 4.1s (avg 4.2s) | Best so far: epoch 439	train_loss: 0.2555 train_accuracy: 0.8996	val_loss: 0.4529 val_accuracy: 0.8330	test_loss: 2.2402 test_accuracy: 0.5718
train: {'epoch': 449, 'time_epoch': 2.99358, 'eta': 1640.75465, 'eta_hours': 0.45577, 'loss': 0.23794422, 'lr': 0.00058004, 'params': 201514, 'time_iter': 0.02537, 'accuracy': 0.90453, 'f1': 0.90458, 'auc': 0.99557}
val: {'epoch': 449, 'time_epoch': 0.30725, 'loss': 0.72885608, 'lr': 0, 'params': 201514, 'time_iter': 0.01536, 'accuracy': 0.7712, 'f1': 0.76914, 'auc': 0.97828}
test: {'epoch': 449, 'time_epoch': 0.85409, 'loss': 3.35617925, 'lr': 0, 'params': 201514, 'time_iter': 0.02135, 'accuracy': 0.5055, 'f1': 0.49815, 'auc': 0.88285}
> Epoch 449: took 4.2s (avg 4.2s) | Best so far: epoch 439	train_loss: 0.2555 train_accuracy: 0.8996	val_loss: 0.4529 val_accuracy: 0.8330	test_loss: 2.2402 test_accuracy: 0.5718
train: {'epoch': 450, 'time_epoch': 2.95873, 'eta': 1637.74169, 'eta_hours': 0.45493, 'loss': 0.24096418, 'lr': 0.00057899, 'params': 201514, 'time_iter': 0.02507, 'accuracy': 0.90693, 'f1': 0.90697, 'auc': 0.99546}
val: {'epoch': 450, 'time_epoch': 0.30323, 'loss': 0.47585344, 'lr': 0, 'params': 201514, 'time_iter': 0.01516, 'accuracy': 0.833, 'f1': 0.83139, 'auc': 0.98665}
test: {'epoch': 450, 'time_epoch': 0.93538, 'loss': 2.0962456, 'lr': 0, 'params': 201514, 'time_iter': 0.02338, 'accuracy': 0.5748, 'f1': 0.57145, 'auc': 0.91801}
> Epoch 450: took 4.2s (avg 4.2s) | Best so far: epoch 439	train_loss: 0.2555 train_accuracy: 0.8996	val_loss: 0.4529 val_accuracy: 0.8330	test_loss: 2.2402 test_accuracy: 0.5718
train: {'epoch': 451, 'time_epoch': 2.93585, 'eta': 1634.70123, 'eta_hours': 0.45408, 'loss': 0.24392527, 'lr': 0.00057794, 'params': 201514, 'time_iter': 0.02488, 'accuracy': 0.9041, 'f1': 0.90413, 'auc': 0.99534}
val: {'epoch': 451, 'time_epoch': 0.30164, 'loss': 0.62537391, 'lr': 0, 'params': 201514, 'time_iter': 0.01508, 'accuracy': 0.783, 'f1': 0.78123, 'auc': 0.98047}
test: {'epoch': 451, 'time_epoch': 1.11427, 'loss': 2.34496143, 'lr': 0, 'params': 201514, 'time_iter': 0.02786, 'accuracy': 0.5406, 'f1': 0.53644, 'auc': 0.90717}
> Epoch 451: took 4.4s (avg 4.2s) | Best so far: epoch 439	train_loss: 0.2555 train_accuracy: 0.8996	val_loss: 0.4529 val_accuracy: 0.8330	test_loss: 2.2402 test_accuracy: 0.5718
train: {'epoch': 452, 'time_epoch': 2.99729, 'eta': 1631.73542, 'eta_hours': 0.45326, 'loss': 0.23675733, 'lr': 0.00057688, 'params': 201514, 'time_iter': 0.0254, 'accuracy': 0.90557, 'f1': 0.90557, 'auc': 0.99564}
val: {'epoch': 452, 'time_epoch': 0.30218, 'loss': 0.52116164, 'lr': 0, 'params': 201514, 'time_iter': 0.01511, 'accuracy': 0.82, 'f1': 0.81859, 'auc': 0.98457}
test: {'epoch': 452, 'time_epoch': 0.91559, 'loss': 2.15587705, 'lr': 0, 'params': 201514, 'time_iter': 0.02289, 'accuracy': 0.5612, 'f1': 0.5554, 'auc': 0.91306}
> Epoch 452: took 4.3s (avg 4.2s) | Best so far: epoch 439	train_loss: 0.2555 train_accuracy: 0.8996	val_loss: 0.4529 val_accuracy: 0.8330	test_loss: 2.2402 test_accuracy: 0.5718
train: {'epoch': 453, 'time_epoch': 2.94102, 'eta': 1628.70179, 'eta_hours': 0.45242, 'loss': 0.22949746, 'lr': 0.00057583, 'params': 201514, 'time_iter': 0.02492, 'accuracy': 0.9102, 'f1': 0.91025, 'auc': 0.99584}
val: {'epoch': 453, 'time_epoch': 0.30755, 'loss': 0.5587394, 'lr': 0, 'params': 201514, 'time_iter': 0.01538, 'accuracy': 0.8214, 'f1': 0.81984, 'auc': 0.9844}
test: {'epoch': 453, 'time_epoch': 0.92105, 'loss': 2.55118133, 'lr': 0, 'params': 201514, 'time_iter': 0.02303, 'accuracy': 0.5545, 'f1': 0.54804, 'auc': 0.90798}
> Epoch 453: took 4.2s (avg 4.2s) | Best so far: epoch 439	train_loss: 0.2555 train_accuracy: 0.8996	val_loss: 0.4529 val_accuracy: 0.8330	test_loss: 2.2402 test_accuracy: 0.5718
train: {'epoch': 454, 'time_epoch': 2.91102, 'eta': 1625.63263, 'eta_hours': 0.45156, 'loss': 0.2376788, 'lr': 0.00057478, 'params': 201514, 'time_iter': 0.02467, 'accuracy': 0.90663, 'f1': 0.90663, 'auc': 0.99555}
val: {'epoch': 454, 'time_epoch': 0.31667, 'loss': 0.50775375, 'lr': 0, 'params': 201514, 'time_iter': 0.01583, 'accuracy': 0.8282, 'f1': 0.82743, 'auc': 0.98593}
test: {'epoch': 454, 'time_epoch': 0.92504, 'loss': 2.40480848, 'lr': 0, 'params': 201514, 'time_iter': 0.02313, 'accuracy': 0.5585, 'f1': 0.55389, 'auc': 0.91046}
> Epoch 454: took 4.2s (avg 4.2s) | Best so far: epoch 439	train_loss: 0.2555 train_accuracy: 0.8996	val_loss: 0.4529 val_accuracy: 0.8330	test_loss: 2.2402 test_accuracy: 0.5718
train: {'epoch': 455, 'time_epoch': 2.93624, 'eta': 1622.59426, 'eta_hours': 0.45072, 'loss': 0.2431928, 'lr': 0.00057373, 'params': 201514, 'time_iter': 0.02488, 'accuracy': 0.905, 'f1': 0.90501, 'auc': 0.99533}
val: {'epoch': 455, 'time_epoch': 0.31356, 'loss': 0.58083306, 'lr': 0, 'params': 201514, 'time_iter': 0.01568, 'accuracy': 0.808, 'f1': 0.80695, 'auc': 0.98275}
test: {'epoch': 455, 'time_epoch': 0.92056, 'loss': 3.10996872, 'lr': 0, 'params': 201514, 'time_iter': 0.02301, 'accuracy': 0.5245, 'f1': 0.51892, 'auc': 0.89034}
> Epoch 455: took 4.2s (avg 4.2s) | Best so far: epoch 439	train_loss: 0.2555 train_accuracy: 0.8996	val_loss: 0.4529 val_accuracy: 0.8330	test_loss: 2.2402 test_accuracy: 0.5718
train: {'epoch': 456, 'time_epoch': 3.21521, 'eta': 1619.88781, 'eta_hours': 0.44997, 'loss': 0.23483407, 'lr': 0.00057267, 'params': 201514, 'time_iter': 0.02725, 'accuracy': 0.90877, 'f1': 0.90875, 'auc': 0.99568}
val: {'epoch': 456, 'time_epoch': 0.31052, 'loss': 0.60542949, 'lr': 0, 'params': 201514, 'time_iter': 0.01553, 'accuracy': 0.805, 'f1': 0.80302, 'auc': 0.98302}
test: {'epoch': 456, 'time_epoch': 0.90329, 'loss': 2.42721363, 'lr': 0, 'params': 201514, 'time_iter': 0.02258, 'accuracy': 0.5431, 'f1': 0.53615, 'auc': 0.90593}
> Epoch 456: took 4.5s (avg 4.2s) | Best so far: epoch 439	train_loss: 0.2555 train_accuracy: 0.8996	val_loss: 0.4529 val_accuracy: 0.8330	test_loss: 2.2402 test_accuracy: 0.5718
train: {'epoch': 457, 'time_epoch': 2.90915, 'eta': 1616.81693, 'eta_hours': 0.44912, 'loss': 0.23447218, 'lr': 0.00057162, 'params': 201514, 'time_iter': 0.02465, 'accuracy': 0.90973, 'f1': 0.90972, 'auc': 0.99569}
val: {'epoch': 457, 'time_epoch': 0.32183, 'loss': 0.50590509, 'lr': 0, 'params': 201514, 'time_iter': 0.01609, 'accuracy': 0.8262, 'f1': 0.82627, 'auc': 0.9855}
test: {'epoch': 457, 'time_epoch': 0.92728, 'loss': 2.32648209, 'lr': 0, 'params': 201514, 'time_iter': 0.02318, 'accuracy': 0.5607, 'f1': 0.5594, 'auc': 0.91184}
> Epoch 457: took 4.2s (avg 4.2s) | Best so far: epoch 439	train_loss: 0.2555 train_accuracy: 0.8996	val_loss: 0.4529 val_accuracy: 0.8330	test_loss: 2.2402 test_accuracy: 0.5718
train: {'epoch': 458, 'time_epoch': 2.92328, 'eta': 1613.76342, 'eta_hours': 0.44827, 'loss': 0.22980459, 'lr': 0.00057057, 'params': 201514, 'time_iter': 0.02477, 'accuracy': 0.90997, 'f1': 0.90998, 'auc': 0.99582}
val: {'epoch': 458, 'time_epoch': 0.31137, 'loss': 0.50419372, 'lr': 0, 'params': 201514, 'time_iter': 0.01557, 'accuracy': 0.8266, 'f1': 0.82538, 'auc': 0.9855}
test: {'epoch': 458, 'time_epoch': 1.15513, 'loss': 2.33892568, 'lr': 0, 'params': 201514, 'time_iter': 0.02888, 'accuracy': 0.5677, 'f1': 0.56461, 'auc': 0.91177}
> Epoch 458: took 4.4s (avg 4.2s) | Best so far: epoch 439	train_loss: 0.2555 train_accuracy: 0.8996	val_loss: 0.4529 val_accuracy: 0.8330	test_loss: 2.2402 test_accuracy: 0.5718
train: {'epoch': 459, 'time_epoch': 2.97184, 'eta': 1610.76747, 'eta_hours': 0.44744, 'loss': 0.23903389, 'lr': 0.00056952, 'params': 201514, 'time_iter': 0.02519, 'accuracy': 0.90743, 'f1': 0.90746, 'auc': 0.99554}
val: {'epoch': 459, 'time_epoch': 0.31433, 'loss': 0.50250423, 'lr': 0, 'params': 201514, 'time_iter': 0.01572, 'accuracy': 0.8314, 'f1': 0.8301, 'auc': 0.9858}
test: {'epoch': 459, 'time_epoch': 0.919, 'loss': 2.35529322, 'lr': 0, 'params': 201514, 'time_iter': 0.02298, 'accuracy': 0.5679, 'f1': 0.56403, 'auc': 0.91186}
> Epoch 459: took 4.2s (avg 4.2s) | Best so far: epoch 439	train_loss: 0.2555 train_accuracy: 0.8996	val_loss: 0.4529 val_accuracy: 0.8330	test_loss: 2.2402 test_accuracy: 0.5718
train: {'epoch': 460, 'time_epoch': 2.96398, 'eta': 1607.76244, 'eta_hours': 0.4466, 'loss': 0.22916544, 'lr': 0.00056846, 'params': 201514, 'time_iter': 0.02512, 'accuracy': 0.91057, 'f1': 0.91059, 'auc': 0.99585}
val: {'epoch': 460, 'time_epoch': 0.31721, 'loss': 0.54150195, 'lr': 0, 'params': 201514, 'time_iter': 0.01586, 'accuracy': 0.815, 'f1': 0.81406, 'auc': 0.98431}
test: {'epoch': 460, 'time_epoch': 0.92855, 'loss': 3.5669547, 'lr': 0, 'params': 201514, 'time_iter': 0.02321, 'accuracy': 0.5322, 'f1': 0.52827, 'auc': 0.88019}
> Epoch 460: took 4.2s (avg 4.2s) | Best so far: epoch 439	train_loss: 0.2555 train_accuracy: 0.8996	val_loss: 0.4529 val_accuracy: 0.8330	test_loss: 2.2402 test_accuracy: 0.5718
train: {'epoch': 461, 'time_epoch': 2.91357, 'eta': 1604.69889, 'eta_hours': 0.44575, 'loss': 0.23309567, 'lr': 0.00056741, 'params': 201514, 'time_iter': 0.02469, 'accuracy': 0.90907, 'f1': 0.90906, 'auc': 0.99571}
val: {'epoch': 461, 'time_epoch': 0.308, 'loss': 0.50686081, 'lr': 0, 'params': 201514, 'time_iter': 0.0154, 'accuracy': 0.8238, 'f1': 0.82317, 'auc': 0.98527}
test: {'epoch': 461, 'time_epoch': 0.93295, 'loss': 2.19426671, 'lr': 0, 'params': 201514, 'time_iter': 0.02332, 'accuracy': 0.5626, 'f1': 0.56103, 'auc': 0.91416}
> Epoch 461: took 4.2s (avg 4.2s) | Best so far: epoch 439	train_loss: 0.2555 train_accuracy: 0.8996	val_loss: 0.4529 val_accuracy: 0.8330	test_loss: 2.2402 test_accuracy: 0.5718
train: {'epoch': 462, 'time_epoch': 2.89976, 'eta': 1601.61997, 'eta_hours': 0.44489, 'loss': 0.23405561, 'lr': 0.00056636, 'params': 201514, 'time_iter': 0.02457, 'accuracy': 0.9083, 'f1': 0.90834, 'auc': 0.99571}
val: {'epoch': 462, 'time_epoch': 0.30603, 'loss': 0.54863973, 'lr': 0, 'params': 201514, 'time_iter': 0.0153, 'accuracy': 0.8168, 'f1': 0.81578, 'auc': 0.98404}
test: {'epoch': 462, 'time_epoch': 0.93107, 'loss': 2.2524429, 'lr': 0, 'params': 201514, 'time_iter': 0.02328, 'accuracy': 0.5511, 'f1': 0.55056, 'auc': 0.91208}
> Epoch 462: took 4.2s (avg 4.2s) | Best so far: epoch 439	train_loss: 0.2555 train_accuracy: 0.8996	val_loss: 0.4529 val_accuracy: 0.8330	test_loss: 2.2402 test_accuracy: 0.5718
train: {'epoch': 463, 'time_epoch': 2.96586, 'eta': 1598.61818, 'eta_hours': 0.44406, 'loss': 0.22390016, 'lr': 0.00056531, 'params': 201514, 'time_iter': 0.02513, 'accuracy': 0.91397, 'f1': 0.91395, 'auc': 0.99605}
val: {'epoch': 463, 'time_epoch': 0.31952, 'loss': 0.47625873, 'lr': 0, 'params': 201514, 'time_iter': 0.01598, 'accuracy': 0.8332, 'f1': 0.83318, 'auc': 0.98642}
test: {'epoch': 463, 'time_epoch': 0.90326, 'loss': 1.86182451, 'lr': 0, 'params': 201514, 'time_iter': 0.02258, 'accuracy': 0.5791, 'f1': 0.57716, 'auc': 0.92393}
> Epoch 463: took 4.2s (avg 4.2s) | Best so far: epoch 463	train_loss: 0.2239 train_accuracy: 0.9140	val_loss: 0.4763 val_accuracy: 0.8332	test_loss: 1.8618 test_accuracy: 0.5791
train: {'epoch': 464, 'time_epoch': 2.92761, 'eta': 1595.57253, 'eta_hours': 0.44321, 'loss': 0.23157407, 'lr': 0.00056425, 'params': 201514, 'time_iter': 0.02481, 'accuracy': 0.90953, 'f1': 0.90955, 'auc': 0.99582}
val: {'epoch': 464, 'time_epoch': 0.31252, 'loss': 0.49658479, 'lr': 0, 'params': 201514, 'time_iter': 0.01563, 'accuracy': 0.8252, 'f1': 0.82405, 'auc': 0.98561}
test: {'epoch': 464, 'time_epoch': 0.91362, 'loss': 2.19640375, 'lr': 0, 'params': 201514, 'time_iter': 0.02284, 'accuracy': 0.5716, 'f1': 0.56775, 'auc': 0.91485}
> Epoch 464: took 4.2s (avg 4.2s) | Best so far: epoch 463	train_loss: 0.2239 train_accuracy: 0.9140	val_loss: 0.4763 val_accuracy: 0.8332	test_loss: 1.8618 test_accuracy: 0.5791
train: {'epoch': 465, 'time_epoch': 2.94476, 'eta': 1592.54704, 'eta_hours': 0.44237, 'loss': 0.22954761, 'lr': 0.0005632, 'params': 201514, 'time_iter': 0.02496, 'accuracy': 0.91047, 'f1': 0.91046, 'auc': 0.9958}
val: {'epoch': 465, 'time_epoch': 0.31402, 'loss': 0.5737858, 'lr': 0, 'params': 201514, 'time_iter': 0.0157, 'accuracy': 0.801, 'f1': 0.79931, 'auc': 0.98253}
test: {'epoch': 465, 'time_epoch': 1.15274, 'loss': 1.93946707, 'lr': 0, 'params': 201514, 'time_iter': 0.02882, 'accuracy': 0.5638, 'f1': 0.55854, 'auc': 0.91913}
> Epoch 465: took 4.5s (avg 4.2s) | Best so far: epoch 463	train_loss: 0.2239 train_accuracy: 0.9140	val_loss: 0.4763 val_accuracy: 0.8332	test_loss: 1.8618 test_accuracy: 0.5791
train: {'epoch': 466, 'time_epoch': 2.94735, 'eta': 1589.52486, 'eta_hours': 0.44153, 'loss': 0.23047843, 'lr': 0.00056215, 'params': 201514, 'time_iter': 0.02498, 'accuracy': 0.9111, 'f1': 0.9111, 'auc': 0.99584}
val: {'epoch': 466, 'time_epoch': 0.31419, 'loss': 0.50757847, 'lr': 0, 'params': 201514, 'time_iter': 0.01571, 'accuracy': 0.8292, 'f1': 0.82718, 'auc': 0.98563}
test: {'epoch': 466, 'time_epoch': 0.95086, 'loss': 2.12082071, 'lr': 0, 'params': 201514, 'time_iter': 0.02377, 'accuracy': 0.5656, 'f1': 0.55984, 'auc': 0.91654}
> Epoch 466: took 4.3s (avg 4.2s) | Best so far: epoch 463	train_loss: 0.2239 train_accuracy: 0.9140	val_loss: 0.4763 val_accuracy: 0.8332	test_loss: 1.8618 test_accuracy: 0.5791
train: {'epoch': 467, 'time_epoch': 2.99449, 'eta': 1586.55658, 'eta_hours': 0.44071, 'loss': 0.22244368, 'lr': 0.0005611, 'params': 201514, 'time_iter': 0.02538, 'accuracy': 0.914, 'f1': 0.914, 'auc': 0.99614}
val: {'epoch': 467, 'time_epoch': 0.30052, 'loss': 0.54432674, 'lr': 0, 'params': 201514, 'time_iter': 0.01503, 'accuracy': 0.8206, 'f1': 0.8195, 'auc': 0.98444}
test: {'epoch': 467, 'time_epoch': 0.92504, 'loss': 2.66972363, 'lr': 0, 'params': 201514, 'time_iter': 0.02313, 'accuracy': 0.5423, 'f1': 0.53717, 'auc': 0.90219}
> Epoch 467: took 4.3s (avg 4.2s) | Best so far: epoch 463	train_loss: 0.2239 train_accuracy: 0.9140	val_loss: 0.4763 val_accuracy: 0.8332	test_loss: 1.8618 test_accuracy: 0.5791
train: {'epoch': 468, 'time_epoch': 2.97108, 'eta': 1583.56169, 'eta_hours': 0.43988, 'loss': 0.23225199, 'lr': 0.00056004, 'params': 201514, 'time_iter': 0.02518, 'accuracy': 0.91087, 'f1': 0.91089, 'auc': 0.9957}
val: {'epoch': 468, 'time_epoch': 0.31123, 'loss': 0.50523938, 'lr': 0, 'params': 201514, 'time_iter': 0.01556, 'accuracy': 0.827, 'f1': 0.82679, 'auc': 0.98557}
test: {'epoch': 468, 'time_epoch': 0.92845, 'loss': 2.29145105, 'lr': 0, 'params': 201514, 'time_iter': 0.02321, 'accuracy': 0.5549, 'f1': 0.55211, 'auc': 0.9115}
> Epoch 468: took 4.2s (avg 4.2s) | Best so far: epoch 463	train_loss: 0.2239 train_accuracy: 0.9140	val_loss: 0.4763 val_accuracy: 0.8332	test_loss: 1.8618 test_accuracy: 0.5791
train: {'epoch': 469, 'time_epoch': 2.87772, 'eta': 1580.46161, 'eta_hours': 0.43902, 'loss': 0.22394295, 'lr': 0.00055899, 'params': 201514, 'time_iter': 0.02439, 'accuracy': 0.91247, 'f1': 0.91249, 'auc': 0.99605}
val: {'epoch': 469, 'time_epoch': 0.29719, 'loss': 0.48726739, 'lr': 0, 'params': 201514, 'time_iter': 0.01486, 'accuracy': 0.8274, 'f1': 0.82711, 'auc': 0.98526}
test: {'epoch': 469, 'time_epoch': 0.91205, 'loss': 1.95653304, 'lr': 0, 'params': 201514, 'time_iter': 0.0228, 'accuracy': 0.5708, 'f1': 0.56792, 'auc': 0.91933}
> Epoch 469: took 4.1s (avg 4.2s) | Best so far: epoch 463	train_loss: 0.2239 train_accuracy: 0.9140	val_loss: 0.4763 val_accuracy: 0.8332	test_loss: 1.8618 test_accuracy: 0.5791
train: {'epoch': 470, 'time_epoch': 3.1933, 'eta': 1577.71693, 'eta_hours': 0.43825, 'loss': 0.23763787, 'lr': 0.00055794, 'params': 201514, 'time_iter': 0.02706, 'accuracy': 0.9083, 'f1': 0.90827, 'auc': 0.99562}
val: {'epoch': 470, 'time_epoch': 0.29902, 'loss': 0.61916313, 'lr': 0, 'params': 201514, 'time_iter': 0.01495, 'accuracy': 0.804, 'f1': 0.80256, 'auc': 0.9815}
test: {'epoch': 470, 'time_epoch': 0.92489, 'loss': 2.23369456, 'lr': 0, 'params': 201514, 'time_iter': 0.02312, 'accuracy': 0.5484, 'f1': 0.54623, 'auc': 0.9106}
> Epoch 470: took 4.5s (avg 4.2s) | Best so far: epoch 463	train_loss: 0.2239 train_accuracy: 0.9140	val_loss: 0.4763 val_accuracy: 0.8332	test_loss: 1.8618 test_accuracy: 0.5791
train: {'epoch': 471, 'time_epoch': 2.89175, 'eta': 1574.63301, 'eta_hours': 0.4374, 'loss': 0.21761319, 'lr': 0.00055689, 'params': 201514, 'time_iter': 0.02451, 'accuracy': 0.9167, 'f1': 0.91669, 'auc': 0.99625}
val: {'epoch': 471, 'time_epoch': 0.30752, 'loss': 0.51786831, 'lr': 0, 'params': 201514, 'time_iter': 0.01538, 'accuracy': 0.8214, 'f1': 0.82092, 'auc': 0.9851}
test: {'epoch': 471, 'time_epoch': 0.92013, 'loss': 2.36165445, 'lr': 0, 'params': 201514, 'time_iter': 0.023, 'accuracy': 0.5611, 'f1': 0.5591, 'auc': 0.91087}
> Epoch 471: took 4.2s (avg 4.2s) | Best so far: epoch 463	train_loss: 0.2239 train_accuracy: 0.9140	val_loss: 0.4763 val_accuracy: 0.8332	test_loss: 1.8618 test_accuracy: 0.5791
train: {'epoch': 472, 'time_epoch': 3.18952, 'eta': 1571.88167, 'eta_hours': 0.43663, 'loss': 0.21964272, 'lr': 0.00055583, 'params': 201514, 'time_iter': 0.02703, 'accuracy': 0.91383, 'f1': 0.91386, 'auc': 0.99616}
val: {'epoch': 472, 'time_epoch': 0.30851, 'loss': 0.54473857, 'lr': 0, 'params': 201514, 'time_iter': 0.01543, 'accuracy': 0.8226, 'f1': 0.82153, 'auc': 0.98453}
test: {'epoch': 472, 'time_epoch': 0.94004, 'loss': 2.19605098, 'lr': 0, 'params': 201514, 'time_iter': 0.0235, 'accuracy': 0.5617, 'f1': 0.56037, 'auc': 0.91374}
> Epoch 472: took 4.5s (avg 4.2s) | Best so far: epoch 463	train_loss: 0.2239 train_accuracy: 0.9140	val_loss: 0.4763 val_accuracy: 0.8332	test_loss: 1.8618 test_accuracy: 0.5791
train: {'epoch': 473, 'time_epoch': 2.94908, 'eta': 1568.86167, 'eta_hours': 0.43579, 'loss': 0.23416221, 'lr': 0.00055478, 'params': 201514, 'time_iter': 0.02499, 'accuracy': 0.91057, 'f1': 0.91058, 'auc': 0.99568}
val: {'epoch': 473, 'time_epoch': 0.31186, 'loss': 0.57042719, 'lr': 0, 'params': 201514, 'time_iter': 0.01559, 'accuracy': 0.813, 'f1': 0.81119, 'auc': 0.984}
test: {'epoch': 473, 'time_epoch': 0.92181, 'loss': 2.69304269, 'lr': 0, 'params': 201514, 'time_iter': 0.02305, 'accuracy': 0.548, 'f1': 0.5457, 'auc': 0.90269}
> Epoch 473: took 4.2s (avg 4.2s) | Best so far: epoch 463	train_loss: 0.2239 train_accuracy: 0.9140	val_loss: 0.4763 val_accuracy: 0.8332	test_loss: 1.8618 test_accuracy: 0.5791
train: {'epoch': 474, 'time_epoch': 2.95626, 'eta': 1565.8499, 'eta_hours': 0.43496, 'loss': 0.21964651, 'lr': 0.00055373, 'params': 201514, 'time_iter': 0.02505, 'accuracy': 0.91517, 'f1': 0.91518, 'auc': 0.99612}
val: {'epoch': 474, 'time_epoch': 0.31252, 'loss': 0.52034528, 'lr': 0, 'params': 201514, 'time_iter': 0.01563, 'accuracy': 0.8276, 'f1': 0.82575, 'auc': 0.98544}
test: {'epoch': 474, 'time_epoch': 0.91953, 'loss': 2.23975046, 'lr': 0, 'params': 201514, 'time_iter': 0.02299, 'accuracy': 0.5681, 'f1': 0.5655, 'auc': 0.91535}
> Epoch 474: took 4.2s (avg 4.2s) | Best so far: epoch 463	train_loss: 0.2239 train_accuracy: 0.9140	val_loss: 0.4763 val_accuracy: 0.8332	test_loss: 1.8618 test_accuracy: 0.5791
train: {'epoch': 475, 'time_epoch': 2.92064, 'eta': 1562.79915, 'eta_hours': 0.43411, 'loss': 0.22354412, 'lr': 0.00055268, 'params': 201514, 'time_iter': 0.02475, 'accuracy': 0.9141, 'f1': 0.91406, 'auc': 0.996}
val: {'epoch': 475, 'time_epoch': 0.30952, 'loss': 0.52817409, 'lr': 0, 'params': 201514, 'time_iter': 0.01548, 'accuracy': 0.8238, 'f1': 0.82317, 'auc': 0.9849}
test: {'epoch': 475, 'time_epoch': 0.92177, 'loss': 2.63665108, 'lr': 0, 'params': 201514, 'time_iter': 0.02304, 'accuracy': 0.5467, 'f1': 0.54021, 'auc': 0.90049}
> Epoch 475: took 4.2s (avg 4.2s) | Best so far: epoch 463	train_loss: 0.2239 train_accuracy: 0.9140	val_loss: 0.4763 val_accuracy: 0.8332	test_loss: 1.8618 test_accuracy: 0.5791
train: {'epoch': 476, 'time_epoch': 2.99279, 'eta': 1559.82805, 'eta_hours': 0.43329, 'loss': 0.21761732, 'lr': 0.00055162, 'params': 201514, 'time_iter': 0.02536, 'accuracy': 0.91567, 'f1': 0.91568, 'auc': 0.99627}
val: {'epoch': 476, 'time_epoch': 0.3092, 'loss': 0.55000112, 'lr': 0, 'params': 201514, 'time_iter': 0.01546, 'accuracy': 0.8162, 'f1': 0.81524, 'auc': 0.98434}
test: {'epoch': 476, 'time_epoch': 0.93606, 'loss': 2.51704743, 'lr': 0, 'params': 201514, 'time_iter': 0.0234, 'accuracy': 0.5588, 'f1': 0.55577, 'auc': 0.90673}
> Epoch 476: took 4.3s (avg 4.2s) | Best so far: epoch 463	train_loss: 0.2239 train_accuracy: 0.9140	val_loss: 0.4763 val_accuracy: 0.8332	test_loss: 1.8618 test_accuracy: 0.5791
train: {'epoch': 477, 'time_epoch': 2.97986, 'eta': 1556.84275, 'eta_hours': 0.43246, 'loss': 0.21925786, 'lr': 0.00055057, 'params': 201514, 'time_iter': 0.02525, 'accuracy': 0.91673, 'f1': 0.91676, 'auc': 0.99625}
val: {'epoch': 477, 'time_epoch': 0.32392, 'loss': 0.58400911, 'lr': 0, 'params': 201514, 'time_iter': 0.0162, 'accuracy': 0.8084, 'f1': 0.80641, 'auc': 0.98339}
test: {'epoch': 477, 'time_epoch': 0.92356, 'loss': 2.60638562, 'lr': 0, 'params': 201514, 'time_iter': 0.02309, 'accuracy': 0.5511, 'f1': 0.54471, 'auc': 0.9049}
> Epoch 477: took 4.3s (avg 4.2s) | Best so far: epoch 463	train_loss: 0.2239 train_accuracy: 0.9140	val_loss: 0.4763 val_accuracy: 0.8332	test_loss: 1.8618 test_accuracy: 0.5791
train: {'epoch': 478, 'time_epoch': 2.99045, 'eta': 1553.86899, 'eta_hours': 0.43163, 'loss': 0.21889065, 'lr': 0.00054952, 'params': 201514, 'time_iter': 0.02534, 'accuracy': 0.91553, 'f1': 0.91554, 'auc': 0.99623}
val: {'epoch': 478, 'time_epoch': 0.30902, 'loss': 0.59155263, 'lr': 0, 'params': 201514, 'time_iter': 0.01545, 'accuracy': 0.8064, 'f1': 0.80527, 'auc': 0.98297}
test: {'epoch': 478, 'time_epoch': 0.91368, 'loss': 2.53800792, 'lr': 0, 'params': 201514, 'time_iter': 0.02284, 'accuracy': 0.5443, 'f1': 0.54076, 'auc': 0.90404}
> Epoch 478: took 4.2s (avg 4.2s) | Best so far: epoch 463	train_loss: 0.2239 train_accuracy: 0.9140	val_loss: 0.4763 val_accuracy: 0.8332	test_loss: 1.8618 test_accuracy: 0.5791
train: {'epoch': 479, 'time_epoch': 3.21051, 'eta': 1551.13356, 'eta_hours': 0.43087, 'loss': 0.21719045, 'lr': 0.00054847, 'params': 201514, 'time_iter': 0.02721, 'accuracy': 0.9153, 'f1': 0.91533, 'auc': 0.99618}
val: {'epoch': 479, 'time_epoch': 0.32303, 'loss': 0.66291921, 'lr': 0, 'params': 201514, 'time_iter': 0.01615, 'accuracy': 0.7928, 'f1': 0.79082, 'auc': 0.98122}
test: {'epoch': 479, 'time_epoch': 0.92079, 'loss': 2.47946308, 'lr': 0, 'params': 201514, 'time_iter': 0.02302, 'accuracy': 0.5374, 'f1': 0.53297, 'auc': 0.90369}
> Epoch 479: took 4.5s (avg 4.2s) | Best so far: epoch 463	train_loss: 0.2239 train_accuracy: 0.9140	val_loss: 0.4763 val_accuracy: 0.8332	test_loss: 1.8618 test_accuracy: 0.5791
train: {'epoch': 480, 'time_epoch': 2.92565, 'eta': 1548.08879, 'eta_hours': 0.43002, 'loss': 0.21408936, 'lr': 0.00054741, 'params': 201514, 'time_iter': 0.02479, 'accuracy': 0.91763, 'f1': 0.91761, 'auc': 0.99636}
val: {'epoch': 480, 'time_epoch': 0.30208, 'loss': 0.73030465, 'lr': 0, 'params': 201514, 'time_iter': 0.0151, 'accuracy': 0.7768, 'f1': 0.77509, 'auc': 0.97892}
test: {'epoch': 480, 'time_epoch': 0.94772, 'loss': 2.76013141, 'lr': 0, 'params': 201514, 'time_iter': 0.02369, 'accuracy': 0.5325, 'f1': 0.52663, 'auc': 0.90004}
> Epoch 480: took 4.2s (avg 4.2s) | Best so far: epoch 463	train_loss: 0.2239 train_accuracy: 0.9140	val_loss: 0.4763 val_accuracy: 0.8332	test_loss: 1.8618 test_accuracy: 0.5791
train: {'epoch': 481, 'time_epoch': 2.95988, 'eta': 1545.0813, 'eta_hours': 0.42919, 'loss': 0.21398778, 'lr': 0.00054636, 'params': 201514, 'time_iter': 0.02508, 'accuracy': 0.916, 'f1': 0.91601, 'auc': 0.99629}
val: {'epoch': 481, 'time_epoch': 0.30052, 'loss': 0.5511496, 'lr': 0, 'params': 201514, 'time_iter': 0.01503, 'accuracy': 0.8202, 'f1': 0.81953, 'auc': 0.98439}
test: {'epoch': 481, 'time_epoch': 0.91797, 'loss': 2.08903055, 'lr': 0, 'params': 201514, 'time_iter': 0.02295, 'accuracy': 0.5729, 'f1': 0.57301, 'auc': 0.91831}
> Epoch 481: took 4.2s (avg 4.2s) | Best so far: epoch 463	train_loss: 0.2239 train_accuracy: 0.9140	val_loss: 0.4763 val_accuracy: 0.8332	test_loss: 1.8618 test_accuracy: 0.5791
train: {'epoch': 482, 'time_epoch': 2.97728, 'eta': 1542.09262, 'eta_hours': 0.42836, 'loss': 0.21541946, 'lr': 0.00054531, 'params': 201514, 'time_iter': 0.02523, 'accuracy': 0.9173, 'f1': 0.91729, 'auc': 0.99635}
val: {'epoch': 482, 'time_epoch': 0.31652, 'loss': 0.4703344, 'lr': 0, 'params': 201514, 'time_iter': 0.01583, 'accuracy': 0.8358, 'f1': 0.83547, 'auc': 0.98705}
test: {'epoch': 482, 'time_epoch': 0.90366, 'loss': 2.09416242, 'lr': 0, 'params': 201514, 'time_iter': 0.02259, 'accuracy': 0.5774, 'f1': 0.57451, 'auc': 0.91945}
> Epoch 482: took 4.2s (avg 4.2s) | Best so far: epoch 482	train_loss: 0.2154 train_accuracy: 0.9173	val_loss: 0.4703 val_accuracy: 0.8358	test_loss: 2.0942 test_accuracy: 0.5774
train: {'epoch': 483, 'time_epoch': 2.88794, 'eta': 1539.00875, 'eta_hours': 0.4275, 'loss': 0.22147216, 'lr': 0.00054426, 'params': 201514, 'time_iter': 0.02447, 'accuracy': 0.91563, 'f1': 0.91564, 'auc': 0.99609}
val: {'epoch': 483, 'time_epoch': 0.31216, 'loss': 0.49906249, 'lr': 0, 'params': 201514, 'time_iter': 0.01561, 'accuracy': 0.8342, 'f1': 0.83375, 'auc': 0.98624}
test: {'epoch': 483, 'time_epoch': 0.9253, 'loss': 2.33030381, 'lr': 0, 'params': 201514, 'time_iter': 0.02313, 'accuracy': 0.5586, 'f1': 0.55574, 'auc': 0.91311}
> Epoch 483: took 4.2s (avg 4.2s) | Best so far: epoch 482	train_loss: 0.2154 train_accuracy: 0.9173	val_loss: 0.4703 val_accuracy: 0.8358	test_loss: 2.0942 test_accuracy: 0.5774
train: {'epoch': 484, 'time_epoch': 3.04722, 'eta': 1536.09482, 'eta_hours': 0.42669, 'loss': 0.21537057, 'lr': 0.0005432, 'params': 201514, 'time_iter': 0.02582, 'accuracy': 0.91713, 'f1': 0.91715, 'auc': 0.9963}
val: {'epoch': 484, 'time_epoch': 0.32533, 'loss': 0.48096062, 'lr': 0, 'params': 201514, 'time_iter': 0.01627, 'accuracy': 0.8336, 'f1': 0.83264, 'auc': 0.98618}
test: {'epoch': 484, 'time_epoch': 0.91932, 'loss': 1.94967858, 'lr': 0, 'params': 201514, 'time_iter': 0.02298, 'accuracy': 0.5791, 'f1': 0.57756, 'auc': 0.92179}
> Epoch 484: took 4.3s (avg 4.2s) | Best so far: epoch 482	train_loss: 0.2154 train_accuracy: 0.9173	val_loss: 0.4703 val_accuracy: 0.8358	test_loss: 2.0942 test_accuracy: 0.5774
train: {'epoch': 485, 'time_epoch': 2.89535, 'eta': 1533.01971, 'eta_hours': 0.42584, 'loss': 0.20967083, 'lr': 0.00054215, 'params': 201514, 'time_iter': 0.02454, 'accuracy': 0.91857, 'f1': 0.91857, 'auc': 0.99653}
val: {'epoch': 485, 'time_epoch': 0.53363, 'loss': 0.51746876, 'lr': 0, 'params': 201514, 'time_iter': 0.02668, 'accuracy': 0.82, 'f1': 0.81872, 'auc': 0.98469}
test: {'epoch': 485, 'time_epoch': 0.95006, 'loss': 2.258524, 'lr': 0, 'params': 201514, 'time_iter': 0.02375, 'accuracy': 0.5634, 'f1': 0.56068, 'auc': 0.91403}
> Epoch 485: took 4.4s (avg 4.2s) | Best so far: epoch 482	train_loss: 0.2154 train_accuracy: 0.9173	val_loss: 0.4703 val_accuracy: 0.8358	test_loss: 2.0942 test_accuracy: 0.5774
train: {'epoch': 486, 'time_epoch': 2.92948, 'eta': 1529.9813, 'eta_hours': 0.42499, 'loss': 0.21785977, 'lr': 0.0005411, 'params': 201514, 'time_iter': 0.02483, 'accuracy': 0.91643, 'f1': 0.91645, 'auc': 0.99618}
val: {'epoch': 486, 'time_epoch': 0.31252, 'loss': 0.49924026, 'lr': 0, 'params': 201514, 'time_iter': 0.01563, 'accuracy': 0.8246, 'f1': 0.82452, 'auc': 0.98529}
test: {'epoch': 486, 'time_epoch': 0.92636, 'loss': 1.91042286, 'lr': 0, 'params': 201514, 'time_iter': 0.02316, 'accuracy': 0.5728, 'f1': 0.57391, 'auc': 0.92151}
> Epoch 486: took 4.2s (avg 4.2s) | Best so far: epoch 482	train_loss: 0.2154 train_accuracy: 0.9173	val_loss: 0.4703 val_accuracy: 0.8358	test_loss: 2.0942 test_accuracy: 0.5774
train: {'epoch': 487, 'time_epoch': 2.95992, 'eta': 1526.97527, 'eta_hours': 0.42416, 'loss': 0.21363023, 'lr': 0.00054005, 'params': 201514, 'time_iter': 0.02508, 'accuracy': 0.9189, 'f1': 0.9189, 'auc': 0.99639}
val: {'epoch': 487, 'time_epoch': 0.31607, 'loss': 0.55719578, 'lr': 0, 'params': 201514, 'time_iter': 0.0158, 'accuracy': 0.808, 'f1': 0.80742, 'auc': 0.98346}
test: {'epoch': 487, 'time_epoch': 0.92104, 'loss': 2.14392148, 'lr': 0, 'params': 201514, 'time_iter': 0.02303, 'accuracy': 0.5652, 'f1': 0.56507, 'auc': 0.91703}
> Epoch 487: took 4.2s (avg 4.2s) | Best so far: epoch 482	train_loss: 0.2154 train_accuracy: 0.9173	val_loss: 0.4703 val_accuracy: 0.8358	test_loss: 2.0942 test_accuracy: 0.5774
train: {'epoch': 488, 'time_epoch': 2.91627, 'eta': 1523.92382, 'eta_hours': 0.42331, 'loss': 0.21226382, 'lr': 0.00053899, 'params': 201514, 'time_iter': 0.02471, 'accuracy': 0.91733, 'f1': 0.91735, 'auc': 0.99637}
val: {'epoch': 488, 'time_epoch': 0.30502, 'loss': 0.5172498, 'lr': 0, 'params': 201514, 'time_iter': 0.01525, 'accuracy': 0.8238, 'f1': 0.82323, 'auc': 0.98484}
test: {'epoch': 488, 'time_epoch': 0.87688, 'loss': 2.03273479, 'lr': 0, 'params': 201514, 'time_iter': 0.02192, 'accuracy': 0.5756, 'f1': 0.57818, 'auc': 0.92051}
> Epoch 488: took 4.1s (avg 4.2s) | Best so far: epoch 482	train_loss: 0.2154 train_accuracy: 0.9173	val_loss: 0.4703 val_accuracy: 0.8358	test_loss: 2.0942 test_accuracy: 0.5774
train: {'epoch': 489, 'time_epoch': 2.86887, 'eta': 1520.82359, 'eta_hours': 0.42245, 'loss': 0.21204581, 'lr': 0.00053794, 'params': 201514, 'time_iter': 0.02431, 'accuracy': 0.9171, 'f1': 0.91711, 'auc': 0.99645}
val: {'epoch': 489, 'time_epoch': 0.30953, 'loss': 0.47602638, 'lr': 0, 'params': 201514, 'time_iter': 0.01548, 'accuracy': 0.8354, 'f1': 0.83486, 'auc': 0.98676}
test: {'epoch': 489, 'time_epoch': 0.90487, 'loss': 2.01399093, 'lr': 0, 'params': 201514, 'time_iter': 0.02262, 'accuracy': 0.5895, 'f1': 0.59087, 'auc': 0.92358}
> Epoch 489: took 4.1s (avg 4.2s) | Best so far: epoch 482	train_loss: 0.2154 train_accuracy: 0.9173	val_loss: 0.4703 val_accuracy: 0.8358	test_loss: 2.0942 test_accuracy: 0.5774
train: {'epoch': 490, 'time_epoch': 2.95609, 'eta': 1517.81472, 'eta_hours': 0.42162, 'loss': 0.20318964, 'lr': 0.00053689, 'params': 201514, 'time_iter': 0.02505, 'accuracy': 0.9223, 'f1': 0.92233, 'auc': 0.99668}
val: {'epoch': 490, 'time_epoch': 0.31503, 'loss': 0.50475642, 'lr': 0, 'params': 201514, 'time_iter': 0.01575, 'accuracy': 0.8308, 'f1': 0.83006, 'auc': 0.98652}
test: {'epoch': 490, 'time_epoch': 0.92935, 'loss': 2.33247462, 'lr': 0, 'params': 201514, 'time_iter': 0.02323, 'accuracy': 0.5648, 'f1': 0.56483, 'auc': 0.91694}
> Epoch 490: took 4.2s (avg 4.2s) | Best so far: epoch 482	train_loss: 0.2154 train_accuracy: 0.9173	val_loss: 0.4703 val_accuracy: 0.8358	test_loss: 2.0942 test_accuracy: 0.5774
train: {'epoch': 491, 'time_epoch': 2.94427, 'eta': 1514.79386, 'eta_hours': 0.42078, 'loss': 0.21050804, 'lr': 0.00053584, 'params': 201514, 'time_iter': 0.02495, 'accuracy': 0.91727, 'f1': 0.91725, 'auc': 0.99649}
val: {'epoch': 491, 'time_epoch': 0.31184, 'loss': 0.68911169, 'lr': 0, 'params': 201514, 'time_iter': 0.01559, 'accuracy': 0.7856, 'f1': 0.78387, 'auc': 0.97982}
test: {'epoch': 491, 'time_epoch': 0.9413, 'loss': 3.00423347, 'lr': 0, 'params': 201514, 'time_iter': 0.02353, 'accuracy': 0.5304, 'f1': 0.52601, 'auc': 0.89446}
> Epoch 491: took 4.2s (avg 4.2s) | Best so far: epoch 482	train_loss: 0.2154 train_accuracy: 0.9173	val_loss: 0.4703 val_accuracy: 0.8358	test_loss: 2.0942 test_accuracy: 0.5774
train: {'epoch': 492, 'time_epoch': 3.24585, 'eta': 1512.08345, 'eta_hours': 0.42002, 'loss': 0.20675941, 'lr': 0.00053478, 'params': 201514, 'time_iter': 0.02751, 'accuracy': 0.91957, 'f1': 0.91958, 'auc': 0.99657}
val: {'epoch': 492, 'time_epoch': 0.30724, 'loss': 0.45420214, 'lr': 0, 'params': 201514, 'time_iter': 0.01536, 'accuracy': 0.8384, 'f1': 0.8374, 'auc': 0.9872}
test: {'epoch': 492, 'time_epoch': 0.92926, 'loss': 1.92511589, 'lr': 0, 'params': 201514, 'time_iter': 0.02323, 'accuracy': 0.5845, 'f1': 0.58747, 'auc': 0.92362}
> Epoch 492: took 4.5s (avg 4.2s) | Best so far: epoch 492	train_loss: 0.2068 train_accuracy: 0.9196	val_loss: 0.4542 val_accuracy: 0.8384	test_loss: 1.9251 test_accuracy: 0.5845
train: {'epoch': 493, 'time_epoch': 2.96281, 'eta': 1509.08096, 'eta_hours': 0.41919, 'loss': 0.20916801, 'lr': 0.00053373, 'params': 201514, 'time_iter': 0.02511, 'accuracy': 0.91943, 'f1': 0.91945, 'auc': 0.99653}
val: {'epoch': 493, 'time_epoch': 0.30343, 'loss': 0.5299883, 'lr': 0, 'params': 201514, 'time_iter': 0.01517, 'accuracy': 0.8278, 'f1': 0.82647, 'auc': 0.98539}
test: {'epoch': 493, 'time_epoch': 0.91605, 'loss': 2.43692369, 'lr': 0, 'params': 201514, 'time_iter': 0.0229, 'accuracy': 0.5616, 'f1': 0.5593, 'auc': 0.91118}
> Epoch 493: took 4.2s (avg 4.2s) | Best so far: epoch 492	train_loss: 0.2068 train_accuracy: 0.9196	val_loss: 0.4542 val_accuracy: 0.8384	test_loss: 1.9251 test_accuracy: 0.5845
train: {'epoch': 494, 'time_epoch': 2.93358, 'eta': 1506.04881, 'eta_hours': 0.41835, 'loss': 0.20586835, 'lr': 0.00053268, 'params': 201514, 'time_iter': 0.02486, 'accuracy': 0.92037, 'f1': 0.92036, 'auc': 0.99659}
val: {'epoch': 494, 'time_epoch': 0.31302, 'loss': 0.54729198, 'lr': 0, 'params': 201514, 'time_iter': 0.01565, 'accuracy': 0.8208, 'f1': 0.81988, 'auc': 0.98494}
test: {'epoch': 494, 'time_epoch': 0.91834, 'loss': 2.90552652, 'lr': 0, 'params': 201514, 'time_iter': 0.02296, 'accuracy': 0.5471, 'f1': 0.54275, 'auc': 0.89831}
> Epoch 494: took 4.2s (avg 4.2s) | Best so far: epoch 492	train_loss: 0.2068 train_accuracy: 0.9196	val_loss: 0.4542 val_accuracy: 0.8384	test_loss: 1.9251 test_accuracy: 0.5845
train: {'epoch': 495, 'time_epoch': 2.9085, 'eta': 1502.99157, 'eta_hours': 0.4175, 'loss': 0.20833034, 'lr': 0.00053163, 'params': 201514, 'time_iter': 0.02465, 'accuracy': 0.91953, 'f1': 0.91954, 'auc': 0.99649}
val: {'epoch': 495, 'time_epoch': 0.32152, 'loss': 0.49969058, 'lr': 0, 'params': 201514, 'time_iter': 0.01608, 'accuracy': 0.833, 'f1': 0.83272, 'auc': 0.98573}
test: {'epoch': 495, 'time_epoch': 0.92726, 'loss': 2.27110051, 'lr': 0, 'params': 201514, 'time_iter': 0.02318, 'accuracy': 0.5618, 'f1': 0.56041, 'auc': 0.91417}
> Epoch 495: took 4.2s (avg 4.2s) | Best so far: epoch 492	train_loss: 0.2068 train_accuracy: 0.9196	val_loss: 0.4542 val_accuracy: 0.8384	test_loss: 1.9251 test_accuracy: 0.5845
train: {'epoch': 496, 'time_epoch': 2.95804, 'eta': 1499.98507, 'eta_hours': 0.41666, 'loss': 0.20651818, 'lr': 0.00053057, 'params': 201514, 'time_iter': 0.02507, 'accuracy': 0.92043, 'f1': 0.92041, 'auc': 0.99655}
val: {'epoch': 496, 'time_epoch': 0.30252, 'loss': 0.50290432, 'lr': 0, 'params': 201514, 'time_iter': 0.01513, 'accuracy': 0.826, 'f1': 0.82477, 'auc': 0.98564}
test: {'epoch': 496, 'time_epoch': 0.92082, 'loss': 2.33420009, 'lr': 0, 'params': 201514, 'time_iter': 0.02302, 'accuracy': 0.5655, 'f1': 0.56467, 'auc': 0.91399}
> Epoch 496: took 4.2s (avg 4.2s) | Best so far: epoch 492	train_loss: 0.2068 train_accuracy: 0.9196	val_loss: 0.4542 val_accuracy: 0.8384	test_loss: 1.9251 test_accuracy: 0.5845
train: {'epoch': 497, 'time_epoch': 2.94642, 'eta': 1496.96705, 'eta_hours': 0.41582, 'loss': 0.20163021, 'lr': 0.00052952, 'params': 201514, 'time_iter': 0.02497, 'accuracy': 0.92307, 'f1': 0.92306, 'auc': 0.99681}
val: {'epoch': 497, 'time_epoch': 0.31845, 'loss': 0.51156652, 'lr': 0, 'params': 201514, 'time_iter': 0.01592, 'accuracy': 0.8272, 'f1': 0.82689, 'auc': 0.98589}
test: {'epoch': 497, 'time_epoch': 0.91406, 'loss': 2.27738372, 'lr': 0, 'params': 201514, 'time_iter': 0.02285, 'accuracy': 0.5598, 'f1': 0.55815, 'auc': 0.91498}
> Epoch 497: took 4.2s (avg 4.2s) | Best so far: epoch 492	train_loss: 0.2068 train_accuracy: 0.9196	val_loss: 0.4542 val_accuracy: 0.8384	test_loss: 1.9251 test_accuracy: 0.5845
train: {'epoch': 498, 'time_epoch': 3.02763, 'eta': 1494.03085, 'eta_hours': 0.41501, 'loss': 0.2011143, 'lr': 0.00052847, 'params': 201514, 'time_iter': 0.02566, 'accuracy': 0.9238, 'f1': 0.92382, 'auc': 0.99673}
val: {'epoch': 498, 'time_epoch': 0.31891, 'loss': 0.53044883, 'lr': 0, 'params': 201514, 'time_iter': 0.01595, 'accuracy': 0.8296, 'f1': 0.82874, 'auc': 0.9853}
test: {'epoch': 498, 'time_epoch': 0.91206, 'loss': 2.2511947, 'lr': 0, 'params': 201514, 'time_iter': 0.0228, 'accuracy': 0.5766, 'f1': 0.57703, 'auc': 0.91634}
> Epoch 498: took 4.3s (avg 4.2s) | Best so far: epoch 492	train_loss: 0.2068 train_accuracy: 0.9196	val_loss: 0.4542 val_accuracy: 0.8384	test_loss: 1.9251 test_accuracy: 0.5845
train: {'epoch': 499, 'time_epoch': 3.18929, 'eta': 1491.25594, 'eta_hours': 0.41424, 'loss': 0.21740992, 'lr': 0.00052742, 'params': 201514, 'time_iter': 0.02703, 'accuracy': 0.91633, 'f1': 0.91636, 'auc': 0.99627}
val: {'epoch': 499, 'time_epoch': 0.31773, 'loss': 0.55941263, 'lr': 0, 'params': 201514, 'time_iter': 0.01589, 'accuracy': 0.8138, 'f1': 0.81223, 'auc': 0.98379}
test: {'epoch': 499, 'time_epoch': 0.93316, 'loss': 2.49549257, 'lr': 0, 'params': 201514, 'time_iter': 0.02333, 'accuracy': 0.5589, 'f1': 0.55521, 'auc': 0.90744}
> Epoch 499: took 4.5s (avg 4.2s) | Best so far: epoch 492	train_loss: 0.2068 train_accuracy: 0.9196	val_loss: 0.4542 val_accuracy: 0.8384	test_loss: 1.9251 test_accuracy: 0.5845
train: {'epoch': 500, 'time_epoch': 2.93419, 'eta': 1488.22529, 'eta_hours': 0.4134, 'loss': 0.20300623, 'lr': 0.00052636, 'params': 201514, 'time_iter': 0.02487, 'accuracy': 0.921, 'f1': 0.92101, 'auc': 0.99672}
val: {'epoch': 500, 'time_epoch': 0.32471, 'loss': 0.55340835, 'lr': 0, 'params': 201514, 'time_iter': 0.01624, 'accuracy': 0.8172, 'f1': 0.81564, 'auc': 0.98443}
test: {'epoch': 500, 'time_epoch': 0.92973, 'loss': 2.22223644, 'lr': 0, 'params': 201514, 'time_iter': 0.02324, 'accuracy': 0.5647, 'f1': 0.56405, 'auc': 0.91603}
> Epoch 500: took 4.2s (avg 4.2s) | Best so far: epoch 492	train_loss: 0.2068 train_accuracy: 0.9196	val_loss: 0.4542 val_accuracy: 0.8384	test_loss: 1.9251 test_accuracy: 0.5845
train: {'epoch': 501, 'time_epoch': 3.00129, 'eta': 1485.2616, 'eta_hours': 0.41257, 'loss': 0.20985586, 'lr': 0.00052531, 'params': 201514, 'time_iter': 0.02543, 'accuracy': 0.9198, 'f1': 0.91985, 'auc': 0.99649}
val: {'epoch': 501, 'time_epoch': 0.30935, 'loss': 0.49634233, 'lr': 0, 'params': 201514, 'time_iter': 0.01547, 'accuracy': 0.8402, 'f1': 0.83938, 'auc': 0.98657}
test: {'epoch': 501, 'time_epoch': 0.93363, 'loss': 2.31334265, 'lr': 0, 'params': 201514, 'time_iter': 0.02334, 'accuracy': 0.5819, 'f1': 0.57947, 'auc': 0.91508}
> Epoch 501: took 4.3s (avg 4.2s) | Best so far: epoch 501	train_loss: 0.2099 train_accuracy: 0.9198	val_loss: 0.4963 val_accuracy: 0.8402	test_loss: 2.3133 test_accuracy: 0.5819
train: {'epoch': 502, 'time_epoch': 2.94795, 'eta': 1482.24506, 'eta_hours': 0.41173, 'loss': 0.21076731, 'lr': 0.00052426, 'params': 201514, 'time_iter': 0.02498, 'accuracy': 0.91893, 'f1': 0.91893, 'auc': 0.99642}
val: {'epoch': 502, 'time_epoch': 0.31179, 'loss': 0.48309929, 'lr': 0, 'params': 201514, 'time_iter': 0.01559, 'accuracy': 0.8344, 'f1': 0.83351, 'auc': 0.98647}
test: {'epoch': 502, 'time_epoch': 0.90792, 'loss': 2.01771168, 'lr': 0, 'params': 201514, 'time_iter': 0.0227, 'accuracy': 0.5883, 'f1': 0.5863, 'auc': 0.92139}
> Epoch 502: took 4.2s (avg 4.2s) | Best so far: epoch 501	train_loss: 0.2099 train_accuracy: 0.9198	val_loss: 0.4963 val_accuracy: 0.8402	test_loss: 2.3133 test_accuracy: 0.5819
train: {'epoch': 503, 'time_epoch': 2.946, 'eta': 1479.22687, 'eta_hours': 0.4109, 'loss': 0.19582177, 'lr': 0.00052321, 'params': 201514, 'time_iter': 0.02497, 'accuracy': 0.9232, 'f1': 0.92321, 'auc': 0.99689}
val: {'epoch': 503, 'time_epoch': 0.30953, 'loss': 0.51116139, 'lr': 0, 'params': 201514, 'time_iter': 0.01548, 'accuracy': 0.8244, 'f1': 0.82381, 'auc': 0.98591}
test: {'epoch': 503, 'time_epoch': 0.91554, 'loss': 2.45611312, 'lr': 0, 'params': 201514, 'time_iter': 0.02289, 'accuracy': 0.5637, 'f1': 0.56005, 'auc': 0.90906}
> Epoch 503: took 4.2s (avg 4.2s) | Best so far: epoch 501	train_loss: 0.2099 train_accuracy: 0.9198	val_loss: 0.4963 val_accuracy: 0.8402	test_loss: 2.3133 test_accuracy: 0.5819
train: {'epoch': 504, 'time_epoch': 2.94457, 'eta': 1476.20756, 'eta_hours': 0.41006, 'loss': 0.19962469, 'lr': 0.00052215, 'params': 201514, 'time_iter': 0.02495, 'accuracy': 0.9225, 'f1': 0.92252, 'auc': 0.99682}
val: {'epoch': 504, 'time_epoch': 0.3129, 'loss': 0.46431472, 'lr': 0, 'params': 201514, 'time_iter': 0.01564, 'accuracy': 0.837, 'f1': 0.83709, 'auc': 0.98673}
test: {'epoch': 504, 'time_epoch': 0.90608, 'loss': 1.98792932, 'lr': 0, 'params': 201514, 'time_iter': 0.02265, 'accuracy': 0.5888, 'f1': 0.58844, 'auc': 0.92171}
> Epoch 504: took 4.2s (avg 4.2s) | Best so far: epoch 501	train_loss: 0.2099 train_accuracy: 0.9198	val_loss: 0.4963 val_accuracy: 0.8402	test_loss: 2.3133 test_accuracy: 0.5819
train: {'epoch': 505, 'time_epoch': 3.00988, 'eta': 1473.25231, 'eta_hours': 0.40924, 'loss': 0.19496275, 'lr': 0.0005211, 'params': 201514, 'time_iter': 0.02551, 'accuracy': 0.9256, 'f1': 0.92562, 'auc': 0.99691}
val: {'epoch': 505, 'time_epoch': 0.30794, 'loss': 0.48778022, 'lr': 0, 'params': 201514, 'time_iter': 0.0154, 'accuracy': 0.8324, 'f1': 0.83185, 'auc': 0.98633}
test: {'epoch': 505, 'time_epoch': 1.16328, 'loss': 2.1611332, 'lr': 0, 'params': 201514, 'time_iter': 0.02908, 'accuracy': 0.5763, 'f1': 0.57406, 'auc': 0.91734}
> Epoch 505: took 4.5s (avg 4.2s) | Best so far: epoch 501	train_loss: 0.2099 train_accuracy: 0.9198	val_loss: 0.4963 val_accuracy: 0.8402	test_loss: 2.3133 test_accuracy: 0.5819
train: {'epoch': 506, 'time_epoch': 2.91911, 'eta': 1470.20858, 'eta_hours': 0.40839, 'loss': 0.19624906, 'lr': 0.00052005, 'params': 201514, 'time_iter': 0.02474, 'accuracy': 0.92597, 'f1': 0.92599, 'auc': 0.99688}
val: {'epoch': 506, 'time_epoch': 0.30855, 'loss': 0.52818014, 'lr': 0, 'params': 201514, 'time_iter': 0.01543, 'accuracy': 0.8264, 'f1': 0.8248, 'auc': 0.98538}
test: {'epoch': 506, 'time_epoch': 0.91721, 'loss': 1.97319519, 'lr': 0, 'params': 201514, 'time_iter': 0.02293, 'accuracy': 0.581, 'f1': 0.57871, 'auc': 0.92238}
> Epoch 506: took 4.2s (avg 4.2s) | Best so far: epoch 501	train_loss: 0.2099 train_accuracy: 0.9198	val_loss: 0.4963 val_accuracy: 0.8402	test_loss: 2.3133 test_accuracy: 0.5819
train: {'epoch': 507, 'time_epoch': 2.95818, 'eta': 1467.20318, 'eta_hours': 0.40756, 'loss': 0.20461618, 'lr': 0.000519, 'params': 201514, 'time_iter': 0.02507, 'accuracy': 0.92087, 'f1': 0.92087, 'auc': 0.99665}
val: {'epoch': 507, 'time_epoch': 0.3102, 'loss': 0.57475577, 'lr': 0, 'params': 201514, 'time_iter': 0.01551, 'accuracy': 0.8046, 'f1': 0.80383, 'auc': 0.98379}
test: {'epoch': 507, 'time_epoch': 0.92295, 'loss': 2.0034077, 'lr': 0, 'params': 201514, 'time_iter': 0.02307, 'accuracy': 0.569, 'f1': 0.56706, 'auc': 0.91938}
> Epoch 507: took 4.2s (avg 4.2s) | Best so far: epoch 501	train_loss: 0.2099 train_accuracy: 0.9198	val_loss: 0.4963 val_accuracy: 0.8402	test_loss: 2.3133 test_accuracy: 0.5819
train: {'epoch': 508, 'time_epoch': 2.89986, 'eta': 1464.14171, 'eta_hours': 0.40671, 'loss': 0.19575091, 'lr': 0.00051794, 'params': 201514, 'time_iter': 0.02458, 'accuracy': 0.9254, 'f1': 0.92539, 'auc': 0.9969}
val: {'epoch': 508, 'time_epoch': 0.29575, 'loss': 0.5090696, 'lr': 0, 'params': 201514, 'time_iter': 0.01479, 'accuracy': 0.8234, 'f1': 0.82328, 'auc': 0.98555}
test: {'epoch': 508, 'time_epoch': 0.92131, 'loss': 2.56773029, 'lr': 0, 'params': 201514, 'time_iter': 0.02303, 'accuracy': 0.5626, 'f1': 0.55862, 'auc': 0.90564}
> Epoch 508: took 4.2s (avg 4.2s) | Best so far: epoch 501	train_loss: 0.2099 train_accuracy: 0.9198	val_loss: 0.4963 val_accuracy: 0.8402	test_loss: 2.3133 test_accuracy: 0.5819
train: {'epoch': 509, 'time_epoch': 2.9529, 'eta': 1461.13184, 'eta_hours': 0.40587, 'loss': 0.20085758, 'lr': 0.00051689, 'params': 201514, 'time_iter': 0.02502, 'accuracy': 0.92343, 'f1': 0.92346, 'auc': 0.99673}
val: {'epoch': 509, 'time_epoch': 0.3097, 'loss': 0.49852077, 'lr': 0, 'params': 201514, 'time_iter': 0.01549, 'accuracy': 0.823, 'f1': 0.82238, 'auc': 0.98548}
test: {'epoch': 509, 'time_epoch': 0.90346, 'loss': 2.55433597, 'lr': 0, 'params': 201514, 'time_iter': 0.02259, 'accuracy': 0.5548, 'f1': 0.55112, 'auc': 0.90651}
> Epoch 509: took 4.2s (avg 4.2s) | Best so far: epoch 501	train_loss: 0.2099 train_accuracy: 0.9198	val_loss: 0.4963 val_accuracy: 0.8402	test_loss: 2.3133 test_accuracy: 0.5819
train: {'epoch': 510, 'time_epoch': 2.93348, 'eta': 1458.1036, 'eta_hours': 0.40503, 'loss': 0.1977328, 'lr': 0.00051584, 'params': 201514, 'time_iter': 0.02486, 'accuracy': 0.9248, 'f1': 0.92481, 'auc': 0.99686}
val: {'epoch': 510, 'time_epoch': 0.30003, 'loss': 0.49527113, 'lr': 0, 'params': 201514, 'time_iter': 0.015, 'accuracy': 0.8354, 'f1': 0.83429, 'auc': 0.98641}
test: {'epoch': 510, 'time_epoch': 0.92557, 'loss': 2.46253112, 'lr': 0, 'params': 201514, 'time_iter': 0.02314, 'accuracy': 0.5627, 'f1': 0.55834, 'auc': 0.90946}
> Epoch 510: took 4.2s (avg 4.2s) | Best so far: epoch 501	train_loss: 0.2099 train_accuracy: 0.9198	val_loss: 0.4963 val_accuracy: 0.8402	test_loss: 2.3133 test_accuracy: 0.5819
train: {'epoch': 511, 'time_epoch': 2.96217, 'eta': 1455.10307, 'eta_hours': 0.4042, 'loss': 0.19942895, 'lr': 0.00051479, 'params': 201514, 'time_iter': 0.0251, 'accuracy': 0.9256, 'f1': 0.92563, 'auc': 0.99677}
val: {'epoch': 511, 'time_epoch': 0.31566, 'loss': 0.46906728, 'lr': 0, 'params': 201514, 'time_iter': 0.01578, 'accuracy': 0.8424, 'f1': 0.84193, 'auc': 0.98733}
test: {'epoch': 511, 'time_epoch': 0.93097, 'loss': 1.99883409, 'lr': 0, 'params': 201514, 'time_iter': 0.02327, 'accuracy': 0.5889, 'f1': 0.58553, 'auc': 0.92187}
> Epoch 511: took 4.2s (avg 4.2s) | Best so far: epoch 511	train_loss: 0.1994 train_accuracy: 0.9256	val_loss: 0.4691 val_accuracy: 0.8424	test_loss: 1.9988 test_accuracy: 0.5889
train: {'epoch': 512, 'time_epoch': 3.01159, 'eta': 1452.14961, 'eta_hours': 0.40337, 'loss': 0.19493924, 'lr': 0.00051373, 'params': 201514, 'time_iter': 0.02552, 'accuracy': 0.92557, 'f1': 0.92555, 'auc': 0.99697}
val: {'epoch': 512, 'time_epoch': 0.30152, 'loss': 0.50523179, 'lr': 0, 'params': 201514, 'time_iter': 0.01508, 'accuracy': 0.8318, 'f1': 0.83029, 'auc': 0.98577}
test: {'epoch': 512, 'time_epoch': 1.14643, 'loss': 2.1752157, 'lr': 0, 'params': 201514, 'time_iter': 0.02866, 'accuracy': 0.5766, 'f1': 0.57112, 'auc': 0.91759}
> Epoch 512: took 4.5s (avg 4.2s) | Best so far: epoch 511	train_loss: 0.1994 train_accuracy: 0.9256	val_loss: 0.4691 val_accuracy: 0.8424	test_loss: 1.9988 test_accuracy: 0.5889
train: {'epoch': 513, 'time_epoch': 2.94574, 'eta': 1449.13367, 'eta_hours': 0.40254, 'loss': 0.18956311, 'lr': 0.00051268, 'params': 201514, 'time_iter': 0.02496, 'accuracy': 0.9281, 'f1': 0.92812, 'auc': 0.9971}
val: {'epoch': 513, 'time_epoch': 0.31026, 'loss': 0.477909, 'lr': 0, 'params': 201514, 'time_iter': 0.01551, 'accuracy': 0.8404, 'f1': 0.84084, 'auc': 0.98694}
test: {'epoch': 513, 'time_epoch': 0.93632, 'loss': 2.58974455, 'lr': 0, 'params': 201514, 'time_iter': 0.02341, 'accuracy': 0.5692, 'f1': 0.56651, 'auc': 0.90667}
> Epoch 513: took 4.2s (avg 4.2s) | Best so far: epoch 511	train_loss: 0.1994 train_accuracy: 0.9256	val_loss: 0.4691 val_accuracy: 0.8424	test_loss: 1.9988 test_accuracy: 0.5889
train: {'epoch': 514, 'time_epoch': 2.96563, 'eta': 1446.13673, 'eta_hours': 0.4017, 'loss': 0.19736889, 'lr': 0.00051163, 'params': 201514, 'time_iter': 0.02513, 'accuracy': 0.9249, 'f1': 0.92492, 'auc': 0.99686}
val: {'epoch': 514, 'time_epoch': 0.29953, 'loss': 0.56888749, 'lr': 0, 'params': 201514, 'time_iter': 0.01498, 'accuracy': 0.8092, 'f1': 0.80912, 'auc': 0.98241}
test: {'epoch': 514, 'time_epoch': 0.92895, 'loss': 2.02725245, 'lr': 0, 'params': 201514, 'time_iter': 0.02322, 'accuracy': 0.5658, 'f1': 0.56523, 'auc': 0.91707}
> Epoch 514: took 4.2s (avg 4.2s) | Best so far: epoch 511	train_loss: 0.1994 train_accuracy: 0.9256	val_loss: 0.4691 val_accuracy: 0.8424	test_loss: 1.9988 test_accuracy: 0.5889
train: {'epoch': 515, 'time_epoch': 2.95862, 'eta': 1443.13333, 'eta_hours': 0.40087, 'loss': 0.19208782, 'lr': 0.00051058, 'params': 201514, 'time_iter': 0.02507, 'accuracy': 0.92567, 'f1': 0.92568, 'auc': 0.99701}
val: {'epoch': 515, 'time_epoch': 0.32121, 'loss': 0.52763014, 'lr': 0, 'params': 201514, 'time_iter': 0.01606, 'accuracy': 0.8266, 'f1': 0.82593, 'auc': 0.98548}
test: {'epoch': 515, 'time_epoch': 0.92447, 'loss': 2.44678321, 'lr': 0, 'params': 201514, 'time_iter': 0.02311, 'accuracy': 0.5633, 'f1': 0.55738, 'auc': 0.90931}
> Epoch 515: took 4.2s (avg 4.2s) | Best so far: epoch 511	train_loss: 0.1994 train_accuracy: 0.9256	val_loss: 0.4691 val_accuracy: 0.8424	test_loss: 1.9988 test_accuracy: 0.5889
train: {'epoch': 516, 'time_epoch': 2.93486, 'eta': 1440.10791, 'eta_hours': 0.40003, 'loss': 0.19126386, 'lr': 0.00050952, 'params': 201514, 'time_iter': 0.02487, 'accuracy': 0.92783, 'f1': 0.92784, 'auc': 0.997}
val: {'epoch': 516, 'time_epoch': 0.30553, 'loss': 0.47304898, 'lr': 0, 'params': 201514, 'time_iter': 0.01528, 'accuracy': 0.8456, 'f1': 0.84516, 'auc': 0.98699}
test: {'epoch': 516, 'time_epoch': 0.92572, 'loss': 2.13862385, 'lr': 0, 'params': 201514, 'time_iter': 0.02314, 'accuracy': 0.5874, 'f1': 0.58828, 'auc': 0.91857}
> Epoch 516: took 4.2s (avg 4.2s) | Best so far: epoch 516	train_loss: 0.1913 train_accuracy: 0.9278	val_loss: 0.4730 val_accuracy: 0.8456	test_loss: 2.1386 test_accuracy: 0.5874
train: {'epoch': 517, 'time_epoch': 2.91339, 'eta': 1437.06286, 'eta_hours': 0.39918, 'loss': 0.1951945, 'lr': 0.00050847, 'params': 201514, 'time_iter': 0.02469, 'accuracy': 0.92647, 'f1': 0.92647, 'auc': 0.99693}
val: {'epoch': 517, 'time_epoch': 0.31769, 'loss': 0.54175838, 'lr': 0, 'params': 201514, 'time_iter': 0.01588, 'accuracy': 0.8288, 'f1': 0.82779, 'auc': 0.98562}
test: {'epoch': 517, 'time_epoch': 0.92316, 'loss': 2.29294433, 'lr': 0, 'params': 201514, 'time_iter': 0.02308, 'accuracy': 0.5683, 'f1': 0.56749, 'auc': 0.91572}
> Epoch 517: took 4.2s (avg 4.2s) | Best so far: epoch 516	train_loss: 0.1913 train_accuracy: 0.9278	val_loss: 0.4730 val_accuracy: 0.8456	test_loss: 2.1386 test_accuracy: 0.5874
train: {'epoch': 518, 'time_epoch': 2.92773, 'eta': 1434.03161, 'eta_hours': 0.39834, 'loss': 0.19314065, 'lr': 0.00050742, 'params': 201514, 'time_iter': 0.02481, 'accuracy': 0.92663, 'f1': 0.92665, 'auc': 0.99697}
val: {'epoch': 518, 'time_epoch': 0.30697, 'loss': 0.48789904, 'lr': 0, 'params': 201514, 'time_iter': 0.01535, 'accuracy': 0.8356, 'f1': 0.83482, 'auc': 0.98658}
test: {'epoch': 518, 'time_epoch': 0.91223, 'loss': 2.29897428, 'lr': 0, 'params': 201514, 'time_iter': 0.02281, 'accuracy': 0.5776, 'f1': 0.57449, 'auc': 0.91499}
> Epoch 518: took 4.2s (avg 4.2s) | Best so far: epoch 516	train_loss: 0.1913 train_accuracy: 0.9278	val_loss: 0.4730 val_accuracy: 0.8456	test_loss: 2.1386 test_accuracy: 0.5874
train: {'epoch': 519, 'time_epoch': 3.19829, 'eta': 1431.2505, 'eta_hours': 0.39757, 'loss': 0.20237199, 'lr': 0.00050637, 'params': 201514, 'time_iter': 0.0271, 'accuracy': 0.921, 'f1': 0.92102, 'auc': 0.99675}
val: {'epoch': 519, 'time_epoch': 0.30352, 'loss': 0.53047408, 'lr': 0, 'params': 201514, 'time_iter': 0.01518, 'accuracy': 0.8196, 'f1': 0.81925, 'auc': 0.98433}
test: {'epoch': 519, 'time_epoch': 0.92266, 'loss': 1.95400577, 'lr': 0, 'params': 201514, 'time_iter': 0.02307, 'accuracy': 0.5733, 'f1': 0.57616, 'auc': 0.92085}
> Epoch 519: took 4.5s (avg 4.2s) | Best so far: epoch 516	train_loss: 0.1913 train_accuracy: 0.9278	val_loss: 0.4730 val_accuracy: 0.8456	test_loss: 2.1386 test_accuracy: 0.5874
train: {'epoch': 520, 'time_epoch': 2.95687, 'eta': 1428.24583, 'eta_hours': 0.39673, 'loss': 0.20166381, 'lr': 0.00050531, 'params': 201514, 'time_iter': 0.02506, 'accuracy': 0.92243, 'f1': 0.92248, 'auc': 0.99668}
val: {'epoch': 520, 'time_epoch': 0.31184, 'loss': 0.56680034, 'lr': 0, 'params': 201514, 'time_iter': 0.01559, 'accuracy': 0.8228, 'f1': 0.82135, 'auc': 0.98455}
test: {'epoch': 520, 'time_epoch': 0.92978, 'loss': 2.49410138, 'lr': 0, 'params': 201514, 'time_iter': 0.02324, 'accuracy': 0.5597, 'f1': 0.556, 'auc': 0.90875}
> Epoch 520: took 4.2s (avg 4.2s) | Best so far: epoch 516	train_loss: 0.1913 train_accuracy: 0.9278	val_loss: 0.4730 val_accuracy: 0.8456	test_loss: 2.1386 test_accuracy: 0.5874
train: {'epoch': 521, 'time_epoch': 3.01252, 'eta': 1425.2923, 'eta_hours': 0.39591, 'loss': 0.19214228, 'lr': 0.00050426, 'params': 201514, 'time_iter': 0.02553, 'accuracy': 0.92743, 'f1': 0.92742, 'auc': 0.99705}
val: {'epoch': 521, 'time_epoch': 0.31252, 'loss': 0.47365205, 'lr': 0, 'params': 201514, 'time_iter': 0.01563, 'accuracy': 0.839, 'f1': 0.83873, 'auc': 0.98695}
test: {'epoch': 521, 'time_epoch': 0.91302, 'loss': 2.48163406, 'lr': 0, 'params': 201514, 'time_iter': 0.02283, 'accuracy': 0.5712, 'f1': 0.56768, 'auc': 0.91165}
> Epoch 521: took 4.3s (avg 4.2s) | Best so far: epoch 516	train_loss: 0.1913 train_accuracy: 0.9278	val_loss: 0.4730 val_accuracy: 0.8456	test_loss: 2.1386 test_accuracy: 0.5874
train: {'epoch': 522, 'time_epoch': 2.93461, 'eta': 1422.2675, 'eta_hours': 0.39507, 'loss': 0.19363265, 'lr': 0.00050321, 'params': 201514, 'time_iter': 0.02487, 'accuracy': 0.9269, 'f1': 0.92693, 'auc': 0.99704}
val: {'epoch': 522, 'time_epoch': 0.32403, 'loss': 0.4870852, 'lr': 0, 'params': 201514, 'time_iter': 0.0162, 'accuracy': 0.835, 'f1': 0.83436, 'auc': 0.98679}
test: {'epoch': 522, 'time_epoch': 0.92775, 'loss': 2.58268149, 'lr': 0, 'params': 201514, 'time_iter': 0.02319, 'accuracy': 0.5669, 'f1': 0.56353, 'auc': 0.9079}
> Epoch 522: took 4.2s (avg 4.2s) | Best so far: epoch 516	train_loss: 0.1913 train_accuracy: 0.9278	val_loss: 0.4730 val_accuracy: 0.8456	test_loss: 2.1386 test_accuracy: 0.5874
train: {'epoch': 523, 'time_epoch': 2.95082, 'eta': 1419.25776, 'eta_hours': 0.39424, 'loss': 0.19292115, 'lr': 0.00050216, 'params': 201514, 'time_iter': 0.02501, 'accuracy': 0.92617, 'f1': 0.92619, 'auc': 0.99701}
val: {'epoch': 523, 'time_epoch': 0.32227, 'loss': 0.48734013, 'lr': 0, 'params': 201514, 'time_iter': 0.01611, 'accuracy': 0.834, 'f1': 0.8334, 'auc': 0.98617}
test: {'epoch': 523, 'time_epoch': 0.90171, 'loss': 2.28920926, 'lr': 0, 'params': 201514, 'time_iter': 0.02254, 'accuracy': 0.5707, 'f1': 0.56879, 'auc': 0.91407}
> Epoch 523: took 4.2s (avg 4.2s) | Best so far: epoch 516	train_loss: 0.1913 train_accuracy: 0.9278	val_loss: 0.4730 val_accuracy: 0.8456	test_loss: 2.1386 test_accuracy: 0.5874
train: {'epoch': 524, 'time_epoch': 2.97531, 'eta': 1416.2704, 'eta_hours': 0.39341, 'loss': 0.18706335, 'lr': 0.0005011, 'params': 201514, 'time_iter': 0.02521, 'accuracy': 0.92797, 'f1': 0.92798, 'auc': 0.99715}
val: {'epoch': 524, 'time_epoch': 0.3097, 'loss': 0.45850377, 'lr': 0, 'params': 201514, 'time_iter': 0.01548, 'accuracy': 0.8408, 'f1': 0.84028, 'auc': 0.9873}
test: {'epoch': 524, 'time_epoch': 0.92875, 'loss': 2.11556177, 'lr': 0, 'params': 201514, 'time_iter': 0.02322, 'accuracy': 0.5797, 'f1': 0.57686, 'auc': 0.91933}
> Epoch 524: took 4.2s (avg 4.2s) | Best so far: epoch 516	train_loss: 0.1913 train_accuracy: 0.9278	val_loss: 0.4730 val_accuracy: 0.8456	test_loss: 2.1386 test_accuracy: 0.5874
train: {'epoch': 525, 'time_epoch': 2.90724, 'eta': 1413.22175, 'eta_hours': 0.39256, 'loss': 0.18990657, 'lr': 0.00050005, 'params': 201514, 'time_iter': 0.02464, 'accuracy': 0.9286, 'f1': 0.92861, 'auc': 0.99705}
val: {'epoch': 525, 'time_epoch': 0.30874, 'loss': 0.46465628, 'lr': 0, 'params': 201514, 'time_iter': 0.01544, 'accuracy': 0.8422, 'f1': 0.84212, 'auc': 0.9874}
test: {'epoch': 525, 'time_epoch': 0.89656, 'loss': 2.26858544, 'lr': 0, 'params': 201514, 'time_iter': 0.02241, 'accuracy': 0.574, 'f1': 0.57591, 'auc': 0.91751}
> Epoch 525: took 4.1s (avg 4.2s) | Best so far: epoch 516	train_loss: 0.1913 train_accuracy: 0.9278	val_loss: 0.4730 val_accuracy: 0.8456	test_loss: 2.1386 test_accuracy: 0.5874
train: {'epoch': 526, 'time_epoch': 3.23255, 'eta': 1410.46561, 'eta_hours': 0.3918, 'loss': 0.18129221, 'lr': 0.000499, 'params': 201514, 'time_iter': 0.02739, 'accuracy': 0.9301, 'f1': 0.93012, 'auc': 0.99734}
val: {'epoch': 526, 'time_epoch': 0.31702, 'loss': 0.5208099, 'lr': 0, 'params': 201514, 'time_iter': 0.01585, 'accuracy': 0.8328, 'f1': 0.83154, 'auc': 0.98624}
test: {'epoch': 526, 'time_epoch': 0.91557, 'loss': 2.17055476, 'lr': 0, 'params': 201514, 'time_iter': 0.02289, 'accuracy': 0.5764, 'f1': 0.57547, 'auc': 0.91853}
> Epoch 526: took 4.5s (avg 4.2s) | Best so far: epoch 516	train_loss: 0.1913 train_accuracy: 0.9278	val_loss: 0.4730 val_accuracy: 0.8456	test_loss: 2.1386 test_accuracy: 0.5874
train: {'epoch': 527, 'time_epoch': 2.90271, 'eta': 1407.41281, 'eta_hours': 0.39095, 'loss': 0.18144158, 'lr': 0.00049794, 'params': 201514, 'time_iter': 0.0246, 'accuracy': 0.9286, 'f1': 0.92863, 'auc': 0.99733}
val: {'epoch': 527, 'time_epoch': 0.30052, 'loss': 0.54255466, 'lr': 0, 'params': 201514, 'time_iter': 0.01503, 'accuracy': 0.8312, 'f1': 0.83022, 'auc': 0.98582}
test: {'epoch': 527, 'time_epoch': 0.9232, 'loss': 2.55158426, 'lr': 0, 'params': 201514, 'time_iter': 0.02308, 'accuracy': 0.5628, 'f1': 0.56164, 'auc': 0.91036}
> Epoch 527: took 4.2s (avg 4.2s) | Best so far: epoch 516	train_loss: 0.1913 train_accuracy: 0.9278	val_loss: 0.4730 val_accuracy: 0.8456	test_loss: 2.1386 test_accuracy: 0.5874
train: {'epoch': 528, 'time_epoch': 2.95459, 'eta': 1404.40677, 'eta_hours': 0.39011, 'loss': 0.18688806, 'lr': 0.00049689, 'params': 201514, 'time_iter': 0.02504, 'accuracy': 0.9277, 'f1': 0.9277, 'auc': 0.99715}
val: {'epoch': 528, 'time_epoch': 0.3071, 'loss': 0.50859663, 'lr': 0, 'params': 201514, 'time_iter': 0.01535, 'accuracy': 0.836, 'f1': 0.83452, 'auc': 0.98624}
test: {'epoch': 528, 'time_epoch': 0.92876, 'loss': 2.37654357, 'lr': 0, 'params': 201514, 'time_iter': 0.02322, 'accuracy': 0.5667, 'f1': 0.56573, 'auc': 0.91258}
> Epoch 528: took 4.2s (avg 4.2s) | Best so far: epoch 516	train_loss: 0.1913 train_accuracy: 0.9278	val_loss: 0.4730 val_accuracy: 0.8456	test_loss: 2.1386 test_accuracy: 0.5874
train: {'epoch': 529, 'time_epoch': 2.9256, 'eta': 1401.37522, 'eta_hours': 0.38927, 'loss': 0.19015172, 'lr': 0.00049584, 'params': 201514, 'time_iter': 0.02479, 'accuracy': 0.927, 'f1': 0.927, 'auc': 0.99706}
val: {'epoch': 529, 'time_epoch': 0.31753, 'loss': 0.55021517, 'lr': 0, 'params': 201514, 'time_iter': 0.01588, 'accuracy': 0.8204, 'f1': 0.81964, 'auc': 0.98525}
test: {'epoch': 529, 'time_epoch': 0.92678, 'loss': 2.61674679, 'lr': 0, 'params': 201514, 'time_iter': 0.02317, 'accuracy': 0.5547, 'f1': 0.55145, 'auc': 0.90577}
> Epoch 529: took 4.2s (avg 4.2s) | Best so far: epoch 516	train_loss: 0.1913 train_accuracy: 0.9278	val_loss: 0.4730 val_accuracy: 0.8456	test_loss: 2.1386 test_accuracy: 0.5874
train: {'epoch': 530, 'time_epoch': 2.881, 'eta': 1398.30467, 'eta_hours': 0.38842, 'loss': 0.18263251, 'lr': 0.00049479, 'params': 201514, 'time_iter': 0.02442, 'accuracy': 0.93063, 'f1': 0.93066, 'auc': 0.99728}
val: {'epoch': 530, 'time_epoch': 0.306, 'loss': 0.47730521, 'lr': 0, 'params': 201514, 'time_iter': 0.0153, 'accuracy': 0.841, 'f1': 0.84012, 'auc': 0.98703}
test: {'epoch': 530, 'time_epoch': 0.93847, 'loss': 2.21209124, 'lr': 0, 'params': 201514, 'time_iter': 0.02346, 'accuracy': 0.5827, 'f1': 0.58049, 'auc': 0.91784}
> Epoch 530: took 4.2s (avg 4.2s) | Best so far: epoch 516	train_loss: 0.1913 train_accuracy: 0.9278	val_loss: 0.4730 val_accuracy: 0.8456	test_loss: 2.1386 test_accuracy: 0.5874
train: {'epoch': 531, 'time_epoch': 2.96462, 'eta': 1395.3084, 'eta_hours': 0.38759, 'loss': 0.18478847, 'lr': 0.00049373, 'params': 201514, 'time_iter': 0.02512, 'accuracy': 0.93047, 'f1': 0.93048, 'auc': 0.99718}
val: {'epoch': 531, 'time_epoch': 0.3106, 'loss': 0.55213853, 'lr': 0, 'params': 201514, 'time_iter': 0.01553, 'accuracy': 0.8264, 'f1': 0.82494, 'auc': 0.98479}
test: {'epoch': 531, 'time_epoch': 0.91628, 'loss': 2.44160763, 'lr': 0, 'params': 201514, 'time_iter': 0.02291, 'accuracy': 0.5626, 'f1': 0.56206, 'auc': 0.91151}
> Epoch 531: took 4.2s (avg 4.2s) | Best so far: epoch 516	train_loss: 0.1913 train_accuracy: 0.9278	val_loss: 0.4730 val_accuracy: 0.8456	test_loss: 2.1386 test_accuracy: 0.5874
train: {'epoch': 532, 'time_epoch': 2.95951, 'eta': 1392.30777, 'eta_hours': 0.38675, 'loss': 0.18626545, 'lr': 0.00049268, 'params': 201514, 'time_iter': 0.02508, 'accuracy': 0.9285, 'f1': 0.9285, 'auc': 0.99714}
val: {'epoch': 532, 'time_epoch': 0.30552, 'loss': 0.54612759, 'lr': 0, 'params': 201514, 'time_iter': 0.01528, 'accuracy': 0.8374, 'f1': 0.83677, 'auc': 0.9862}
test: {'epoch': 532, 'time_epoch': 0.92232, 'loss': 3.04629184, 'lr': 0, 'params': 201514, 'time_iter': 0.02306, 'accuracy': 0.5609, 'f1': 0.55717, 'auc': 0.89956}
> Epoch 532: took 4.2s (avg 4.2s) | Best so far: epoch 516	train_loss: 0.1913 train_accuracy: 0.9278	val_loss: 0.4730 val_accuracy: 0.8456	test_loss: 2.1386 test_accuracy: 0.5874
train: {'epoch': 533, 'time_epoch': 3.16999, 'eta': 1389.49097, 'eta_hours': 0.38597, 'loss': 0.18139915, 'lr': 0.00049163, 'params': 201514, 'time_iter': 0.02686, 'accuracy': 0.9315, 'f1': 0.93149, 'auc': 0.99734}
val: {'epoch': 533, 'time_epoch': 0.31352, 'loss': 0.52411158, 'lr': 0, 'params': 201514, 'time_iter': 0.01568, 'accuracy': 0.8286, 'f1': 0.82754, 'auc': 0.98575}
test: {'epoch': 533, 'time_epoch': 0.8995, 'loss': 2.52132978, 'lr': 0, 'params': 201514, 'time_iter': 0.02249, 'accuracy': 0.5691, 'f1': 0.5676, 'auc': 0.91123}
> Epoch 533: took 4.4s (avg 4.2s) | Best so far: epoch 516	train_loss: 0.1913 train_accuracy: 0.9278	val_loss: 0.4730 val_accuracy: 0.8456	test_loss: 2.1386 test_accuracy: 0.5874
train: {'epoch': 534, 'time_epoch': 2.97943, 'eta': 1386.50722, 'eta_hours': 0.38514, 'loss': 0.18927918, 'lr': 0.00049058, 'params': 201514, 'time_iter': 0.02525, 'accuracy': 0.9274, 'f1': 0.9274, 'auc': 0.99711}
val: {'epoch': 534, 'time_epoch': 0.30602, 'loss': 0.51904717, 'lr': 0, 'params': 201514, 'time_iter': 0.0153, 'accuracy': 0.829, 'f1': 0.82887, 'auc': 0.98478}
test: {'epoch': 534, 'time_epoch': 0.92423, 'loss': 2.08677322, 'lr': 0, 'params': 201514, 'time_iter': 0.02311, 'accuracy': 0.5806, 'f1': 0.58217, 'auc': 0.91827}
> Epoch 534: took 4.2s (avg 4.2s) | Best so far: epoch 516	train_loss: 0.1913 train_accuracy: 0.9278	val_loss: 0.4730 val_accuracy: 0.8456	test_loss: 2.1386 test_accuracy: 0.5874
train: {'epoch': 535, 'time_epoch': 2.96326, 'eta': 1383.5095, 'eta_hours': 0.38431, 'loss': 0.18977788, 'lr': 0.00048952, 'params': 201514, 'time_iter': 0.02511, 'accuracy': 0.9285, 'f1': 0.9285, 'auc': 0.99705}
val: {'epoch': 535, 'time_epoch': 0.32002, 'loss': 0.48962726, 'lr': 0, 'params': 201514, 'time_iter': 0.016, 'accuracy': 0.8368, 'f1': 0.83681, 'auc': 0.98602}
test: {'epoch': 535, 'time_epoch': 0.92424, 'loss': 2.23143162, 'lr': 0, 'params': 201514, 'time_iter': 0.02311, 'accuracy': 0.5781, 'f1': 0.57596, 'auc': 0.91535}
> Epoch 535: took 4.2s (avg 4.2s) | Best so far: epoch 516	train_loss: 0.1913 train_accuracy: 0.9278	val_loss: 0.4730 val_accuracy: 0.8456	test_loss: 2.1386 test_accuracy: 0.5874
train: {'epoch': 536, 'time_epoch': 2.94458, 'eta': 1380.49579, 'eta_hours': 0.38347, 'loss': 0.17941174, 'lr': 0.00048847, 'params': 201514, 'time_iter': 0.02495, 'accuracy': 0.93253, 'f1': 0.93253, 'auc': 0.99732}
val: {'epoch': 536, 'time_epoch': 0.31752, 'loss': 0.5868023, 'lr': 0, 'params': 201514, 'time_iter': 0.01588, 'accuracy': 0.817, 'f1': 0.81534, 'auc': 0.98448}
test: {'epoch': 536, 'time_epoch': 0.91802, 'loss': 2.87169124, 'lr': 0, 'params': 201514, 'time_iter': 0.02295, 'accuracy': 0.5492, 'f1': 0.54507, 'auc': 0.90048}
> Epoch 536: took 4.2s (avg 4.2s) | Best so far: epoch 516	train_loss: 0.1913 train_accuracy: 0.9278	val_loss: 0.4730 val_accuracy: 0.8456	test_loss: 2.1386 test_accuracy: 0.5874
train: {'epoch': 537, 'time_epoch': 3.05305, 'eta': 1377.57548, 'eta_hours': 0.38266, 'loss': 0.18183323, 'lr': 0.00048742, 'params': 201514, 'time_iter': 0.02587, 'accuracy': 0.93053, 'f1': 0.93053, 'auc': 0.99731}
val: {'epoch': 537, 'time_epoch': 0.31588, 'loss': 0.58655445, 'lr': 0, 'params': 201514, 'time_iter': 0.01579, 'accuracy': 0.8238, 'f1': 0.82257, 'auc': 0.9849}
test: {'epoch': 537, 'time_epoch': 0.94186, 'loss': 2.34508573, 'lr': 0, 'params': 201514, 'time_iter': 0.02355, 'accuracy': 0.5602, 'f1': 0.55768, 'auc': 0.91424}
> Epoch 537: took 4.3s (avg 4.2s) | Best so far: epoch 516	train_loss: 0.1913 train_accuracy: 0.9278	val_loss: 0.4730 val_accuracy: 0.8456	test_loss: 2.1386 test_accuracy: 0.5874
train: {'epoch': 538, 'time_epoch': 2.96731, 'eta': 1374.58136, 'eta_hours': 0.38183, 'loss': 0.19092688, 'lr': 0.00048637, 'params': 201514, 'time_iter': 0.02515, 'accuracy': 0.92757, 'f1': 0.92756, 'auc': 0.99704}
val: {'epoch': 538, 'time_epoch': 0.30252, 'loss': 0.48471677, 'lr': 0, 'params': 201514, 'time_iter': 0.01513, 'accuracy': 0.8326, 'f1': 0.832, 'auc': 0.98656}
test: {'epoch': 538, 'time_epoch': 0.92694, 'loss': 2.26845804, 'lr': 0, 'params': 201514, 'time_iter': 0.02317, 'accuracy': 0.5699, 'f1': 0.56875, 'auc': 0.91755}
> Epoch 538: took 4.2s (avg 4.2s) | Best so far: epoch 516	train_loss: 0.1913 train_accuracy: 0.9278	val_loss: 0.4730 val_accuracy: 0.8456	test_loss: 2.1386 test_accuracy: 0.5874
train: {'epoch': 539, 'time_epoch': 2.98697, 'eta': 1371.60408, 'eta_hours': 0.381, 'loss': 0.18069067, 'lr': 0.00048531, 'params': 201514, 'time_iter': 0.02531, 'accuracy': 0.93147, 'f1': 0.93147, 'auc': 0.9973}
val: {'epoch': 539, 'time_epoch': 0.30152, 'loss': 0.68706513, 'lr': 0, 'params': 201514, 'time_iter': 0.01508, 'accuracy': 0.7948, 'f1': 0.79308, 'auc': 0.9817}
test: {'epoch': 539, 'time_epoch': 0.93825, 'loss': 3.08608208, 'lr': 0, 'params': 201514, 'time_iter': 0.02346, 'accuracy': 0.533, 'f1': 0.5267, 'auc': 0.89315}
> Epoch 539: took 4.3s (avg 4.2s) | Best so far: epoch 516	train_loss: 0.1913 train_accuracy: 0.9278	val_loss: 0.4730 val_accuracy: 0.8456	test_loss: 2.1386 test_accuracy: 0.5874
train: {'epoch': 540, 'time_epoch': 3.26517, 'eta': 1368.86279, 'eta_hours': 0.38024, 'loss': 0.17631485, 'lr': 0.00048426, 'params': 201514, 'time_iter': 0.02767, 'accuracy': 0.9334, 'f1': 0.9334, 'auc': 0.99744}
val: {'epoch': 540, 'time_epoch': 0.30203, 'loss': 0.51979711, 'lr': 0, 'params': 201514, 'time_iter': 0.0151, 'accuracy': 0.8352, 'f1': 0.83393, 'auc': 0.98605}
test: {'epoch': 540, 'time_epoch': 0.92996, 'loss': 2.89103807, 'lr': 0, 'params': 201514, 'time_iter': 0.02325, 'accuracy': 0.5617, 'f1': 0.55779, 'auc': 0.90209}
> Epoch 540: took 4.5s (avg 4.2s) | Best so far: epoch 516	train_loss: 0.1913 train_accuracy: 0.9278	val_loss: 0.4730 val_accuracy: 0.8456	test_loss: 2.1386 test_accuracy: 0.5874
train: {'epoch': 541, 'time_epoch': 2.9431, 'eta': 1365.84742, 'eta_hours': 0.3794, 'loss': 0.18720603, 'lr': 0.00048321, 'params': 201514, 'time_iter': 0.02494, 'accuracy': 0.929, 'f1': 0.92902, 'auc': 0.99707}
val: {'epoch': 541, 'time_epoch': 0.31153, 'loss': 0.492042, 'lr': 0, 'params': 201514, 'time_iter': 0.01558, 'accuracy': 0.8368, 'f1': 0.83619, 'auc': 0.98632}
test: {'epoch': 541, 'time_epoch': 0.93073, 'loss': 2.47257412, 'lr': 0, 'params': 201514, 'time_iter': 0.02327, 'accuracy': 0.5669, 'f1': 0.56528, 'auc': 0.91209}
> Epoch 541: took 4.2s (avg 4.2s) | Best so far: epoch 516	train_loss: 0.1913 train_accuracy: 0.9278	val_loss: 0.4730 val_accuracy: 0.8456	test_loss: 2.1386 test_accuracy: 0.5874
train: {'epoch': 542, 'time_epoch': 2.98885, 'eta': 1362.87082, 'eta_hours': 0.37858, 'loss': 0.17102698, 'lr': 0.00048216, 'params': 201514, 'time_iter': 0.02533, 'accuracy': 0.93487, 'f1': 0.93484, 'auc': 0.99755}
val: {'epoch': 542, 'time_epoch': 0.31219, 'loss': 0.46658269, 'lr': 0, 'params': 201514, 'time_iter': 0.01561, 'accuracy': 0.845, 'f1': 0.84472, 'auc': 0.98747}
test: {'epoch': 542, 'time_epoch': 0.93142, 'loss': 2.39243086, 'lr': 0, 'params': 201514, 'time_iter': 0.02329, 'accuracy': 0.5701, 'f1': 0.56757, 'auc': 0.91345}
> Epoch 542: took 4.3s (avg 4.2s) | Best so far: epoch 516	train_loss: 0.1913 train_accuracy: 0.9278	val_loss: 0.4730 val_accuracy: 0.8456	test_loss: 2.1386 test_accuracy: 0.5874
train: {'epoch': 543, 'time_epoch': 2.92329, 'eta': 1359.83922, 'eta_hours': 0.37773, 'loss': 0.18800104, 'lr': 0.0004811, 'params': 201514, 'time_iter': 0.02477, 'accuracy': 0.92837, 'f1': 0.92836, 'auc': 0.9972}
val: {'epoch': 543, 'time_epoch': 0.30647, 'loss': 0.49193616, 'lr': 0, 'params': 201514, 'time_iter': 0.01532, 'accuracy': 0.839, 'f1': 0.83902, 'auc': 0.98635}
test: {'epoch': 543, 'time_epoch': 0.92532, 'loss': 2.66903647, 'lr': 0, 'params': 201514, 'time_iter': 0.02313, 'accuracy': 0.556, 'f1': 0.55217, 'auc': 0.90559}
> Epoch 543: took 4.2s (avg 4.2s) | Best so far: epoch 516	train_loss: 0.1913 train_accuracy: 0.9278	val_loss: 0.4730 val_accuracy: 0.8456	test_loss: 2.1386 test_accuracy: 0.5874
train: {'epoch': 544, 'time_epoch': 2.91084, 'eta': 1356.79762, 'eta_hours': 0.37689, 'loss': 0.18365519, 'lr': 0.00048005, 'params': 201514, 'time_iter': 0.02467, 'accuracy': 0.92953, 'f1': 0.92954, 'auc': 0.99721}
val: {'epoch': 544, 'time_epoch': 0.30771, 'loss': 0.54950788, 'lr': 0, 'params': 201514, 'time_iter': 0.01539, 'accuracy': 0.8212, 'f1': 0.82052, 'auc': 0.98468}
test: {'epoch': 544, 'time_epoch': 0.93441, 'loss': 2.6324742, 'lr': 0, 'params': 201514, 'time_iter': 0.02336, 'accuracy': 0.558, 'f1': 0.55516, 'auc': 0.906}
> Epoch 544: took 4.2s (avg 4.2s) | Best so far: epoch 516	train_loss: 0.1913 train_accuracy: 0.9278	val_loss: 0.4730 val_accuracy: 0.8456	test_loss: 2.1386 test_accuracy: 0.5874
train: {'epoch': 545, 'time_epoch': 2.92556, 'eta': 1353.76874, 'eta_hours': 0.37605, 'loss': 0.17929347, 'lr': 0.000479, 'params': 201514, 'time_iter': 0.02479, 'accuracy': 0.93257, 'f1': 0.93258, 'auc': 0.99734}
val: {'epoch': 545, 'time_epoch': 0.31238, 'loss': 0.49574367, 'lr': 0, 'params': 201514, 'time_iter': 0.01562, 'accuracy': 0.8422, 'f1': 0.84066, 'auc': 0.98656}
test: {'epoch': 545, 'time_epoch': 0.90395, 'loss': 2.16984216, 'lr': 0, 'params': 201514, 'time_iter': 0.0226, 'accuracy': 0.5806, 'f1': 0.57891, 'auc': 0.91966}
> Epoch 545: took 4.2s (avg 4.2s) | Best so far: epoch 516	train_loss: 0.1913 train_accuracy: 0.9278	val_loss: 0.4730 val_accuracy: 0.8456	test_loss: 2.1386 test_accuracy: 0.5874
train: {'epoch': 546, 'time_epoch': 2.998, 'eta': 1350.80023, 'eta_hours': 0.37522, 'loss': 0.18313865, 'lr': 0.00047795, 'params': 201514, 'time_iter': 0.02541, 'accuracy': 0.931, 'f1': 0.93101, 'auc': 0.99725}
val: {'epoch': 546, 'time_epoch': 0.31152, 'loss': 0.52064337, 'lr': 0, 'params': 201514, 'time_iter': 0.01558, 'accuracy': 0.8314, 'f1': 0.83051, 'auc': 0.98603}
test: {'epoch': 546, 'time_epoch': 1.12277, 'loss': 2.32076355, 'lr': 0, 'params': 201514, 'time_iter': 0.02807, 'accuracy': 0.569, 'f1': 0.56722, 'auc': 0.91468}
> Epoch 546: took 4.5s (avg 4.2s) | Best so far: epoch 516	train_loss: 0.1913 train_accuracy: 0.9278	val_loss: 0.4730 val_accuracy: 0.8456	test_loss: 2.1386 test_accuracy: 0.5874
train: {'epoch': 547, 'time_epoch': 2.96134, 'eta': 1347.80137, 'eta_hours': 0.37439, 'loss': 0.16810753, 'lr': 0.00047689, 'params': 201514, 'time_iter': 0.0251, 'accuracy': 0.9367, 'f1': 0.93672, 'auc': 0.99768}
val: {'epoch': 547, 'time_epoch': 0.3112, 'loss': 0.52361203, 'lr': 0, 'params': 201514, 'time_iter': 0.01556, 'accuracy': 0.832, 'f1': 0.83112, 'auc': 0.98609}
test: {'epoch': 547, 'time_epoch': 0.92887, 'loss': 2.43208017, 'lr': 0, 'params': 201514, 'time_iter': 0.02322, 'accuracy': 0.5651, 'f1': 0.56198, 'auc': 0.911}
> Epoch 547: took 4.2s (avg 4.2s) | Best so far: epoch 516	train_loss: 0.1913 train_accuracy: 0.9278	val_loss: 0.4730 val_accuracy: 0.8456	test_loss: 2.1386 test_accuracy: 0.5874
train: {'epoch': 548, 'time_epoch': 2.89934, 'eta': 1344.75172, 'eta_hours': 0.37354, 'loss': 0.17621865, 'lr': 0.00047584, 'params': 201514, 'time_iter': 0.02457, 'accuracy': 0.93323, 'f1': 0.93326, 'auc': 0.99747}
val: {'epoch': 548, 'time_epoch': 0.30821, 'loss': 0.49536384, 'lr': 0, 'params': 201514, 'time_iter': 0.01541, 'accuracy': 0.8438, 'f1': 0.84336, 'auc': 0.98678}
test: {'epoch': 548, 'time_epoch': 0.91221, 'loss': 2.68794946, 'lr': 0, 'params': 201514, 'time_iter': 0.02281, 'accuracy': 0.5639, 'f1': 0.5629, 'auc': 0.908}
> Epoch 548: took 4.2s (avg 4.2s) | Best so far: epoch 516	train_loss: 0.1913 train_accuracy: 0.9278	val_loss: 0.4730 val_accuracy: 0.8456	test_loss: 2.1386 test_accuracy: 0.5874
train: {'epoch': 549, 'time_epoch': 2.92928, 'eta': 1341.72711, 'eta_hours': 0.3727, 'loss': 0.17139703, 'lr': 0.00047479, 'params': 201514, 'time_iter': 0.02482, 'accuracy': 0.93573, 'f1': 0.93572, 'auc': 0.9976}
val: {'epoch': 549, 'time_epoch': 0.31868, 'loss': 0.54780712, 'lr': 0, 'params': 201514, 'time_iter': 0.01593, 'accuracy': 0.8226, 'f1': 0.82185, 'auc': 0.98504}
test: {'epoch': 549, 'time_epoch': 0.90603, 'loss': 2.37542786, 'lr': 0, 'params': 201514, 'time_iter': 0.02265, 'accuracy': 0.5576, 'f1': 0.55562, 'auc': 0.91282}
> Epoch 549: took 4.2s (avg 4.2s) | Best so far: epoch 516	train_loss: 0.1913 train_accuracy: 0.9278	val_loss: 0.4730 val_accuracy: 0.8456	test_loss: 2.1386 test_accuracy: 0.5874
train: {'epoch': 550, 'time_epoch': 2.99148, 'eta': 1338.75353, 'eta_hours': 0.37188, 'loss': 0.17431714, 'lr': 0.00047374, 'params': 201514, 'time_iter': 0.02535, 'accuracy': 0.93403, 'f1': 0.93403, 'auc': 0.99749}
val: {'epoch': 550, 'time_epoch': 0.31103, 'loss': 0.48488608, 'lr': 0, 'params': 201514, 'time_iter': 0.01555, 'accuracy': 0.8426, 'f1': 0.84167, 'auc': 0.9868}
test: {'epoch': 550, 'time_epoch': 0.90486, 'loss': 2.38696076, 'lr': 0, 'params': 201514, 'time_iter': 0.02262, 'accuracy': 0.5741, 'f1': 0.57225, 'auc': 0.91417}
> Epoch 550: took 4.2s (avg 4.2s) | Best so far: epoch 516	train_loss: 0.1913 train_accuracy: 0.9278	val_loss: 0.4730 val_accuracy: 0.8456	test_loss: 2.1386 test_accuracy: 0.5874
train: {'epoch': 551, 'time_epoch': 3.00272, 'eta': 1335.78902, 'eta_hours': 0.37105, 'loss': 0.17524191, 'lr': 0.00047268, 'params': 201514, 'time_iter': 0.02545, 'accuracy': 0.9337, 'f1': 0.93369, 'auc': 0.9975}
val: {'epoch': 551, 'time_epoch': 0.30457, 'loss': 0.55220486, 'lr': 0, 'params': 201514, 'time_iter': 0.01523, 'accuracy': 0.8212, 'f1': 0.82015, 'auc': 0.98532}
test: {'epoch': 551, 'time_epoch': 0.9218, 'loss': 2.36363055, 'lr': 0, 'params': 201514, 'time_iter': 0.02304, 'accuracy': 0.562, 'f1': 0.55842, 'auc': 0.91613}
> Epoch 551: took 4.3s (avg 4.2s) | Best so far: epoch 516	train_loss: 0.1913 train_accuracy: 0.9278	val_loss: 0.4730 val_accuracy: 0.8456	test_loss: 2.1386 test_accuracy: 0.5874
train: {'epoch': 552, 'time_epoch': 2.9989, 'eta': 1332.82127, 'eta_hours': 0.37023, 'loss': 0.16600661, 'lr': 0.00047163, 'params': 201514, 'time_iter': 0.02541, 'accuracy': 0.93807, 'f1': 0.93808, 'auc': 0.99778}
val: {'epoch': 552, 'time_epoch': 0.30902, 'loss': 0.50367855, 'lr': 0, 'params': 201514, 'time_iter': 0.01545, 'accuracy': 0.839, 'f1': 0.83898, 'auc': 0.98642}
test: {'epoch': 552, 'time_epoch': 0.91931, 'loss': 2.24656406, 'lr': 0, 'params': 201514, 'time_iter': 0.02298, 'accuracy': 0.5782, 'f1': 0.57778, 'auc': 0.91902}
> Epoch 552: took 4.3s (avg 4.2s) | Best so far: epoch 516	train_loss: 0.1913 train_accuracy: 0.9278	val_loss: 0.4730 val_accuracy: 0.8456	test_loss: 2.1386 test_accuracy: 0.5874
train: {'epoch': 553, 'time_epoch': 2.9185, 'eta': 1329.78869, 'eta_hours': 0.36939, 'loss': 0.17002308, 'lr': 0.00047058, 'params': 201514, 'time_iter': 0.02473, 'accuracy': 0.93667, 'f1': 0.93667, 'auc': 0.9976}
val: {'epoch': 553, 'time_epoch': 0.30652, 'loss': 0.52191064, 'lr': 0, 'params': 201514, 'time_iter': 0.01533, 'accuracy': 0.8346, 'f1': 0.83394, 'auc': 0.98578}
test: {'epoch': 553, 'time_epoch': 1.14392, 'loss': 2.695395, 'lr': 0, 'params': 201514, 'time_iter': 0.0286, 'accuracy': 0.5656, 'f1': 0.56243, 'auc': 0.90569}
> Epoch 553: took 4.4s (avg 4.2s) | Best so far: epoch 516	train_loss: 0.1913 train_accuracy: 0.9278	val_loss: 0.4730 val_accuracy: 0.8456	test_loss: 2.1386 test_accuracy: 0.5874
train: {'epoch': 554, 'time_epoch': 2.99675, 'eta': 1326.81925, 'eta_hours': 0.36856, 'loss': 0.17266415, 'lr': 0.00046953, 'params': 201514, 'time_iter': 0.0254, 'accuracy': 0.93483, 'f1': 0.93484, 'auc': 0.99753}
val: {'epoch': 554, 'time_epoch': 0.29752, 'loss': 0.52538119, 'lr': 0, 'params': 201514, 'time_iter': 0.01488, 'accuracy': 0.8356, 'f1': 0.83432, 'auc': 0.98626}
test: {'epoch': 554, 'time_epoch': 0.88628, 'loss': 2.38195637, 'lr': 0, 'params': 201514, 'time_iter': 0.02216, 'accuracy': 0.573, 'f1': 0.57, 'auc': 0.91445}
> Epoch 554: took 4.2s (avg 4.2s) | Best so far: epoch 516	train_loss: 0.1913 train_accuracy: 0.9278	val_loss: 0.4730 val_accuracy: 0.8456	test_loss: 2.1386 test_accuracy: 0.5874
train: {'epoch': 555, 'time_epoch': 2.96471, 'eta': 1323.82414, 'eta_hours': 0.36773, 'loss': 0.17307328, 'lr': 0.00046847, 'params': 201514, 'time_iter': 0.02512, 'accuracy': 0.93497, 'f1': 0.93496, 'auc': 0.99756}
val: {'epoch': 555, 'time_epoch': 0.31003, 'loss': 0.51081945, 'lr': 0, 'params': 201514, 'time_iter': 0.0155, 'accuracy': 0.8342, 'f1': 0.83346, 'auc': 0.98611}
test: {'epoch': 555, 'time_epoch': 0.89582, 'loss': 2.05750397, 'lr': 0, 'params': 201514, 'time_iter': 0.0224, 'accuracy': 0.5832, 'f1': 0.58336, 'auc': 0.9206}
> Epoch 555: took 4.2s (avg 4.2s) | Best so far: epoch 516	train_loss: 0.1913 train_accuracy: 0.9278	val_loss: 0.4730 val_accuracy: 0.8456	test_loss: 2.1386 test_accuracy: 0.5874
train: {'epoch': 556, 'time_epoch': 2.90624, 'eta': 1320.78262, 'eta_hours': 0.36688, 'loss': 0.18148935, 'lr': 0.00046742, 'params': 201514, 'time_iter': 0.02463, 'accuracy': 0.9304, 'f1': 0.93039, 'auc': 0.99731}
val: {'epoch': 556, 'time_epoch': 0.30422, 'loss': 0.56223548, 'lr': 0, 'params': 201514, 'time_iter': 0.01521, 'accuracy': 0.817, 'f1': 0.8164, 'auc': 0.98422}
test: {'epoch': 556, 'time_epoch': 0.92113, 'loss': 2.1047462, 'lr': 0, 'params': 201514, 'time_iter': 0.02303, 'accuracy': 0.5755, 'f1': 0.57538, 'auc': 0.91867}
> Epoch 556: took 4.2s (avg 4.2s) | Best so far: epoch 516	train_loss: 0.1913 train_accuracy: 0.9278	val_loss: 0.4730 val_accuracy: 0.8456	test_loss: 2.1386 test_accuracy: 0.5874
train: {'epoch': 557, 'time_epoch': 2.97155, 'eta': 1317.79333, 'eta_hours': 0.36605, 'loss': 0.17571163, 'lr': 0.00046637, 'params': 201514, 'time_iter': 0.02518, 'accuracy': 0.934, 'f1': 0.93401, 'auc': 0.99747}
val: {'epoch': 557, 'time_epoch': 0.30823, 'loss': 0.49076281, 'lr': 0, 'params': 201514, 'time_iter': 0.01541, 'accuracy': 0.8428, 'f1': 0.84265, 'auc': 0.9866}
test: {'epoch': 557, 'time_epoch': 0.91948, 'loss': 1.94374334, 'lr': 0, 'params': 201514, 'time_iter': 0.02299, 'accuracy': 0.5813, 'f1': 0.58146, 'auc': 0.92332}
> Epoch 557: took 4.2s (avg 4.2s) | Best so far: epoch 516	train_loss: 0.1913 train_accuracy: 0.9278	val_loss: 0.4730 val_accuracy: 0.8456	test_loss: 2.1386 test_accuracy: 0.5874
train: {'epoch': 558, 'time_epoch': 2.85811, 'eta': 1314.71461, 'eta_hours': 0.3652, 'loss': 0.16581129, 'lr': 0.00046532, 'params': 201514, 'time_iter': 0.02422, 'accuracy': 0.93707, 'f1': 0.93706, 'auc': 0.99772}
val: {'epoch': 558, 'time_epoch': 0.30971, 'loss': 0.56464339, 'lr': 0, 'params': 201514, 'time_iter': 0.01549, 'accuracy': 0.8286, 'f1': 0.82785, 'auc': 0.98566}
test: {'epoch': 558, 'time_epoch': 0.94351, 'loss': 2.04509058, 'lr': 0, 'params': 201514, 'time_iter': 0.02359, 'accuracy': 0.5703, 'f1': 0.57144, 'auc': 0.92153}
> Epoch 558: took 4.1s (avg 4.2s) | Best so far: epoch 516	train_loss: 0.1913 train_accuracy: 0.9278	val_loss: 0.4730 val_accuracy: 0.8456	test_loss: 2.1386 test_accuracy: 0.5874
train: {'epoch': 559, 'time_epoch': 2.87361, 'eta': 1311.64885, 'eta_hours': 0.36435, 'loss': 0.17222096, 'lr': 0.00046426, 'params': 201514, 'time_iter': 0.02435, 'accuracy': 0.93483, 'f1': 0.93486, 'auc': 0.99754}
val: {'epoch': 559, 'time_epoch': 0.30987, 'loss': 0.58168304, 'lr': 0, 'params': 201514, 'time_iter': 0.01549, 'accuracy': 0.8228, 'f1': 0.82205, 'auc': 0.98536}
test: {'epoch': 559, 'time_epoch': 0.91199, 'loss': 2.14908109, 'lr': 0, 'params': 201514, 'time_iter': 0.0228, 'accuracy': 0.5707, 'f1': 0.56925, 'auc': 0.91803}
> Epoch 559: took 4.1s (avg 4.2s) | Best so far: epoch 516	train_loss: 0.1913 train_accuracy: 0.9278	val_loss: 0.4730 val_accuracy: 0.8456	test_loss: 2.1386 test_accuracy: 0.5874
train: {'epoch': 560, 'time_epoch': 2.95925, 'eta': 1308.6508, 'eta_hours': 0.36351, 'loss': 0.16373587, 'lr': 0.00046321, 'params': 201514, 'time_iter': 0.02508, 'accuracy': 0.9372, 'f1': 0.93721, 'auc': 0.99786}
val: {'epoch': 560, 'time_epoch': 0.32102, 'loss': 0.50783028, 'lr': 0, 'params': 201514, 'time_iter': 0.01605, 'accuracy': 0.8404, 'f1': 0.84, 'auc': 0.98642}
test: {'epoch': 560, 'time_epoch': 1.15629, 'loss': 2.10345895, 'lr': 0, 'params': 201514, 'time_iter': 0.02891, 'accuracy': 0.5807, 'f1': 0.58709, 'auc': 0.91923}
> Epoch 560: took 4.5s (avg 4.2s) | Best so far: epoch 516	train_loss: 0.1913 train_accuracy: 0.9278	val_loss: 0.4730 val_accuracy: 0.8456	test_loss: 2.1386 test_accuracy: 0.5874
train: {'epoch': 561, 'time_epoch': 2.98129, 'eta': 1305.67006, 'eta_hours': 0.36269, 'loss': 0.16890298, 'lr': 0.00046216, 'params': 201514, 'time_iter': 0.02527, 'accuracy': 0.93587, 'f1': 0.93588, 'auc': 0.99762}
val: {'epoch': 561, 'time_epoch': 0.31053, 'loss': 0.48319139, 'lr': 0, 'params': 201514, 'time_iter': 0.01553, 'accuracy': 0.8452, 'f1': 0.84429, 'auc': 0.98736}
test: {'epoch': 561, 'time_epoch': 0.91977, 'loss': 2.33802747, 'lr': 0, 'params': 201514, 'time_iter': 0.02299, 'accuracy': 0.5784, 'f1': 0.57784, 'auc': 0.91512}
> Epoch 561: took 4.3s (avg 4.2s) | Best so far: epoch 516	train_loss: 0.1913 train_accuracy: 0.9278	val_loss: 0.4730 val_accuracy: 0.8456	test_loss: 2.1386 test_accuracy: 0.5874
train: {'epoch': 562, 'time_epoch': 2.924, 'eta': 1302.64485, 'eta_hours': 0.36185, 'loss': 0.16044789, 'lr': 0.00046111, 'params': 201514, 'time_iter': 0.02478, 'accuracy': 0.9396, 'f1': 0.93959, 'auc': 0.99786}
val: {'epoch': 562, 'time_epoch': 0.31245, 'loss': 0.50042302, 'lr': 0, 'params': 201514, 'time_iter': 0.01562, 'accuracy': 0.834, 'f1': 0.83424, 'auc': 0.9868}
test: {'epoch': 562, 'time_epoch': 0.90493, 'loss': 2.26903444, 'lr': 0, 'params': 201514, 'time_iter': 0.02262, 'accuracy': 0.5773, 'f1': 0.5803, 'auc': 0.91823}
> Epoch 562: took 4.2s (avg 4.2s) | Best so far: epoch 516	train_loss: 0.1913 train_accuracy: 0.9278	val_loss: 0.4730 val_accuracy: 0.8456	test_loss: 2.1386 test_accuracy: 0.5874
train: {'epoch': 563, 'time_epoch': 2.93935, 'eta': 1299.63186, 'eta_hours': 0.36101, 'loss': 0.17744055, 'lr': 0.00046005, 'params': 201514, 'time_iter': 0.02491, 'accuracy': 0.9332, 'f1': 0.93323, 'auc': 0.99742}
val: {'epoch': 563, 'time_epoch': 0.31214, 'loss': 0.50452208, 'lr': 0, 'params': 201514, 'time_iter': 0.01561, 'accuracy': 0.833, 'f1': 0.83265, 'auc': 0.98607}
test: {'epoch': 563, 'time_epoch': 0.94272, 'loss': 2.03034826, 'lr': 0, 'params': 201514, 'time_iter': 0.02357, 'accuracy': 0.5834, 'f1': 0.58546, 'auc': 0.92149}
> Epoch 563: took 4.2s (avg 4.2s) | Best so far: epoch 516	train_loss: 0.1913 train_accuracy: 0.9278	val_loss: 0.4730 val_accuracy: 0.8456	test_loss: 2.1386 test_accuracy: 0.5874
train: {'epoch': 564, 'time_epoch': 2.98604, 'eta': 1296.65508, 'eta_hours': 0.36018, 'loss': 0.16075149, 'lr': 0.000459, 'params': 201514, 'time_iter': 0.02531, 'accuracy': 0.93773, 'f1': 0.93773, 'auc': 0.99784}
val: {'epoch': 564, 'time_epoch': 0.31714, 'loss': 0.57922017, 'lr': 0, 'params': 201514, 'time_iter': 0.01586, 'accuracy': 0.8218, 'f1': 0.8214, 'auc': 0.98536}
test: {'epoch': 564, 'time_epoch': 0.91655, 'loss': 2.30273751, 'lr': 0, 'params': 201514, 'time_iter': 0.02291, 'accuracy': 0.5669, 'f1': 0.56621, 'auc': 0.91569}
> Epoch 564: took 4.3s (avg 4.2s) | Best so far: epoch 516	train_loss: 0.1913 train_accuracy: 0.9278	val_loss: 0.4730 val_accuracy: 0.8456	test_loss: 2.1386 test_accuracy: 0.5874
train: {'epoch': 565, 'time_epoch': 2.97081, 'eta': 1293.66659, 'eta_hours': 0.35935, 'loss': 0.16583997, 'lr': 0.00045795, 'params': 201514, 'time_iter': 0.02518, 'accuracy': 0.93737, 'f1': 0.93739, 'auc': 0.99771}
val: {'epoch': 565, 'time_epoch': 0.30422, 'loss': 0.51430384, 'lr': 0, 'params': 201514, 'time_iter': 0.01521, 'accuracy': 0.8396, 'f1': 0.83948, 'auc': 0.98642}
test: {'epoch': 565, 'time_epoch': 0.9234, 'loss': 2.28058207, 'lr': 0, 'params': 201514, 'time_iter': 0.02309, 'accuracy': 0.572, 'f1': 0.57115, 'auc': 0.91654}
> Epoch 565: took 4.2s (avg 4.2s) | Best so far: epoch 516	train_loss: 0.1913 train_accuracy: 0.9278	val_loss: 0.4730 val_accuracy: 0.8456	test_loss: 2.1386 test_accuracy: 0.5874
train: {'epoch': 566, 'time_epoch': 2.96241, 'eta': 1290.67175, 'eta_hours': 0.35852, 'loss': 0.16960877, 'lr': 0.0004569, 'params': 201514, 'time_iter': 0.02511, 'accuracy': 0.93697, 'f1': 0.93698, 'auc': 0.99758}
val: {'epoch': 566, 'time_epoch': 0.31052, 'loss': 0.52021963, 'lr': 0, 'params': 201514, 'time_iter': 0.01553, 'accuracy': 0.84, 'f1': 0.83887, 'auc': 0.98622}
test: {'epoch': 566, 'time_epoch': 0.91596, 'loss': 2.17806364, 'lr': 0, 'params': 201514, 'time_iter': 0.0229, 'accuracy': 0.5785, 'f1': 0.57928, 'auc': 0.91976}
> Epoch 566: took 4.2s (avg 4.2s) | Best so far: epoch 516	train_loss: 0.1913 train_accuracy: 0.9278	val_loss: 0.4730 val_accuracy: 0.8456	test_loss: 2.1386 test_accuracy: 0.5874
train: {'epoch': 567, 'time_epoch': 2.9011, 'eta': 1287.63039, 'eta_hours': 0.35768, 'loss': 0.17314461, 'lr': 0.00045584, 'params': 201514, 'time_iter': 0.02459, 'accuracy': 0.9345, 'f1': 0.93451, 'auc': 0.99755}
val: {'epoch': 567, 'time_epoch': 0.30271, 'loss': 0.49865765, 'lr': 0, 'params': 201514, 'time_iter': 0.01514, 'accuracy': 0.8394, 'f1': 0.83817, 'auc': 0.98697}
test: {'epoch': 567, 'time_epoch': 1.15027, 'loss': 2.15681136, 'lr': 0, 'params': 201514, 'time_iter': 0.02876, 'accuracy': 0.5807, 'f1': 0.5807, 'auc': 0.92151}
> Epoch 567: took 4.4s (avg 4.2s) | Best so far: epoch 516	train_loss: 0.1913 train_accuracy: 0.9278	val_loss: 0.4730 val_accuracy: 0.8456	test_loss: 2.1386 test_accuracy: 0.5874
train: {'epoch': 568, 'time_epoch': 2.94993, 'eta': 1284.62651, 'eta_hours': 0.35684, 'loss': 0.16315378, 'lr': 0.00045479, 'params': 201514, 'time_iter': 0.025, 'accuracy': 0.9383, 'f1': 0.93829, 'auc': 0.99782}
val: {'epoch': 568, 'time_epoch': 0.30402, 'loss': 0.4808278, 'lr': 0, 'params': 201514, 'time_iter': 0.0152, 'accuracy': 0.84, 'f1': 0.84003, 'auc': 0.98715}
test: {'epoch': 568, 'time_epoch': 0.94617, 'loss': 2.01452409, 'lr': 0, 'params': 201514, 'time_iter': 0.02365, 'accuracy': 0.5863, 'f1': 0.58921, 'auc': 0.92303}
> Epoch 568: took 4.2s (avg 4.2s) | Best so far: epoch 516	train_loss: 0.1913 train_accuracy: 0.9278	val_loss: 0.4730 val_accuracy: 0.8456	test_loss: 2.1386 test_accuracy: 0.5874
train: {'epoch': 569, 'time_epoch': 2.97199, 'eta': 1281.63946, 'eta_hours': 0.35601, 'loss': 0.17572171, 'lr': 0.00045374, 'params': 201514, 'time_iter': 0.02519, 'accuracy': 0.9332, 'f1': 0.93323, 'auc': 0.99744}
val: {'epoch': 569, 'time_epoch': 0.31599, 'loss': 0.52140261, 'lr': 0, 'params': 201514, 'time_iter': 0.0158, 'accuracy': 0.8352, 'f1': 0.83339, 'auc': 0.98622}
test: {'epoch': 569, 'time_epoch': 0.9196, 'loss': 2.18805681, 'lr': 0, 'params': 201514, 'time_iter': 0.02299, 'accuracy': 0.5797, 'f1': 0.57977, 'auc': 0.9196}
> Epoch 569: took 4.2s (avg 4.2s) | Best so far: epoch 516	train_loss: 0.1913 train_accuracy: 0.9278	val_loss: 0.4730 val_accuracy: 0.8456	test_loss: 2.1386 test_accuracy: 0.5874
train: {'epoch': 570, 'time_epoch': 3.00833, 'eta': 1278.67978, 'eta_hours': 0.35519, 'loss': 0.16776689, 'lr': 0.00045269, 'params': 201514, 'time_iter': 0.02549, 'accuracy': 0.9363, 'f1': 0.93632, 'auc': 0.9977}
val: {'epoch': 570, 'time_epoch': 0.30489, 'loss': 0.55884686, 'lr': 0, 'params': 201514, 'time_iter': 0.01524, 'accuracy': 0.8262, 'f1': 0.82516, 'auc': 0.98529}
test: {'epoch': 570, 'time_epoch': 0.93255, 'loss': 2.2934663, 'lr': 0, 'params': 201514, 'time_iter': 0.02331, 'accuracy': 0.5664, 'f1': 0.56516, 'auc': 0.91485}
> Epoch 570: took 4.3s (avg 4.2s) | Best so far: epoch 516	train_loss: 0.1913 train_accuracy: 0.9278	val_loss: 0.4730 val_accuracy: 0.8456	test_loss: 2.1386 test_accuracy: 0.5874
train: {'epoch': 571, 'time_epoch': 2.95253, 'eta': 1275.67816, 'eta_hours': 0.35436, 'loss': 0.15956633, 'lr': 0.00045163, 'params': 201514, 'time_iter': 0.02502, 'accuracy': 0.9413, 'f1': 0.94129, 'auc': 0.99787}
val: {'epoch': 571, 'time_epoch': 0.31452, 'loss': 0.50341504, 'lr': 0, 'params': 201514, 'time_iter': 0.01573, 'accuracy': 0.8398, 'f1': 0.83894, 'auc': 0.98671}
test: {'epoch': 571, 'time_epoch': 0.91777, 'loss': 2.23412768, 'lr': 0, 'params': 201514, 'time_iter': 0.02294, 'accuracy': 0.579, 'f1': 0.57917, 'auc': 0.91739}
> Epoch 571: took 4.2s (avg 4.2s) | Best so far: epoch 516	train_loss: 0.1913 train_accuracy: 0.9278	val_loss: 0.4730 val_accuracy: 0.8456	test_loss: 2.1386 test_accuracy: 0.5874
train: {'epoch': 572, 'time_epoch': 2.9964, 'eta': 1272.70941, 'eta_hours': 0.35353, 'loss': 0.16120996, 'lr': 0.00045058, 'params': 201514, 'time_iter': 0.02539, 'accuracy': 0.9391, 'f1': 0.93911, 'auc': 0.99785}
val: {'epoch': 572, 'time_epoch': 0.31052, 'loss': 0.47412611, 'lr': 0, 'params': 201514, 'time_iter': 0.01553, 'accuracy': 0.8438, 'f1': 0.84328, 'auc': 0.98736}
test: {'epoch': 572, 'time_epoch': 0.89966, 'loss': 2.09827271, 'lr': 0, 'params': 201514, 'time_iter': 0.02249, 'accuracy': 0.5824, 'f1': 0.5829, 'auc': 0.92121}
> Epoch 572: took 4.2s (avg 4.2s) | Best so far: epoch 516	train_loss: 0.1913 train_accuracy: 0.9278	val_loss: 0.4730 val_accuracy: 0.8456	test_loss: 2.1386 test_accuracy: 0.5874
train: {'epoch': 573, 'time_epoch': 2.93447, 'eta': 1269.6946, 'eta_hours': 0.35269, 'loss': 0.15284606, 'lr': 0.00044953, 'params': 201514, 'time_iter': 0.02487, 'accuracy': 0.94177, 'f1': 0.94177, 'auc': 0.99809}
val: {'epoch': 573, 'time_epoch': 0.30672, 'loss': 0.51742504, 'lr': 0, 'params': 201514, 'time_iter': 0.01534, 'accuracy': 0.8376, 'f1': 0.83664, 'auc': 0.98645}
test: {'epoch': 573, 'time_epoch': 0.91999, 'loss': 2.39573767, 'lr': 0, 'params': 201514, 'time_iter': 0.023, 'accuracy': 0.5705, 'f1': 0.57306, 'auc': 0.91518}
> Epoch 573: took 4.2s (avg 4.2s) | Best so far: epoch 516	train_loss: 0.1913 train_accuracy: 0.9278	val_loss: 0.4730 val_accuracy: 0.8456	test_loss: 2.1386 test_accuracy: 0.5874
train: {'epoch': 574, 'time_epoch': 3.01716, 'eta': 1266.74119, 'eta_hours': 0.35187, 'loss': 0.16183111, 'lr': 0.00044848, 'params': 201514, 'time_iter': 0.02557, 'accuracy': 0.94057, 'f1': 0.94058, 'auc': 0.99777}
val: {'epoch': 574, 'time_epoch': 0.30465, 'loss': 0.49604066, 'lr': 0, 'params': 201514, 'time_iter': 0.01523, 'accuracy': 0.8454, 'f1': 0.8441, 'auc': 0.98754}
test: {'epoch': 574, 'time_epoch': 1.14866, 'loss': 2.58409909, 'lr': 0, 'params': 201514, 'time_iter': 0.02872, 'accuracy': 0.5842, 'f1': 0.58311, 'auc': 0.91396}
> Epoch 574: took 4.5s (avg 4.2s) | Best so far: epoch 516	train_loss: 0.1913 train_accuracy: 0.9278	val_loss: 0.4730 val_accuracy: 0.8456	test_loss: 2.1386 test_accuracy: 0.5874
train: {'epoch': 575, 'time_epoch': 2.93018, 'eta': 1263.72352, 'eta_hours': 0.35103, 'loss': 0.15983143, 'lr': 0.00044742, 'params': 201514, 'time_iter': 0.02483, 'accuracy': 0.93887, 'f1': 0.93888, 'auc': 0.99784}
val: {'epoch': 575, 'time_epoch': 0.32532, 'loss': 0.49395283, 'lr': 0, 'params': 201514, 'time_iter': 0.01627, 'accuracy': 0.8464, 'f1': 0.84585, 'auc': 0.98725}
test: {'epoch': 575, 'time_epoch': 0.91326, 'loss': 2.36327194, 'lr': 0, 'params': 201514, 'time_iter': 0.02283, 'accuracy': 0.5812, 'f1': 0.58198, 'auc': 0.91802}
> Epoch 575: took 4.2s (avg 4.2s) | Best so far: epoch 575	train_loss: 0.1598 train_accuracy: 0.9389	val_loss: 0.4940 val_accuracy: 0.8464	test_loss: 2.3633 test_accuracy: 0.5812
train: {'epoch': 576, 'time_epoch': 2.97157, 'eta': 1260.73651, 'eta_hours': 0.3502, 'loss': 0.16470096, 'lr': 0.00044637, 'params': 201514, 'time_iter': 0.02518, 'accuracy': 0.9378, 'f1': 0.93781, 'auc': 0.99775}
val: {'epoch': 576, 'time_epoch': 0.31052, 'loss': 0.52116663, 'lr': 0, 'params': 201514, 'time_iter': 0.01553, 'accuracy': 0.8318, 'f1': 0.83066, 'auc': 0.98654}
test: {'epoch': 576, 'time_epoch': 0.91422, 'loss': 2.10414415, 'lr': 0, 'params': 201514, 'time_iter': 0.02286, 'accuracy': 0.578, 'f1': 0.57981, 'auc': 0.92014}
> Epoch 576: took 4.2s (avg 4.2s) | Best so far: epoch 575	train_loss: 0.1598 train_accuracy: 0.9389	val_loss: 0.4940 val_accuracy: 0.8464	test_loss: 2.3633 test_accuracy: 0.5812
train: {'epoch': 577, 'time_epoch': 2.92192, 'eta': 1257.7133, 'eta_hours': 0.34936, 'loss': 0.165908, 'lr': 0.00044532, 'params': 201514, 'time_iter': 0.02476, 'accuracy': 0.93673, 'f1': 0.93673, 'auc': 0.99774}
val: {'epoch': 577, 'time_epoch': 0.31591, 'loss': 0.56183866, 'lr': 0, 'params': 201514, 'time_iter': 0.0158, 'accuracy': 0.823, 'f1': 0.82342, 'auc': 0.98408}
test: {'epoch': 577, 'time_epoch': 0.92379, 'loss': 2.34789854, 'lr': 0, 'params': 201514, 'time_iter': 0.02309, 'accuracy': 0.5735, 'f1': 0.57351, 'auc': 0.91499}
> Epoch 577: took 4.2s (avg 4.2s) | Best so far: epoch 575	train_loss: 0.1598 train_accuracy: 0.9389	val_loss: 0.4940 val_accuracy: 0.8464	test_loss: 2.3633 test_accuracy: 0.5812
train: {'epoch': 578, 'time_epoch': 2.8724, 'eta': 1254.65443, 'eta_hours': 0.34852, 'loss': 0.16139066, 'lr': 0.00044427, 'params': 201514, 'time_iter': 0.02434, 'accuracy': 0.93977, 'f1': 0.93976, 'auc': 0.99784}
val: {'epoch': 578, 'time_epoch': 0.30491, 'loss': 0.48865001, 'lr': 0, 'params': 201514, 'time_iter': 0.01525, 'accuracy': 0.8442, 'f1': 0.84388, 'auc': 0.98725}
test: {'epoch': 578, 'time_epoch': 0.88655, 'loss': 2.51715654, 'lr': 0, 'params': 201514, 'time_iter': 0.02216, 'accuracy': 0.5833, 'f1': 0.58174, 'auc': 0.91457}
> Epoch 578: took 4.1s (avg 4.2s) | Best so far: epoch 575	train_loss: 0.1598 train_accuracy: 0.9389	val_loss: 0.4940 val_accuracy: 0.8464	test_loss: 2.3633 test_accuracy: 0.5812
train: {'epoch': 579, 'time_epoch': 2.9321, 'eta': 1251.63945, 'eta_hours': 0.34768, 'loss': 0.16149885, 'lr': 0.00044321, 'params': 201514, 'time_iter': 0.02485, 'accuracy': 0.9396, 'f1': 0.93961, 'auc': 0.99778}
val: {'epoch': 579, 'time_epoch': 0.31452, 'loss': 0.49634372, 'lr': 0, 'params': 201514, 'time_iter': 0.01573, 'accuracy': 0.841, 'f1': 0.84082, 'auc': 0.98685}
test: {'epoch': 579, 'time_epoch': 0.92163, 'loss': 2.31071544, 'lr': 0, 'params': 201514, 'time_iter': 0.02304, 'accuracy': 0.5784, 'f1': 0.57765, 'auc': 0.91843}
> Epoch 579: took 4.2s (avg 4.2s) | Best so far: epoch 575	train_loss: 0.1598 train_accuracy: 0.9389	val_loss: 0.4940 val_accuracy: 0.8464	test_loss: 2.3633 test_accuracy: 0.5812
train: {'epoch': 580, 'time_epoch': 2.88068, 'eta': 1248.58766, 'eta_hours': 0.34683, 'loss': 0.16083607, 'lr': 0.00044216, 'params': 201514, 'time_iter': 0.02441, 'accuracy': 0.93797, 'f1': 0.93797, 'auc': 0.99782}
val: {'epoch': 580, 'time_epoch': 0.30152, 'loss': 0.54539982, 'lr': 0, 'params': 201514, 'time_iter': 0.01508, 'accuracy': 0.8316, 'f1': 0.83119, 'auc': 0.986}
test: {'epoch': 580, 'time_epoch': 0.92281, 'loss': 2.61443448, 'lr': 0, 'params': 201514, 'time_iter': 0.02307, 'accuracy': 0.5709, 'f1': 0.56888, 'auc': 0.90993}
> Epoch 580: took 4.1s (avg 4.2s) | Best so far: epoch 575	train_loss: 0.1598 train_accuracy: 0.9389	val_loss: 0.4940 val_accuracy: 0.8464	test_loss: 2.3633 test_accuracy: 0.5812
train: {'epoch': 581, 'time_epoch': 2.93629, 'eta': 1245.5764, 'eta_hours': 0.34599, 'loss': 0.16261866, 'lr': 0.00044111, 'params': 201514, 'time_iter': 0.02488, 'accuracy': 0.93927, 'f1': 0.93929, 'auc': 0.9978}
val: {'epoch': 581, 'time_epoch': 0.31022, 'loss': 0.50306506, 'lr': 0, 'params': 201514, 'time_iter': 0.01551, 'accuracy': 0.841, 'f1': 0.84041, 'auc': 0.98659}
test: {'epoch': 581, 'time_epoch': 1.14241, 'loss': 2.14720509, 'lr': 0, 'params': 201514, 'time_iter': 0.02856, 'accuracy': 0.5824, 'f1': 0.58366, 'auc': 0.92052}
> Epoch 581: took 4.4s (avg 4.2s) | Best so far: epoch 575	train_loss: 0.1598 train_accuracy: 0.9389	val_loss: 0.4940 val_accuracy: 0.8464	test_loss: 2.3633 test_accuracy: 0.5812
train: {'epoch': 582, 'time_epoch': 2.93506, 'eta': 1242.56452, 'eta_hours': 0.34516, 'loss': 0.16194626, 'lr': 0.00044006, 'params': 201514, 'time_iter': 0.02487, 'accuracy': 0.93943, 'f1': 0.93943, 'auc': 0.9978}
val: {'epoch': 582, 'time_epoch': 0.31214, 'loss': 0.50080249, 'lr': 0, 'params': 201514, 'time_iter': 0.01561, 'accuracy': 0.84, 'f1': 0.83934, 'auc': 0.98698}
test: {'epoch': 582, 'time_epoch': 0.94262, 'loss': 2.12538361, 'lr': 0, 'params': 201514, 'time_iter': 0.02357, 'accuracy': 0.5815, 'f1': 0.58436, 'auc': 0.92066}
> Epoch 582: took 4.2s (avg 4.2s) | Best so far: epoch 575	train_loss: 0.1598 train_accuracy: 0.9389	val_loss: 0.4940 val_accuracy: 0.8464	test_loss: 2.3633 test_accuracy: 0.5812
train: {'epoch': 583, 'time_epoch': 2.97947, 'eta': 1239.58453, 'eta_hours': 0.34433, 'loss': 0.16346672, 'lr': 0.000439, 'params': 201514, 'time_iter': 0.02525, 'accuracy': 0.93703, 'f1': 0.93703, 'auc': 0.99779}
val: {'epoch': 583, 'time_epoch': 0.31103, 'loss': 0.49967405, 'lr': 0, 'params': 201514, 'time_iter': 0.01555, 'accuracy': 0.8358, 'f1': 0.83494, 'auc': 0.98658}
test: {'epoch': 583, 'time_epoch': 0.90237, 'loss': 2.15254127, 'lr': 0, 'params': 201514, 'time_iter': 0.02256, 'accuracy': 0.5799, 'f1': 0.58294, 'auc': 0.92091}
> Epoch 583: took 4.2s (avg 4.2s) | Best so far: epoch 575	train_loss: 0.1598 train_accuracy: 0.9389	val_loss: 0.4940 val_accuracy: 0.8464	test_loss: 2.3633 test_accuracy: 0.5812
train: {'epoch': 584, 'time_epoch': 2.90123, 'eta': 1236.54904, 'eta_hours': 0.34349, 'loss': 0.16191085, 'lr': 0.00043795, 'params': 201514, 'time_iter': 0.02459, 'accuracy': 0.93817, 'f1': 0.93817, 'auc': 0.9978}
val: {'epoch': 584, 'time_epoch': 0.30052, 'loss': 0.49001891, 'lr': 0, 'params': 201514, 'time_iter': 0.01503, 'accuracy': 0.8436, 'f1': 0.84366, 'auc': 0.9869}
test: {'epoch': 584, 'time_epoch': 0.91945, 'loss': 2.38875627, 'lr': 0, 'params': 201514, 'time_iter': 0.02299, 'accuracy': 0.5754, 'f1': 0.57555, 'auc': 0.91357}
> Epoch 584: took 4.2s (avg 4.2s) | Best so far: epoch 575	train_loss: 0.1598 train_accuracy: 0.9389	val_loss: 0.4940 val_accuracy: 0.8464	test_loss: 2.3633 test_accuracy: 0.5812
train: {'epoch': 585, 'time_epoch': 2.92619, 'eta': 1233.53165, 'eta_hours': 0.34265, 'loss': 0.158778, 'lr': 0.0004369, 'params': 201514, 'time_iter': 0.0248, 'accuracy': 0.93993, 'f1': 0.93993, 'auc': 0.99787}
val: {'epoch': 585, 'time_epoch': 0.30902, 'loss': 0.50323326, 'lr': 0, 'params': 201514, 'time_iter': 0.01545, 'accuracy': 0.8482, 'f1': 0.84758, 'auc': 0.98734}
test: {'epoch': 585, 'time_epoch': 0.92394, 'loss': 2.6874664, 'lr': 0, 'params': 201514, 'time_iter': 0.0231, 'accuracy': 0.5752, 'f1': 0.57433, 'auc': 0.91027}
> Epoch 585: took 4.2s (avg 4.2s) | Best so far: epoch 585	train_loss: 0.1588 train_accuracy: 0.9399	val_loss: 0.5032 val_accuracy: 0.8482	test_loss: 2.6875 test_accuracy: 0.5752
train: {'epoch': 586, 'time_epoch': 2.95742, 'eta': 1230.53653, 'eta_hours': 0.34182, 'loss': 0.15916941, 'lr': 0.00043585, 'params': 201514, 'time_iter': 0.02506, 'accuracy': 0.93917, 'f1': 0.93914, 'auc': 0.99784}
val: {'epoch': 586, 'time_epoch': 0.31252, 'loss': 0.54763093, 'lr': 0, 'params': 201514, 'time_iter': 0.01563, 'accuracy': 0.8238, 'f1': 0.82319, 'auc': 0.985}
test: {'epoch': 586, 'time_epoch': 0.92281, 'loss': 2.52772145, 'lr': 0, 'params': 201514, 'time_iter': 0.02307, 'accuracy': 0.5623, 'f1': 0.56325, 'auc': 0.90852}
> Epoch 586: took 4.2s (avg 4.2s) | Best so far: epoch 585	train_loss: 0.1588 train_accuracy: 0.9399	val_loss: 0.5032 val_accuracy: 0.8482	test_loss: 2.6875 test_accuracy: 0.5752
train: {'epoch': 587, 'time_epoch': 2.90733, 'eta': 1227.50645, 'eta_hours': 0.34097, 'loss': 0.15642775, 'lr': 0.00043479, 'params': 201514, 'time_iter': 0.02464, 'accuracy': 0.94003, 'f1': 0.94003, 'auc': 0.99798}
val: {'epoch': 587, 'time_epoch': 0.30852, 'loss': 0.46626226, 'lr': 0, 'params': 201514, 'time_iter': 0.01543, 'accuracy': 0.8542, 'f1': 0.85406, 'auc': 0.98813}
test: {'epoch': 587, 'time_epoch': 0.91192, 'loss': 2.41312433, 'lr': 0, 'params': 201514, 'time_iter': 0.0228, 'accuracy': 0.5853, 'f1': 0.5847, 'auc': 0.91608}
> Epoch 587: took 4.2s (avg 4.2s) | Best so far: epoch 587	train_loss: 0.1564 train_accuracy: 0.9400	val_loss: 0.4663 val_accuracy: 0.8542	test_loss: 2.4131 test_accuracy: 0.5853
train: {'epoch': 588, 'time_epoch': 3.17733, 'eta': 1224.66519, 'eta_hours': 0.34018, 'loss': 0.15735815, 'lr': 0.00043374, 'params': 201514, 'time_iter': 0.02693, 'accuracy': 0.94067, 'f1': 0.94067, 'auc': 0.99793}
val: {'epoch': 588, 'time_epoch': 0.31018, 'loss': 0.49865272, 'lr': 0, 'params': 201514, 'time_iter': 0.01551, 'accuracy': 0.8462, 'f1': 0.84588, 'auc': 0.98734}
test: {'epoch': 588, 'time_epoch': 0.94034, 'loss': 2.35476737, 'lr': 0, 'params': 201514, 'time_iter': 0.02351, 'accuracy': 0.5777, 'f1': 0.57715, 'auc': 0.91604}
> Epoch 588: took 4.5s (avg 4.2s) | Best so far: epoch 587	train_loss: 0.1564 train_accuracy: 0.9400	val_loss: 0.4663 val_accuracy: 0.8542	test_loss: 2.4131 test_accuracy: 0.5853
train: {'epoch': 589, 'time_epoch': 2.86346, 'eta': 1221.60468, 'eta_hours': 0.33933, 'loss': 0.1568959, 'lr': 0.00043269, 'params': 201514, 'time_iter': 0.02427, 'accuracy': 0.94003, 'f1': 0.94003, 'auc': 0.99796}
val: {'epoch': 589, 'time_epoch': 0.32852, 'loss': 0.51319673, 'lr': 0, 'params': 201514, 'time_iter': 0.01643, 'accuracy': 0.8364, 'f1': 0.8358, 'auc': 0.98663}
test: {'epoch': 589, 'time_epoch': 0.92248, 'loss': 2.38104287, 'lr': 0, 'params': 201514, 'time_iter': 0.02306, 'accuracy': 0.5674, 'f1': 0.568, 'auc': 0.9147}
> Epoch 589: took 4.2s (avg 4.2s) | Best so far: epoch 587	train_loss: 0.1564 train_accuracy: 0.9400	val_loss: 0.4663 val_accuracy: 0.8542	test_loss: 2.4131 test_accuracy: 0.5853
train: {'epoch': 590, 'time_epoch': 2.92111, 'eta': 1218.58473, 'eta_hours': 0.3385, 'loss': 0.15162535, 'lr': 0.00043164, 'params': 201514, 'time_iter': 0.02476, 'accuracy': 0.94343, 'f1': 0.94344, 'auc': 0.99812}
val: {'epoch': 590, 'time_epoch': 0.30619, 'loss': 0.50323884, 'lr': 0, 'params': 201514, 'time_iter': 0.01531, 'accuracy': 0.8456, 'f1': 0.8451, 'auc': 0.98696}
test: {'epoch': 590, 'time_epoch': 0.90673, 'loss': 2.22167804, 'lr': 0, 'params': 201514, 'time_iter': 0.02267, 'accuracy': 0.5906, 'f1': 0.59231, 'auc': 0.92042}
> Epoch 590: took 4.2s (avg 4.2s) | Best so far: epoch 587	train_loss: 0.1564 train_accuracy: 0.9400	val_loss: 0.4663 val_accuracy: 0.8542	test_loss: 2.4131 test_accuracy: 0.5853
train: {'epoch': 591, 'time_epoch': 2.91285, 'eta': 1215.55943, 'eta_hours': 0.33766, 'loss': 0.15610955, 'lr': 0.00043058, 'params': 201514, 'time_iter': 0.02469, 'accuracy': 0.9423, 'f1': 0.94231, 'auc': 0.99796}
val: {'epoch': 591, 'time_epoch': 0.30352, 'loss': 0.53406103, 'lr': 0, 'params': 201514, 'time_iter': 0.01518, 'accuracy': 0.8358, 'f1': 0.8348, 'auc': 0.98595}
test: {'epoch': 591, 'time_epoch': 0.93296, 'loss': 2.03665544, 'lr': 0, 'params': 201514, 'time_iter': 0.02332, 'accuracy': 0.5801, 'f1': 0.58219, 'auc': 0.92205}
> Epoch 591: took 4.2s (avg 4.2s) | Best so far: epoch 587	train_loss: 0.1564 train_accuracy: 0.9400	val_loss: 0.4663 val_accuracy: 0.8542	test_loss: 2.4131 test_accuracy: 0.5853
train: {'epoch': 592, 'time_epoch': 2.95559, 'eta': 1212.56384, 'eta_hours': 0.33682, 'loss': 0.15408802, 'lr': 0.00042953, 'params': 201514, 'time_iter': 0.02505, 'accuracy': 0.94193, 'f1': 0.94195, 'auc': 0.99801}
val: {'epoch': 592, 'time_epoch': 0.29922, 'loss': 0.52195935, 'lr': 0, 'params': 201514, 'time_iter': 0.01496, 'accuracy': 0.8404, 'f1': 0.84004, 'auc': 0.98685}
test: {'epoch': 592, 'time_epoch': 0.91857, 'loss': 2.10890136, 'lr': 0, 'params': 201514, 'time_iter': 0.02296, 'accuracy': 0.5863, 'f1': 0.58779, 'auc': 0.92196}
> Epoch 592: took 4.2s (avg 4.2s) | Best so far: epoch 587	train_loss: 0.1564 train_accuracy: 0.9400	val_loss: 0.4663 val_accuracy: 0.8542	test_loss: 2.4131 test_accuracy: 0.5853
train: {'epoch': 593, 'time_epoch': 2.95518, 'eta': 1209.56809, 'eta_hours': 0.33599, 'loss': 0.15989888, 'lr': 0.00042848, 'params': 201514, 'time_iter': 0.02504, 'accuracy': 0.93963, 'f1': 0.93962, 'auc': 0.99784}
val: {'epoch': 593, 'time_epoch': 0.30474, 'loss': 0.46195742, 'lr': 0, 'params': 201514, 'time_iter': 0.01524, 'accuracy': 0.8504, 'f1': 0.85056, 'auc': 0.98783}
test: {'epoch': 593, 'time_epoch': 0.93857, 'loss': 2.12502357, 'lr': 0, 'params': 201514, 'time_iter': 0.02346, 'accuracy': 0.5931, 'f1': 0.59853, 'auc': 0.92099}
> Epoch 593: took 4.2s (avg 4.2s) | Best so far: epoch 587	train_loss: 0.1564 train_accuracy: 0.9400	val_loss: 0.4663 val_accuracy: 0.8542	test_loss: 2.4131 test_accuracy: 0.5853
train: {'epoch': 594, 'time_epoch': 2.96621, 'eta': 1206.58, 'eta_hours': 0.33516, 'loss': 0.14910771, 'lr': 0.00042743, 'params': 201514, 'time_iter': 0.02514, 'accuracy': 0.94343, 'f1': 0.94345, 'auc': 0.99814}
val: {'epoch': 594, 'time_epoch': 0.30602, 'loss': 0.46467679, 'lr': 0, 'params': 201514, 'time_iter': 0.0153, 'accuracy': 0.8532, 'f1': 0.85298, 'auc': 0.98827}
test: {'epoch': 594, 'time_epoch': 0.91907, 'loss': 2.20783216, 'lr': 0, 'params': 201514, 'time_iter': 0.02298, 'accuracy': 0.5928, 'f1': 0.59474, 'auc': 0.92081}
> Epoch 594: took 4.2s (avg 4.2s) | Best so far: epoch 587	train_loss: 0.1564 train_accuracy: 0.9400	val_loss: 0.4663 val_accuracy: 0.8542	test_loss: 2.4131 test_accuracy: 0.5853
train: {'epoch': 595, 'time_epoch': 3.19197, 'eta': 1203.74501, 'eta_hours': 0.33437, 'loss': 0.15549105, 'lr': 0.00042637, 'params': 201514, 'time_iter': 0.02705, 'accuracy': 0.94093, 'f1': 0.94093, 'auc': 0.99799}
val: {'epoch': 595, 'time_epoch': 0.30988, 'loss': 0.48821577, 'lr': 0, 'params': 201514, 'time_iter': 0.01549, 'accuracy': 0.849, 'f1': 0.8486, 'auc': 0.98726}
test: {'epoch': 595, 'time_epoch': 0.92254, 'loss': 2.10374175, 'lr': 0, 'params': 201514, 'time_iter': 0.02306, 'accuracy': 0.5889, 'f1': 0.59598, 'auc': 0.92165}
> Epoch 595: took 4.5s (avg 4.2s) | Best so far: epoch 587	train_loss: 0.1564 train_accuracy: 0.9400	val_loss: 0.4663 val_accuracy: 0.8542	test_loss: 2.4131 test_accuracy: 0.5853
train: {'epoch': 596, 'time_epoch': 2.8914, 'eta': 1200.70593, 'eta_hours': 0.33353, 'loss': 0.14906538, 'lr': 0.00042532, 'params': 201514, 'time_iter': 0.0245, 'accuracy': 0.9452, 'f1': 0.94521, 'auc': 0.99815}
val: {'epoch': 596, 'time_epoch': 0.31289, 'loss': 0.50969012, 'lr': 0, 'params': 201514, 'time_iter': 0.01564, 'accuracy': 0.8444, 'f1': 0.84341, 'auc': 0.98711}
test: {'epoch': 596, 'time_epoch': 0.90956, 'loss': 2.05608786, 'lr': 0, 'params': 201514, 'time_iter': 0.02274, 'accuracy': 0.5832, 'f1': 0.58496, 'auc': 0.92283}
> Epoch 596: took 4.2s (avg 4.2s) | Best so far: epoch 587	train_loss: 0.1564 train_accuracy: 0.9400	val_loss: 0.4663 val_accuracy: 0.8542	test_loss: 2.4131 test_accuracy: 0.5853
train: {'epoch': 597, 'time_epoch': 3.06648, 'eta': 1197.78504, 'eta_hours': 0.33272, 'loss': 0.1519753, 'lr': 0.00042427, 'params': 201514, 'time_iter': 0.02599, 'accuracy': 0.9421, 'f1': 0.9421, 'auc': 0.99809}
val: {'epoch': 597, 'time_epoch': 0.29652, 'loss': 0.49140141, 'lr': 0, 'params': 201514, 'time_iter': 0.01483, 'accuracy': 0.8466, 'f1': 0.84686, 'auc': 0.9871}
test: {'epoch': 597, 'time_epoch': 0.92011, 'loss': 2.04783688, 'lr': 0, 'params': 201514, 'time_iter': 0.023, 'accuracy': 0.5897, 'f1': 0.59052, 'auc': 0.92316}
> Epoch 597: took 4.3s (avg 4.2s) | Best so far: epoch 587	train_loss: 0.1564 train_accuracy: 0.9400	val_loss: 0.4663 val_accuracy: 0.8542	test_loss: 2.4131 test_accuracy: 0.5853
train: {'epoch': 598, 'time_epoch': 2.91852, 'eta': 1194.76461, 'eta_hours': 0.33188, 'loss': 0.15587049, 'lr': 0.00042322, 'params': 201514, 'time_iter': 0.02473, 'accuracy': 0.9423, 'f1': 0.94231, 'auc': 0.99799}
val: {'epoch': 598, 'time_epoch': 0.32703, 'loss': 0.52735482, 'lr': 0, 'params': 201514, 'time_iter': 0.01635, 'accuracy': 0.8334, 'f1': 0.83239, 'auc': 0.98671}
test: {'epoch': 598, 'time_epoch': 0.91374, 'loss': 2.12397774, 'lr': 0, 'params': 201514, 'time_iter': 0.02284, 'accuracy': 0.5868, 'f1': 0.58707, 'auc': 0.92152}
> Epoch 598: took 4.2s (avg 4.2s) | Best so far: epoch 587	train_loss: 0.1564 train_accuracy: 0.9400	val_loss: 0.4663 val_accuracy: 0.8542	test_loss: 2.4131 test_accuracy: 0.5853
train: {'epoch': 599, 'time_epoch': 2.90889, 'eta': 1191.7381, 'eta_hours': 0.33104, 'loss': 0.15115852, 'lr': 0.00042216, 'params': 201514, 'time_iter': 0.02465, 'accuracy': 0.9425, 'f1': 0.94251, 'auc': 0.9981}
val: {'epoch': 599, 'time_epoch': 0.30852, 'loss': 0.47861987, 'lr': 0, 'params': 201514, 'time_iter': 0.01543, 'accuracy': 0.8492, 'f1': 0.84928, 'auc': 0.98768}
test: {'epoch': 599, 'time_epoch': 0.92067, 'loss': 2.19909646, 'lr': 0, 'params': 201514, 'time_iter': 0.02302, 'accuracy': 0.5964, 'f1': 0.59817, 'auc': 0.92174}
> Epoch 599: took 4.2s (avg 4.2s) | Best so far: epoch 587	train_loss: 0.1564 train_accuracy: 0.9400	val_loss: 0.4663 val_accuracy: 0.8542	test_loss: 2.4131 test_accuracy: 0.5853
train: {'epoch': 600, 'time_epoch': 2.90433, 'eta': 1188.70895, 'eta_hours': 0.3302, 'loss': 0.15479663, 'lr': 0.00042111, 'params': 201514, 'time_iter': 0.02461, 'accuracy': 0.94227, 'f1': 0.94226, 'auc': 0.99799}
val: {'epoch': 600, 'time_epoch': 0.30802, 'loss': 0.48281179, 'lr': 0, 'params': 201514, 'time_iter': 0.0154, 'accuracy': 0.848, 'f1': 0.84651, 'auc': 0.98759}
test: {'epoch': 600, 'time_epoch': 0.91975, 'loss': 2.1889072, 'lr': 0, 'params': 201514, 'time_iter': 0.02299, 'accuracy': 0.5918, 'f1': 0.59642, 'auc': 0.92251}
> Epoch 600: took 4.2s (avg 4.2s) | Best so far: epoch 587	train_loss: 0.1564 train_accuracy: 0.9400	val_loss: 0.4663 val_accuracy: 0.8542	test_loss: 2.4131 test_accuracy: 0.5853
train: {'epoch': 601, 'time_epoch': 2.96267, 'eta': 1185.71879, 'eta_hours': 0.32937, 'loss': 0.15454167, 'lr': 0.00042006, 'params': 201514, 'time_iter': 0.02511, 'accuracy': 0.9413, 'f1': 0.94131, 'auc': 0.99802}
val: {'epoch': 601, 'time_epoch': 0.30522, 'loss': 0.48485911, 'lr': 0, 'params': 201514, 'time_iter': 0.01526, 'accuracy': 0.8432, 'f1': 0.84258, 'auc': 0.98723}
test: {'epoch': 601, 'time_epoch': 0.93165, 'loss': 2.24271457, 'lr': 0, 'params': 201514, 'time_iter': 0.02329, 'accuracy': 0.5824, 'f1': 0.58308, 'auc': 0.9191}
> Epoch 601: took 4.2s (avg 4.2s) | Best so far: epoch 587	train_loss: 0.1564 train_accuracy: 0.9400	val_loss: 0.4663 val_accuracy: 0.8542	test_loss: 2.4131 test_accuracy: 0.5853
train: {'epoch': 602, 'time_epoch': 3.10772, 'eta': 1182.82421, 'eta_hours': 0.32856, 'loss': 0.15003797, 'lr': 0.00041901, 'params': 201514, 'time_iter': 0.02634, 'accuracy': 0.94293, 'f1': 0.94294, 'auc': 0.99811}
val: {'epoch': 602, 'time_epoch': 0.30303, 'loss': 0.48228379, 'lr': 0, 'params': 201514, 'time_iter': 0.01515, 'accuracy': 0.8492, 'f1': 0.84835, 'auc': 0.98745}
test: {'epoch': 602, 'time_epoch': 0.91634, 'loss': 2.33399388, 'lr': 0, 'params': 201514, 'time_iter': 0.02291, 'accuracy': 0.585, 'f1': 0.58485, 'auc': 0.91808}
> Epoch 602: took 4.4s (avg 4.2s) | Best so far: epoch 587	train_loss: 0.1564 train_accuracy: 0.9400	val_loss: 0.4663 val_accuracy: 0.8542	test_loss: 2.4131 test_accuracy: 0.5853
train: {'epoch': 603, 'time_epoch': 2.99339, 'eta': 1179.85398, 'eta_hours': 0.32774, 'loss': 0.14714745, 'lr': 0.00041795, 'params': 201514, 'time_iter': 0.02537, 'accuracy': 0.9447, 'f1': 0.94468, 'auc': 0.99815}
val: {'epoch': 603, 'time_epoch': 0.30352, 'loss': 0.49232111, 'lr': 0, 'params': 201514, 'time_iter': 0.01518, 'accuracy': 0.8484, 'f1': 0.84717, 'auc': 0.98797}
test: {'epoch': 603, 'time_epoch': 0.92214, 'loss': 2.19749367, 'lr': 0, 'params': 201514, 'time_iter': 0.02305, 'accuracy': 0.5876, 'f1': 0.5883, 'auc': 0.92179}
> Epoch 603: took 4.3s (avg 4.2s) | Best so far: epoch 587	train_loss: 0.1564 train_accuracy: 0.9400	val_loss: 0.4663 val_accuracy: 0.8542	test_loss: 2.4131 test_accuracy: 0.5853
train: {'epoch': 604, 'time_epoch': 2.95282, 'eta': 1176.85717, 'eta_hours': 0.3269, 'loss': 0.14674611, 'lr': 0.0004169, 'params': 201514, 'time_iter': 0.02502, 'accuracy': 0.94657, 'f1': 0.94657, 'auc': 0.99819}
val: {'epoch': 604, 'time_epoch': 0.30303, 'loss': 0.48145432, 'lr': 0, 'params': 201514, 'time_iter': 0.01515, 'accuracy': 0.848, 'f1': 0.84768, 'auc': 0.9878}
test: {'epoch': 604, 'time_epoch': 0.91663, 'loss': 2.20151754, 'lr': 0, 'params': 201514, 'time_iter': 0.02292, 'accuracy': 0.5847, 'f1': 0.58631, 'auc': 0.91997}
> Epoch 604: took 4.2s (avg 4.2s) | Best so far: epoch 587	train_loss: 0.1564 train_accuracy: 0.9400	val_loss: 0.4663 val_accuracy: 0.8542	test_loss: 2.4131 test_accuracy: 0.5853
train: {'epoch': 605, 'time_epoch': 2.8863, 'eta': 1173.81727, 'eta_hours': 0.32606, 'loss': 0.14160335, 'lr': 0.00041585, 'params': 201514, 'time_iter': 0.02446, 'accuracy': 0.94723, 'f1': 0.94724, 'auc': 0.9983}
val: {'epoch': 605, 'time_epoch': 0.29752, 'loss': 0.48261202, 'lr': 0, 'params': 201514, 'time_iter': 0.01488, 'accuracy': 0.8494, 'f1': 0.84875, 'auc': 0.98753}
test: {'epoch': 605, 'time_epoch': 0.88157, 'loss': 2.34701736, 'lr': 0, 'params': 201514, 'time_iter': 0.02204, 'accuracy': 0.5806, 'f1': 0.58144, 'auc': 0.91755}
> Epoch 605: took 4.1s (avg 4.2s) | Best so far: epoch 587	train_loss: 0.1564 train_accuracy: 0.9400	val_loss: 0.4663 val_accuracy: 0.8542	test_loss: 2.4131 test_accuracy: 0.5853
train: {'epoch': 606, 'time_epoch': 2.95816, 'eta': 1170.82439, 'eta_hours': 0.32523, 'loss': 0.14667679, 'lr': 0.0004148, 'params': 201514, 'time_iter': 0.02507, 'accuracy': 0.94607, 'f1': 0.94608, 'auc': 0.99816}
val: {'epoch': 606, 'time_epoch': 0.31903, 'loss': 0.48564892, 'lr': 0, 'params': 201514, 'time_iter': 0.01595, 'accuracy': 0.8498, 'f1': 0.84889, 'auc': 0.98761}
test: {'epoch': 606, 'time_epoch': 0.91209, 'loss': 2.39760012, 'lr': 0, 'params': 201514, 'time_iter': 0.0228, 'accuracy': 0.5891, 'f1': 0.58947, 'auc': 0.91659}
> Epoch 606: took 4.2s (avg 4.2s) | Best so far: epoch 587	train_loss: 0.1564 train_accuracy: 0.9400	val_loss: 0.4663 val_accuracy: 0.8542	test_loss: 2.4131 test_accuracy: 0.5853
train: {'epoch': 607, 'time_epoch': 2.9184, 'eta': 1167.806, 'eta_hours': 0.32439, 'loss': 0.15214803, 'lr': 0.00041374, 'params': 201514, 'time_iter': 0.02473, 'accuracy': 0.94293, 'f1': 0.94293, 'auc': 0.99807}
val: {'epoch': 607, 'time_epoch': 0.29751, 'loss': 0.52086146, 'lr': 0, 'params': 201514, 'time_iter': 0.01488, 'accuracy': 0.8424, 'f1': 0.84115, 'auc': 0.9872}
test: {'epoch': 607, 'time_epoch': 0.93779, 'loss': 2.49570422, 'lr': 0, 'params': 201514, 'time_iter': 0.02344, 'accuracy': 0.5699, 'f1': 0.56738, 'auc': 0.91409}
> Epoch 607: took 4.2s (avg 4.2s) | Best so far: epoch 587	train_loss: 0.1564 train_accuracy: 0.9400	val_loss: 0.4663 val_accuracy: 0.8542	test_loss: 2.4131 test_accuracy: 0.5853
train: {'epoch': 608, 'time_epoch': 2.91102, 'eta': 1164.7832, 'eta_hours': 0.32355, 'loss': 0.15102667, 'lr': 0.00041269, 'params': 201514, 'time_iter': 0.02467, 'accuracy': 0.94377, 'f1': 0.94376, 'auc': 0.99809}
val: {'epoch': 608, 'time_epoch': 0.31245, 'loss': 0.51221066, 'lr': 0, 'params': 201514, 'time_iter': 0.01562, 'accuracy': 0.8418, 'f1': 0.84089, 'auc': 0.98684}
test: {'epoch': 608, 'time_epoch': 1.16853, 'loss': 2.22901289, 'lr': 0, 'params': 201514, 'time_iter': 0.02921, 'accuracy': 0.5784, 'f1': 0.57998, 'auc': 0.91956}
> Epoch 608: took 4.4s (avg 4.2s) | Best so far: epoch 587	train_loss: 0.1564 train_accuracy: 0.9400	val_loss: 0.4663 val_accuracy: 0.8542	test_loss: 2.4131 test_accuracy: 0.5853
train: {'epoch': 609, 'time_epoch': 2.99418, 'eta': 1161.81392, 'eta_hours': 0.32273, 'loss': 0.14888734, 'lr': 0.00041164, 'params': 201514, 'time_iter': 0.02537, 'accuracy': 0.94453, 'f1': 0.94454, 'auc': 0.99812}
val: {'epoch': 609, 'time_epoch': 0.3142, 'loss': 0.51614919, 'lr': 0, 'params': 201514, 'time_iter': 0.01571, 'accuracy': 0.842, 'f1': 0.84092, 'auc': 0.98705}
test: {'epoch': 609, 'time_epoch': 0.91648, 'loss': 2.32059743, 'lr': 0, 'params': 201514, 'time_iter': 0.02291, 'accuracy': 0.5868, 'f1': 0.58529, 'auc': 0.91888}
> Epoch 609: took 4.3s (avg 4.2s) | Best so far: epoch 587	train_loss: 0.1564 train_accuracy: 0.9400	val_loss: 0.4663 val_accuracy: 0.8542	test_loss: 2.4131 test_accuracy: 0.5853
train: {'epoch': 610, 'time_epoch': 2.90716, 'eta': 1158.78917, 'eta_hours': 0.32189, 'loss': 0.14060624, 'lr': 0.00041059, 'params': 201514, 'time_iter': 0.02464, 'accuracy': 0.94707, 'f1': 0.94707, 'auc': 0.99835}
val: {'epoch': 610, 'time_epoch': 0.3062, 'loss': 0.47365367, 'lr': 0, 'params': 201514, 'time_iter': 0.01531, 'accuracy': 0.8484, 'f1': 0.84853, 'auc': 0.98774}
test: {'epoch': 610, 'time_epoch': 0.92852, 'loss': 2.0518219, 'lr': 0, 'params': 201514, 'time_iter': 0.02321, 'accuracy': 0.596, 'f1': 0.6004, 'auc': 0.92485}
> Epoch 610: took 4.2s (avg 4.2s) | Best so far: epoch 587	train_loss: 0.1564 train_accuracy: 0.9400	val_loss: 0.4663 val_accuracy: 0.8542	test_loss: 2.4131 test_accuracy: 0.5853
train: {'epoch': 611, 'time_epoch': 3.17746, 'eta': 1155.93616, 'eta_hours': 0.32109, 'loss': 0.14618149, 'lr': 0.00040953, 'params': 201514, 'time_iter': 0.02693, 'accuracy': 0.94617, 'f1': 0.94616, 'auc': 0.9982}
val: {'epoch': 611, 'time_epoch': 0.29753, 'loss': 0.48570554, 'lr': 0, 'params': 201514, 'time_iter': 0.01488, 'accuracy': 0.8454, 'f1': 0.84502, 'auc': 0.9876}
test: {'epoch': 611, 'time_epoch': 0.94129, 'loss': 2.46784638, 'lr': 0, 'params': 201514, 'time_iter': 0.02353, 'accuracy': 0.5881, 'f1': 0.58584, 'auc': 0.91495}
> Epoch 611: took 4.5s (avg 4.2s) | Best so far: epoch 587	train_loss: 0.1564 train_accuracy: 0.9400	val_loss: 0.4663 val_accuracy: 0.8542	test_loss: 2.4131 test_accuracy: 0.5853
train: {'epoch': 612, 'time_epoch': 3.00956, 'eta': 1152.97611, 'eta_hours': 0.32027, 'loss': 0.1438715, 'lr': 0.00040848, 'params': 201514, 'time_iter': 0.0255, 'accuracy': 0.94647, 'f1': 0.94648, 'auc': 0.99821}
val: {'epoch': 612, 'time_epoch': 0.32095, 'loss': 0.51932399, 'lr': 0, 'params': 201514, 'time_iter': 0.01605, 'accuracy': 0.8434, 'f1': 0.84183, 'auc': 0.98708}
test: {'epoch': 612, 'time_epoch': 0.91507, 'loss': 2.70686314, 'lr': 0, 'params': 201514, 'time_iter': 0.02288, 'accuracy': 0.5724, 'f1': 0.56992, 'auc': 0.90886}
> Epoch 612: took 4.3s (avg 4.2s) | Best so far: epoch 587	train_loss: 0.1564 train_accuracy: 0.9400	val_loss: 0.4663 val_accuracy: 0.8542	test_loss: 2.4131 test_accuracy: 0.5853
train: {'epoch': 613, 'time_epoch': 2.98376, 'eta': 1149.99966, 'eta_hours': 0.31944, 'loss': 0.14504706, 'lr': 0.00040743, 'params': 201514, 'time_iter': 0.02529, 'accuracy': 0.9466, 'f1': 0.94661, 'auc': 0.99818}
val: {'epoch': 613, 'time_epoch': 0.31514, 'loss': 0.48152453, 'lr': 0, 'params': 201514, 'time_iter': 0.01576, 'accuracy': 0.8492, 'f1': 0.84849, 'auc': 0.98771}
test: {'epoch': 613, 'time_epoch': 0.92829, 'loss': 2.47551108, 'lr': 0, 'params': 201514, 'time_iter': 0.02321, 'accuracy': 0.58, 'f1': 0.57693, 'auc': 0.915}
> Epoch 613: took 4.3s (avg 4.2s) | Best so far: epoch 587	train_loss: 0.1564 train_accuracy: 0.9400	val_loss: 0.4663 val_accuracy: 0.8542	test_loss: 2.4131 test_accuracy: 0.5853
train: {'epoch': 614, 'time_epoch': 2.94971, 'eta': 1147.00188, 'eta_hours': 0.31861, 'loss': 0.14200307, 'lr': 0.00040638, 'params': 201514, 'time_iter': 0.025, 'accuracy': 0.9467, 'f1': 0.94671, 'auc': 0.99828}
val: {'epoch': 614, 'time_epoch': 0.30672, 'loss': 0.47751893, 'lr': 0, 'params': 201514, 'time_iter': 0.01534, 'accuracy': 0.8522, 'f1': 0.85139, 'auc': 0.98801}
test: {'epoch': 614, 'time_epoch': 0.90439, 'loss': 2.31420733, 'lr': 0, 'params': 201514, 'time_iter': 0.02261, 'accuracy': 0.5873, 'f1': 0.58697, 'auc': 0.91891}
> Epoch 614: took 4.2s (avg 4.2s) | Best so far: epoch 587	train_loss: 0.1564 train_accuracy: 0.9400	val_loss: 0.4663 val_accuracy: 0.8542	test_loss: 2.4131 test_accuracy: 0.5853
train: {'epoch': 615, 'time_epoch': 2.95049, 'eta': 1144.00474, 'eta_hours': 0.31778, 'loss': 0.1444731, 'lr': 0.00040532, 'params': 201514, 'time_iter': 0.025, 'accuracy': 0.94583, 'f1': 0.94583, 'auc': 0.99824}
val: {'epoch': 615, 'time_epoch': 0.31352, 'loss': 0.50470514, 'lr': 0, 'params': 201514, 'time_iter': 0.01568, 'accuracy': 0.8494, 'f1': 0.84865, 'auc': 0.98736}
test: {'epoch': 615, 'time_epoch': 1.12733, 'loss': 2.4299856, 'lr': 0, 'params': 201514, 'time_iter': 0.02818, 'accuracy': 0.5908, 'f1': 0.58938, 'auc': 0.91766}
> Epoch 615: took 4.4s (avg 4.2s) | Best so far: epoch 587	train_loss: 0.1564 train_accuracy: 0.9400	val_loss: 0.4663 val_accuracy: 0.8542	test_loss: 2.4131 test_accuracy: 0.5853
train: {'epoch': 616, 'time_epoch': 2.94475, 'eta': 1141.00419, 'eta_hours': 0.31695, 'loss': 0.14375246, 'lr': 0.00040427, 'params': 201514, 'time_iter': 0.02496, 'accuracy': 0.94603, 'f1': 0.94604, 'auc': 0.99826}
val: {'epoch': 616, 'time_epoch': 0.30221, 'loss': 0.56340488, 'lr': 0, 'params': 201514, 'time_iter': 0.01511, 'accuracy': 0.8354, 'f1': 0.83502, 'auc': 0.98556}
test: {'epoch': 616, 'time_epoch': 0.92248, 'loss': 2.57599617, 'lr': 0, 'params': 201514, 'time_iter': 0.02306, 'accuracy': 0.5783, 'f1': 0.58029, 'auc': 0.91399}
> Epoch 616: took 4.2s (avg 4.2s) | Best so far: epoch 587	train_loss: 0.1564 train_accuracy: 0.9400	val_loss: 0.4663 val_accuracy: 0.8542	test_loss: 2.4131 test_accuracy: 0.5853
train: {'epoch': 617, 'time_epoch': 2.93748, 'eta': 1137.99933, 'eta_hours': 0.31611, 'loss': 0.15003079, 'lr': 0.00040322, 'params': 201514, 'time_iter': 0.02489, 'accuracy': 0.94297, 'f1': 0.94296, 'auc': 0.99808}
val: {'epoch': 617, 'time_epoch': 0.30819, 'loss': 0.46084636, 'lr': 0, 'params': 201514, 'time_iter': 0.01541, 'accuracy': 0.8564, 'f1': 0.85626, 'auc': 0.98837}
test: {'epoch': 617, 'time_epoch': 0.91146, 'loss': 2.46065796, 'lr': 0, 'params': 201514, 'time_iter': 0.02279, 'accuracy': 0.5794, 'f1': 0.5821, 'auc': 0.91619}
> Epoch 617: took 4.2s (avg 4.2s) | Best so far: epoch 617	train_loss: 0.1500 train_accuracy: 0.9430	val_loss: 0.4608 val_accuracy: 0.8564	test_loss: 2.4607 test_accuracy: 0.5794
train: {'epoch': 618, 'time_epoch': 2.94669, 'eta': 1135.00035, 'eta_hours': 0.31528, 'loss': 0.14809062, 'lr': 0.00040217, 'params': 201514, 'time_iter': 0.02497, 'accuracy': 0.94563, 'f1': 0.94563, 'auc': 0.99813}
val: {'epoch': 618, 'time_epoch': 0.31659, 'loss': 0.49767456, 'lr': 0, 'params': 201514, 'time_iter': 0.01583, 'accuracy': 0.8428, 'f1': 0.84325, 'auc': 0.98667}
test: {'epoch': 618, 'time_epoch': 0.92645, 'loss': 2.41631163, 'lr': 0, 'params': 201514, 'time_iter': 0.02316, 'accuracy': 0.5726, 'f1': 0.57613, 'auc': 0.91607}
> Epoch 618: took 4.2s (avg 4.2s) | Best so far: epoch 617	train_loss: 0.1500 train_accuracy: 0.9430	val_loss: 0.4608 val_accuracy: 0.8564	test_loss: 2.4607 test_accuracy: 0.5794
train: {'epoch': 619, 'time_epoch': 2.92602, 'eta': 1131.98887, 'eta_hours': 0.31444, 'loss': 0.14096312, 'lr': 0.00040111, 'params': 201514, 'time_iter': 0.0248, 'accuracy': 0.9465, 'f1': 0.94651, 'auc': 0.99835}
val: {'epoch': 619, 'time_epoch': 0.30503, 'loss': 0.48819335, 'lr': 0, 'params': 201514, 'time_iter': 0.01525, 'accuracy': 0.8424, 'f1': 0.84181, 'auc': 0.9873}
test: {'epoch': 619, 'time_epoch': 0.91824, 'loss': 2.38318252, 'lr': 0, 'params': 201514, 'time_iter': 0.02296, 'accuracy': 0.5848, 'f1': 0.59067, 'auc': 0.91795}
> Epoch 619: took 4.2s (avg 4.2s) | Best so far: epoch 617	train_loss: 0.1500 train_accuracy: 0.9430	val_loss: 0.4608 val_accuracy: 0.8564	test_loss: 2.4607 test_accuracy: 0.5794
train: {'epoch': 620, 'time_epoch': 2.92443, 'eta': 1128.9767, 'eta_hours': 0.3136, 'loss': 0.14277275, 'lr': 0.00040006, 'params': 201514, 'time_iter': 0.02478, 'accuracy': 0.94753, 'f1': 0.94756, 'auc': 0.99829}
val: {'epoch': 620, 'time_epoch': 0.312, 'loss': 0.50068024, 'lr': 0, 'params': 201514, 'time_iter': 0.0156, 'accuracy': 0.8472, 'f1': 0.84665, 'auc': 0.98749}
test: {'epoch': 620, 'time_epoch': 0.94172, 'loss': 2.3777069, 'lr': 0, 'params': 201514, 'time_iter': 0.02354, 'accuracy': 0.5867, 'f1': 0.58931, 'auc': 0.91677}
> Epoch 620: took 4.2s (avg 4.2s) | Best so far: epoch 617	train_loss: 0.1500 train_accuracy: 0.9430	val_loss: 0.4608 val_accuracy: 0.8564	test_loss: 2.4607 test_accuracy: 0.5794
train: {'epoch': 621, 'time_epoch': 2.94689, 'eta': 1125.97846, 'eta_hours': 0.31277, 'loss': 0.14610898, 'lr': 0.00039901, 'params': 201514, 'time_iter': 0.02497, 'accuracy': 0.94453, 'f1': 0.94453, 'auc': 0.99817}
val: {'epoch': 621, 'time_epoch': 0.30352, 'loss': 0.50553248, 'lr': 0, 'params': 201514, 'time_iter': 0.01518, 'accuracy': 0.843, 'f1': 0.84284, 'auc': 0.98666}
test: {'epoch': 621, 'time_epoch': 0.92105, 'loss': 2.45896725, 'lr': 0, 'params': 201514, 'time_iter': 0.02303, 'accuracy': 0.5858, 'f1': 0.58937, 'auc': 0.9152}
> Epoch 621: took 4.2s (avg 4.2s) | Best so far: epoch 617	train_loss: 0.1500 train_accuracy: 0.9430	val_loss: 0.4608 val_accuracy: 0.8564	test_loss: 2.4607 test_accuracy: 0.5794
train: {'epoch': 622, 'time_epoch': 2.97231, 'eta': 1122.99576, 'eta_hours': 0.31194, 'loss': 0.13883238, 'lr': 0.00039795, 'params': 201514, 'time_iter': 0.02519, 'accuracy': 0.947, 'f1': 0.94702, 'auc': 0.99836}
val: {'epoch': 622, 'time_epoch': 0.30676, 'loss': 0.47268101, 'lr': 0, 'params': 201514, 'time_iter': 0.01534, 'accuracy': 0.8482, 'f1': 0.84742, 'auc': 0.98803}
test: {'epoch': 622, 'time_epoch': 1.15924, 'loss': 2.27999828, 'lr': 0, 'params': 201514, 'time_iter': 0.02898, 'accuracy': 0.5889, 'f1': 0.59203, 'auc': 0.92056}
> Epoch 622: took 4.5s (avg 4.2s) | Best so far: epoch 617	train_loss: 0.1500 train_accuracy: 0.9430	val_loss: 0.4608 val_accuracy: 0.8564	test_loss: 2.4607 test_accuracy: 0.5794
train: {'epoch': 623, 'time_epoch': 2.95201, 'eta': 1120.00087, 'eta_hours': 0.31111, 'loss': 0.13867834, 'lr': 0.0003969, 'params': 201514, 'time_iter': 0.02502, 'accuracy': 0.94603, 'f1': 0.94603, 'auc': 0.99842}
val: {'epoch': 623, 'time_epoch': 0.32452, 'loss': 0.48984122, 'lr': 0, 'params': 201514, 'time_iter': 0.01623, 'accuracy': 0.8448, 'f1': 0.84397, 'auc': 0.98788}
test: {'epoch': 623, 'time_epoch': 0.91469, 'loss': 2.32439654, 'lr': 0, 'params': 201514, 'time_iter': 0.02287, 'accuracy': 0.5893, 'f1': 0.5935, 'auc': 0.92019}
> Epoch 623: took 4.2s (avg 4.2s) | Best so far: epoch 617	train_loss: 0.1500 train_accuracy: 0.9430	val_loss: 0.4608 val_accuracy: 0.8564	test_loss: 2.4607 test_accuracy: 0.5794
train: {'epoch': 624, 'time_epoch': 2.93969, 'eta': 1116.99872, 'eta_hours': 0.31028, 'loss': 0.1417793, 'lr': 0.00039585, 'params': 201514, 'time_iter': 0.02491, 'accuracy': 0.9485, 'f1': 0.94848, 'auc': 0.99829}
val: {'epoch': 624, 'time_epoch': 0.31352, 'loss': 0.51937123, 'lr': 0, 'params': 201514, 'time_iter': 0.01568, 'accuracy': 0.8454, 'f1': 0.84464, 'auc': 0.98695}
test: {'epoch': 624, 'time_epoch': 0.91347, 'loss': 2.50357473, 'lr': 0, 'params': 201514, 'time_iter': 0.02284, 'accuracy': 0.5827, 'f1': 0.58464, 'auc': 0.91628}
> Epoch 624: took 4.2s (avg 4.2s) | Best so far: epoch 617	train_loss: 0.1500 train_accuracy: 0.9430	val_loss: 0.4608 val_accuracy: 0.8564	test_loss: 2.4607 test_accuracy: 0.5794
train: {'epoch': 625, 'time_epoch': 2.95968, 'eta': 1114.00872, 'eta_hours': 0.30945, 'loss': 0.14306817, 'lr': 0.0003948, 'params': 201514, 'time_iter': 0.02508, 'accuracy': 0.9461, 'f1': 0.94611, 'auc': 0.99827}
val: {'epoch': 625, 'time_epoch': 0.30552, 'loss': 0.52411288, 'lr': 0, 'params': 201514, 'time_iter': 0.01528, 'accuracy': 0.8444, 'f1': 0.84387, 'auc': 0.98731}
test: {'epoch': 625, 'time_epoch': 0.91119, 'loss': 2.54130959, 'lr': 0, 'params': 201514, 'time_iter': 0.02278, 'accuracy': 0.5865, 'f1': 0.58994, 'auc': 0.91588}
> Epoch 625: took 4.2s (avg 4.2s) | Best so far: epoch 617	train_loss: 0.1500 train_accuracy: 0.9430	val_loss: 0.4608 val_accuracy: 0.8564	test_loss: 2.4607 test_accuracy: 0.5794
train: {'epoch': 626, 'time_epoch': 2.89566, 'eta': 1110.98073, 'eta_hours': 0.30861, 'loss': 0.13721985, 'lr': 0.00039374, 'params': 201514, 'time_iter': 0.02454, 'accuracy': 0.94833, 'f1': 0.94834, 'auc': 0.99839}
val: {'epoch': 626, 'time_epoch': 0.30819, 'loss': 0.49350027, 'lr': 0, 'params': 201514, 'time_iter': 0.01541, 'accuracy': 0.8514, 'f1': 0.85069, 'auc': 0.98736}
test: {'epoch': 626, 'time_epoch': 0.91543, 'loss': 2.75818469, 'lr': 0, 'params': 201514, 'time_iter': 0.02289, 'accuracy': 0.5827, 'f1': 0.58211, 'auc': 0.91016}
> Epoch 626: took 4.2s (avg 4.2s) | Best so far: epoch 617	train_loss: 0.1500 train_accuracy: 0.9430	val_loss: 0.4608 val_accuracy: 0.8564	test_loss: 2.4607 test_accuracy: 0.5794
train: {'epoch': 627, 'time_epoch': 2.97269, 'eta': 1107.99879, 'eta_hours': 0.30778, 'loss': 0.13769295, 'lr': 0.00039269, 'params': 201514, 'time_iter': 0.02519, 'accuracy': 0.94967, 'f1': 0.94967, 'auc': 0.99841}
val: {'epoch': 627, 'time_epoch': 0.30467, 'loss': 0.56711716, 'lr': 0, 'params': 201514, 'time_iter': 0.01523, 'accuracy': 0.8346, 'f1': 0.83325, 'auc': 0.98608}
test: {'epoch': 627, 'time_epoch': 0.90854, 'loss': 2.51357909, 'lr': 0, 'params': 201514, 'time_iter': 0.02271, 'accuracy': 0.5831, 'f1': 0.58237, 'auc': 0.9154}
> Epoch 627: took 4.2s (avg 4.2s) | Best so far: epoch 617	train_loss: 0.1500 train_accuracy: 0.9430	val_loss: 0.4608 val_accuracy: 0.8564	test_loss: 2.4607 test_accuracy: 0.5794
train: {'epoch': 628, 'time_epoch': 2.95237, 'eta': 1105.00489, 'eta_hours': 0.30695, 'loss': 0.14211001, 'lr': 0.00039164, 'params': 201514, 'time_iter': 0.02502, 'accuracy': 0.9467, 'f1': 0.94671, 'auc': 0.99829}
val: {'epoch': 628, 'time_epoch': 0.31352, 'loss': 0.57479957, 'lr': 0, 'params': 201514, 'time_iter': 0.01568, 'accuracy': 0.8232, 'f1': 0.82246, 'auc': 0.98539}
test: {'epoch': 628, 'time_epoch': 0.90991, 'loss': 2.68652007, 'lr': 0, 'params': 201514, 'time_iter': 0.02275, 'accuracy': 0.5671, 'f1': 0.568, 'auc': 0.91028}
> Epoch 628: took 4.2s (avg 4.2s) | Best so far: epoch 617	train_loss: 0.1500 train_accuracy: 0.9430	val_loss: 0.4608 val_accuracy: 0.8564	test_loss: 2.4607 test_accuracy: 0.5794
train: {'epoch': 629, 'time_epoch': 2.95625, 'eta': 1102.0134, 'eta_hours': 0.30611, 'loss': 0.14295348, 'lr': 0.00039059, 'params': 201514, 'time_iter': 0.02505, 'accuracy': 0.94717, 'f1': 0.94718, 'auc': 0.9983}
val: {'epoch': 629, 'time_epoch': 0.30552, 'loss': 0.50948089, 'lr': 0, 'params': 201514, 'time_iter': 0.01528, 'accuracy': 0.8406, 'f1': 0.83992, 'auc': 0.98692}
test: {'epoch': 629, 'time_epoch': 1.15116, 'loss': 2.49752074, 'lr': 0, 'params': 201514, 'time_iter': 0.02878, 'accuracy': 0.5819, 'f1': 0.58355, 'auc': 0.91569}
> Epoch 629: took 4.5s (avg 4.2s) | Best so far: epoch 617	train_loss: 0.1500 train_accuracy: 0.9430	val_loss: 0.4608 val_accuracy: 0.8564	test_loss: 2.4607 test_accuracy: 0.5794
train: {'epoch': 630, 'time_epoch': 2.98061, 'eta': 1099.03627, 'eta_hours': 0.30529, 'loss': 0.14158309, 'lr': 0.00038953, 'params': 201514, 'time_iter': 0.02526, 'accuracy': 0.948, 'f1': 0.94801, 'auc': 0.99832}
val: {'epoch': 630, 'time_epoch': 0.31287, 'loss': 0.51463748, 'lr': 0, 'params': 201514, 'time_iter': 0.01564, 'accuracy': 0.8442, 'f1': 0.84339, 'auc': 0.98702}
test: {'epoch': 630, 'time_epoch': 0.91032, 'loss': 2.60696589, 'lr': 0, 'params': 201514, 'time_iter': 0.02276, 'accuracy': 0.5836, 'f1': 0.58278, 'auc': 0.9144}
> Epoch 630: took 4.2s (avg 4.2s) | Best so far: epoch 617	train_loss: 0.1500 train_accuracy: 0.9430	val_loss: 0.4608 val_accuracy: 0.8564	test_loss: 2.4607 test_accuracy: 0.5794
train: {'epoch': 631, 'time_epoch': 3.00755, 'eta': 1096.07481, 'eta_hours': 0.30447, 'loss': 0.14139563, 'lr': 0.00038848, 'params': 201514, 'time_iter': 0.02549, 'accuracy': 0.94753, 'f1': 0.94753, 'auc': 0.99831}
val: {'epoch': 631, 'time_epoch': 0.31652, 'loss': 0.57830352, 'lr': 0, 'params': 201514, 'time_iter': 0.01583, 'accuracy': 0.8328, 'f1': 0.83094, 'auc': 0.98564}
test: {'epoch': 631, 'time_epoch': 0.92465, 'loss': 2.53230441, 'lr': 0, 'params': 201514, 'time_iter': 0.02312, 'accuracy': 0.5686, 'f1': 0.5662, 'auc': 0.91437}
> Epoch 631: took 4.3s (avg 4.2s) | Best so far: epoch 617	train_loss: 0.1500 train_accuracy: 0.9430	val_loss: 0.4608 val_accuracy: 0.8564	test_loss: 2.4607 test_accuracy: 0.5794
train: {'epoch': 632, 'time_epoch': 2.91393, 'eta': 1093.05894, 'eta_hours': 0.30363, 'loss': 0.14664561, 'lr': 0.00038743, 'params': 201514, 'time_iter': 0.02469, 'accuracy': 0.94503, 'f1': 0.94501, 'auc': 0.99822}
val: {'epoch': 632, 'time_epoch': 0.30105, 'loss': 0.53361182, 'lr': 0, 'params': 201514, 'time_iter': 0.01505, 'accuracy': 0.8302, 'f1': 0.82992, 'auc': 0.98594}
test: {'epoch': 632, 'time_epoch': 0.91405, 'loss': 2.35260697, 'lr': 0, 'params': 201514, 'time_iter': 0.02285, 'accuracy': 0.5735, 'f1': 0.57535, 'auc': 0.91901}
> Epoch 632: took 4.2s (avg 4.2s) | Best so far: epoch 617	train_loss: 0.1500 train_accuracy: 0.9430	val_loss: 0.4608 val_accuracy: 0.8564	test_loss: 2.4607 test_accuracy: 0.5794
train: {'epoch': 633, 'time_epoch': 2.88679, 'eta': 1090.02771, 'eta_hours': 0.30279, 'loss': 0.13944738, 'lr': 0.00038638, 'params': 201514, 'time_iter': 0.02446, 'accuracy': 0.94837, 'f1': 0.94838, 'auc': 0.99833}
val: {'epoch': 633, 'time_epoch': 0.29812, 'loss': 0.55780519, 'lr': 0, 'params': 201514, 'time_iter': 0.01491, 'accuracy': 0.8284, 'f1': 0.82759, 'auc': 0.98555}
test: {'epoch': 633, 'time_epoch': 0.92719, 'loss': 2.24941418, 'lr': 0, 'params': 201514, 'time_iter': 0.02318, 'accuracy': 0.5814, 'f1': 0.58479, 'auc': 0.91878}
> Epoch 633: took 4.2s (avg 4.2s) | Best so far: epoch 617	train_loss: 0.1500 train_accuracy: 0.9430	val_loss: 0.4608 val_accuracy: 0.8564	test_loss: 2.4607 test_accuracy: 0.5794
train: {'epoch': 634, 'time_epoch': 2.92806, 'eta': 1087.02066, 'eta_hours': 0.30195, 'loss': 0.13875143, 'lr': 0.00038532, 'params': 201514, 'time_iter': 0.02481, 'accuracy': 0.94863, 'f1': 0.94864, 'auc': 0.99837}
val: {'epoch': 634, 'time_epoch': 0.30821, 'loss': 0.49291167, 'lr': 0, 'params': 201514, 'time_iter': 0.01541, 'accuracy': 0.848, 'f1': 0.8478, 'auc': 0.98731}
test: {'epoch': 634, 'time_epoch': 0.93461, 'loss': 1.97976661, 'lr': 0, 'params': 201514, 'time_iter': 0.02337, 'accuracy': 0.5903, 'f1': 0.59631, 'auc': 0.92271}
> Epoch 634: took 4.2s (avg 4.2s) | Best so far: epoch 617	train_loss: 0.1500 train_accuracy: 0.9430	val_loss: 0.4608 val_accuracy: 0.8564	test_loss: 2.4607 test_accuracy: 0.5794
train: {'epoch': 635, 'time_epoch': 2.98123, 'eta': 1084.04429, 'eta_hours': 0.30112, 'loss': 0.13791252, 'lr': 0.00038427, 'params': 201514, 'time_iter': 0.02526, 'accuracy': 0.94807, 'f1': 0.94807, 'auc': 0.99839}
val: {'epoch': 635, 'time_epoch': 0.31369, 'loss': 0.51978149, 'lr': 0, 'params': 201514, 'time_iter': 0.01568, 'accuracy': 0.8498, 'f1': 0.84905, 'auc': 0.9869}
test: {'epoch': 635, 'time_epoch': 0.91891, 'loss': 2.19610283, 'lr': 0, 'params': 201514, 'time_iter': 0.02297, 'accuracy': 0.5898, 'f1': 0.59194, 'auc': 0.92064}
> Epoch 635: took 4.2s (avg 4.2s) | Best so far: epoch 617	train_loss: 0.1500 train_accuracy: 0.9430	val_loss: 0.4608 val_accuracy: 0.8564	test_loss: 2.4607 test_accuracy: 0.5794
train: {'epoch': 636, 'time_epoch': 2.96378, 'eta': 1081.05796, 'eta_hours': 0.30029, 'loss': 0.13127529, 'lr': 0.00038322, 'params': 201514, 'time_iter': 0.02512, 'accuracy': 0.9518, 'f1': 0.9518, 'auc': 0.99852}
val: {'epoch': 636, 'time_epoch': 0.31103, 'loss': 0.4641906, 'lr': 0, 'params': 201514, 'time_iter': 0.01555, 'accuracy': 0.8532, 'f1': 0.85259, 'auc': 0.98809}
test: {'epoch': 636, 'time_epoch': 1.14667, 'loss': 2.14237563, 'lr': 0, 'params': 201514, 'time_iter': 0.02867, 'accuracy': 0.591, 'f1': 0.59232, 'auc': 0.92188}
> Epoch 636: took 4.5s (avg 4.2s) | Best so far: epoch 617	train_loss: 0.1500 train_accuracy: 0.9430	val_loss: 0.4608 val_accuracy: 0.8564	test_loss: 2.4607 test_accuracy: 0.5794
train: {'epoch': 637, 'time_epoch': 2.96649, 'eta': 1078.07324, 'eta_hours': 0.29946, 'loss': 0.13729913, 'lr': 0.00038217, 'params': 201514, 'time_iter': 0.02514, 'accuracy': 0.94943, 'f1': 0.94944, 'auc': 0.99841}
val: {'epoch': 637, 'time_epoch': 0.30701, 'loss': 0.53691726, 'lr': 0, 'params': 201514, 'time_iter': 0.01535, 'accuracy': 0.8432, 'f1': 0.84275, 'auc': 0.98692}
test: {'epoch': 637, 'time_epoch': 0.93569, 'loss': 2.51524923, 'lr': 0, 'params': 201514, 'time_iter': 0.02339, 'accuracy': 0.5771, 'f1': 0.57433, 'auc': 0.91374}
> Epoch 637: took 4.2s (avg 4.2s) | Best so far: epoch 617	train_loss: 0.1500 train_accuracy: 0.9430	val_loss: 0.4608 val_accuracy: 0.8564	test_loss: 2.4607 test_accuracy: 0.5794
train: {'epoch': 638, 'time_epoch': 2.93213, 'eta': 1075.06916, 'eta_hours': 0.29863, 'loss': 0.13835286, 'lr': 0.00038111, 'params': 201514, 'time_iter': 0.02485, 'accuracy': 0.9488, 'f1': 0.94881, 'auc': 0.99835}
val: {'epoch': 638, 'time_epoch': 0.32165, 'loss': 0.54256897, 'lr': 0, 'params': 201514, 'time_iter': 0.01608, 'accuracy': 0.8464, 'f1': 0.84572, 'auc': 0.98696}
test: {'epoch': 638, 'time_epoch': 0.91727, 'loss': 2.53142371, 'lr': 0, 'params': 201514, 'time_iter': 0.02293, 'accuracy': 0.573, 'f1': 0.57529, 'auc': 0.91568}
> Epoch 638: took 4.2s (avg 4.2s) | Best so far: epoch 617	train_loss: 0.1500 train_accuracy: 0.9430	val_loss: 0.4608 val_accuracy: 0.8564	test_loss: 2.4607 test_accuracy: 0.5794
train: {'epoch': 639, 'time_epoch': 3.00856, 'eta': 1072.10831, 'eta_hours': 0.29781, 'loss': 0.13788271, 'lr': 0.00038006, 'params': 201514, 'time_iter': 0.0255, 'accuracy': 0.94843, 'f1': 0.94844, 'auc': 0.99839}
val: {'epoch': 639, 'time_epoch': 0.30552, 'loss': 0.50012003, 'lr': 0, 'params': 201514, 'time_iter': 0.01528, 'accuracy': 0.8526, 'f1': 0.85242, 'auc': 0.98756}
test: {'epoch': 639, 'time_epoch': 0.92074, 'loss': 2.16185235, 'lr': 0, 'params': 201514, 'time_iter': 0.02302, 'accuracy': 0.5871, 'f1': 0.59021, 'auc': 0.92286}
> Epoch 639: took 4.3s (avg 4.2s) | Best so far: epoch 617	train_loss: 0.1500 train_accuracy: 0.9430	val_loss: 0.4608 val_accuracy: 0.8564	test_loss: 2.4607 test_accuracy: 0.5794
train: {'epoch': 640, 'time_epoch': 2.90119, 'eta': 1069.08717, 'eta_hours': 0.29697, 'loss': 0.13198717, 'lr': 0.00037901, 'params': 201514, 'time_iter': 0.02459, 'accuracy': 0.95113, 'f1': 0.95113, 'auc': 0.99853}
val: {'epoch': 640, 'time_epoch': 0.31655, 'loss': 0.50075642, 'lr': 0, 'params': 201514, 'time_iter': 0.01583, 'accuracy': 0.8448, 'f1': 0.84469, 'auc': 0.98695}
test: {'epoch': 640, 'time_epoch': 0.92375, 'loss': 2.37179503, 'lr': 0, 'params': 201514, 'time_iter': 0.02309, 'accuracy': 0.579, 'f1': 0.5786, 'auc': 0.91732}
> Epoch 640: took 4.2s (avg 4.2s) | Best so far: epoch 617	train_loss: 0.1500 train_accuracy: 0.9430	val_loss: 0.4608 val_accuracy: 0.8564	test_loss: 2.4607 test_accuracy: 0.5794
train: {'epoch': 641, 'time_epoch': 2.94802, 'eta': 1066.09251, 'eta_hours': 0.29614, 'loss': 0.13239845, 'lr': 0.00037796, 'params': 201514, 'time_iter': 0.02498, 'accuracy': 0.95087, 'f1': 0.95085, 'auc': 0.99849}
val: {'epoch': 641, 'time_epoch': 0.31802, 'loss': 0.50873842, 'lr': 0, 'params': 201514, 'time_iter': 0.0159, 'accuracy': 0.8476, 'f1': 0.84764, 'auc': 0.98757}
test: {'epoch': 641, 'time_epoch': 0.9304, 'loss': 2.61881592, 'lr': 0, 'params': 201514, 'time_iter': 0.02326, 'accuracy': 0.5744, 'f1': 0.57546, 'auc': 0.91578}
> Epoch 641: took 4.2s (avg 4.2s) | Best so far: epoch 617	train_loss: 0.1500 train_accuracy: 0.9430	val_loss: 0.4608 val_accuracy: 0.8564	test_loss: 2.4607 test_accuracy: 0.5794
train: {'epoch': 642, 'time_epoch': 2.93807, 'eta': 1063.09248, 'eta_hours': 0.2953, 'loss': 0.13721586, 'lr': 0.0003769, 'params': 201514, 'time_iter': 0.0249, 'accuracy': 0.94803, 'f1': 0.94805, 'auc': 0.9984}
val: {'epoch': 642, 'time_epoch': 0.32613, 'loss': 0.52655731, 'lr': 0, 'params': 201514, 'time_iter': 0.01631, 'accuracy': 0.8484, 'f1': 0.84785, 'auc': 0.98663}
test: {'epoch': 642, 'time_epoch': 0.91205, 'loss': 2.49108647, 'lr': 0, 'params': 201514, 'time_iter': 0.0228, 'accuracy': 0.5726, 'f1': 0.57423, 'auc': 0.91577}
> Epoch 642: took 4.2s (avg 4.2s) | Best so far: epoch 617	train_loss: 0.1500 train_accuracy: 0.9430	val_loss: 0.4608 val_accuracy: 0.8564	test_loss: 2.4607 test_accuracy: 0.5794
train: {'epoch': 643, 'time_epoch': 2.89966, 'eta': 1060.07141, 'eta_hours': 0.29446, 'loss': 0.13134963, 'lr': 0.00037585, 'params': 201514, 'time_iter': 0.02457, 'accuracy': 0.95057, 'f1': 0.95057, 'auc': 0.99853}
val: {'epoch': 643, 'time_epoch': 0.31653, 'loss': 0.48624058, 'lr': 0, 'params': 201514, 'time_iter': 0.01583, 'accuracy': 0.8584, 'f1': 0.8583, 'auc': 0.98816}
test: {'epoch': 643, 'time_epoch': 1.15851, 'loss': 2.68524948, 'lr': 0, 'params': 201514, 'time_iter': 0.02896, 'accuracy': 0.5817, 'f1': 0.58341, 'auc': 0.91307}
> Epoch 643: took 4.4s (avg 4.2s) | Best so far: epoch 643	train_loss: 0.1313 train_accuracy: 0.9506	val_loss: 0.4862 val_accuracy: 0.8584	test_loss: 2.6852 test_accuracy: 0.5817
train: {'epoch': 644, 'time_epoch': 2.96522, 'eta': 1057.08679, 'eta_hours': 0.29364, 'loss': 0.12906891, 'lr': 0.0003748, 'params': 201514, 'time_iter': 0.02513, 'accuracy': 0.9505, 'f1': 0.95051, 'auc': 0.9986}
val: {'epoch': 644, 'time_epoch': 0.30946, 'loss': 0.54966112, 'lr': 0, 'params': 201514, 'time_iter': 0.01547, 'accuracy': 0.8388, 'f1': 0.83759, 'auc': 0.98631}
test: {'epoch': 644, 'time_epoch': 0.93065, 'loss': 3.23153715, 'lr': 0, 'params': 201514, 'time_iter': 0.02327, 'accuracy': 0.5614, 'f1': 0.55678, 'auc': 0.89858}
> Epoch 644: took 4.2s (avg 4.2s) | Best so far: epoch 643	train_loss: 0.1313 train_accuracy: 0.9506	val_loss: 0.4862 val_accuracy: 0.8584	test_loss: 2.6852 test_accuracy: 0.5817
train: {'epoch': 645, 'time_epoch': 2.94339, 'eta': 1054.09028, 'eta_hours': 0.2928, 'loss': 0.13401113, 'lr': 0.00037375, 'params': 201514, 'time_iter': 0.02494, 'accuracy': 0.95057, 'f1': 0.95057, 'auc': 0.99848}
val: {'epoch': 645, 'time_epoch': 0.30453, 'loss': 0.50033103, 'lr': 0, 'params': 201514, 'time_iter': 0.01523, 'accuracy': 0.8548, 'f1': 0.85435, 'auc': 0.9873}
test: {'epoch': 645, 'time_epoch': 0.93207, 'loss': 2.03972375, 'lr': 0, 'params': 201514, 'time_iter': 0.0233, 'accuracy': 0.5921, 'f1': 0.59741, 'auc': 0.92342}
> Epoch 645: took 4.2s (avg 4.2s) | Best so far: epoch 643	train_loss: 0.1313 train_accuracy: 0.9506	val_loss: 0.4862 val_accuracy: 0.8584	test_loss: 2.6852 test_accuracy: 0.5817
train: {'epoch': 646, 'time_epoch': 2.9555, 'eta': 1051.10053, 'eta_hours': 0.29197, 'loss': 0.13613226, 'lr': 0.00037269, 'params': 201514, 'time_iter': 0.02505, 'accuracy': 0.94927, 'f1': 0.94927, 'auc': 0.99844}
val: {'epoch': 646, 'time_epoch': 0.32352, 'loss': 0.51905976, 'lr': 0, 'params': 201514, 'time_iter': 0.01618, 'accuracy': 0.8466, 'f1': 0.84598, 'auc': 0.98686}
test: {'epoch': 646, 'time_epoch': 0.94078, 'loss': 2.38528692, 'lr': 0, 'params': 201514, 'time_iter': 0.02352, 'accuracy': 0.5876, 'f1': 0.58904, 'auc': 0.91738}
> Epoch 646: took 4.3s (avg 4.2s) | Best so far: epoch 643	train_loss: 0.1313 train_accuracy: 0.9506	val_loss: 0.4862 val_accuracy: 0.8584	test_loss: 2.6852 test_accuracy: 0.5817
train: {'epoch': 647, 'time_epoch': 2.9716, 'eta': 1048.11964, 'eta_hours': 0.29114, 'loss': 0.13171177, 'lr': 0.00037164, 'params': 201514, 'time_iter': 0.02518, 'accuracy': 0.95, 'f1': 0.94999, 'auc': 0.99851}
val: {'epoch': 647, 'time_epoch': 0.30568, 'loss': 0.48820223, 'lr': 0, 'params': 201514, 'time_iter': 0.01528, 'accuracy': 0.8502, 'f1': 0.85002, 'auc': 0.98743}
test: {'epoch': 647, 'time_epoch': 0.91028, 'loss': 2.35362274, 'lr': 0, 'params': 201514, 'time_iter': 0.02276, 'accuracy': 0.5918, 'f1': 0.59699, 'auc': 0.92031}
> Epoch 647: took 4.2s (avg 4.2s) | Best so far: epoch 643	train_loss: 0.1313 train_accuracy: 0.9506	val_loss: 0.4862 val_accuracy: 0.8584	test_loss: 2.6852 test_accuracy: 0.5817
train: {'epoch': 648, 'time_epoch': 2.90358, 'eta': 1045.10199, 'eta_hours': 0.29031, 'loss': 0.13594913, 'lr': 0.00037059, 'params': 201514, 'time_iter': 0.02461, 'accuracy': 0.94997, 'f1': 0.94997, 'auc': 0.99841}
val: {'epoch': 648, 'time_epoch': 0.31861, 'loss': 0.55763912, 'lr': 0, 'params': 201514, 'time_iter': 0.01593, 'accuracy': 0.8336, 'f1': 0.83217, 'auc': 0.98659}
test: {'epoch': 648, 'time_epoch': 0.91503, 'loss': 2.21753718, 'lr': 0, 'params': 201514, 'time_iter': 0.02288, 'accuracy': 0.5858, 'f1': 0.58624, 'auc': 0.92219}
> Epoch 648: took 4.2s (avg 4.2s) | Best so far: epoch 643	train_loss: 0.1313 train_accuracy: 0.9506	val_loss: 0.4862 val_accuracy: 0.8584	test_loss: 2.6852 test_accuracy: 0.5817
train: {'epoch': 649, 'time_epoch': 2.94441, 'eta': 1042.10667, 'eta_hours': 0.28947, 'loss': 0.13596993, 'lr': 0.00036954, 'params': 201514, 'time_iter': 0.02495, 'accuracy': 0.94873, 'f1': 0.94873, 'auc': 0.99843}
val: {'epoch': 649, 'time_epoch': 0.30952, 'loss': 0.504593, 'lr': 0, 'params': 201514, 'time_iter': 0.01548, 'accuracy': 0.8482, 'f1': 0.84704, 'auc': 0.98724}
test: {'epoch': 649, 'time_epoch': 0.91192, 'loss': 2.30970645, 'lr': 0, 'params': 201514, 'time_iter': 0.0228, 'accuracy': 0.5872, 'f1': 0.5905, 'auc': 0.92117}
> Epoch 649: took 4.2s (avg 4.2s) | Best so far: epoch 643	train_loss: 0.1313 train_accuracy: 0.9506	val_loss: 0.4862 val_accuracy: 0.8584	test_loss: 2.6852 test_accuracy: 0.5817
train: {'epoch': 650, 'time_epoch': 2.94084, 'eta': 1039.1096, 'eta_hours': 0.28864, 'loss': 0.13045398, 'lr': 0.00036848, 'params': 201514, 'time_iter': 0.02492, 'accuracy': 0.95027, 'f1': 0.95027, 'auc': 0.99857}
val: {'epoch': 650, 'time_epoch': 0.30379, 'loss': 0.49802877, 'lr': 0, 'params': 201514, 'time_iter': 0.01519, 'accuracy': 0.8528, 'f1': 0.85215, 'auc': 0.98776}
test: {'epoch': 650, 'time_epoch': 1.14665, 'loss': 2.5680458, 'lr': 0, 'params': 201514, 'time_iter': 0.02867, 'accuracy': 0.585, 'f1': 0.59238, 'auc': 0.91659}
> Epoch 650: took 4.4s (avg 4.2s) | Best so far: epoch 643	train_loss: 0.1313 train_accuracy: 0.9506	val_loss: 0.4862 val_accuracy: 0.8584	test_loss: 2.6852 test_accuracy: 0.5817
train: {'epoch': 651, 'time_epoch': 2.90612, 'eta': 1036.09417, 'eta_hours': 0.2878, 'loss': 0.13011401, 'lr': 0.00036743, 'params': 201514, 'time_iter': 0.02463, 'accuracy': 0.95263, 'f1': 0.95263, 'auc': 0.99855}
val: {'epoch': 651, 'time_epoch': 0.31923, 'loss': 0.54850618, 'lr': 0, 'params': 201514, 'time_iter': 0.01596, 'accuracy': 0.8348, 'f1': 0.83386, 'auc': 0.98662}
test: {'epoch': 651, 'time_epoch': 0.94541, 'loss': 2.68096631, 'lr': 0, 'params': 201514, 'time_iter': 0.02364, 'accuracy': 0.5741, 'f1': 0.57191, 'auc': 0.91296}
> Epoch 651: took 4.2s (avg 4.2s) | Best so far: epoch 643	train_loss: 0.1313 train_accuracy: 0.9506	val_loss: 0.4862 val_accuracy: 0.8584	test_loss: 2.6852 test_accuracy: 0.5817
train: {'epoch': 652, 'time_epoch': 2.95484, 'eta': 1033.10496, 'eta_hours': 0.28697, 'loss': 0.12951231, 'lr': 0.00036638, 'params': 201514, 'time_iter': 0.02504, 'accuracy': 0.95103, 'f1': 0.95105, 'auc': 0.99856}
val: {'epoch': 652, 'time_epoch': 0.31003, 'loss': 0.48142747, 'lr': 0, 'params': 201514, 'time_iter': 0.0155, 'accuracy': 0.8494, 'f1': 0.8486, 'auc': 0.98744}
test: {'epoch': 652, 'time_epoch': 0.90705, 'loss': 2.31488815, 'lr': 0, 'params': 201514, 'time_iter': 0.02268, 'accuracy': 0.5883, 'f1': 0.59142, 'auc': 0.92025}
> Epoch 652: took 4.2s (avg 4.2s) | Best so far: epoch 643	train_loss: 0.1313 train_accuracy: 0.9506	val_loss: 0.4862 val_accuracy: 0.8584	test_loss: 2.6852 test_accuracy: 0.5817
train: {'epoch': 653, 'time_epoch': 3.02668, 'eta': 1030.15387, 'eta_hours': 0.28615, 'loss': 0.13053455, 'lr': 0.00036533, 'params': 201514, 'time_iter': 0.02565, 'accuracy': 0.95087, 'f1': 0.95087, 'auc': 0.99859}
val: {'epoch': 653, 'time_epoch': 0.31702, 'loss': 0.4816777, 'lr': 0, 'params': 201514, 'time_iter': 0.01585, 'accuracy': 0.852, 'f1': 0.85165, 'auc': 0.98781}
test: {'epoch': 653, 'time_epoch': 0.92721, 'loss': 2.6515114, 'lr': 0, 'params': 201514, 'time_iter': 0.02318, 'accuracy': 0.5859, 'f1': 0.58695, 'auc': 0.91391}
> Epoch 653: took 4.3s (avg 4.2s) | Best so far: epoch 643	train_loss: 0.1313 train_accuracy: 0.9506	val_loss: 0.4862 val_accuracy: 0.8584	test_loss: 2.6852 test_accuracy: 0.5817
train: {'epoch': 654, 'time_epoch': 2.98689, 'eta': 1027.18158, 'eta_hours': 0.28533, 'loss': 0.13179203, 'lr': 0.00036427, 'params': 201514, 'time_iter': 0.02531, 'accuracy': 0.9505, 'f1': 0.95051, 'auc': 0.99851}
val: {'epoch': 654, 'time_epoch': 0.3095, 'loss': 0.48855617, 'lr': 0, 'params': 201514, 'time_iter': 0.01547, 'accuracy': 0.8478, 'f1': 0.84699, 'auc': 0.98792}
test: {'epoch': 654, 'time_epoch': 0.93831, 'loss': 2.4367683, 'lr': 0, 'params': 201514, 'time_iter': 0.02346, 'accuracy': 0.5825, 'f1': 0.58345, 'auc': 0.91729}
> Epoch 654: took 4.3s (avg 4.2s) | Best so far: epoch 643	train_loss: 0.1313 train_accuracy: 0.9506	val_loss: 0.4862 val_accuracy: 0.8584	test_loss: 2.6852 test_accuracy: 0.5817
train: {'epoch': 655, 'time_epoch': 3.03462, 'eta': 1024.23429, 'eta_hours': 0.28451, 'loss': 0.13743746, 'lr': 0.00036322, 'params': 201514, 'time_iter': 0.02572, 'accuracy': 0.94957, 'f1': 0.94958, 'auc': 0.99835}
val: {'epoch': 655, 'time_epoch': 0.31452, 'loss': 0.48790925, 'lr': 0, 'params': 201514, 'time_iter': 0.01573, 'accuracy': 0.845, 'f1': 0.84472, 'auc': 0.98705}
test: {'epoch': 655, 'time_epoch': 0.92221, 'loss': 2.40783038, 'lr': 0, 'params': 201514, 'time_iter': 0.02306, 'accuracy': 0.5769, 'f1': 0.57678, 'auc': 0.91567}
> Epoch 655: took 4.3s (avg 4.2s) | Best so far: epoch 643	train_loss: 0.1313 train_accuracy: 0.9506	val_loss: 0.4862 val_accuracy: 0.8584	test_loss: 2.6852 test_accuracy: 0.5817
train: {'epoch': 656, 'time_epoch': 3.05078, 'eta': 1021.29516, 'eta_hours': 0.28369, 'loss': 0.12661922, 'lr': 0.00036217, 'params': 201514, 'time_iter': 0.02585, 'accuracy': 0.95317, 'f1': 0.95317, 'auc': 0.99865}
val: {'epoch': 656, 'time_epoch': 0.32304, 'loss': 0.51115153, 'lr': 0, 'params': 201514, 'time_iter': 0.01615, 'accuracy': 0.848, 'f1': 0.84759, 'auc': 0.98769}
test: {'epoch': 656, 'time_epoch': 0.9193, 'loss': 2.67133444, 'lr': 0, 'params': 201514, 'time_iter': 0.02298, 'accuracy': 0.5823, 'f1': 0.57979, 'auc': 0.91341}
> Epoch 656: took 4.3s (avg 4.2s) | Best so far: epoch 643	train_loss: 0.1313 train_accuracy: 0.9506	val_loss: 0.4862 val_accuracy: 0.8584	test_loss: 2.6852 test_accuracy: 0.5817
train: {'epoch': 657, 'time_epoch': 2.97984, 'eta': 1018.31882, 'eta_hours': 0.28287, 'loss': 0.13086356, 'lr': 0.00036112, 'params': 201514, 'time_iter': 0.02525, 'accuracy': 0.95127, 'f1': 0.95126, 'auc': 0.99856}
val: {'epoch': 657, 'time_epoch': 0.32192, 'loss': 0.51826794, 'lr': 0, 'params': 201514, 'time_iter': 0.0161, 'accuracy': 0.8436, 'f1': 0.84281, 'auc': 0.98754}
test: {'epoch': 657, 'time_epoch': 1.18915, 'loss': 2.32414762, 'lr': 0, 'params': 201514, 'time_iter': 0.02973, 'accuracy': 0.5818, 'f1': 0.58047, 'auc': 0.92041}
> Epoch 657: took 4.5s (avg 4.2s) | Best so far: epoch 643	train_loss: 0.1313 train_accuracy: 0.9506	val_loss: 0.4862 val_accuracy: 0.8584	test_loss: 2.6852 test_accuracy: 0.5817
train: {'epoch': 658, 'time_epoch': 2.98357, 'eta': 1015.3444, 'eta_hours': 0.28204, 'loss': 0.12160167, 'lr': 0.00036006, 'params': 201514, 'time_iter': 0.02528, 'accuracy': 0.9542, 'f1': 0.95421, 'auc': 0.99872}
val: {'epoch': 658, 'time_epoch': 0.3168, 'loss': 0.49628371, 'lr': 0, 'params': 201514, 'time_iter': 0.01584, 'accuracy': 0.8474, 'f1': 0.84719, 'auc': 0.98787}
test: {'epoch': 658, 'time_epoch': 0.92758, 'loss': 2.66900343, 'lr': 0, 'params': 201514, 'time_iter': 0.02319, 'accuracy': 0.5811, 'f1': 0.57977, 'auc': 0.91314}
> Epoch 658: took 4.3s (avg 4.2s) | Best so far: epoch 643	train_loss: 0.1313 train_accuracy: 0.9506	val_loss: 0.4862 val_accuracy: 0.8584	test_loss: 2.6852 test_accuracy: 0.5817
train: {'epoch': 659, 'time_epoch': 2.98081, 'eta': 1012.36853, 'eta_hours': 0.28121, 'loss': 0.12630057, 'lr': 0.00035901, 'params': 201514, 'time_iter': 0.02526, 'accuracy': 0.95237, 'f1': 0.95236, 'auc': 0.99863}
val: {'epoch': 659, 'time_epoch': 0.3112, 'loss': 0.50055077, 'lr': 0, 'params': 201514, 'time_iter': 0.01556, 'accuracy': 0.8528, 'f1': 0.8526, 'auc': 0.98755}
test: {'epoch': 659, 'time_epoch': 0.92912, 'loss': 2.47569217, 'lr': 0, 'params': 201514, 'time_iter': 0.02323, 'accuracy': 0.5818, 'f1': 0.58346, 'auc': 0.9183}
> Epoch 659: took 4.3s (avg 4.2s) | Best so far: epoch 643	train_loss: 0.1313 train_accuracy: 0.9506	val_loss: 0.4862 val_accuracy: 0.8584	test_loss: 2.6852 test_accuracy: 0.5817
train: {'epoch': 660, 'time_epoch': 2.90284, 'eta': 1009.35266, 'eta_hours': 0.28038, 'loss': 0.12989091, 'lr': 0.00035796, 'params': 201514, 'time_iter': 0.0246, 'accuracy': 0.9517, 'f1': 0.9517, 'auc': 0.99853}
val: {'epoch': 660, 'time_epoch': 0.29925, 'loss': 0.49615915, 'lr': 0, 'params': 201514, 'time_iter': 0.01496, 'accuracy': 0.8494, 'f1': 0.84851, 'auc': 0.98793}
test: {'epoch': 660, 'time_epoch': 0.92058, 'loss': 2.43580925, 'lr': 0, 'params': 201514, 'time_iter': 0.02301, 'accuracy': 0.5826, 'f1': 0.58269, 'auc': 0.91675}
> Epoch 660: took 4.2s (avg 4.2s) | Best so far: epoch 643	train_loss: 0.1313 train_accuracy: 0.9506	val_loss: 0.4862 val_accuracy: 0.8584	test_loss: 2.6852 test_accuracy: 0.5817
train: {'epoch': 661, 'time_epoch': 2.94337, 'eta': 1006.35782, 'eta_hours': 0.27954, 'loss': 0.13373832, 'lr': 0.00035691, 'params': 201514, 'time_iter': 0.02494, 'accuracy': 0.94907, 'f1': 0.94907, 'auc': 0.99847}
val: {'epoch': 661, 'time_epoch': 0.31148, 'loss': 0.49375902, 'lr': 0, 'params': 201514, 'time_iter': 0.01557, 'accuracy': 0.8556, 'f1': 0.85547, 'auc': 0.98788}
test: {'epoch': 661, 'time_epoch': 0.92528, 'loss': 2.14000384, 'lr': 0, 'params': 201514, 'time_iter': 0.02313, 'accuracy': 0.5937, 'f1': 0.59766, 'auc': 0.92427}
> Epoch 661: took 4.2s (avg 4.2s) | Best so far: epoch 643	train_loss: 0.1313 train_accuracy: 0.9506	val_loss: 0.4862 val_accuracy: 0.8584	test_loss: 2.6852 test_accuracy: 0.5817
train: {'epoch': 662, 'time_epoch': 2.99484, 'eta': 1003.3893, 'eta_hours': 0.27872, 'loss': 0.13260604, 'lr': 0.00035585, 'params': 201514, 'time_iter': 0.02538, 'accuracy': 0.9504, 'f1': 0.95041, 'auc': 0.99849}
val: {'epoch': 662, 'time_epoch': 0.31252, 'loss': 0.51972158, 'lr': 0, 'params': 201514, 'time_iter': 0.01563, 'accuracy': 0.8466, 'f1': 0.84622, 'auc': 0.98678}
test: {'epoch': 662, 'time_epoch': 0.91009, 'loss': 2.41627958, 'lr': 0, 'params': 201514, 'time_iter': 0.02275, 'accuracy': 0.5825, 'f1': 0.58704, 'auc': 0.91687}
> Epoch 662: took 4.3s (avg 4.2s) | Best so far: epoch 643	train_loss: 0.1313 train_accuracy: 0.9506	val_loss: 0.4862 val_accuracy: 0.8584	test_loss: 2.6852 test_accuracy: 0.5817
train: {'epoch': 663, 'time_epoch': 2.91976, 'eta': 1000.38271, 'eta_hours': 0.27788, 'loss': 0.12447115, 'lr': 0.0003548, 'params': 201514, 'time_iter': 0.02474, 'accuracy': 0.95393, 'f1': 0.95393, 'auc': 0.99867}
val: {'epoch': 663, 'time_epoch': 0.30689, 'loss': 0.53034545, 'lr': 0, 'params': 201514, 'time_iter': 0.01534, 'accuracy': 0.8452, 'f1': 0.84541, 'auc': 0.98653}
test: {'epoch': 663, 'time_epoch': 0.92644, 'loss': 2.36420187, 'lr': 0, 'params': 201514, 'time_iter': 0.02316, 'accuracy': 0.588, 'f1': 0.59142, 'auc': 0.91558}
> Epoch 663: took 4.2s (avg 4.2s) | Best so far: epoch 643	train_loss: 0.1313 train_accuracy: 0.9506	val_loss: 0.4862 val_accuracy: 0.8584	test_loss: 2.6852 test_accuracy: 0.5817
train: {'epoch': 664, 'time_epoch': 2.92103, 'eta': 997.37702, 'eta_hours': 0.27705, 'loss': 0.12215959, 'lr': 0.00035375, 'params': 201514, 'time_iter': 0.02475, 'accuracy': 0.95423, 'f1': 0.95423, 'auc': 0.99872}
val: {'epoch': 664, 'time_epoch': 0.30626, 'loss': 0.51390744, 'lr': 0, 'params': 201514, 'time_iter': 0.01531, 'accuracy': 0.8478, 'f1': 0.84749, 'auc': 0.98752}
test: {'epoch': 664, 'time_epoch': 1.1466, 'loss': 2.55283777, 'lr': 0, 'params': 201514, 'time_iter': 0.02867, 'accuracy': 0.5778, 'f1': 0.57867, 'auc': 0.91507}
> Epoch 664: took 4.4s (avg 4.2s) | Best so far: epoch 643	train_loss: 0.1313 train_accuracy: 0.9506	val_loss: 0.4862 val_accuracy: 0.8584	test_loss: 2.6852 test_accuracy: 0.5817
train: {'epoch': 665, 'time_epoch': 2.9393, 'eta': 994.38074, 'eta_hours': 0.27622, 'loss': 0.12380667, 'lr': 0.0003527, 'params': 201514, 'time_iter': 0.02491, 'accuracy': 0.95403, 'f1': 0.95403, 'auc': 0.99864}
val: {'epoch': 665, 'time_epoch': 0.31476, 'loss': 0.48547586, 'lr': 0, 'params': 201514, 'time_iter': 0.01574, 'accuracy': 0.8508, 'f1': 0.85096, 'auc': 0.98785}
test: {'epoch': 665, 'time_epoch': 0.94123, 'loss': 2.27307282, 'lr': 0, 'params': 201514, 'time_iter': 0.02353, 'accuracy': 0.5858, 'f1': 0.58979, 'auc': 0.9218}
> Epoch 665: took 4.2s (avg 4.2s) | Best so far: epoch 643	train_loss: 0.1313 train_accuracy: 0.9506	val_loss: 0.4862 val_accuracy: 0.8584	test_loss: 2.6852 test_accuracy: 0.5817
train: {'epoch': 666, 'time_epoch': 2.93113, 'eta': 991.38056, 'eta_hours': 0.27538, 'loss': 0.12186255, 'lr': 0.00035164, 'params': 201514, 'time_iter': 0.02484, 'accuracy': 0.9558, 'f1': 0.95579, 'auc': 0.99873}
val: {'epoch': 666, 'time_epoch': 0.31103, 'loss': 0.49713356, 'lr': 0, 'params': 201514, 'time_iter': 0.01555, 'accuracy': 0.8542, 'f1': 0.85397, 'auc': 0.98774}
test: {'epoch': 666, 'time_epoch': 0.93373, 'loss': 2.4060776, 'lr': 0, 'params': 201514, 'time_iter': 0.02334, 'accuracy': 0.5801, 'f1': 0.58502, 'auc': 0.91823}
> Epoch 666: took 4.2s (avg 4.2s) | Best so far: epoch 643	train_loss: 0.1313 train_accuracy: 0.9506	val_loss: 0.4862 val_accuracy: 0.8584	test_loss: 2.6852 test_accuracy: 0.5817
train: {'epoch': 667, 'time_epoch': 2.96435, 'eta': 988.3971, 'eta_hours': 0.27455, 'loss': 0.12441885, 'lr': 0.00035059, 'params': 201514, 'time_iter': 0.02512, 'accuracy': 0.9534, 'f1': 0.9534, 'auc': 0.99865}
val: {'epoch': 667, 'time_epoch': 0.30752, 'loss': 0.5373755, 'lr': 0, 'params': 201514, 'time_iter': 0.01538, 'accuracy': 0.8396, 'f1': 0.83857, 'auc': 0.98665}
test: {'epoch': 667, 'time_epoch': 0.91873, 'loss': 2.24390689, 'lr': 0, 'params': 201514, 'time_iter': 0.02297, 'accuracy': 0.5757, 'f1': 0.5776, 'auc': 0.92135}
> Epoch 667: took 4.2s (avg 4.2s) | Best so far: epoch 643	train_loss: 0.1313 train_accuracy: 0.9506	val_loss: 0.4862 val_accuracy: 0.8584	test_loss: 2.6852 test_accuracy: 0.5817
train: {'epoch': 668, 'time_epoch': 2.89423, 'eta': 985.379, 'eta_hours': 0.27372, 'loss': 0.12193304, 'lr': 0.00034954, 'params': 201514, 'time_iter': 0.02453, 'accuracy': 0.9537, 'f1': 0.9537, 'auc': 0.99874}
val: {'epoch': 668, 'time_epoch': 0.29905, 'loss': 0.50663115, 'lr': 0, 'params': 201514, 'time_iter': 0.01495, 'accuracy': 0.846, 'f1': 0.84573, 'auc': 0.98731}
test: {'epoch': 668, 'time_epoch': 0.90764, 'loss': 2.48844629, 'lr': 0, 'params': 201514, 'time_iter': 0.02269, 'accuracy': 0.5822, 'f1': 0.58203, 'auc': 0.91575}
> Epoch 668: took 4.1s (avg 4.2s) | Best so far: epoch 643	train_loss: 0.1313 train_accuracy: 0.9506	val_loss: 0.4862 val_accuracy: 0.8584	test_loss: 2.6852 test_accuracy: 0.5817
train: {'epoch': 669, 'time_epoch': 2.88478, 'eta': 982.35661, 'eta_hours': 0.27288, 'loss': 0.12708653, 'lr': 0.00034849, 'params': 201514, 'time_iter': 0.02445, 'accuracy': 0.9525, 'f1': 0.9525, 'auc': 0.9986}
val: {'epoch': 669, 'time_epoch': 0.30652, 'loss': 0.49074721, 'lr': 0, 'params': 201514, 'time_iter': 0.01533, 'accuracy': 0.8542, 'f1': 0.85392, 'auc': 0.98786}
test: {'epoch': 669, 'time_epoch': 0.92267, 'loss': 2.48380435, 'lr': 0, 'params': 201514, 'time_iter': 0.02307, 'accuracy': 0.5924, 'f1': 0.5953, 'auc': 0.91831}
> Epoch 669: took 4.2s (avg 4.2s) | Best so far: epoch 643	train_loss: 0.1313 train_accuracy: 0.9506	val_loss: 0.4862 val_accuracy: 0.8584	test_loss: 2.6852 test_accuracy: 0.5817
train: {'epoch': 670, 'time_epoch': 2.9264, 'eta': 979.35504, 'eta_hours': 0.27204, 'loss': 0.12927941, 'lr': 0.00034743, 'params': 201514, 'time_iter': 0.0248, 'accuracy': 0.95203, 'f1': 0.95205, 'auc': 0.99857}
val: {'epoch': 670, 'time_epoch': 0.30152, 'loss': 0.51901798, 'lr': 0, 'params': 201514, 'time_iter': 0.01508, 'accuracy': 0.8462, 'f1': 0.84459, 'auc': 0.9875}
test: {'epoch': 670, 'time_epoch': 0.90879, 'loss': 2.75555573, 'lr': 0, 'params': 201514, 'time_iter': 0.02272, 'accuracy': 0.574, 'f1': 0.57327, 'auc': 0.90995}
> Epoch 670: took 4.2s (avg 4.2s) | Best so far: epoch 643	train_loss: 0.1313 train_accuracy: 0.9506	val_loss: 0.4862 val_accuracy: 0.8584	test_loss: 2.6852 test_accuracy: 0.5817
train: {'epoch': 671, 'time_epoch': 2.92501, 'eta': 976.35302, 'eta_hours': 0.27121, 'loss': 0.12453868, 'lr': 0.00034638, 'params': 201514, 'time_iter': 0.02479, 'accuracy': 0.95427, 'f1': 0.95426, 'auc': 0.99865}
val: {'epoch': 671, 'time_epoch': 0.30203, 'loss': 0.51611719, 'lr': 0, 'params': 201514, 'time_iter': 0.0151, 'accuracy': 0.84, 'f1': 0.83942, 'auc': 0.98716}
test: {'epoch': 671, 'time_epoch': 1.22849, 'loss': 2.48492819, 'lr': 0, 'params': 201514, 'time_iter': 0.03071, 'accuracy': 0.5802, 'f1': 0.58194, 'auc': 0.9172}
> Epoch 671: took 4.5s (avg 4.2s) | Best so far: epoch 643	train_loss: 0.1313 train_accuracy: 0.9506	val_loss: 0.4862 val_accuracy: 0.8584	test_loss: 2.6852 test_accuracy: 0.5817
train: {'epoch': 672, 'time_epoch': 2.9332, 'eta': 973.3552, 'eta_hours': 0.27038, 'loss': 0.12546502, 'lr': 0.00034533, 'params': 201514, 'time_iter': 0.02486, 'accuracy': 0.95357, 'f1': 0.95357, 'auc': 0.99863}
val: {'epoch': 672, 'time_epoch': 0.31303, 'loss': 0.49863134, 'lr': 0, 'params': 201514, 'time_iter': 0.01565, 'accuracy': 0.8516, 'f1': 0.85178, 'auc': 0.98704}
test: {'epoch': 672, 'time_epoch': 0.92572, 'loss': 2.46678367, 'lr': 0, 'params': 201514, 'time_iter': 0.02314, 'accuracy': 0.5782, 'f1': 0.58425, 'auc': 0.91662}
> Epoch 672: took 4.2s (avg 4.2s) | Best so far: epoch 643	train_loss: 0.1313 train_accuracy: 0.9506	val_loss: 0.4862 val_accuracy: 0.8584	test_loss: 2.6852 test_accuracy: 0.5817
train: {'epoch': 673, 'time_epoch': 2.9162, 'eta': 970.34935, 'eta_hours': 0.26954, 'loss': 0.12702911, 'lr': 0.00034428, 'params': 201514, 'time_iter': 0.02471, 'accuracy': 0.9524, 'f1': 0.95241, 'auc': 0.99863}
val: {'epoch': 673, 'time_epoch': 0.31114, 'loss': 0.50819047, 'lr': 0, 'params': 201514, 'time_iter': 0.01556, 'accuracy': 0.846, 'f1': 0.84529, 'auc': 0.98727}
test: {'epoch': 673, 'time_epoch': 0.89357, 'loss': 2.36994914, 'lr': 0, 'params': 201514, 'time_iter': 0.02234, 'accuracy': 0.5812, 'f1': 0.58467, 'auc': 0.91889}
> Epoch 673: took 4.2s (avg 4.2s) | Best so far: epoch 643	train_loss: 0.1313 train_accuracy: 0.9506	val_loss: 0.4862 val_accuracy: 0.8584	test_loss: 2.6852 test_accuracy: 0.5817
train: {'epoch': 674, 'time_epoch': 2.88154, 'eta': 967.32709, 'eta_hours': 0.2687, 'loss': 0.12179988, 'lr': 0.00034322, 'params': 201514, 'time_iter': 0.02442, 'accuracy': 0.95543, 'f1': 0.95543, 'auc': 0.99871}
val: {'epoch': 674, 'time_epoch': 0.30559, 'loss': 0.50347626, 'lr': 0, 'params': 201514, 'time_iter': 0.01528, 'accuracy': 0.8504, 'f1': 0.85022, 'auc': 0.98778}
test: {'epoch': 674, 'time_epoch': 0.91723, 'loss': 2.58844484, 'lr': 0, 'params': 201514, 'time_iter': 0.02293, 'accuracy': 0.584, 'f1': 0.5883, 'auc': 0.91698}
> Epoch 674: took 4.1s (avg 4.2s) | Best so far: epoch 643	train_loss: 0.1313 train_accuracy: 0.9506	val_loss: 0.4862 val_accuracy: 0.8584	test_loss: 2.6852 test_accuracy: 0.5817
train: {'epoch': 675, 'time_epoch': 2.92637, 'eta': 964.32672, 'eta_hours': 0.26787, 'loss': 0.11904775, 'lr': 0.00034217, 'params': 201514, 'time_iter': 0.0248, 'accuracy': 0.95613, 'f1': 0.95614, 'auc': 0.99876}
val: {'epoch': 675, 'time_epoch': 0.30412, 'loss': 0.49627679, 'lr': 0, 'params': 201514, 'time_iter': 0.01521, 'accuracy': 0.8524, 'f1': 0.85259, 'auc': 0.98801}
test: {'epoch': 675, 'time_epoch': 0.91277, 'loss': 2.48810227, 'lr': 0, 'params': 201514, 'time_iter': 0.02282, 'accuracy': 0.5869, 'f1': 0.58957, 'auc': 0.91814}
> Epoch 675: took 4.2s (avg 4.2s) | Best so far: epoch 643	train_loss: 0.1313 train_accuracy: 0.9506	val_loss: 0.4862 val_accuracy: 0.8584	test_loss: 2.6852 test_accuracy: 0.5817
train: {'epoch': 676, 'time_epoch': 2.91783, 'eta': 961.3225, 'eta_hours': 0.26703, 'loss': 0.12264866, 'lr': 0.00034112, 'params': 201514, 'time_iter': 0.02473, 'accuracy': 0.95303, 'f1': 0.95304, 'auc': 0.99873}
val: {'epoch': 676, 'time_epoch': 0.30938, 'loss': 0.51945838, 'lr': 0, 'params': 201514, 'time_iter': 0.01547, 'accuracy': 0.8464, 'f1': 0.84588, 'auc': 0.98762}
test: {'epoch': 676, 'time_epoch': 0.91906, 'loss': 2.46899847, 'lr': 0, 'params': 201514, 'time_iter': 0.02298, 'accuracy': 0.5876, 'f1': 0.58938, 'auc': 0.91922}
> Epoch 676: took 4.2s (avg 4.2s) | Best so far: epoch 643	train_loss: 0.1313 train_accuracy: 0.9506	val_loss: 0.4862 val_accuracy: 0.8584	test_loss: 2.6852 test_accuracy: 0.5817
train: {'epoch': 677, 'time_epoch': 2.87254, 'eta': 958.29702, 'eta_hours': 0.26619, 'loss': 0.12287776, 'lr': 0.00034007, 'params': 201514, 'time_iter': 0.02434, 'accuracy': 0.95443, 'f1': 0.95443, 'auc': 0.9987}
val: {'epoch': 677, 'time_epoch': 0.30302, 'loss': 0.51266331, 'lr': 0, 'params': 201514, 'time_iter': 0.01515, 'accuracy': 0.8464, 'f1': 0.8456, 'auc': 0.98701}
test: {'epoch': 677, 'time_epoch': 0.91827, 'loss': 2.43284926, 'lr': 0, 'params': 201514, 'time_iter': 0.02296, 'accuracy': 0.582, 'f1': 0.58737, 'auc': 0.91692}
> Epoch 677: took 4.1s (avg 4.2s) | Best so far: epoch 643	train_loss: 0.1313 train_accuracy: 0.9506	val_loss: 0.4862 val_accuracy: 0.8584	test_loss: 2.6852 test_accuracy: 0.5817
train: {'epoch': 678, 'time_epoch': 2.88878, 'eta': 955.27968, 'eta_hours': 0.26536, 'loss': 0.11672945, 'lr': 0.00033901, 'params': 201514, 'time_iter': 0.02448, 'accuracy': 0.956, 'f1': 0.95599, 'auc': 0.99885}
val: {'epoch': 678, 'time_epoch': 0.32318, 'loss': 0.47807777, 'lr': 0, 'params': 201514, 'time_iter': 0.01616, 'accuracy': 0.8556, 'f1': 0.85607, 'auc': 0.98792}
test: {'epoch': 678, 'time_epoch': 1.13621, 'loss': 2.24017415, 'lr': 0, 'params': 201514, 'time_iter': 0.02841, 'accuracy': 0.5894, 'f1': 0.59582, 'auc': 0.92247}
> Epoch 678: took 4.4s (avg 4.2s) | Best so far: epoch 643	train_loss: 0.1313 train_accuracy: 0.9506	val_loss: 0.4862 val_accuracy: 0.8584	test_loss: 2.6852 test_accuracy: 0.5817
train: {'epoch': 679, 'time_epoch': 2.88748, 'eta': 952.2621, 'eta_hours': 0.26452, 'loss': 0.12261153, 'lr': 0.00033796, 'params': 201514, 'time_iter': 0.02447, 'accuracy': 0.9545, 'f1': 0.9545, 'auc': 0.9987}
val: {'epoch': 679, 'time_epoch': 0.29787, 'loss': 0.49608401, 'lr': 0, 'params': 201514, 'time_iter': 0.01489, 'accuracy': 0.8578, 'f1': 0.85704, 'auc': 0.98786}
test: {'epoch': 679, 'time_epoch': 0.91168, 'loss': 2.36728132, 'lr': 0, 'params': 201514, 'time_iter': 0.02279, 'accuracy': 0.5885, 'f1': 0.59464, 'auc': 0.91867}
> Epoch 679: took 4.1s (avg 4.2s) | Best so far: epoch 643	train_loss: 0.1313 train_accuracy: 0.9506	val_loss: 0.4862 val_accuracy: 0.8584	test_loss: 2.6852 test_accuracy: 0.5817
train: {'epoch': 680, 'time_epoch': 2.92466, 'eta': 949.26231, 'eta_hours': 0.26368, 'loss': 0.1184555, 'lr': 0.00033691, 'params': 201514, 'time_iter': 0.02479, 'accuracy': 0.9563, 'f1': 0.9563, 'auc': 0.99878}
val: {'epoch': 680, 'time_epoch': 0.30752, 'loss': 0.50696768, 'lr': 0, 'params': 201514, 'time_iter': 0.01538, 'accuracy': 0.8474, 'f1': 0.84687, 'auc': 0.98746}
test: {'epoch': 680, 'time_epoch': 0.8832, 'loss': 2.38905563, 'lr': 0, 'params': 201514, 'time_iter': 0.02208, 'accuracy': 0.5833, 'f1': 0.58697, 'auc': 0.91937}
> Epoch 680: took 4.2s (avg 4.2s) | Best so far: epoch 643	train_loss: 0.1313 train_accuracy: 0.9506	val_loss: 0.4862 val_accuracy: 0.8584	test_loss: 2.6852 test_accuracy: 0.5817
train: {'epoch': 681, 'time_epoch': 2.92768, 'eta': 946.26416, 'eta_hours': 0.26285, 'loss': 0.12447775, 'lr': 0.00033586, 'params': 201514, 'time_iter': 0.02481, 'accuracy': 0.9541, 'f1': 0.95411, 'auc': 0.99868}
val: {'epoch': 681, 'time_epoch': 0.30252, 'loss': 0.48179527, 'lr': 0, 'params': 201514, 'time_iter': 0.01513, 'accuracy': 0.8536, 'f1': 0.85349, 'auc': 0.98805}
test: {'epoch': 681, 'time_epoch': 1.00229, 'loss': 2.40874917, 'lr': 0, 'params': 201514, 'time_iter': 0.02506, 'accuracy': 0.5845, 'f1': 0.58605, 'auc': 0.91966}
> Epoch 681: took 4.3s (avg 4.2s) | Best so far: epoch 643	train_loss: 0.1313 train_accuracy: 0.9506	val_loss: 0.4862 val_accuracy: 0.8584	test_loss: 2.6852 test_accuracy: 0.5817
train: {'epoch': 682, 'time_epoch': 3.15325, 'eta': 943.3709, 'eta_hours': 0.26205, 'loss': 0.12504703, 'lr': 0.0003348, 'params': 201514, 'time_iter': 0.02672, 'accuracy': 0.95373, 'f1': 0.95373, 'auc': 0.99865}
val: {'epoch': 682, 'time_epoch': 0.30223, 'loss': 0.4840483, 'lr': 0, 'params': 201514, 'time_iter': 0.01511, 'accuracy': 0.853, 'f1': 0.8531, 'auc': 0.98829}
test: {'epoch': 682, 'time_epoch': 0.91844, 'loss': 2.25867176, 'lr': 0, 'params': 201514, 'time_iter': 0.02296, 'accuracy': 0.5964, 'f1': 0.60161, 'auc': 0.9237}
> Epoch 682: took 4.4s (avg 4.2s) | Best so far: epoch 643	train_loss: 0.1313 train_accuracy: 0.9506	val_loss: 0.4862 val_accuracy: 0.8584	test_loss: 2.6852 test_accuracy: 0.5817
train: {'epoch': 683, 'time_epoch': 3.0001, 'eta': 940.40613, 'eta_hours': 0.26122, 'loss': 0.11803851, 'lr': 0.00033375, 'params': 201514, 'time_iter': 0.02542, 'accuracy': 0.95653, 'f1': 0.95655, 'auc': 0.99881}
val: {'epoch': 683, 'time_epoch': 0.31352, 'loss': 0.49833046, 'lr': 0, 'params': 201514, 'time_iter': 0.01568, 'accuracy': 0.8516, 'f1': 0.85071, 'auc': 0.98779}
test: {'epoch': 683, 'time_epoch': 0.90574, 'loss': 2.4962691, 'lr': 0, 'params': 201514, 'time_iter': 0.02264, 'accuracy': 0.5881, 'f1': 0.59068, 'auc': 0.91736}
> Epoch 683: took 4.3s (avg 4.2s) | Best so far: epoch 643	train_loss: 0.1313 train_accuracy: 0.9506	val_loss: 0.4862 val_accuracy: 0.8584	test_loss: 2.6852 test_accuracy: 0.5817
train: {'epoch': 684, 'time_epoch': 2.88492, 'eta': 937.38829, 'eta_hours': 0.26039, 'loss': 0.12101854, 'lr': 0.0003327, 'params': 201514, 'time_iter': 0.02445, 'accuracy': 0.9555, 'f1': 0.9555, 'auc': 0.99871}
val: {'epoch': 684, 'time_epoch': 0.31871, 'loss': 0.5574066, 'lr': 0, 'params': 201514, 'time_iter': 0.01594, 'accuracy': 0.8302, 'f1': 0.82865, 'auc': 0.98524}
test: {'epoch': 684, 'time_epoch': 0.91807, 'loss': 2.41003214, 'lr': 0, 'params': 201514, 'time_iter': 0.02295, 'accuracy': 0.5736, 'f1': 0.57584, 'auc': 0.91558}
> Epoch 684: took 4.2s (avg 4.2s) | Best so far: epoch 643	train_loss: 0.1313 train_accuracy: 0.9506	val_loss: 0.4862 val_accuracy: 0.8584	test_loss: 2.6852 test_accuracy: 0.5817
train: {'epoch': 685, 'time_epoch': 2.90904, 'eta': 934.38188, 'eta_hours': 0.25955, 'loss': 0.12051686, 'lr': 0.00033165, 'params': 201514, 'time_iter': 0.02465, 'accuracy': 0.95507, 'f1': 0.95507, 'auc': 0.99871}
val: {'epoch': 685, 'time_epoch': 0.32002, 'loss': 0.51971524, 'lr': 0, 'params': 201514, 'time_iter': 0.016, 'accuracy': 0.8412, 'f1': 0.84099, 'auc': 0.98722}
test: {'epoch': 685, 'time_epoch': 1.16737, 'loss': 2.34345357, 'lr': 0, 'params': 201514, 'time_iter': 0.02918, 'accuracy': 0.5804, 'f1': 0.58657, 'auc': 0.91909}
> Epoch 685: took 4.4s (avg 4.2s) | Best so far: epoch 643	train_loss: 0.1313 train_accuracy: 0.9506	val_loss: 0.4862 val_accuracy: 0.8584	test_loss: 2.6852 test_accuracy: 0.5817
train: {'epoch': 686, 'time_epoch': 2.94692, 'eta': 931.39301, 'eta_hours': 0.25872, 'loss': 0.11651855, 'lr': 0.00033059, 'params': 201514, 'time_iter': 0.02497, 'accuracy': 0.95743, 'f1': 0.95744, 'auc': 0.99881}
val: {'epoch': 686, 'time_epoch': 0.29968, 'loss': 0.50581312, 'lr': 0, 'params': 201514, 'time_iter': 0.01498, 'accuracy': 0.8502, 'f1': 0.84971, 'auc': 0.98776}
test: {'epoch': 686, 'time_epoch': 0.92456, 'loss': 2.76522017, 'lr': 0, 'params': 201514, 'time_iter': 0.02311, 'accuracy': 0.5791, 'f1': 0.58133, 'auc': 0.91003}
> Epoch 686: took 4.2s (avg 4.2s) | Best so far: epoch 643	train_loss: 0.1313 train_accuracy: 0.9506	val_loss: 0.4862 val_accuracy: 0.8584	test_loss: 2.6852 test_accuracy: 0.5817
train: {'epoch': 687, 'time_epoch': 2.94447, 'eta': 928.40316, 'eta_hours': 0.25789, 'loss': 0.11869841, 'lr': 0.00032954, 'params': 201514, 'time_iter': 0.02495, 'accuracy': 0.9555, 'f1': 0.95551, 'auc': 0.99876}
val: {'epoch': 687, 'time_epoch': 0.30652, 'loss': 0.54985572, 'lr': 0, 'params': 201514, 'time_iter': 0.01533, 'accuracy': 0.8368, 'f1': 0.83589, 'auc': 0.98662}
test: {'epoch': 687, 'time_epoch': 0.90764, 'loss': 2.3957163, 'lr': 0, 'params': 201514, 'time_iter': 0.02269, 'accuracy': 0.579, 'f1': 0.57966, 'auc': 0.91837}
> Epoch 687: took 4.2s (avg 4.2s) | Best so far: epoch 643	train_loss: 0.1313 train_accuracy: 0.9506	val_loss: 0.4862 val_accuracy: 0.8584	test_loss: 2.6852 test_accuracy: 0.5817
train: {'epoch': 688, 'time_epoch': 2.93822, 'eta': 925.41061, 'eta_hours': 0.25706, 'loss': 0.11730179, 'lr': 0.00032849, 'params': 201514, 'time_iter': 0.0249, 'accuracy': 0.9569, 'f1': 0.9569, 'auc': 0.99881}
val: {'epoch': 688, 'time_epoch': 0.30753, 'loss': 0.48468208, 'lr': 0, 'params': 201514, 'time_iter': 0.01538, 'accuracy': 0.8552, 'f1': 0.85524, 'auc': 0.98797}
test: {'epoch': 688, 'time_epoch': 0.91517, 'loss': 2.27478843, 'lr': 0, 'params': 201514, 'time_iter': 0.02288, 'accuracy': 0.5907, 'f1': 0.59573, 'auc': 0.92377}
> Epoch 688: took 4.2s (avg 4.2s) | Best so far: epoch 643	train_loss: 0.1313 train_accuracy: 0.9506	val_loss: 0.4862 val_accuracy: 0.8584	test_loss: 2.6852 test_accuracy: 0.5817
train: {'epoch': 689, 'time_epoch': 2.96577, 'eta': 922.4306, 'eta_hours': 0.25623, 'loss': 0.12049967, 'lr': 0.00032744, 'params': 201514, 'time_iter': 0.02513, 'accuracy': 0.95373, 'f1': 0.95372, 'auc': 0.99874}
val: {'epoch': 689, 'time_epoch': 0.30752, 'loss': 0.52427794, 'lr': 0, 'params': 201514, 'time_iter': 0.01538, 'accuracy': 0.8474, 'f1': 0.84667, 'auc': 0.98751}
test: {'epoch': 689, 'time_epoch': 0.92419, 'loss': 2.36558075, 'lr': 0, 'params': 201514, 'time_iter': 0.0231, 'accuracy': 0.581, 'f1': 0.58247, 'auc': 0.91872}
> Epoch 689: took 4.2s (avg 4.2s) | Best so far: epoch 643	train_loss: 0.1313 train_accuracy: 0.9506	val_loss: 0.4862 val_accuracy: 0.8584	test_loss: 2.6852 test_accuracy: 0.5817
train: {'epoch': 690, 'time_epoch': 2.92572, 'eta': 919.43272, 'eta_hours': 0.2554, 'loss': 0.12540853, 'lr': 0.00032638, 'params': 201514, 'time_iter': 0.02479, 'accuracy': 0.9546, 'f1': 0.95461, 'auc': 0.99865}
val: {'epoch': 690, 'time_epoch': 0.31455, 'loss': 0.52129617, 'lr': 0, 'params': 201514, 'time_iter': 0.01573, 'accuracy': 0.8412, 'f1': 0.83988, 'auc': 0.98684}
test: {'epoch': 690, 'time_epoch': 0.93131, 'loss': 2.56287613, 'lr': 0, 'params': 201514, 'time_iter': 0.02328, 'accuracy': 0.5754, 'f1': 0.57895, 'auc': 0.91587}
> Epoch 690: took 4.2s (avg 4.2s) | Best so far: epoch 643	train_loss: 0.1313 train_accuracy: 0.9506	val_loss: 0.4862 val_accuracy: 0.8584	test_loss: 2.6852 test_accuracy: 0.5817
train: {'epoch': 691, 'time_epoch': 2.8784, 'eta': 916.41399, 'eta_hours': 0.25456, 'loss': 0.11690651, 'lr': 0.00032533, 'params': 201514, 'time_iter': 0.02439, 'accuracy': 0.95703, 'f1': 0.95704, 'auc': 0.99881}
val: {'epoch': 691, 'time_epoch': 0.31452, 'loss': 0.53051393, 'lr': 0, 'params': 201514, 'time_iter': 0.01573, 'accuracy': 0.8374, 'f1': 0.83687, 'auc': 0.98675}
test: {'epoch': 691, 'time_epoch': 0.89679, 'loss': 2.50150198, 'lr': 0, 'params': 201514, 'time_iter': 0.02242, 'accuracy': 0.5744, 'f1': 0.57704, 'auc': 0.9172}
> Epoch 691: took 4.1s (avg 4.2s) | Best so far: epoch 643	train_loss: 0.1313 train_accuracy: 0.9506	val_loss: 0.4862 val_accuracy: 0.8584	test_loss: 2.6852 test_accuracy: 0.5817
train: {'epoch': 692, 'time_epoch': 2.92865, 'eta': 913.41792, 'eta_hours': 0.25373, 'loss': 0.11924257, 'lr': 0.00032428, 'params': 201514, 'time_iter': 0.02482, 'accuracy': 0.95663, 'f1': 0.95664, 'auc': 0.99875}
val: {'epoch': 692, 'time_epoch': 0.3085, 'loss': 0.48382589, 'lr': 0, 'params': 201514, 'time_iter': 0.01543, 'accuracy': 0.8524, 'f1': 0.85222, 'auc': 0.98825}
test: {'epoch': 692, 'time_epoch': 1.12998, 'loss': 2.36037267, 'lr': 0, 'params': 201514, 'time_iter': 0.02825, 'accuracy': 0.5886, 'f1': 0.59304, 'auc': 0.9221}
> Epoch 692: took 4.4s (avg 4.2s) | Best so far: epoch 643	train_loss: 0.1313 train_accuracy: 0.9506	val_loss: 0.4862 val_accuracy: 0.8584	test_loss: 2.6852 test_accuracy: 0.5817
train: {'epoch': 693, 'time_epoch': 2.92232, 'eta': 910.41926, 'eta_hours': 0.25289, 'loss': 0.11877898, 'lr': 0.00032323, 'params': 201514, 'time_iter': 0.02477, 'accuracy': 0.95687, 'f1': 0.95687, 'auc': 0.99877}
val: {'epoch': 693, 'time_epoch': 0.30664, 'loss': 0.57547986, 'lr': 0, 'params': 201514, 'time_iter': 0.01533, 'accuracy': 0.8352, 'f1': 0.8341, 'auc': 0.98596}
test: {'epoch': 693, 'time_epoch': 0.90472, 'loss': 2.74682802, 'lr': 0, 'params': 201514, 'time_iter': 0.02262, 'accuracy': 0.5666, 'f1': 0.56736, 'auc': 0.91152}
> Epoch 693: took 4.2s (avg 4.2s) | Best so far: epoch 643	train_loss: 0.1313 train_accuracy: 0.9506	val_loss: 0.4862 val_accuracy: 0.8584	test_loss: 2.6852 test_accuracy: 0.5817
train: {'epoch': 694, 'time_epoch': 2.89243, 'eta': 907.4077, 'eta_hours': 0.25206, 'loss': 0.12153288, 'lr': 0.00032217, 'params': 201514, 'time_iter': 0.02451, 'accuracy': 0.95597, 'f1': 0.95596, 'auc': 0.9987}
val: {'epoch': 694, 'time_epoch': 0.30954, 'loss': 0.53139195, 'lr': 0, 'params': 201514, 'time_iter': 0.01548, 'accuracy': 0.8444, 'f1': 0.84374, 'auc': 0.98725}
test: {'epoch': 694, 'time_epoch': 0.91606, 'loss': 2.51025855, 'lr': 0, 'params': 201514, 'time_iter': 0.0229, 'accuracy': 0.5784, 'f1': 0.57872, 'auc': 0.9168}
> Epoch 694: took 4.2s (avg 4.2s) | Best so far: epoch 643	train_loss: 0.1313 train_accuracy: 0.9506	val_loss: 0.4862 val_accuracy: 0.8584	test_loss: 2.6852 test_accuracy: 0.5817
train: {'epoch': 695, 'time_epoch': 2.87783, 'eta': 904.3901, 'eta_hours': 0.25122, 'loss': 0.11479377, 'lr': 0.00032112, 'params': 201514, 'time_iter': 0.02439, 'accuracy': 0.95713, 'f1': 0.95714, 'auc': 0.99884}
val: {'epoch': 695, 'time_epoch': 0.3117, 'loss': 0.52802313, 'lr': 0, 'params': 201514, 'time_iter': 0.01558, 'accuracy': 0.844, 'f1': 0.84386, 'auc': 0.98697}
test: {'epoch': 695, 'time_epoch': 0.92427, 'loss': 2.38183094, 'lr': 0, 'params': 201514, 'time_iter': 0.02311, 'accuracy': 0.5861, 'f1': 0.59074, 'auc': 0.92077}
> Epoch 695: took 4.2s (avg 4.2s) | Best so far: epoch 643	train_loss: 0.1313 train_accuracy: 0.9506	val_loss: 0.4862 val_accuracy: 0.8584	test_loss: 2.6852 test_accuracy: 0.5817
train: {'epoch': 696, 'time_epoch': 3.00828, 'eta': 901.42962, 'eta_hours': 0.2504, 'loss': 0.11334061, 'lr': 0.00032007, 'params': 201514, 'time_iter': 0.02549, 'accuracy': 0.958, 'f1': 0.95801, 'auc': 0.99889}
val: {'epoch': 696, 'time_epoch': 0.30903, 'loss': 0.53374271, 'lr': 0, 'params': 201514, 'time_iter': 0.01545, 'accuracy': 0.844, 'f1': 0.8432, 'auc': 0.98719}
test: {'epoch': 696, 'time_epoch': 0.91766, 'loss': 2.38060494, 'lr': 0, 'params': 201514, 'time_iter': 0.02294, 'accuracy': 0.5855, 'f1': 0.58925, 'auc': 0.91978}
> Epoch 696: took 4.3s (avg 4.2s) | Best so far: epoch 643	train_loss: 0.1313 train_accuracy: 0.9506	val_loss: 0.4862 val_accuracy: 0.8584	test_loss: 2.6852 test_accuracy: 0.5817
train: {'epoch': 697, 'time_epoch': 2.93886, 'eta': 898.43896, 'eta_hours': 0.24957, 'loss': 0.11931704, 'lr': 0.00031902, 'params': 201514, 'time_iter': 0.02491, 'accuracy': 0.9549, 'f1': 0.95491, 'auc': 0.99878}
val: {'epoch': 697, 'time_epoch': 0.31072, 'loss': 0.51212417, 'lr': 0, 'params': 201514, 'time_iter': 0.01554, 'accuracy': 0.849, 'f1': 0.84845, 'auc': 0.98745}
test: {'epoch': 697, 'time_epoch': 0.91777, 'loss': 2.37886466, 'lr': 0, 'params': 201514, 'time_iter': 0.02294, 'accuracy': 0.5883, 'f1': 0.59033, 'auc': 0.91969}
> Epoch 697: took 4.2s (avg 4.2s) | Best so far: epoch 643	train_loss: 0.1313 train_accuracy: 0.9506	val_loss: 0.4862 val_accuracy: 0.8584	test_loss: 2.6852 test_accuracy: 0.5817
train: {'epoch': 698, 'time_epoch': 2.94768, 'eta': 895.45225, 'eta_hours': 0.24874, 'loss': 0.11743951, 'lr': 0.00031796, 'params': 201514, 'time_iter': 0.02498, 'accuracy': 0.95583, 'f1': 0.95583, 'auc': 0.99879}
val: {'epoch': 698, 'time_epoch': 0.30703, 'loss': 0.54007516, 'lr': 0, 'params': 201514, 'time_iter': 0.01535, 'accuracy': 0.8376, 'f1': 0.83713, 'auc': 0.9863}
test: {'epoch': 698, 'time_epoch': 0.90036, 'loss': 2.54761185, 'lr': 0, 'params': 201514, 'time_iter': 0.02251, 'accuracy': 0.5806, 'f1': 0.58421, 'auc': 0.91497}
> Epoch 698: took 4.2s (avg 4.2s) | Best so far: epoch 643	train_loss: 0.1313 train_accuracy: 0.9506	val_loss: 0.4862 val_accuracy: 0.8584	test_loss: 2.6852 test_accuracy: 0.5817
train: {'epoch': 699, 'time_epoch': 2.90023, 'eta': 892.44531, 'eta_hours': 0.2479, 'loss': 0.11287145, 'lr': 0.00031691, 'params': 201514, 'time_iter': 0.02458, 'accuracy': 0.95773, 'f1': 0.95774, 'auc': 0.99888}
val: {'epoch': 699, 'time_epoch': 0.30152, 'loss': 0.54116453, 'lr': 0, 'params': 201514, 'time_iter': 0.01508, 'accuracy': 0.8406, 'f1': 0.83983, 'auc': 0.98656}
test: {'epoch': 699, 'time_epoch': 1.13645, 'loss': 2.47350636, 'lr': 0, 'params': 201514, 'time_iter': 0.02841, 'accuracy': 0.5784, 'f1': 0.57819, 'auc': 0.91824}
> Epoch 699: took 4.4s (avg 4.2s) | Best so far: epoch 643	train_loss: 0.1313 train_accuracy: 0.9506	val_loss: 0.4862 val_accuracy: 0.8584	test_loss: 2.6852 test_accuracy: 0.5817
train: {'epoch': 700, 'time_epoch': 2.90626, 'eta': 889.44125, 'eta_hours': 0.24707, 'loss': 0.10830449, 'lr': 0.00031586, 'params': 201514, 'time_iter': 0.02463, 'accuracy': 0.96, 'f1': 0.95999, 'auc': 0.999}
val: {'epoch': 700, 'time_epoch': 0.3108, 'loss': 0.58146312, 'lr': 0, 'params': 201514, 'time_iter': 0.01554, 'accuracy': 0.8414, 'f1': 0.84104, 'auc': 0.98586}
test: {'epoch': 700, 'time_epoch': 0.90867, 'loss': 2.48745341, 'lr': 0, 'params': 201514, 'time_iter': 0.02272, 'accuracy': 0.5833, 'f1': 0.58655, 'auc': 0.91629}
> Epoch 700: took 4.2s (avg 4.2s) | Best so far: epoch 643	train_loss: 0.1313 train_accuracy: 0.9506	val_loss: 0.4862 val_accuracy: 0.8584	test_loss: 2.6852 test_accuracy: 0.5817
train: {'epoch': 701, 'time_epoch': 2.91268, 'eta': 886.44019, 'eta_hours': 0.24623, 'loss': 0.11974238, 'lr': 0.00031481, 'params': 201514, 'time_iter': 0.02468, 'accuracy': 0.95623, 'f1': 0.95624, 'auc': 0.99876}
val: {'epoch': 701, 'time_epoch': 0.31652, 'loss': 0.67220273, 'lr': 0, 'params': 201514, 'time_iter': 0.01583, 'accuracy': 0.8164, 'f1': 0.81469, 'auc': 0.98412}
test: {'epoch': 701, 'time_epoch': 0.93974, 'loss': 2.69974592, 'lr': 0, 'params': 201514, 'time_iter': 0.02349, 'accuracy': 0.5645, 'f1': 0.56306, 'auc': 0.91345}
> Epoch 701: took 4.2s (avg 4.2s) | Best so far: epoch 643	train_loss: 0.1313 train_accuracy: 0.9506	val_loss: 0.4862 val_accuracy: 0.8584	test_loss: 2.6852 test_accuracy: 0.5817
train: {'epoch': 702, 'time_epoch': 2.91812, 'eta': 883.44169, 'eta_hours': 0.2454, 'loss': 0.1176161, 'lr': 0.00031375, 'params': 201514, 'time_iter': 0.02473, 'accuracy': 0.95733, 'f1': 0.95733, 'auc': 0.99881}
val: {'epoch': 702, 'time_epoch': 0.30852, 'loss': 0.52117241, 'lr': 0, 'params': 201514, 'time_iter': 0.01543, 'accuracy': 0.8528, 'f1': 0.8525, 'auc': 0.98761}
test: {'epoch': 702, 'time_epoch': 0.91954, 'loss': 2.49462815, 'lr': 0, 'params': 201514, 'time_iter': 0.02299, 'accuracy': 0.5883, 'f1': 0.59162, 'auc': 0.91914}
> Epoch 702: took 4.2s (avg 4.2s) | Best so far: epoch 643	train_loss: 0.1313 train_accuracy: 0.9506	val_loss: 0.4862 val_accuracy: 0.8584	test_loss: 2.6852 test_accuracy: 0.5817
train: {'epoch': 703, 'time_epoch': 2.93322, 'eta': 880.44976, 'eta_hours': 0.24457, 'loss': 0.11065251, 'lr': 0.0003127, 'params': 201514, 'time_iter': 0.02486, 'accuracy': 0.95973, 'f1': 0.95974, 'auc': 0.99896}
val: {'epoch': 703, 'time_epoch': 0.29612, 'loss': 0.51559739, 'lr': 0, 'params': 201514, 'time_iter': 0.01481, 'accuracy': 0.8514, 'f1': 0.8507, 'auc': 0.98758}
test: {'epoch': 703, 'time_epoch': 0.91258, 'loss': 2.47652417, 'lr': 0, 'params': 201514, 'time_iter': 0.02281, 'accuracy': 0.5865, 'f1': 0.58571, 'auc': 0.91965}
> Epoch 703: took 4.2s (avg 4.2s) | Best so far: epoch 643	train_loss: 0.1313 train_accuracy: 0.9506	val_loss: 0.4862 val_accuracy: 0.8584	test_loss: 2.6852 test_accuracy: 0.5817
train: {'epoch': 704, 'time_epoch': 2.90959, 'eta': 877.44811, 'eta_hours': 0.24374, 'loss': 0.11391029, 'lr': 0.00031165, 'params': 201514, 'time_iter': 0.02466, 'accuracy': 0.9584, 'f1': 0.9584, 'auc': 0.99886}
val: {'epoch': 704, 'time_epoch': 0.31261, 'loss': 0.52098449, 'lr': 0, 'params': 201514, 'time_iter': 0.01563, 'accuracy': 0.8444, 'f1': 0.84415, 'auc': 0.98716}
test: {'epoch': 704, 'time_epoch': 0.91507, 'loss': 2.52154626, 'lr': 0, 'params': 201514, 'time_iter': 0.02288, 'accuracy': 0.589, 'f1': 0.58771, 'auc': 0.9178}
> Epoch 704: took 4.2s (avg 4.2s) | Best so far: epoch 643	train_loss: 0.1313 train_accuracy: 0.9506	val_loss: 0.4862 val_accuracy: 0.8584	test_loss: 2.6852 test_accuracy: 0.5817
train: {'epoch': 705, 'time_epoch': 2.9323, 'eta': 874.45618, 'eta_hours': 0.2429, 'loss': 0.11965101, 'lr': 0.0003106, 'params': 201514, 'time_iter': 0.02485, 'accuracy': 0.95573, 'f1': 0.95573, 'auc': 0.99877}
val: {'epoch': 705, 'time_epoch': 0.31158, 'loss': 0.50521015, 'lr': 0, 'params': 201514, 'time_iter': 0.01558, 'accuracy': 0.8516, 'f1': 0.85101, 'auc': 0.98777}
test: {'epoch': 705, 'time_epoch': 0.92285, 'loss': 2.55273895, 'lr': 0, 'params': 201514, 'time_iter': 0.02307, 'accuracy': 0.5906, 'f1': 0.59266, 'auc': 0.91818}
> Epoch 705: took 4.2s (avg 4.2s) | Best so far: epoch 643	train_loss: 0.1313 train_accuracy: 0.9506	val_loss: 0.4862 val_accuracy: 0.8584	test_loss: 2.6852 test_accuracy: 0.5817
train: {'epoch': 706, 'time_epoch': 2.92504, 'eta': 871.4614, 'eta_hours': 0.24207, 'loss': 0.11440917, 'lr': 0.00030954, 'params': 201514, 'time_iter': 0.02479, 'accuracy': 0.95793, 'f1': 0.95795, 'auc': 0.99888}
val: {'epoch': 706, 'time_epoch': 0.30529, 'loss': 0.52388247, 'lr': 0, 'params': 201514, 'time_iter': 0.01526, 'accuracy': 0.8506, 'f1': 0.84964, 'auc': 0.98775}
test: {'epoch': 706, 'time_epoch': 1.15661, 'loss': 2.75791246, 'lr': 0, 'params': 201514, 'time_iter': 0.02892, 'accuracy': 0.5821, 'f1': 0.58514, 'auc': 0.91393}
> Epoch 706: took 4.4s (avg 4.2s) | Best so far: epoch 643	train_loss: 0.1313 train_accuracy: 0.9506	val_loss: 0.4862 val_accuracy: 0.8584	test_loss: 2.6852 test_accuracy: 0.5817
train: {'epoch': 707, 'time_epoch': 2.96553, 'eta': 868.48353, 'eta_hours': 0.24125, 'loss': 0.11532566, 'lr': 0.00030849, 'params': 201514, 'time_iter': 0.02513, 'accuracy': 0.95733, 'f1': 0.95733, 'auc': 0.99883}
val: {'epoch': 707, 'time_epoch': 0.30953, 'loss': 0.49961689, 'lr': 0, 'params': 201514, 'time_iter': 0.01548, 'accuracy': 0.8564, 'f1': 0.85644, 'auc': 0.98781}
test: {'epoch': 707, 'time_epoch': 0.92762, 'loss': 2.67732879, 'lr': 0, 'params': 201514, 'time_iter': 0.02319, 'accuracy': 0.5912, 'f1': 0.59631, 'auc': 0.91687}
> Epoch 707: took 4.2s (avg 4.2s) | Best so far: epoch 643	train_loss: 0.1313 train_accuracy: 0.9506	val_loss: 0.4862 val_accuracy: 0.8584	test_loss: 2.6852 test_accuracy: 0.5817
train: {'epoch': 708, 'time_epoch': 2.87978, 'eta': 865.47049, 'eta_hours': 0.24041, 'loss': 0.11719107, 'lr': 0.00030744, 'params': 201514, 'time_iter': 0.0244, 'accuracy': 0.9555, 'f1': 0.95551, 'auc': 0.99883}
val: {'epoch': 708, 'time_epoch': 0.30452, 'loss': 0.51561248, 'lr': 0, 'params': 201514, 'time_iter': 0.01523, 'accuracy': 0.8492, 'f1': 0.84901, 'auc': 0.98735}
test: {'epoch': 708, 'time_epoch': 0.89416, 'loss': 2.65024094, 'lr': 0, 'params': 201514, 'time_iter': 0.02235, 'accuracy': 0.5805, 'f1': 0.58513, 'auc': 0.91637}
> Epoch 708: took 4.1s (avg 4.2s) | Best so far: epoch 643	train_loss: 0.1313 train_accuracy: 0.9506	val_loss: 0.4862 val_accuracy: 0.8584	test_loss: 2.6852 test_accuracy: 0.5817
train: {'epoch': 709, 'time_epoch': 2.95752, 'eta': 862.48959, 'eta_hours': 0.23958, 'loss': 0.11723534, 'lr': 0.00030639, 'params': 201514, 'time_iter': 0.02506, 'accuracy': 0.95633, 'f1': 0.95633, 'auc': 0.99878}
val: {'epoch': 709, 'time_epoch': 0.30453, 'loss': 0.53056157, 'lr': 0, 'params': 201514, 'time_iter': 0.01523, 'accuracy': 0.849, 'f1': 0.84924, 'auc': 0.98708}
test: {'epoch': 709, 'time_epoch': 0.91276, 'loss': 2.68852251, 'lr': 0, 'params': 201514, 'time_iter': 0.02282, 'accuracy': 0.5821, 'f1': 0.58535, 'auc': 0.9157}
> Epoch 709: took 4.2s (avg 4.2s) | Best so far: epoch 643	train_loss: 0.1313 train_accuracy: 0.9506	val_loss: 0.4862 val_accuracy: 0.8584	test_loss: 2.6852 test_accuracy: 0.5817
train: {'epoch': 710, 'time_epoch': 2.9983, 'eta': 859.52532, 'eta_hours': 0.23876, 'loss': 0.11091776, 'lr': 0.00030533, 'params': 201514, 'time_iter': 0.02541, 'accuracy': 0.95907, 'f1': 0.95906, 'auc': 0.99894}
val: {'epoch': 710, 'time_epoch': 0.30603, 'loss': 0.51176512, 'lr': 0, 'params': 201514, 'time_iter': 0.0153, 'accuracy': 0.8494, 'f1': 0.84962, 'auc': 0.98756}
test: {'epoch': 710, 'time_epoch': 0.90627, 'loss': 2.95844349, 'lr': 0, 'params': 201514, 'time_iter': 0.02266, 'accuracy': 0.5823, 'f1': 0.58288, 'auc': 0.90873}
> Epoch 710: took 4.2s (avg 4.2s) | Best so far: epoch 643	train_loss: 0.1313 train_accuracy: 0.9506	val_loss: 0.4862 val_accuracy: 0.8584	test_loss: 2.6852 test_accuracy: 0.5817
train: {'epoch': 711, 'time_epoch': 2.98806, 'eta': 856.55682, 'eta_hours': 0.23793, 'loss': 0.1130929, 'lr': 0.00030428, 'params': 201514, 'time_iter': 0.02532, 'accuracy': 0.9581, 'f1': 0.9581, 'auc': 0.9989}
val: {'epoch': 711, 'time_epoch': 0.29992, 'loss': 0.52434521, 'lr': 0, 'params': 201514, 'time_iter': 0.015, 'accuracy': 0.852, 'f1': 0.85045, 'auc': 0.98775}
test: {'epoch': 711, 'time_epoch': 0.9105, 'loss': 2.56475398, 'lr': 0, 'params': 201514, 'time_iter': 0.02276, 'accuracy': 0.5887, 'f1': 0.58567, 'auc': 0.91719}
> Epoch 711: took 4.2s (avg 4.2s) | Best so far: epoch 643	train_loss: 0.1313 train_accuracy: 0.9506	val_loss: 0.4862 val_accuracy: 0.8584	test_loss: 2.6852 test_accuracy: 0.5817
train: {'epoch': 712, 'time_epoch': 2.92122, 'eta': 853.56135, 'eta_hours': 0.2371, 'loss': 0.11167741, 'lr': 0.00030323, 'params': 201514, 'time_iter': 0.02476, 'accuracy': 0.9579, 'f1': 0.95791, 'auc': 0.9989}
val: {'epoch': 712, 'time_epoch': 0.32569, 'loss': 0.50308855, 'lr': 0, 'params': 201514, 'time_iter': 0.01628, 'accuracy': 0.8508, 'f1': 0.85039, 'auc': 0.98794}
test: {'epoch': 712, 'time_epoch': 0.90635, 'loss': 2.40295656, 'lr': 0, 'params': 201514, 'time_iter': 0.02266, 'accuracy': 0.5867, 'f1': 0.58942, 'auc': 0.9195}
> Epoch 712: took 4.2s (avg 4.2s) | Best so far: epoch 643	train_loss: 0.1313 train_accuracy: 0.9506	val_loss: 0.4862 val_accuracy: 0.8584	test_loss: 2.6852 test_accuracy: 0.5817
train: {'epoch': 713, 'time_epoch': 2.89641, 'eta': 850.55616, 'eta_hours': 0.23627, 'loss': 0.11303697, 'lr': 0.00030218, 'params': 201514, 'time_iter': 0.02455, 'accuracy': 0.9575, 'f1': 0.95751, 'auc': 0.99891}
val: {'epoch': 713, 'time_epoch': 0.31289, 'loss': 0.53978691, 'lr': 0, 'params': 201514, 'time_iter': 0.01564, 'accuracy': 0.8396, 'f1': 0.83935, 'auc': 0.98648}
test: {'epoch': 713, 'time_epoch': 1.15322, 'loss': 2.33298477, 'lr': 0, 'params': 201514, 'time_iter': 0.02883, 'accuracy': 0.5816, 'f1': 0.58472, 'auc': 0.91934}
> Epoch 713: took 4.4s (avg 4.2s) | Best so far: epoch 643	train_loss: 0.1313 train_accuracy: 0.9506	val_loss: 0.4862 val_accuracy: 0.8584	test_loss: 2.6852 test_accuracy: 0.5817
train: {'epoch': 714, 'time_epoch': 2.95711, 'eta': 847.57546, 'eta_hours': 0.23544, 'loss': 0.10428676, 'lr': 0.00030112, 'params': 201514, 'time_iter': 0.02506, 'accuracy': 0.96083, 'f1': 0.96082, 'auc': 0.99906}
val: {'epoch': 714, 'time_epoch': 0.31371, 'loss': 0.51738319, 'lr': 0, 'params': 201514, 'time_iter': 0.01569, 'accuracy': 0.8488, 'f1': 0.84813, 'auc': 0.98737}
test: {'epoch': 714, 'time_epoch': 0.8974, 'loss': 2.49667143, 'lr': 0, 'params': 201514, 'time_iter': 0.02244, 'accuracy': 0.5863, 'f1': 0.5943, 'auc': 0.91824}
> Epoch 714: took 4.2s (avg 4.2s) | Best so far: epoch 643	train_loss: 0.1313 train_accuracy: 0.9506	val_loss: 0.4862 val_accuracy: 0.8584	test_loss: 2.6852 test_accuracy: 0.5817
train: {'epoch': 715, 'time_epoch': 2.87567, 'eta': 844.56253, 'eta_hours': 0.2346, 'loss': 0.10575924, 'lr': 0.00030007, 'params': 201514, 'time_iter': 0.02437, 'accuracy': 0.9607, 'f1': 0.96071, 'auc': 0.99904}
val: {'epoch': 715, 'time_epoch': 0.31266, 'loss': 0.53639427, 'lr': 0, 'params': 201514, 'time_iter': 0.01563, 'accuracy': 0.8474, 'f1': 0.84667, 'auc': 0.98704}
test: {'epoch': 715, 'time_epoch': 0.89655, 'loss': 2.56151443, 'lr': 0, 'params': 201514, 'time_iter': 0.02241, 'accuracy': 0.5845, 'f1': 0.58788, 'auc': 0.91752}
> Epoch 715: took 4.1s (avg 4.2s) | Best so far: epoch 643	train_loss: 0.1313 train_accuracy: 0.9506	val_loss: 0.4862 val_accuracy: 0.8584	test_loss: 2.6852 test_accuracy: 0.5817
train: {'epoch': 716, 'time_epoch': 2.91377, 'eta': 841.56502, 'eta_hours': 0.23377, 'loss': 0.11128149, 'lr': 0.00029902, 'params': 201514, 'time_iter': 0.02469, 'accuracy': 0.95867, 'f1': 0.95867, 'auc': 0.99893}
val: {'epoch': 716, 'time_epoch': 0.30838, 'loss': 0.52128422, 'lr': 0, 'params': 201514, 'time_iter': 0.01542, 'accuracy': 0.8442, 'f1': 0.84411, 'auc': 0.98769}
test: {'epoch': 716, 'time_epoch': 0.93181, 'loss': 2.82901286, 'lr': 0, 'params': 201514, 'time_iter': 0.0233, 'accuracy': 0.576, 'f1': 0.57675, 'auc': 0.91135}
> Epoch 716: took 4.2s (avg 4.2s) | Best so far: epoch 643	train_loss: 0.1313 train_accuracy: 0.9506	val_loss: 0.4862 val_accuracy: 0.8584	test_loss: 2.6852 test_accuracy: 0.5817
train: {'epoch': 717, 'time_epoch': 2.90367, 'eta': 838.56378, 'eta_hours': 0.23293, 'loss': 0.11043964, 'lr': 0.00029796, 'params': 201514, 'time_iter': 0.02461, 'accuracy': 0.9585, 'f1': 0.9585, 'auc': 0.99896}
val: {'epoch': 717, 'time_epoch': 0.30015, 'loss': 0.51411172, 'lr': 0, 'params': 201514, 'time_iter': 0.01501, 'accuracy': 0.847, 'f1': 0.84652, 'auc': 0.9875}
test: {'epoch': 717, 'time_epoch': 0.90711, 'loss': 2.95991958, 'lr': 0, 'params': 201514, 'time_iter': 0.02268, 'accuracy': 0.5836, 'f1': 0.58261, 'auc': 0.90911}
> Epoch 717: took 4.1s (avg 4.2s) | Best so far: epoch 643	train_loss: 0.1313 train_accuracy: 0.9506	val_loss: 0.4862 val_accuracy: 0.8584	test_loss: 2.6852 test_accuracy: 0.5817
train: {'epoch': 718, 'time_epoch': 2.98142, 'eta': 835.59319, 'eta_hours': 0.23211, 'loss': 0.10340612, 'lr': 0.00029691, 'params': 201514, 'time_iter': 0.02527, 'accuracy': 0.962, 'f1': 0.962, 'auc': 0.99907}
val: {'epoch': 718, 'time_epoch': 0.31447, 'loss': 0.51618301, 'lr': 0, 'params': 201514, 'time_iter': 0.01572, 'accuracy': 0.8512, 'f1': 0.85033, 'auc': 0.98788}
test: {'epoch': 718, 'time_epoch': 0.93236, 'loss': 2.67044189, 'lr': 0, 'params': 201514, 'time_iter': 0.02331, 'accuracy': 0.5824, 'f1': 0.58457, 'auc': 0.91538}
> Epoch 718: took 4.3s (avg 4.2s) | Best so far: epoch 643	train_loss: 0.1313 train_accuracy: 0.9506	val_loss: 0.4862 val_accuracy: 0.8584	test_loss: 2.6852 test_accuracy: 0.5817
train: {'epoch': 719, 'time_epoch': 2.92102, 'eta': 832.59908, 'eta_hours': 0.23128, 'loss': 0.10942286, 'lr': 0.00029586, 'params': 201514, 'time_iter': 0.02475, 'accuracy': 0.9594, 'f1': 0.9594, 'auc': 0.99896}
val: {'epoch': 719, 'time_epoch': 0.30352, 'loss': 0.5240513, 'lr': 0, 'params': 201514, 'time_iter': 0.01518, 'accuracy': 0.8482, 'f1': 0.84756, 'auc': 0.98753}
test: {'epoch': 719, 'time_epoch': 0.92737, 'loss': 2.75688141, 'lr': 0, 'params': 201514, 'time_iter': 0.02318, 'accuracy': 0.5861, 'f1': 0.58871, 'auc': 0.91538}
> Epoch 719: took 4.2s (avg 4.2s) | Best so far: epoch 643	train_loss: 0.1313 train_accuracy: 0.9506	val_loss: 0.4862 val_accuracy: 0.8584	test_loss: 2.6852 test_accuracy: 0.5817
train: {'epoch': 720, 'time_epoch': 2.92115, 'eta': 829.60523, 'eta_hours': 0.23045, 'loss': 0.10554708, 'lr': 0.00029481, 'params': 201514, 'time_iter': 0.02476, 'accuracy': 0.96103, 'f1': 0.96104, 'auc': 0.99903}
val: {'epoch': 720, 'time_epoch': 0.31252, 'loss': 0.53400963, 'lr': 0, 'params': 201514, 'time_iter': 0.01563, 'accuracy': 0.8532, 'f1': 0.85286, 'auc': 0.98762}
test: {'epoch': 720, 'time_epoch': 1.15978, 'loss': 2.67145407, 'lr': 0, 'params': 201514, 'time_iter': 0.02899, 'accuracy': 0.587, 'f1': 0.58866, 'auc': 0.91669}
> Epoch 720: took 4.4s (avg 4.2s) | Best so far: epoch 643	train_loss: 0.1313 train_accuracy: 0.9506	val_loss: 0.4862 val_accuracy: 0.8584	test_loss: 2.6852 test_accuracy: 0.5817
train: {'epoch': 721, 'time_epoch': 2.96583, 'eta': 826.62879, 'eta_hours': 0.22962, 'loss': 0.10787571, 'lr': 0.00029375, 'params': 201514, 'time_iter': 0.02513, 'accuracy': 0.96133, 'f1': 0.96133, 'auc': 0.99896}
val: {'epoch': 721, 'time_epoch': 0.32052, 'loss': 0.51981644, 'lr': 0, 'params': 201514, 'time_iter': 0.01603, 'accuracy': 0.8512, 'f1': 0.8505, 'auc': 0.98769}
test: {'epoch': 721, 'time_epoch': 0.91677, 'loss': 2.72691423, 'lr': 0, 'params': 201514, 'time_iter': 0.02292, 'accuracy': 0.5879, 'f1': 0.58927, 'auc': 0.9153}
> Epoch 721: took 4.2s (avg 4.2s) | Best so far: epoch 643	train_loss: 0.1313 train_accuracy: 0.9506	val_loss: 0.4862 val_accuracy: 0.8584	test_loss: 2.6852 test_accuracy: 0.5817
train: {'epoch': 722, 'time_epoch': 2.919, 'eta': 823.63443, 'eta_hours': 0.22879, 'loss': 0.1055435, 'lr': 0.0002927, 'params': 201514, 'time_iter': 0.02474, 'accuracy': 0.95943, 'f1': 0.95943, 'auc': 0.99904}
val: {'epoch': 722, 'time_epoch': 0.31903, 'loss': 0.5183701, 'lr': 0, 'params': 201514, 'time_iter': 0.01595, 'accuracy': 0.8524, 'f1': 0.8517, 'auc': 0.98791}
test: {'epoch': 722, 'time_epoch': 0.92727, 'loss': 2.79280526, 'lr': 0, 'params': 201514, 'time_iter': 0.02318, 'accuracy': 0.5822, 'f1': 0.58389, 'auc': 0.91184}
> Epoch 722: took 4.2s (avg 4.2s) | Best so far: epoch 643	train_loss: 0.1313 train_accuracy: 0.9506	val_loss: 0.4862 val_accuracy: 0.8584	test_loss: 2.6852 test_accuracy: 0.5817
train: {'epoch': 723, 'time_epoch': 2.90813, 'eta': 820.63613, 'eta_hours': 0.22795, 'loss': 0.11071938, 'lr': 0.00029165, 'params': 201514, 'time_iter': 0.02465, 'accuracy': 0.95953, 'f1': 0.95953, 'auc': 0.99894}
val: {'epoch': 723, 'time_epoch': 0.30567, 'loss': 0.51570573, 'lr': 0, 'params': 201514, 'time_iter': 0.01528, 'accuracy': 0.8534, 'f1': 0.85282, 'auc': 0.98787}
test: {'epoch': 723, 'time_epoch': 0.90327, 'loss': 2.80820155, 'lr': 0, 'params': 201514, 'time_iter': 0.02258, 'accuracy': 0.582, 'f1': 0.58462, 'auc': 0.91275}
> Epoch 723: took 4.2s (avg 4.2s) | Best so far: epoch 643	train_loss: 0.1313 train_accuracy: 0.9506	val_loss: 0.4862 val_accuracy: 0.8584	test_loss: 2.6852 test_accuracy: 0.5817
train: {'epoch': 724, 'time_epoch': 2.92436, 'eta': 817.64424, 'eta_hours': 0.22712, 'loss': 0.10779814, 'lr': 0.0002906, 'params': 201514, 'time_iter': 0.02478, 'accuracy': 0.96137, 'f1': 0.96136, 'auc': 0.99898}
val: {'epoch': 724, 'time_epoch': 0.30321, 'loss': 0.50557108, 'lr': 0, 'params': 201514, 'time_iter': 0.01516, 'accuracy': 0.85, 'f1': 0.85, 'auc': 0.98802}
test: {'epoch': 724, 'time_epoch': 0.92569, 'loss': 2.97881567, 'lr': 0, 'params': 201514, 'time_iter': 0.02314, 'accuracy': 0.575, 'f1': 0.576, 'auc': 0.90691}
> Epoch 724: took 4.2s (avg 4.2s) | Best so far: epoch 643	train_loss: 0.1313 train_accuracy: 0.9506	val_loss: 0.4862 val_accuracy: 0.8584	test_loss: 2.6852 test_accuracy: 0.5817
train: {'epoch': 725, 'time_epoch': 2.86507, 'eta': 814.63016, 'eta_hours': 0.22629, 'loss': 0.10755267, 'lr': 0.00028954, 'params': 201514, 'time_iter': 0.02428, 'accuracy': 0.9602, 'f1': 0.9602, 'auc': 0.99897}
val: {'epoch': 725, 'time_epoch': 0.3082, 'loss': 0.51258673, 'lr': 0, 'params': 201514, 'time_iter': 0.01541, 'accuracy': 0.8538, 'f1': 0.85308, 'auc': 0.98784}
test: {'epoch': 725, 'time_epoch': 0.9245, 'loss': 2.91154551, 'lr': 0, 'params': 201514, 'time_iter': 0.02311, 'accuracy': 0.5798, 'f1': 0.58044, 'auc': 0.91105}
> Epoch 725: took 4.1s (avg 4.2s) | Best so far: epoch 643	train_loss: 0.1313 train_accuracy: 0.9506	val_loss: 0.4862 val_accuracy: 0.8584	test_loss: 2.6852 test_accuracy: 0.5817
train: {'epoch': 726, 'time_epoch': 2.95756, 'eta': 811.65122, 'eta_hours': 0.22546, 'loss': 0.10641838, 'lr': 0.00028849, 'params': 201514, 'time_iter': 0.02506, 'accuracy': 0.96037, 'f1': 0.96037, 'auc': 0.99903}
val: {'epoch': 726, 'time_epoch': 0.30472, 'loss': 0.5185759, 'lr': 0, 'params': 201514, 'time_iter': 0.01524, 'accuracy': 0.846, 'f1': 0.84566, 'auc': 0.98786}
test: {'epoch': 726, 'time_epoch': 0.91386, 'loss': 2.74345239, 'lr': 0, 'params': 201514, 'time_iter': 0.02285, 'accuracy': 0.5776, 'f1': 0.58066, 'auc': 0.91263}
> Epoch 726: took 4.2s (avg 4.2s) | Best so far: epoch 643	train_loss: 0.1313 train_accuracy: 0.9506	val_loss: 0.4862 val_accuracy: 0.8584	test_loss: 2.6852 test_accuracy: 0.5817
train: {'epoch': 727, 'time_epoch': 2.88711, 'eta': 808.64602, 'eta_hours': 0.22462, 'loss': 0.10792395, 'lr': 0.00028744, 'params': 201514, 'time_iter': 0.02447, 'accuracy': 0.959, 'f1': 0.959, 'auc': 0.99897}
val: {'epoch': 727, 'time_epoch': 0.31303, 'loss': 0.53432398, 'lr': 0, 'params': 201514, 'time_iter': 0.01565, 'accuracy': 0.8456, 'f1': 0.84521, 'auc': 0.9872}
test: {'epoch': 727, 'time_epoch': 1.13944, 'loss': 2.74628647, 'lr': 0, 'params': 201514, 'time_iter': 0.02849, 'accuracy': 0.5797, 'f1': 0.58463, 'auc': 0.9138}
> Epoch 727: took 4.4s (avg 4.2s) | Best so far: epoch 643	train_loss: 0.1313 train_accuracy: 0.9506	val_loss: 0.4862 val_accuracy: 0.8584	test_loss: 2.6852 test_accuracy: 0.5817
train: {'epoch': 728, 'time_epoch': 2.90595, 'eta': 805.64814, 'eta_hours': 0.22379, 'loss': 0.10622605, 'lr': 0.00028639, 'params': 201514, 'time_iter': 0.02463, 'accuracy': 0.96227, 'f1': 0.96227, 'auc': 0.999}
val: {'epoch': 728, 'time_epoch': 0.31281, 'loss': 0.50474165, 'lr': 0, 'params': 201514, 'time_iter': 0.01564, 'accuracy': 0.8556, 'f1': 0.85474, 'auc': 0.98827}
test: {'epoch': 728, 'time_epoch': 0.9203, 'loss': 2.87278801, 'lr': 0, 'params': 201514, 'time_iter': 0.02301, 'accuracy': 0.5849, 'f1': 0.58687, 'auc': 0.9132}
> Epoch 728: took 4.2s (avg 4.2s) | Best so far: epoch 643	train_loss: 0.1313 train_accuracy: 0.9506	val_loss: 0.4862 val_accuracy: 0.8584	test_loss: 2.6852 test_accuracy: 0.5817
train: {'epoch': 729, 'time_epoch': 2.90079, 'eta': 802.64861, 'eta_hours': 0.22296, 'loss': 0.10946358, 'lr': 0.00028533, 'params': 201514, 'time_iter': 0.02458, 'accuracy': 0.96073, 'f1': 0.96074, 'auc': 0.99895}
val: {'epoch': 729, 'time_epoch': 0.29722, 'loss': 0.56277986, 'lr': 0, 'params': 201514, 'time_iter': 0.01486, 'accuracy': 0.8432, 'f1': 0.84273, 'auc': 0.98644}
test: {'epoch': 729, 'time_epoch': 0.90709, 'loss': 2.66786791, 'lr': 0, 'params': 201514, 'time_iter': 0.02268, 'accuracy': 0.575, 'f1': 0.57879, 'auc': 0.91238}
> Epoch 729: took 4.1s (avg 4.2s) | Best so far: epoch 643	train_loss: 0.1313 train_accuracy: 0.9506	val_loss: 0.4862 val_accuracy: 0.8584	test_loss: 2.6852 test_accuracy: 0.5817
train: {'epoch': 730, 'time_epoch': 2.87761, 'eta': 799.64082, 'eta_hours': 0.22212, 'loss': 0.10898974, 'lr': 0.00028428, 'params': 201514, 'time_iter': 0.02439, 'accuracy': 0.9595, 'f1': 0.95949, 'auc': 0.99897}
val: {'epoch': 730, 'time_epoch': 0.31341, 'loss': 0.52094395, 'lr': 0, 'params': 201514, 'time_iter': 0.01567, 'accuracy': 0.8492, 'f1': 0.84902, 'auc': 0.98775}
test: {'epoch': 730, 'time_epoch': 0.91579, 'loss': 2.53321694, 'lr': 0, 'params': 201514, 'time_iter': 0.02289, 'accuracy': 0.5843, 'f1': 0.58629, 'auc': 0.91824}
> Epoch 730: took 4.1s (avg 4.2s) | Best so far: epoch 643	train_loss: 0.1313 train_accuracy: 0.9506	val_loss: 0.4862 val_accuracy: 0.8584	test_loss: 2.6852 test_accuracy: 0.5817
train: {'epoch': 731, 'time_epoch': 2.84944, 'eta': 796.62307, 'eta_hours': 0.22128, 'loss': 0.10383688, 'lr': 0.00028323, 'params': 201514, 'time_iter': 0.02415, 'accuracy': 0.9623, 'f1': 0.9623, 'auc': 0.99906}
val: {'epoch': 731, 'time_epoch': 0.31636, 'loss': 0.52108741, 'lr': 0, 'params': 201514, 'time_iter': 0.01582, 'accuracy': 0.848, 'f1': 0.84704, 'auc': 0.98756}
test: {'epoch': 731, 'time_epoch': 0.92981, 'loss': 2.66679978, 'lr': 0, 'params': 201514, 'time_iter': 0.02325, 'accuracy': 0.5846, 'f1': 0.5846, 'auc': 0.91614}
> Epoch 731: took 4.1s (avg 4.2s) | Best so far: epoch 643	train_loss: 0.1313 train_accuracy: 0.9506	val_loss: 0.4862 val_accuracy: 0.8584	test_loss: 2.6852 test_accuracy: 0.5817
train: {'epoch': 732, 'time_epoch': 2.9223, 'eta': 793.63232, 'eta_hours': 0.22045, 'loss': 0.10724135, 'lr': 0.00028218, 'params': 201514, 'time_iter': 0.02477, 'accuracy': 0.96047, 'f1': 0.96047, 'auc': 0.99901}
val: {'epoch': 732, 'time_epoch': 0.30003, 'loss': 0.55241879, 'lr': 0, 'params': 201514, 'time_iter': 0.015, 'accuracy': 0.8462, 'f1': 0.84592, 'auc': 0.98664}
test: {'epoch': 732, 'time_epoch': 0.91717, 'loss': 2.56479285, 'lr': 0, 'params': 201514, 'time_iter': 0.02293, 'accuracy': 0.5793, 'f1': 0.58487, 'auc': 0.91738}
> Epoch 732: took 4.2s (avg 4.2s) | Best so far: epoch 643	train_loss: 0.1313 train_accuracy: 0.9506	val_loss: 0.4862 val_accuracy: 0.8584	test_loss: 2.6852 test_accuracy: 0.5817
train: {'epoch': 733, 'time_epoch': 2.95406, 'eta': 790.65327, 'eta_hours': 0.21963, 'loss': 0.1071631, 'lr': 0.00028112, 'params': 201514, 'time_iter': 0.02503, 'accuracy': 0.96057, 'f1': 0.96057, 'auc': 0.99899}
val: {'epoch': 733, 'time_epoch': 0.31153, 'loss': 0.51834883, 'lr': 0, 'params': 201514, 'time_iter': 0.01558, 'accuracy': 0.8488, 'f1': 0.84838, 'auc': 0.98755}
test: {'epoch': 733, 'time_epoch': 0.91918, 'loss': 2.65486247, 'lr': 0, 'params': 201514, 'time_iter': 0.02298, 'accuracy': 0.585, 'f1': 0.58581, 'auc': 0.91574}
> Epoch 733: took 4.2s (avg 4.2s) | Best so far: epoch 643	train_loss: 0.1313 train_accuracy: 0.9506	val_loss: 0.4862 val_accuracy: 0.8584	test_loss: 2.6852 test_accuracy: 0.5817
train: {'epoch': 734, 'time_epoch': 2.88378, 'eta': 787.64894, 'eta_hours': 0.21879, 'loss': 0.10536547, 'lr': 0.00028007, 'params': 201514, 'time_iter': 0.02444, 'accuracy': 0.9616, 'f1': 0.96159, 'auc': 0.99902}
val: {'epoch': 734, 'time_epoch': 0.30403, 'loss': 0.49404151, 'lr': 0, 'params': 201514, 'time_iter': 0.0152, 'accuracy': 0.855, 'f1': 0.85485, 'auc': 0.9881}
test: {'epoch': 734, 'time_epoch': 1.14188, 'loss': 2.51181713, 'lr': 0, 'params': 201514, 'time_iter': 0.02855, 'accuracy': 0.5897, 'f1': 0.59285, 'auc': 0.91861}
> Epoch 734: took 4.4s (avg 4.2s) | Best so far: epoch 643	train_loss: 0.1313 train_accuracy: 0.9506	val_loss: 0.4862 val_accuracy: 0.8584	test_loss: 2.6852 test_accuracy: 0.5817
train: {'epoch': 735, 'time_epoch': 2.93879, 'eta': 784.66468, 'eta_hours': 0.21796, 'loss': 0.10278017, 'lr': 0.00027902, 'params': 201514, 'time_iter': 0.0249, 'accuracy': 0.96203, 'f1': 0.96203, 'auc': 0.99906}
val: {'epoch': 735, 'time_epoch': 0.31125, 'loss': 0.49435174, 'lr': 0, 'params': 201514, 'time_iter': 0.01556, 'accuracy': 0.856, 'f1': 0.85642, 'auc': 0.98835}
test: {'epoch': 735, 'time_epoch': 0.90145, 'loss': 2.65425629, 'lr': 0, 'params': 201514, 'time_iter': 0.02254, 'accuracy': 0.5891, 'f1': 0.59131, 'auc': 0.91555}
> Epoch 735: took 4.2s (avg 4.2s) | Best so far: epoch 643	train_loss: 0.1313 train_accuracy: 0.9506	val_loss: 0.4862 val_accuracy: 0.8584	test_loss: 2.6852 test_accuracy: 0.5817
train: {'epoch': 736, 'time_epoch': 2.89505, 'eta': 781.66492, 'eta_hours': 0.21713, 'loss': 0.10545937, 'lr': 0.00027797, 'params': 201514, 'time_iter': 0.02453, 'accuracy': 0.9619, 'f1': 0.9619, 'auc': 0.99904}
val: {'epoch': 736, 'time_epoch': 0.30822, 'loss': 0.51675014, 'lr': 0, 'params': 201514, 'time_iter': 0.01541, 'accuracy': 0.851, 'f1': 0.85022, 'auc': 0.98797}
test: {'epoch': 736, 'time_epoch': 0.93096, 'loss': 2.5677266, 'lr': 0, 'params': 201514, 'time_iter': 0.02327, 'accuracy': 0.5884, 'f1': 0.58973, 'auc': 0.91796}
> Epoch 736: took 4.2s (avg 4.2s) | Best so far: epoch 643	train_loss: 0.1313 train_accuracy: 0.9506	val_loss: 0.4862 val_accuracy: 0.8584	test_loss: 2.6852 test_accuracy: 0.5817
train: {'epoch': 737, 'time_epoch': 2.87308, 'eta': 778.65766, 'eta_hours': 0.21629, 'loss': 0.10295701, 'lr': 0.00027691, 'params': 201514, 'time_iter': 0.02435, 'accuracy': 0.96143, 'f1': 0.96143, 'auc': 0.99907}
val: {'epoch': 737, 'time_epoch': 0.30523, 'loss': 0.52193404, 'lr': 0, 'params': 201514, 'time_iter': 0.01526, 'accuracy': 0.8516, 'f1': 0.85105, 'auc': 0.9878}
test: {'epoch': 737, 'time_epoch': 0.92198, 'loss': 2.99291383, 'lr': 0, 'params': 201514, 'time_iter': 0.02305, 'accuracy': 0.5801, 'f1': 0.58261, 'auc': 0.91139}
> Epoch 737: took 4.1s (avg 4.2s) | Best so far: epoch 643	train_loss: 0.1313 train_accuracy: 0.9506	val_loss: 0.4862 val_accuracy: 0.8584	test_loss: 2.6852 test_accuracy: 0.5817
train: {'epoch': 738, 'time_epoch': 2.97673, 'eta': 775.68736, 'eta_hours': 0.21547, 'loss': 0.10150777, 'lr': 0.00027586, 'params': 201514, 'time_iter': 0.02523, 'accuracy': 0.9636, 'f1': 0.96361, 'auc': 0.9991}
val: {'epoch': 738, 'time_epoch': 0.30883, 'loss': 0.51160673, 'lr': 0, 'params': 201514, 'time_iter': 0.01544, 'accuracy': 0.8522, 'f1': 0.85135, 'auc': 0.9877}
test: {'epoch': 738, 'time_epoch': 0.90891, 'loss': 2.69444716, 'lr': 0, 'params': 201514, 'time_iter': 0.02272, 'accuracy': 0.5832, 'f1': 0.58502, 'auc': 0.91638}
> Epoch 738: took 4.2s (avg 4.2s) | Best so far: epoch 643	train_loss: 0.1313 train_accuracy: 0.9506	val_loss: 0.4862 val_accuracy: 0.8584	test_loss: 2.6852 test_accuracy: 0.5817
train: {'epoch': 739, 'time_epoch': 2.87343, 'eta': 772.68075, 'eta_hours': 0.21463, 'loss': 0.1067698, 'lr': 0.00027481, 'params': 201514, 'time_iter': 0.02435, 'accuracy': 0.96033, 'f1': 0.96035, 'auc': 0.99898}
val: {'epoch': 739, 'time_epoch': 0.31503, 'loss': 0.52039076, 'lr': 0, 'params': 201514, 'time_iter': 0.01575, 'accuracy': 0.8502, 'f1': 0.84972, 'auc': 0.98773}
test: {'epoch': 739, 'time_epoch': 0.88106, 'loss': 2.43976472, 'lr': 0, 'params': 201514, 'time_iter': 0.02203, 'accuracy': 0.5864, 'f1': 0.59554, 'auc': 0.91867}
> Epoch 739: took 4.1s (avg 4.2s) | Best so far: epoch 643	train_loss: 0.1313 train_accuracy: 0.9506	val_loss: 0.4862 val_accuracy: 0.8584	test_loss: 2.6852 test_accuracy: 0.5817
train: {'epoch': 740, 'time_epoch': 2.90508, 'eta': 769.68557, 'eta_hours': 0.2138, 'loss': 0.1035806, 'lr': 0.00027376, 'params': 201514, 'time_iter': 0.02462, 'accuracy': 0.96127, 'f1': 0.96127, 'auc': 0.99906}
val: {'epoch': 740, 'time_epoch': 0.31203, 'loss': 0.54958701, 'lr': 0, 'params': 201514, 'time_iter': 0.0156, 'accuracy': 0.8472, 'f1': 0.84702, 'auc': 0.98713}
test: {'epoch': 740, 'time_epoch': 0.91256, 'loss': 2.74701823, 'lr': 0, 'params': 201514, 'time_iter': 0.02281, 'accuracy': 0.5774, 'f1': 0.58008, 'auc': 0.91347}
> Epoch 740: took 4.2s (avg 4.2s) | Best so far: epoch 643	train_loss: 0.1313 train_accuracy: 0.9506	val_loss: 0.4862 val_accuracy: 0.8584	test_loss: 2.6852 test_accuracy: 0.5817
train: {'epoch': 741, 'time_epoch': 2.89099, 'eta': 766.68573, 'eta_hours': 0.21297, 'loss': 0.10105959, 'lr': 0.0002727, 'params': 201514, 'time_iter': 0.0245, 'accuracy': 0.96283, 'f1': 0.96284, 'auc': 0.99911}
val: {'epoch': 741, 'time_epoch': 0.31002, 'loss': 0.53392415, 'lr': 0, 'params': 201514, 'time_iter': 0.0155, 'accuracy': 0.8432, 'f1': 0.84345, 'auc': 0.9867}
test: {'epoch': 741, 'time_epoch': 1.15093, 'loss': 2.6373163, 'lr': 0, 'params': 201514, 'time_iter': 0.02877, 'accuracy': 0.5813, 'f1': 0.5859, 'auc': 0.91471}
> Epoch 741: took 4.4s (avg 4.2s) | Best so far: epoch 643	train_loss: 0.1313 train_accuracy: 0.9506	val_loss: 0.4862 val_accuracy: 0.8584	test_loss: 2.6852 test_accuracy: 0.5817
train: {'epoch': 742, 'time_epoch': 2.9165, 'eta': 763.695, 'eta_hours': 0.21214, 'loss': 0.10777553, 'lr': 0.00027165, 'params': 201514, 'time_iter': 0.02472, 'accuracy': 0.96007, 'f1': 0.96006, 'auc': 0.999}
val: {'epoch': 742, 'time_epoch': 0.30315, 'loss': 0.50857365, 'lr': 0, 'params': 201514, 'time_iter': 0.01516, 'accuracy': 0.8524, 'f1': 0.85169, 'auc': 0.98793}
test: {'epoch': 742, 'time_epoch': 0.95873, 'loss': 2.50799183, 'lr': 0, 'params': 201514, 'time_iter': 0.02397, 'accuracy': 0.5847, 'f1': 0.58988, 'auc': 0.91887}
> Epoch 742: took 4.2s (avg 4.2s) | Best so far: epoch 643	train_loss: 0.1313 train_accuracy: 0.9506	val_loss: 0.4862 val_accuracy: 0.8584	test_loss: 2.6852 test_accuracy: 0.5817
train: {'epoch': 743, 'time_epoch': 2.89947, 'eta': 760.69861, 'eta_hours': 0.21131, 'loss': 0.10431589, 'lr': 0.0002706, 'params': 201514, 'time_iter': 0.02457, 'accuracy': 0.96127, 'f1': 0.96127, 'auc': 0.99904}
val: {'epoch': 743, 'time_epoch': 0.30902, 'loss': 0.54170627, 'lr': 0, 'params': 201514, 'time_iter': 0.01545, 'accuracy': 0.8508, 'f1': 0.8501, 'auc': 0.98736}
test: {'epoch': 743, 'time_epoch': 0.90299, 'loss': 2.5420271, 'lr': 0, 'params': 201514, 'time_iter': 0.02257, 'accuracy': 0.5866, 'f1': 0.59089, 'auc': 0.9177}
> Epoch 743: took 4.2s (avg 4.2s) | Best so far: epoch 643	train_loss: 0.1313 train_accuracy: 0.9506	val_loss: 0.4862 val_accuracy: 0.8584	test_loss: 2.6852 test_accuracy: 0.5817
train: {'epoch': 744, 'time_epoch': 2.97011, 'eta': 757.72666, 'eta_hours': 0.21048, 'loss': 0.09958243, 'lr': 0.00026955, 'params': 201514, 'time_iter': 0.02517, 'accuracy': 0.96403, 'f1': 0.96404, 'auc': 0.99913}
val: {'epoch': 744, 'time_epoch': 0.31203, 'loss': 0.52853937, 'lr': 0, 'params': 201514, 'time_iter': 0.0156, 'accuracy': 0.849, 'f1': 0.84863, 'auc': 0.98774}
test: {'epoch': 744, 'time_epoch': 0.92472, 'loss': 2.63515726, 'lr': 0, 'params': 201514, 'time_iter': 0.02312, 'accuracy': 0.58, 'f1': 0.58526, 'auc': 0.91802}
> Epoch 744: took 4.2s (avg 4.2s) | Best so far: epoch 643	train_loss: 0.1313 train_accuracy: 0.9506	val_loss: 0.4862 val_accuracy: 0.8584	test_loss: 2.6852 test_accuracy: 0.5817
train: {'epoch': 745, 'time_epoch': 2.94894, 'eta': 754.74751, 'eta_hours': 0.20965, 'loss': 0.1015232, 'lr': 0.00026849, 'params': 201514, 'time_iter': 0.02499, 'accuracy': 0.96287, 'f1': 0.96286, 'auc': 0.99907}
val: {'epoch': 745, 'time_epoch': 0.31009, 'loss': 0.51752776, 'lr': 0, 'params': 201514, 'time_iter': 0.0155, 'accuracy': 0.8534, 'f1': 0.85276, 'auc': 0.98776}
test: {'epoch': 745, 'time_epoch': 0.91876, 'loss': 2.74385078, 'lr': 0, 'params': 201514, 'time_iter': 0.02297, 'accuracy': 0.5921, 'f1': 0.59598, 'auc': 0.9162}
> Epoch 745: took 4.2s (avg 4.2s) | Best so far: epoch 643	train_loss: 0.1313 train_accuracy: 0.9506	val_loss: 0.4862 val_accuracy: 0.8584	test_loss: 2.6852 test_accuracy: 0.5817
train: {'epoch': 746, 'time_epoch': 2.90763, 'eta': 751.75445, 'eta_hours': 0.20882, 'loss': 0.10326396, 'lr': 0.00026744, 'params': 201514, 'time_iter': 0.02464, 'accuracy': 0.96167, 'f1': 0.96167, 'auc': 0.99907}
val: {'epoch': 746, 'time_epoch': 0.31202, 'loss': 0.51345328, 'lr': 0, 'params': 201514, 'time_iter': 0.0156, 'accuracy': 0.8554, 'f1': 0.85418, 'auc': 0.98815}
test: {'epoch': 746, 'time_epoch': 0.93308, 'loss': 2.65664345, 'lr': 0, 'params': 201514, 'time_iter': 0.02333, 'accuracy': 0.5899, 'f1': 0.59133, 'auc': 0.91764}
> Epoch 746: took 4.2s (avg 4.2s) | Best so far: epoch 643	train_loss: 0.1313 train_accuracy: 0.9506	val_loss: 0.4862 val_accuracy: 0.8584	test_loss: 2.6852 test_accuracy: 0.5817
train: {'epoch': 747, 'time_epoch': 2.93871, 'eta': 748.77209, 'eta_hours': 0.20799, 'loss': 0.10372036, 'lr': 0.00026639, 'params': 201514, 'time_iter': 0.0249, 'accuracy': 0.96193, 'f1': 0.96193, 'auc': 0.99905}
val: {'epoch': 747, 'time_epoch': 0.31927, 'loss': 0.53345558, 'lr': 0, 'params': 201514, 'time_iter': 0.01596, 'accuracy': 0.8492, 'f1': 0.84832, 'auc': 0.98776}
test: {'epoch': 747, 'time_epoch': 0.92292, 'loss': 2.64818158, 'lr': 0, 'params': 201514, 'time_iter': 0.02307, 'accuracy': 0.5868, 'f1': 0.58837, 'auc': 0.91764}
> Epoch 747: took 4.2s (avg 4.2s) | Best so far: epoch 643	train_loss: 0.1313 train_accuracy: 0.9506	val_loss: 0.4862 val_accuracy: 0.8584	test_loss: 2.6852 test_accuracy: 0.5817
train: {'epoch': 748, 'time_epoch': 2.87204, 'eta': 745.7675, 'eta_hours': 0.20716, 'loss': 0.10184495, 'lr': 0.00026534, 'params': 201514, 'time_iter': 0.02434, 'accuracy': 0.96227, 'f1': 0.96227, 'auc': 0.99909}
val: {'epoch': 748, 'time_epoch': 0.31121, 'loss': 0.52093642, 'lr': 0, 'params': 201514, 'time_iter': 0.01556, 'accuracy': 0.8538, 'f1': 0.85323, 'auc': 0.98753}
test: {'epoch': 748, 'time_epoch': 1.1486, 'loss': 2.66481615, 'lr': 0, 'params': 201514, 'time_iter': 0.02872, 'accuracy': 0.5904, 'f1': 0.59548, 'auc': 0.91596}
> Epoch 748: took 4.4s (avg 4.2s) | Best so far: epoch 643	train_loss: 0.1313 train_accuracy: 0.9506	val_loss: 0.4862 val_accuracy: 0.8584	test_loss: 2.6852 test_accuracy: 0.5817
train: {'epoch': 749, 'time_epoch': 2.93883, 'eta': 742.78553, 'eta_hours': 0.20633, 'loss': 0.10452359, 'lr': 0.00026428, 'params': 201514, 'time_iter': 0.02491, 'accuracy': 0.96227, 'f1': 0.96227, 'auc': 0.99903}
val: {'epoch': 749, 'time_epoch': 0.3078, 'loss': 0.53309871, 'lr': 0, 'params': 201514, 'time_iter': 0.01539, 'accuracy': 0.8524, 'f1': 0.85204, 'auc': 0.98766}
test: {'epoch': 749, 'time_epoch': 0.92105, 'loss': 2.71875788, 'lr': 0, 'params': 201514, 'time_iter': 0.02303, 'accuracy': 0.586, 'f1': 0.58785, 'auc': 0.91564}
> Epoch 749: took 4.2s (avg 4.2s) | Best so far: epoch 643	train_loss: 0.1313 train_accuracy: 0.9506	val_loss: 0.4862 val_accuracy: 0.8584	test_loss: 2.6852 test_accuracy: 0.5817
train: {'epoch': 750, 'time_epoch': 2.93212, 'eta': 739.80145, 'eta_hours': 0.2055, 'loss': 0.1071179, 'lr': 0.00026323, 'params': 201514, 'time_iter': 0.02485, 'accuracy': 0.96053, 'f1': 0.96054, 'auc': 0.99899}
val: {'epoch': 750, 'time_epoch': 0.30739, 'loss': 0.50298789, 'lr': 0, 'params': 201514, 'time_iter': 0.01537, 'accuracy': 0.8576, 'f1': 0.8574, 'auc': 0.98812}
test: {'epoch': 750, 'time_epoch': 0.93944, 'loss': 2.76805152, 'lr': 0, 'params': 201514, 'time_iter': 0.02349, 'accuracy': 0.5958, 'f1': 0.59685, 'auc': 0.91619}
> Epoch 750: took 4.2s (avg 4.2s) | Best so far: epoch 643	train_loss: 0.1313 train_accuracy: 0.9506	val_loss: 0.4862 val_accuracy: 0.8584	test_loss: 2.6852 test_accuracy: 0.5817
train: {'epoch': 751, 'time_epoch': 2.9449, 'eta': 736.82172, 'eta_hours': 0.20467, 'loss': 0.1015356, 'lr': 0.00026218, 'params': 201514, 'time_iter': 0.02496, 'accuracy': 0.96243, 'f1': 0.96243, 'auc': 0.99906}
val: {'epoch': 751, 'time_epoch': 0.30852, 'loss': 0.52359681, 'lr': 0, 'params': 201514, 'time_iter': 0.01543, 'accuracy': 0.8522, 'f1': 0.85184, 'auc': 0.9876}
test: {'epoch': 751, 'time_epoch': 0.91625, 'loss': 2.56931754, 'lr': 0, 'params': 201514, 'time_iter': 0.02291, 'accuracy': 0.5924, 'f1': 0.59635, 'auc': 0.91765}
> Epoch 751: took 4.2s (avg 4.2s) | Best so far: epoch 643	train_loss: 0.1313 train_accuracy: 0.9506	val_loss: 0.4862 val_accuracy: 0.8584	test_loss: 2.6852 test_accuracy: 0.5817
train: {'epoch': 752, 'time_epoch': 2.93599, 'eta': 733.83917, 'eta_hours': 0.20384, 'loss': 0.10413044, 'lr': 0.00026113, 'params': 201514, 'time_iter': 0.02488, 'accuracy': 0.96177, 'f1': 0.96179, 'auc': 0.99904}
val: {'epoch': 752, 'time_epoch': 0.31352, 'loss': 0.52105228, 'lr': 0, 'params': 201514, 'time_iter': 0.01568, 'accuracy': 0.8558, 'f1': 0.85541, 'auc': 0.98777}
test: {'epoch': 752, 'time_epoch': 0.97085, 'loss': 2.64261432, 'lr': 0, 'params': 201514, 'time_iter': 0.02427, 'accuracy': 0.5913, 'f1': 0.59805, 'auc': 0.91527}
> Epoch 752: took 4.3s (avg 4.2s) | Best so far: epoch 643	train_loss: 0.1313 train_accuracy: 0.9506	val_loss: 0.4862 val_accuracy: 0.8584	test_loss: 2.6852 test_accuracy: 0.5817
train: {'epoch': 753, 'time_epoch': 3.07631, 'eta': 730.90251, 'eta_hours': 0.20303, 'loss': 0.09823531, 'lr': 0.00026007, 'params': 201514, 'time_iter': 0.02607, 'accuracy': 0.9641, 'f1': 0.9641, 'auc': 0.99913}
val: {'epoch': 753, 'time_epoch': 0.31382, 'loss': 0.53765132, 'lr': 0, 'params': 201514, 'time_iter': 0.01569, 'accuracy': 0.8556, 'f1': 0.85539, 'auc': 0.98722}
test: {'epoch': 753, 'time_epoch': 0.92925, 'loss': 2.53332958, 'lr': 0, 'params': 201514, 'time_iter': 0.02323, 'accuracy': 0.5881, 'f1': 0.59112, 'auc': 0.91772}
> Epoch 753: took 4.4s (avg 4.2s) | Best so far: epoch 643	train_loss: 0.1313 train_accuracy: 0.9506	val_loss: 0.4862 val_accuracy: 0.8584	test_loss: 2.6852 test_accuracy: 0.5817
train: {'epoch': 754, 'time_epoch': 2.93646, 'eta': 727.92011, 'eta_hours': 0.2022, 'loss': 0.10184543, 'lr': 0.00025902, 'params': 201514, 'time_iter': 0.02489, 'accuracy': 0.96207, 'f1': 0.96206, 'auc': 0.99908}
val: {'epoch': 754, 'time_epoch': 0.30652, 'loss': 0.51366511, 'lr': 0, 'params': 201514, 'time_iter': 0.01533, 'accuracy': 0.8554, 'f1': 0.85491, 'auc': 0.98781}
test: {'epoch': 754, 'time_epoch': 0.91298, 'loss': 2.70753518, 'lr': 0, 'params': 201514, 'time_iter': 0.02282, 'accuracy': 0.5939, 'f1': 0.59555, 'auc': 0.91484}
> Epoch 754: took 4.2s (avg 4.2s) | Best so far: epoch 643	train_loss: 0.1313 train_accuracy: 0.9506	val_loss: 0.4862 val_accuracy: 0.8584	test_loss: 2.6852 test_accuracy: 0.5817
train: {'epoch': 755, 'time_epoch': 2.85696, 'eta': 724.91217, 'eta_hours': 0.20136, 'loss': 0.10245554, 'lr': 0.00025797, 'params': 201514, 'time_iter': 0.02421, 'accuracy': 0.9626, 'f1': 0.9626, 'auc': 0.99906}
val: {'epoch': 755, 'time_epoch': 0.3179, 'loss': 0.57565765, 'lr': 0, 'params': 201514, 'time_iter': 0.01589, 'accuracy': 0.8374, 'f1': 0.83751, 'auc': 0.98514}
test: {'epoch': 755, 'time_epoch': 1.1433, 'loss': 2.47003401, 'lr': 0, 'params': 201514, 'time_iter': 0.02858, 'accuracy': 0.5866, 'f1': 0.59015, 'auc': 0.91773}
> Epoch 755: took 4.4s (avg 4.2s) | Best so far: epoch 643	train_loss: 0.1313 train_accuracy: 0.9506	val_loss: 0.4862 val_accuracy: 0.8584	test_loss: 2.6852 test_accuracy: 0.5817
train: {'epoch': 756, 'time_epoch': 2.92418, 'eta': 721.9262, 'eta_hours': 0.20054, 'loss': 0.10337723, 'lr': 0.00025692, 'params': 201514, 'time_iter': 0.02478, 'accuracy': 0.9625, 'f1': 0.96251, 'auc': 0.99904}
val: {'epoch': 756, 'time_epoch': 0.31353, 'loss': 0.52217889, 'lr': 0, 'params': 201514, 'time_iter': 0.01568, 'accuracy': 0.855, 'f1': 0.85459, 'auc': 0.9877}
test: {'epoch': 756, 'time_epoch': 0.92291, 'loss': 2.33628763, 'lr': 0, 'params': 201514, 'time_iter': 0.02307, 'accuracy': 0.5928, 'f1': 0.5975, 'auc': 0.92106}
> Epoch 756: took 4.2s (avg 4.2s) | Best so far: epoch 643	train_loss: 0.1313 train_accuracy: 0.9506	val_loss: 0.4862 val_accuracy: 0.8584	test_loss: 2.6852 test_accuracy: 0.5817
train: {'epoch': 757, 'time_epoch': 2.91383, 'eta': 718.93709, 'eta_hours': 0.1997, 'loss': 0.10041425, 'lr': 0.00025586, 'params': 201514, 'time_iter': 0.02469, 'accuracy': 0.96337, 'f1': 0.96337, 'auc': 0.99912}
val: {'epoch': 757, 'time_epoch': 0.30703, 'loss': 0.52660833, 'lr': 0, 'params': 201514, 'time_iter': 0.01535, 'accuracy': 0.8544, 'f1': 0.8537, 'auc': 0.98767}
test: {'epoch': 757, 'time_epoch': 0.90887, 'loss': 2.53321169, 'lr': 0, 'params': 201514, 'time_iter': 0.02272, 'accuracy': 0.5948, 'f1': 0.59879, 'auc': 0.91838}
> Epoch 757: took 4.2s (avg 4.2s) | Best so far: epoch 643	train_loss: 0.1313 train_accuracy: 0.9506	val_loss: 0.4862 val_accuracy: 0.8584	test_loss: 2.6852 test_accuracy: 0.5817
train: {'epoch': 758, 'time_epoch': 2.83232, 'eta': 715.92231, 'eta_hours': 0.19887, 'loss': 0.09906977, 'lr': 0.00025481, 'params': 201514, 'time_iter': 0.024, 'accuracy': 0.96353, 'f1': 0.96354, 'auc': 0.99913}
val: {'epoch': 758, 'time_epoch': 0.3057, 'loss': 0.51985539, 'lr': 0, 'params': 201514, 'time_iter': 0.01528, 'accuracy': 0.8534, 'f1': 0.85294, 'auc': 0.98785}
test: {'epoch': 758, 'time_epoch': 0.92947, 'loss': 2.45973259, 'lr': 0, 'params': 201514, 'time_iter': 0.02324, 'accuracy': 0.5879, 'f1': 0.59058, 'auc': 0.91954}
> Epoch 758: took 4.1s (avg 4.2s) | Best so far: epoch 643	train_loss: 0.1313 train_accuracy: 0.9506	val_loss: 0.4862 val_accuracy: 0.8584	test_loss: 2.6852 test_accuracy: 0.5817
train: {'epoch': 759, 'time_epoch': 2.86924, 'eta': 712.91965, 'eta_hours': 0.19803, 'loss': 0.09828485, 'lr': 0.00025376, 'params': 201514, 'time_iter': 0.02432, 'accuracy': 0.9639, 'f1': 0.96389, 'auc': 0.99916}
val: {'epoch': 759, 'time_epoch': 0.29952, 'loss': 0.50789156, 'lr': 0, 'params': 201514, 'time_iter': 0.01498, 'accuracy': 0.8576, 'f1': 0.85783, 'auc': 0.98833}
test: {'epoch': 759, 'time_epoch': 0.91357, 'loss': 2.58239077, 'lr': 0, 'params': 201514, 'time_iter': 0.02284, 'accuracy': 0.5832, 'f1': 0.58845, 'auc': 0.91874}
> Epoch 759: took 4.1s (avg 4.2s) | Best so far: epoch 643	train_loss: 0.1313 train_accuracy: 0.9506	val_loss: 0.4862 val_accuracy: 0.8584	test_loss: 2.6852 test_accuracy: 0.5817
train: {'epoch': 760, 'time_epoch': 2.93658, 'eta': 709.9385, 'eta_hours': 0.19721, 'loss': 0.0941982, 'lr': 0.00025271, 'params': 201514, 'time_iter': 0.02489, 'accuracy': 0.965, 'f1': 0.965, 'auc': 0.99921}
val: {'epoch': 760, 'time_epoch': 0.30203, 'loss': 0.57789521, 'lr': 0, 'params': 201514, 'time_iter': 0.0151, 'accuracy': 0.843, 'f1': 0.84249, 'auc': 0.98691}
test: {'epoch': 760, 'time_epoch': 0.91429, 'loss': 2.91508158, 'lr': 0, 'params': 201514, 'time_iter': 0.02286, 'accuracy': 0.5697, 'f1': 0.57148, 'auc': 0.90995}
> Epoch 760: took 4.2s (avg 4.2s) | Best so far: epoch 643	train_loss: 0.1313 train_accuracy: 0.9506	val_loss: 0.4862 val_accuracy: 0.8584	test_loss: 2.6852 test_accuracy: 0.5817
train: {'epoch': 761, 'time_epoch': 2.96373, 'eta': 706.96595, 'eta_hours': 0.19638, 'loss': 0.09892777, 'lr': 0.00025165, 'params': 201514, 'time_iter': 0.02512, 'accuracy': 0.9633, 'f1': 0.9633, 'auc': 0.99913}
val: {'epoch': 761, 'time_epoch': 0.30852, 'loss': 0.54047196, 'lr': 0, 'params': 201514, 'time_iter': 0.01543, 'accuracy': 0.854, 'f1': 0.8534, 'auc': 0.98759}
test: {'epoch': 761, 'time_epoch': 0.91311, 'loss': 2.66221402, 'lr': 0, 'params': 201514, 'time_iter': 0.02283, 'accuracy': 0.5882, 'f1': 0.59158, 'auc': 0.91607}
> Epoch 761: took 4.2s (avg 4.2s) | Best so far: epoch 643	train_loss: 0.1313 train_accuracy: 0.9506	val_loss: 0.4862 val_accuracy: 0.8584	test_loss: 2.6852 test_accuracy: 0.5817
train: {'epoch': 762, 'time_epoch': 2.93567, 'eta': 703.9847, 'eta_hours': 0.19555, 'loss': 0.09243825, 'lr': 0.0002506, 'params': 201514, 'time_iter': 0.02488, 'accuracy': 0.96633, 'f1': 0.96634, 'auc': 0.99928}
val: {'epoch': 762, 'time_epoch': 0.30954, 'loss': 0.52773876, 'lr': 0, 'params': 201514, 'time_iter': 0.01548, 'accuracy': 0.8566, 'f1': 0.85606, 'auc': 0.98813}
test: {'epoch': 762, 'time_epoch': 1.15313, 'loss': 2.91480833, 'lr': 0, 'params': 201514, 'time_iter': 0.02883, 'accuracy': 0.5864, 'f1': 0.58983, 'auc': 0.91125}
> Epoch 762: took 4.4s (avg 4.2s) | Best so far: epoch 643	train_loss: 0.1313 train_accuracy: 0.9506	val_loss: 0.4862 val_accuracy: 0.8584	test_loss: 2.6852 test_accuracy: 0.5817
train: {'epoch': 763, 'time_epoch': 2.9554, 'eta': 701.00967, 'eta_hours': 0.19472, 'loss': 0.09708298, 'lr': 0.00024955, 'params': 201514, 'time_iter': 0.02505, 'accuracy': 0.96483, 'f1': 0.96485, 'auc': 0.99916}
val: {'epoch': 763, 'time_epoch': 0.31752, 'loss': 0.51464738, 'lr': 0, 'params': 201514, 'time_iter': 0.01588, 'accuracy': 0.8542, 'f1': 0.85367, 'auc': 0.98786}
test: {'epoch': 763, 'time_epoch': 0.93768, 'loss': 2.67640499, 'lr': 0, 'params': 201514, 'time_iter': 0.02344, 'accuracy': 0.5931, 'f1': 0.59807, 'auc': 0.9155}
> Epoch 763: took 4.2s (avg 4.2s) | Best so far: epoch 643	train_loss: 0.1313 train_accuracy: 0.9506	val_loss: 0.4862 val_accuracy: 0.8584	test_loss: 2.6852 test_accuracy: 0.5817
train: {'epoch': 764, 'time_epoch': 2.89389, 'eta': 698.01579, 'eta_hours': 0.19389, 'loss': 0.0953798, 'lr': 0.0002485, 'params': 201514, 'time_iter': 0.02452, 'accuracy': 0.9661, 'f1': 0.96609, 'auc': 0.99918}
val: {'epoch': 764, 'time_epoch': 0.31952, 'loss': 0.53911759, 'lr': 0, 'params': 201514, 'time_iter': 0.01598, 'accuracy': 0.8508, 'f1': 0.85051, 'auc': 0.98773}
test: {'epoch': 764, 'time_epoch': 0.92246, 'loss': 2.82797064, 'lr': 0, 'params': 201514, 'time_iter': 0.02306, 'accuracy': 0.5868, 'f1': 0.58895, 'auc': 0.91312}
> Epoch 764: took 4.2s (avg 4.2s) | Best so far: epoch 643	train_loss: 0.1313 train_accuracy: 0.9506	val_loss: 0.4862 val_accuracy: 0.8584	test_loss: 2.6852 test_accuracy: 0.5817
train: {'epoch': 765, 'time_epoch': 2.92824, 'eta': 695.03267, 'eta_hours': 0.19306, 'loss': 0.09400433, 'lr': 0.00024744, 'params': 201514, 'time_iter': 0.02482, 'accuracy': 0.96537, 'f1': 0.96537, 'auc': 0.99922}
val: {'epoch': 765, 'time_epoch': 0.31852, 'loss': 0.52537573, 'lr': 0, 'params': 201514, 'time_iter': 0.01593, 'accuracy': 0.8536, 'f1': 0.85333, 'auc': 0.98786}
test: {'epoch': 765, 'time_epoch': 0.90876, 'loss': 2.55285294, 'lr': 0, 'params': 201514, 'time_iter': 0.02272, 'accuracy': 0.5901, 'f1': 0.59636, 'auc': 0.9185}
> Epoch 765: took 4.2s (avg 4.2s) | Best so far: epoch 643	train_loss: 0.1313 train_accuracy: 0.9506	val_loss: 0.4862 val_accuracy: 0.8584	test_loss: 2.6852 test_accuracy: 0.5817
train: {'epoch': 766, 'time_epoch': 2.91361, 'eta': 692.04525, 'eta_hours': 0.19223, 'loss': 0.09721664, 'lr': 0.00024639, 'params': 201514, 'time_iter': 0.02469, 'accuracy': 0.96373, 'f1': 0.96373, 'auc': 0.99919}
val: {'epoch': 766, 'time_epoch': 0.31258, 'loss': 0.53828176, 'lr': 0, 'params': 201514, 'time_iter': 0.01563, 'accuracy': 0.8512, 'f1': 0.85062, 'auc': 0.9877}
test: {'epoch': 766, 'time_epoch': 0.91698, 'loss': 2.86990156, 'lr': 0, 'params': 201514, 'time_iter': 0.02292, 'accuracy': 0.579, 'f1': 0.58233, 'auc': 0.91178}
> Epoch 766: took 4.2s (avg 4.2s) | Best so far: epoch 643	train_loss: 0.1313 train_accuracy: 0.9506	val_loss: 0.4862 val_accuracy: 0.8584	test_loss: 2.6852 test_accuracy: 0.5817
train: {'epoch': 767, 'time_epoch': 3.08215, 'eta': 689.10893, 'eta_hours': 0.19142, 'loss': 0.09384551, 'lr': 0.00024534, 'params': 201514, 'time_iter': 0.02612, 'accuracy': 0.96597, 'f1': 0.96597, 'auc': 0.99921}
val: {'epoch': 767, 'time_epoch': 0.30271, 'loss': 0.54116804, 'lr': 0, 'params': 201514, 'time_iter': 0.01514, 'accuracy': 0.849, 'f1': 0.84844, 'auc': 0.98732}
test: {'epoch': 767, 'time_epoch': 0.93527, 'loss': 2.73431556, 'lr': 0, 'params': 201514, 'time_iter': 0.02338, 'accuracy': 0.5812, 'f1': 0.58685, 'auc': 0.91479}
> Epoch 767: took 4.4s (avg 4.2s) | Best so far: epoch 643	train_loss: 0.1313 train_accuracy: 0.9506	val_loss: 0.4862 val_accuracy: 0.8584	test_loss: 2.6852 test_accuracy: 0.5817
train: {'epoch': 768, 'time_epoch': 3.04193, 'eta': 686.16015, 'eta_hours': 0.1906, 'loss': 0.08992935, 'lr': 0.00024429, 'params': 201514, 'time_iter': 0.02578, 'accuracy': 0.96807, 'f1': 0.96807, 'auc': 0.99925}
val: {'epoch': 768, 'time_epoch': 0.30752, 'loss': 0.54038813, 'lr': 0, 'params': 201514, 'time_iter': 0.01538, 'accuracy': 0.852, 'f1': 0.85158, 'auc': 0.98775}
test: {'epoch': 768, 'time_epoch': 0.93018, 'loss': 2.99171299, 'lr': 0, 'params': 201514, 'time_iter': 0.02325, 'accuracy': 0.5823, 'f1': 0.58771, 'auc': 0.91097}
> Epoch 768: took 4.3s (avg 4.2s) | Best so far: epoch 643	train_loss: 0.1313 train_accuracy: 0.9506	val_loss: 0.4862 val_accuracy: 0.8584	test_loss: 2.6852 test_accuracy: 0.5817
train: {'epoch': 769, 'time_epoch': 2.91537, 'eta': 683.17332, 'eta_hours': 0.18977, 'loss': 0.09326234, 'lr': 0.00024323, 'params': 201514, 'time_iter': 0.02471, 'accuracy': 0.96623, 'f1': 0.96624, 'auc': 0.99923}
val: {'epoch': 769, 'time_epoch': 0.31252, 'loss': 0.5211085, 'lr': 0, 'params': 201514, 'time_iter': 0.01563, 'accuracy': 0.8556, 'f1': 0.85481, 'auc': 0.98796}
test: {'epoch': 769, 'time_epoch': 1.14718, 'loss': 2.82214934, 'lr': 0, 'params': 201514, 'time_iter': 0.02868, 'accuracy': 0.5867, 'f1': 0.59523, 'auc': 0.91301}
> Epoch 769: took 4.4s (avg 4.2s) | Best so far: epoch 643	train_loss: 0.1313 train_accuracy: 0.9506	val_loss: 0.4862 val_accuracy: 0.8584	test_loss: 2.6852 test_accuracy: 0.5817
train: {'epoch': 770, 'time_epoch': 2.93151, 'eta': 680.19148, 'eta_hours': 0.18894, 'loss': 0.09569743, 'lr': 0.00024218, 'params': 201514, 'time_iter': 0.02484, 'accuracy': 0.96413, 'f1': 0.96413, 'auc': 0.9992}
val: {'epoch': 770, 'time_epoch': 0.30653, 'loss': 0.56930435, 'lr': 0, 'params': 201514, 'time_iter': 0.01533, 'accuracy': 0.8456, 'f1': 0.8451, 'auc': 0.98614}
test: {'epoch': 770, 'time_epoch': 0.92204, 'loss': 2.83729679, 'lr': 0, 'params': 201514, 'time_iter': 0.02305, 'accuracy': 0.5807, 'f1': 0.58914, 'auc': 0.91111}
> Epoch 770: took 4.2s (avg 4.2s) | Best so far: epoch 643	train_loss: 0.1313 train_accuracy: 0.9506	val_loss: 0.4862 val_accuracy: 0.8584	test_loss: 2.6852 test_accuracy: 0.5817
train: {'epoch': 771, 'time_epoch': 2.93338, 'eta': 677.21032, 'eta_hours': 0.18811, 'loss': 0.09183225, 'lr': 0.00024113, 'params': 201514, 'time_iter': 0.02486, 'accuracy': 0.968, 'f1': 0.968, 'auc': 0.99923}
val: {'epoch': 771, 'time_epoch': 0.30953, 'loss': 0.51080266, 'lr': 0, 'params': 201514, 'time_iter': 0.01548, 'accuracy': 0.86, 'f1': 0.85969, 'auc': 0.98844}
test: {'epoch': 771, 'time_epoch': 0.91274, 'loss': 2.5663262, 'lr': 0, 'params': 201514, 'time_iter': 0.02282, 'accuracy': 0.5892, 'f1': 0.59655, 'auc': 0.91843}
> Epoch 771: took 4.2s (avg 4.2s) | Best so far: epoch 771	train_loss: 0.0918 train_accuracy: 0.9680	val_loss: 0.5108 val_accuracy: 0.8600	test_loss: 2.5663 test_accuracy: 0.5892
train: {'epoch': 772, 'time_epoch': 2.86893, 'eta': 674.21035, 'eta_hours': 0.18728, 'loss': 0.09901651, 'lr': 0.00024008, 'params': 201514, 'time_iter': 0.02431, 'accuracy': 0.96327, 'f1': 0.96328, 'auc': 0.99914}
val: {'epoch': 772, 'time_epoch': 0.29996, 'loss': 0.53134621, 'lr': 0, 'params': 201514, 'time_iter': 0.015, 'accuracy': 0.855, 'f1': 0.85418, 'auc': 0.98786}
test: {'epoch': 772, 'time_epoch': 0.91875, 'loss': 2.7119247, 'lr': 0, 'params': 201514, 'time_iter': 0.02297, 'accuracy': 0.5882, 'f1': 0.59357, 'auc': 0.91718}
> Epoch 772: took 4.1s (avg 4.2s) | Best so far: epoch 771	train_loss: 0.0918 train_accuracy: 0.9680	val_loss: 0.5108 val_accuracy: 0.8600	test_loss: 2.5663 test_accuracy: 0.5892
train: {'epoch': 773, 'time_epoch': 2.8616, 'eta': 671.20858, 'eta_hours': 0.18645, 'loss': 0.09852956, 'lr': 0.00023902, 'params': 201514, 'time_iter': 0.02425, 'accuracy': 0.96417, 'f1': 0.96417, 'auc': 0.99913}
val: {'epoch': 773, 'time_epoch': 0.31087, 'loss': 0.54313166, 'lr': 0, 'params': 201514, 'time_iter': 0.01554, 'accuracy': 0.851, 'f1': 0.85034, 'auc': 0.98755}
test: {'epoch': 773, 'time_epoch': 0.92854, 'loss': 2.57498678, 'lr': 0, 'params': 201514, 'time_iter': 0.02321, 'accuracy': 0.5838, 'f1': 0.58824, 'auc': 0.91958}
> Epoch 773: took 4.1s (avg 4.2s) | Best so far: epoch 771	train_loss: 0.0918 train_accuracy: 0.9680	val_loss: 0.5108 val_accuracy: 0.8600	test_loss: 2.5663 test_accuracy: 0.5892
train: {'epoch': 774, 'time_epoch': 2.88585, 'eta': 668.21422, 'eta_hours': 0.18562, 'loss': 0.0906128, 'lr': 0.00023797, 'params': 201514, 'time_iter': 0.02446, 'accuracy': 0.9666, 'f1': 0.9666, 'auc': 0.99926}
val: {'epoch': 774, 'time_epoch': 0.3074, 'loss': 0.52516686, 'lr': 0, 'params': 201514, 'time_iter': 0.01537, 'accuracy': 0.8496, 'f1': 0.84978, 'auc': 0.98754}
test: {'epoch': 774, 'time_epoch': 0.90575, 'loss': 2.55479615, 'lr': 0, 'params': 201514, 'time_iter': 0.02264, 'accuracy': 0.5856, 'f1': 0.58815, 'auc': 0.91767}
> Epoch 774: took 4.1s (avg 4.2s) | Best so far: epoch 771	train_loss: 0.0918 train_accuracy: 0.9680	val_loss: 0.5108 val_accuracy: 0.8600	test_loss: 2.5663 test_accuracy: 0.5892
train: {'epoch': 775, 'time_epoch': 2.87786, 'eta': 665.21782, 'eta_hours': 0.18478, 'loss': 0.09505085, 'lr': 0.00023692, 'params': 201514, 'time_iter': 0.02439, 'accuracy': 0.9647, 'f1': 0.9647, 'auc': 0.99917}
val: {'epoch': 775, 'time_epoch': 0.30542, 'loss': 0.54890904, 'lr': 0, 'params': 201514, 'time_iter': 0.01527, 'accuracy': 0.8496, 'f1': 0.84908, 'auc': 0.98678}
test: {'epoch': 775, 'time_epoch': 0.89516, 'loss': 2.63086483, 'lr': 0, 'params': 201514, 'time_iter': 0.02238, 'accuracy': 0.5872, 'f1': 0.59268, 'auc': 0.91609}
> Epoch 775: took 4.1s (avg 4.2s) | Best so far: epoch 771	train_loss: 0.0918 train_accuracy: 0.9680	val_loss: 0.5108 val_accuracy: 0.8600	test_loss: 2.5663 test_accuracy: 0.5892
train: {'epoch': 776, 'time_epoch': 2.93181, 'eta': 662.23722, 'eta_hours': 0.18395, 'loss': 0.09524, 'lr': 0.00023587, 'params': 201514, 'time_iter': 0.02485, 'accuracy': 0.96537, 'f1': 0.96537, 'auc': 0.99919}
val: {'epoch': 776, 'time_epoch': 0.32752, 'loss': 0.50818544, 'lr': 0, 'params': 201514, 'time_iter': 0.01638, 'accuracy': 0.8608, 'f1': 0.86025, 'auc': 0.98836}
test: {'epoch': 776, 'time_epoch': 1.14032, 'loss': 2.71765511, 'lr': 0, 'params': 201514, 'time_iter': 0.02851, 'accuracy': 0.5853, 'f1': 0.58912, 'auc': 0.91661}
> Epoch 776: took 4.4s (avg 4.2s) | Best so far: epoch 776	train_loss: 0.0952 train_accuracy: 0.9654	val_loss: 0.5082 val_accuracy: 0.8608	test_loss: 2.7177 test_accuracy: 0.5853
train: {'epoch': 777, 'time_epoch': 2.91299, 'eta': 659.25137, 'eta_hours': 0.18313, 'loss': 0.09587515, 'lr': 0.00023481, 'params': 201514, 'time_iter': 0.02469, 'accuracy': 0.96537, 'f1': 0.96536, 'auc': 0.99919}
val: {'epoch': 777, 'time_epoch': 0.31568, 'loss': 0.52183613, 'lr': 0, 'params': 201514, 'time_iter': 0.01578, 'accuracy': 0.8578, 'f1': 0.85775, 'auc': 0.98812}
test: {'epoch': 777, 'time_epoch': 0.92957, 'loss': 2.69507345, 'lr': 0, 'params': 201514, 'time_iter': 0.02324, 'accuracy': 0.5861, 'f1': 0.59214, 'auc': 0.91736}
> Epoch 777: took 4.2s (avg 4.2s) | Best so far: epoch 776	train_loss: 0.0952 train_accuracy: 0.9654	val_loss: 0.5082 val_accuracy: 0.8608	test_loss: 2.7177 test_accuracy: 0.5853
train: {'epoch': 778, 'time_epoch': 2.87829, 'eta': 656.25587, 'eta_hours': 0.18229, 'loss': 0.09440735, 'lr': 0.00023376, 'params': 201514, 'time_iter': 0.02439, 'accuracy': 0.96593, 'f1': 0.96594, 'auc': 0.99921}
val: {'epoch': 778, 'time_epoch': 0.30802, 'loss': 0.53268561, 'lr': 0, 'params': 201514, 'time_iter': 0.0154, 'accuracy': 0.8612, 'f1': 0.86099, 'auc': 0.98789}
test: {'epoch': 778, 'time_epoch': 0.91503, 'loss': 2.71031274, 'lr': 0, 'params': 201514, 'time_iter': 0.02288, 'accuracy': 0.5927, 'f1': 0.5971, 'auc': 0.91632}
> Epoch 778: took 4.1s (avg 4.2s) | Best so far: epoch 778	train_loss: 0.0944 train_accuracy: 0.9659	val_loss: 0.5327 val_accuracy: 0.8612	test_loss: 2.7103 test_accuracy: 0.5927
train: {'epoch': 779, 'time_epoch': 2.91125, 'eta': 653.26996, 'eta_hours': 0.18146, 'loss': 0.09789851, 'lr': 0.00023271, 'params': 201514, 'time_iter': 0.02467, 'accuracy': 0.96393, 'f1': 0.96393, 'auc': 0.9991}
val: {'epoch': 779, 'time_epoch': 0.30704, 'loss': 0.51862971, 'lr': 0, 'params': 201514, 'time_iter': 0.01535, 'accuracy': 0.851, 'f1': 0.85122, 'auc': 0.98767}
test: {'epoch': 779, 'time_epoch': 0.9116, 'loss': 2.70120887, 'lr': 0, 'params': 201514, 'time_iter': 0.02279, 'accuracy': 0.5848, 'f1': 0.58937, 'auc': 0.91588}
> Epoch 779: took 4.2s (avg 4.2s) | Best so far: epoch 778	train_loss: 0.0944 train_accuracy: 0.9659	val_loss: 0.5327 val_accuracy: 0.8612	test_loss: 2.7103 test_accuracy: 0.5927
train: {'epoch': 780, 'time_epoch': 2.9256, 'eta': 650.28827, 'eta_hours': 0.18064, 'loss': 0.09039237, 'lr': 0.00023166, 'params': 201514, 'time_iter': 0.02479, 'accuracy': 0.96703, 'f1': 0.96703, 'auc': 0.99927}
val: {'epoch': 780, 'time_epoch': 0.31152, 'loss': 0.5267814, 'lr': 0, 'params': 201514, 'time_iter': 0.01558, 'accuracy': 0.8532, 'f1': 0.85327, 'auc': 0.98817}
test: {'epoch': 780, 'time_epoch': 0.91657, 'loss': 2.79084424, 'lr': 0, 'params': 201514, 'time_iter': 0.02291, 'accuracy': 0.5875, 'f1': 0.59491, 'auc': 0.91605}
> Epoch 780: took 4.2s (avg 4.2s) | Best so far: epoch 778	train_loss: 0.0944 train_accuracy: 0.9659	val_loss: 0.5327 val_accuracy: 0.8612	test_loss: 2.7103 test_accuracy: 0.5927
train: {'epoch': 781, 'time_epoch': 2.93892, 'eta': 647.31043, 'eta_hours': 0.17981, 'loss': 0.09827991, 'lr': 0.0002306, 'params': 201514, 'time_iter': 0.02491, 'accuracy': 0.96383, 'f1': 0.96383, 'auc': 0.99914}
val: {'epoch': 781, 'time_epoch': 0.30952, 'loss': 0.49510782, 'lr': 0, 'params': 201514, 'time_iter': 0.01548, 'accuracy': 0.856, 'f1': 0.85508, 'auc': 0.98862}
test: {'epoch': 781, 'time_epoch': 0.90076, 'loss': 2.56960017, 'lr': 0, 'params': 201514, 'time_iter': 0.02252, 'accuracy': 0.5918, 'f1': 0.59709, 'auc': 0.91931}
> Epoch 781: took 4.2s (avg 4.2s) | Best so far: epoch 778	train_loss: 0.0944 train_accuracy: 0.9659	val_loss: 0.5327 val_accuracy: 0.8612	test_loss: 2.7103 test_accuracy: 0.5927
train: {'epoch': 782, 'time_epoch': 2.89012, 'eta': 644.31917, 'eta_hours': 0.17898, 'loss': 0.09054781, 'lr': 0.00022955, 'params': 201514, 'time_iter': 0.02449, 'accuracy': 0.9669, 'f1': 0.9669, 'auc': 0.99926}
val: {'epoch': 782, 'time_epoch': 0.31852, 'loss': 0.51118866, 'lr': 0, 'params': 201514, 'time_iter': 0.01593, 'accuracy': 0.8568, 'f1': 0.85648, 'auc': 0.98818}
test: {'epoch': 782, 'time_epoch': 0.93918, 'loss': 2.73481484, 'lr': 0, 'params': 201514, 'time_iter': 0.02348, 'accuracy': 0.585, 'f1': 0.58702, 'auc': 0.91525}
> Epoch 782: took 4.2s (avg 4.2s) | Best so far: epoch 778	train_loss: 0.0944 train_accuracy: 0.9659	val_loss: 0.5327 val_accuracy: 0.8612	test_loss: 2.7103 test_accuracy: 0.5927
train: {'epoch': 783, 'time_epoch': 2.92083, 'eta': 641.33663, 'eta_hours': 0.17815, 'loss': 0.08801326, 'lr': 0.0002285, 'params': 201514, 'time_iter': 0.02475, 'accuracy': 0.96767, 'f1': 0.96767, 'auc': 0.99932}
val: {'epoch': 783, 'time_epoch': 0.30817, 'loss': 0.52085116, 'lr': 0, 'params': 201514, 'time_iter': 0.01541, 'accuracy': 0.859, 'f1': 0.85875, 'auc': 0.98836}
test: {'epoch': 783, 'time_epoch': 1.13613, 'loss': 2.77729552, 'lr': 0, 'params': 201514, 'time_iter': 0.0284, 'accuracy': 0.5829, 'f1': 0.58894, 'auc': 0.91468}
> Epoch 783: took 4.4s (avg 4.2s) | Best so far: epoch 778	train_loss: 0.0944 train_accuracy: 0.9659	val_loss: 0.5327 val_accuracy: 0.8612	test_loss: 2.7103 test_accuracy: 0.5927
train: {'epoch': 784, 'time_epoch': 2.89236, 'eta': 638.34644, 'eta_hours': 0.17732, 'loss': 0.093894, 'lr': 0.00022745, 'params': 201514, 'time_iter': 0.02451, 'accuracy': 0.96637, 'f1': 0.96637, 'auc': 0.99919}
val: {'epoch': 784, 'time_epoch': 0.29952, 'loss': 0.52107366, 'lr': 0, 'params': 201514, 'time_iter': 0.01498, 'accuracy': 0.8546, 'f1': 0.85395, 'auc': 0.98825}
test: {'epoch': 784, 'time_epoch': 0.91951, 'loss': 2.8499157, 'lr': 0, 'params': 201514, 'time_iter': 0.02299, 'accuracy': 0.5843, 'f1': 0.58898, 'auc': 0.91361}
> Epoch 784: took 4.1s (avg 4.2s) | Best so far: epoch 778	train_loss: 0.0944 train_accuracy: 0.9659	val_loss: 0.5327 val_accuracy: 0.8612	test_loss: 2.7103 test_accuracy: 0.5927
train: {'epoch': 785, 'time_epoch': 2.95558, 'eta': 635.37372, 'eta_hours': 0.17649, 'loss': 0.09301957, 'lr': 0.00022639, 'params': 201514, 'time_iter': 0.02505, 'accuracy': 0.9661, 'f1': 0.9661, 'auc': 0.99924}
val: {'epoch': 785, 'time_epoch': 0.31991, 'loss': 0.50218096, 'lr': 0, 'params': 201514, 'time_iter': 0.016, 'accuracy': 0.8608, 'f1': 0.8607, 'auc': 0.98838}
test: {'epoch': 785, 'time_epoch': 0.89363, 'loss': 2.61613605, 'lr': 0, 'params': 201514, 'time_iter': 0.02234, 'accuracy': 0.5918, 'f1': 0.59738, 'auc': 0.91802}
> Epoch 785: took 4.2s (avg 4.2s) | Best so far: epoch 778	train_loss: 0.0944 train_accuracy: 0.9659	val_loss: 0.5327 val_accuracy: 0.8612	test_loss: 2.7103 test_accuracy: 0.5927
train: {'epoch': 786, 'time_epoch': 2.99917, 'eta': 632.41284, 'eta_hours': 0.17567, 'loss': 0.0952164, 'lr': 0.00022534, 'params': 201514, 'time_iter': 0.02542, 'accuracy': 0.96593, 'f1': 0.96594, 'auc': 0.9992}
val: {'epoch': 786, 'time_epoch': 0.3062, 'loss': 0.52022222, 'lr': 0, 'params': 201514, 'time_iter': 0.01531, 'accuracy': 0.858, 'f1': 0.85766, 'auc': 0.98779}
test: {'epoch': 786, 'time_epoch': 0.91707, 'loss': 2.64846812, 'lr': 0, 'params': 201514, 'time_iter': 0.02293, 'accuracy': 0.5915, 'f1': 0.59596, 'auc': 0.91578}
> Epoch 786: took 4.3s (avg 4.2s) | Best so far: epoch 778	train_loss: 0.0944 train_accuracy: 0.9659	val_loss: 0.5327 val_accuracy: 0.8612	test_loss: 2.7103 test_accuracy: 0.5927
train: {'epoch': 787, 'time_epoch': 2.94316, 'eta': 629.43679, 'eta_hours': 0.17484, 'loss': 0.09050544, 'lr': 0.00022429, 'params': 201514, 'time_iter': 0.02494, 'accuracy': 0.9667, 'f1': 0.96671, 'auc': 0.99928}
val: {'epoch': 787, 'time_epoch': 0.32319, 'loss': 0.52873323, 'lr': 0, 'params': 201514, 'time_iter': 0.01616, 'accuracy': 0.8594, 'f1': 0.859, 'auc': 0.98835}
test: {'epoch': 787, 'time_epoch': 0.92037, 'loss': 2.83548894, 'lr': 0, 'params': 201514, 'time_iter': 0.02301, 'accuracy': 0.5893, 'f1': 0.59116, 'auc': 0.91496}
> Epoch 787: took 4.2s (avg 4.2s) | Best so far: epoch 778	train_loss: 0.0944 train_accuracy: 0.9659	val_loss: 0.5327 val_accuracy: 0.8612	test_loss: 2.7103 test_accuracy: 0.5927
train: {'epoch': 788, 'time_epoch': 2.85072, 'eta': 626.43611, 'eta_hours': 0.17401, 'loss': 0.09372671, 'lr': 0.00022324, 'params': 201514, 'time_iter': 0.02416, 'accuracy': 0.96557, 'f1': 0.96556, 'auc': 0.99919}
val: {'epoch': 788, 'time_epoch': 0.32202, 'loss': 0.54255783, 'lr': 0, 'params': 201514, 'time_iter': 0.0161, 'accuracy': 0.8508, 'f1': 0.85027, 'auc': 0.98694}
test: {'epoch': 788, 'time_epoch': 0.90057, 'loss': 2.68774882, 'lr': 0, 'params': 201514, 'time_iter': 0.02251, 'accuracy': 0.5841, 'f1': 0.586, 'auc': 0.9147}
> Epoch 788: took 4.1s (avg 4.2s) | Best so far: epoch 778	train_loss: 0.0944 train_accuracy: 0.9659	val_loss: 0.5327 val_accuracy: 0.8612	test_loss: 2.7103 test_accuracy: 0.5927
train: {'epoch': 789, 'time_epoch': 2.94464, 'eta': 623.46077, 'eta_hours': 0.17318, 'loss': 0.08925802, 'lr': 0.00022218, 'params': 201514, 'time_iter': 0.02495, 'accuracy': 0.9678, 'f1': 0.9678, 'auc': 0.9993}
val: {'epoch': 789, 'time_epoch': 0.30864, 'loss': 0.5278748, 'lr': 0, 'params': 201514, 'time_iter': 0.01543, 'accuracy': 0.8498, 'f1': 0.84916, 'auc': 0.98775}
test: {'epoch': 789, 'time_epoch': 0.89406, 'loss': 2.62980488, 'lr': 0, 'params': 201514, 'time_iter': 0.02235, 'accuracy': 0.5886, 'f1': 0.59212, 'auc': 0.91615}
> Epoch 789: took 4.2s (avg 4.2s) | Best so far: epoch 778	train_loss: 0.0944 train_accuracy: 0.9659	val_loss: 0.5327 val_accuracy: 0.8612	test_loss: 2.7103 test_accuracy: 0.5927
train: {'epoch': 790, 'time_epoch': 2.88816, 'eta': 620.47059, 'eta_hours': 0.17235, 'loss': 0.09096281, 'lr': 0.00022113, 'params': 201514, 'time_iter': 0.02448, 'accuracy': 0.96727, 'f1': 0.96727, 'auc': 0.99926}
val: {'epoch': 790, 'time_epoch': 0.31603, 'loss': 0.53802339, 'lr': 0, 'params': 201514, 'time_iter': 0.0158, 'accuracy': 0.8544, 'f1': 0.85384, 'auc': 0.98737}
test: {'epoch': 790, 'time_epoch': 1.14153, 'loss': 2.56695234, 'lr': 0, 'params': 201514, 'time_iter': 0.02854, 'accuracy': 0.5882, 'f1': 0.59176, 'auc': 0.91823}
> Epoch 790: took 4.4s (avg 4.2s) | Best so far: epoch 778	train_loss: 0.0944 train_accuracy: 0.9659	val_loss: 0.5327 val_accuracy: 0.8612	test_loss: 2.7103 test_accuracy: 0.5927
train: {'epoch': 791, 'time_epoch': 2.95311, 'eta': 617.49772, 'eta_hours': 0.17153, 'loss': 0.09491619, 'lr': 0.00022008, 'params': 201514, 'time_iter': 0.02503, 'accuracy': 0.96447, 'f1': 0.96447, 'auc': 0.99922}
val: {'epoch': 791, 'time_epoch': 0.30952, 'loss': 0.51451589, 'lr': 0, 'params': 201514, 'time_iter': 0.01548, 'accuracy': 0.8574, 'f1': 0.85715, 'auc': 0.98829}
test: {'epoch': 791, 'time_epoch': 0.91476, 'loss': 2.64469141, 'lr': 0, 'params': 201514, 'time_iter': 0.02287, 'accuracy': 0.5889, 'f1': 0.59263, 'auc': 0.91787}
> Epoch 791: took 4.2s (avg 4.2s) | Best so far: epoch 778	train_loss: 0.0944 train_accuracy: 0.9659	val_loss: 0.5327 val_accuracy: 0.8612	test_loss: 2.7103 test_accuracy: 0.5927
train: {'epoch': 792, 'time_epoch': 2.93913, 'eta': 614.52125, 'eta_hours': 0.1707, 'loss': 0.08925263, 'lr': 0.00021903, 'params': 201514, 'time_iter': 0.02491, 'accuracy': 0.96727, 'f1': 0.96727, 'auc': 0.99928}
val: {'epoch': 792, 'time_epoch': 0.30452, 'loss': 0.55606139, 'lr': 0, 'params': 201514, 'time_iter': 0.01523, 'accuracy': 0.8526, 'f1': 0.85217, 'auc': 0.98779}
test: {'epoch': 792, 'time_epoch': 0.92406, 'loss': 2.73931965, 'lr': 0, 'params': 201514, 'time_iter': 0.0231, 'accuracy': 0.5831, 'f1': 0.5859, 'auc': 0.91556}
> Epoch 792: took 4.2s (avg 4.2s) | Best so far: epoch 778	train_loss: 0.0944 train_accuracy: 0.9659	val_loss: 0.5327 val_accuracy: 0.8612	test_loss: 2.7103 test_accuracy: 0.5927
train: {'epoch': 793, 'time_epoch': 2.89849, 'eta': 611.53433, 'eta_hours': 0.16987, 'loss': 0.09379611, 'lr': 0.00021797, 'params': 201514, 'time_iter': 0.02456, 'accuracy': 0.9662, 'f1': 0.96621, 'auc': 0.99923}
val: {'epoch': 793, 'time_epoch': 0.31852, 'loss': 0.5181323, 'lr': 0, 'params': 201514, 'time_iter': 0.01593, 'accuracy': 0.8578, 'f1': 0.85709, 'auc': 0.98795}
test: {'epoch': 793, 'time_epoch': 0.9208, 'loss': 2.68184416, 'lr': 0, 'params': 201514, 'time_iter': 0.02302, 'accuracy': 0.5862, 'f1': 0.58834, 'auc': 0.91439}
> Epoch 793: took 4.2s (avg 4.2s) | Best so far: epoch 778	train_loss: 0.0944 train_accuracy: 0.9659	val_loss: 0.5327 val_accuracy: 0.8612	test_loss: 2.7103 test_accuracy: 0.5927
train: {'epoch': 794, 'time_epoch': 2.92254, 'eta': 608.55384, 'eta_hours': 0.16904, 'loss': 0.08657933, 'lr': 0.00021692, 'params': 201514, 'time_iter': 0.02477, 'accuracy': 0.96777, 'f1': 0.96777, 'auc': 0.99934}
val: {'epoch': 794, 'time_epoch': 0.30517, 'loss': 0.55775564, 'lr': 0, 'params': 201514, 'time_iter': 0.01526, 'accuracy': 0.854, 'f1': 0.85336, 'auc': 0.9874}
test: {'epoch': 794, 'time_epoch': 0.92182, 'loss': 2.65095189, 'lr': 0, 'params': 201514, 'time_iter': 0.02305, 'accuracy': 0.5805, 'f1': 0.5834, 'auc': 0.91516}
> Epoch 794: took 4.2s (avg 4.2s) | Best so far: epoch 778	train_loss: 0.0944 train_accuracy: 0.9659	val_loss: 0.5327 val_accuracy: 0.8612	test_loss: 2.7103 test_accuracy: 0.5927
train: {'epoch': 795, 'time_epoch': 3.02466, 'eta': 605.59966, 'eta_hours': 0.16822, 'loss': 0.08908363, 'lr': 0.00021587, 'params': 201514, 'time_iter': 0.02563, 'accuracy': 0.96773, 'f1': 0.96773, 'auc': 0.99928}
val: {'epoch': 795, 'time_epoch': 0.31994, 'loss': 0.53284547, 'lr': 0, 'params': 201514, 'time_iter': 0.016, 'accuracy': 0.8618, 'f1': 0.86144, 'auc': 0.9881}
test: {'epoch': 795, 'time_epoch': 0.91184, 'loss': 3.02263135, 'lr': 0, 'params': 201514, 'time_iter': 0.0228, 'accuracy': 0.5828, 'f1': 0.58567, 'auc': 0.91002}
> Epoch 795: took 4.3s (avg 4.2s) | Best so far: epoch 795	train_loss: 0.0891 train_accuracy: 0.9677	val_loss: 0.5328 val_accuracy: 0.8618	test_loss: 3.0226 test_accuracy: 0.5828
train: {'epoch': 796, 'time_epoch': 2.91607, 'eta': 602.61765, 'eta_hours': 0.16739, 'loss': 0.08585819, 'lr': 0.00021482, 'params': 201514, 'time_iter': 0.02471, 'accuracy': 0.9691, 'f1': 0.9691, 'auc': 0.99934}
val: {'epoch': 796, 'time_epoch': 0.31687, 'loss': 0.5913934, 'lr': 0, 'params': 201514, 'time_iter': 0.01584, 'accuracy': 0.8418, 'f1': 0.84053, 'auc': 0.98662}
test: {'epoch': 796, 'time_epoch': 0.90672, 'loss': 3.09649669, 'lr': 0, 'params': 201514, 'time_iter': 0.02267, 'accuracy': 0.5719, 'f1': 0.57558, 'auc': 0.90652}
> Epoch 796: took 4.2s (avg 4.2s) | Best so far: epoch 795	train_loss: 0.0891 train_accuracy: 0.9677	val_loss: 0.5328 val_accuracy: 0.8618	test_loss: 3.0226 test_accuracy: 0.5828
train: {'epoch': 797, 'time_epoch': 2.91264, 'eta': 599.63493, 'eta_hours': 0.16657, 'loss': 0.09264793, 'lr': 0.00021376, 'params': 201514, 'time_iter': 0.02468, 'accuracy': 0.96577, 'f1': 0.96576, 'auc': 0.99926}
val: {'epoch': 797, 'time_epoch': 0.53225, 'loss': 0.54632569, 'lr': 0, 'params': 201514, 'time_iter': 0.02661, 'accuracy': 0.8548, 'f1': 0.85431, 'auc': 0.98795}
test: {'epoch': 797, 'time_epoch': 0.9308, 'loss': 2.96204748, 'lr': 0, 'params': 201514, 'time_iter': 0.02327, 'accuracy': 0.588, 'f1': 0.59399, 'auc': 0.91179}
> Epoch 797: took 4.4s (avg 4.2s) | Best so far: epoch 795	train_loss: 0.0891 train_accuracy: 0.9677	val_loss: 0.5328 val_accuracy: 0.8618	test_loss: 3.0226 test_accuracy: 0.5828
train: {'epoch': 798, 'time_epoch': 2.92717, 'eta': 596.65605, 'eta_hours': 0.16574, 'loss': 0.09098068, 'lr': 0.00021271, 'params': 201514, 'time_iter': 0.02481, 'accuracy': 0.96643, 'f1': 0.96643, 'auc': 0.99927}
val: {'epoch': 798, 'time_epoch': 0.31002, 'loss': 0.51349075, 'lr': 0, 'params': 201514, 'time_iter': 0.0155, 'accuracy': 0.8606, 'f1': 0.85971, 'auc': 0.98828}
test: {'epoch': 798, 'time_epoch': 0.93295, 'loss': 2.74877953, 'lr': 0, 'params': 201514, 'time_iter': 0.02332, 'accuracy': 0.5931, 'f1': 0.59885, 'auc': 0.91496}
> Epoch 798: took 4.2s (avg 4.2s) | Best so far: epoch 795	train_loss: 0.0891 train_accuracy: 0.9677	val_loss: 0.5328 val_accuracy: 0.8618	test_loss: 3.0226 test_accuracy: 0.5828
train: {'epoch': 799, 'time_epoch': 2.98618, 'eta': 593.69205, 'eta_hours': 0.16491, 'loss': 0.08637784, 'lr': 0.00021166, 'params': 201514, 'time_iter': 0.02531, 'accuracy': 0.96813, 'f1': 0.96814, 'auc': 0.99933}
val: {'epoch': 799, 'time_epoch': 0.31621, 'loss': 0.53357076, 'lr': 0, 'params': 201514, 'time_iter': 0.01581, 'accuracy': 0.852, 'f1': 0.85151, 'auc': 0.98803}
test: {'epoch': 799, 'time_epoch': 0.90858, 'loss': 2.66627255, 'lr': 0, 'params': 201514, 'time_iter': 0.02271, 'accuracy': 0.59, 'f1': 0.59192, 'auc': 0.91533}
> Epoch 799: took 4.3s (avg 4.2s) | Best so far: epoch 795	train_loss: 0.0891 train_accuracy: 0.9677	val_loss: 0.5328 val_accuracy: 0.8618	test_loss: 3.0226 test_accuracy: 0.5828
train: {'epoch': 800, 'time_epoch': 2.9173, 'eta': 590.71088, 'eta_hours': 0.16409, 'loss': 0.09026521, 'lr': 0.00021061, 'params': 201514, 'time_iter': 0.02472, 'accuracy': 0.967, 'f1': 0.967, 'auc': 0.99927}
val: {'epoch': 800, 'time_epoch': 0.30853, 'loss': 0.54027746, 'lr': 0, 'params': 201514, 'time_iter': 0.01543, 'accuracy': 0.8566, 'f1': 0.85613, 'auc': 0.98805}
test: {'epoch': 800, 'time_epoch': 0.9042, 'loss': 2.73986192, 'lr': 0, 'params': 201514, 'time_iter': 0.02261, 'accuracy': 0.5912, 'f1': 0.59411, 'auc': 0.91565}
> Epoch 800: took 4.2s (avg 4.2s) | Best so far: epoch 795	train_loss: 0.0891 train_accuracy: 0.9677	val_loss: 0.5328 val_accuracy: 0.8618	test_loss: 3.0226 test_accuracy: 0.5828
train: {'epoch': 801, 'time_epoch': 2.91187, 'eta': 587.72852, 'eta_hours': 0.16326, 'loss': 0.08581538, 'lr': 0.00020955, 'params': 201514, 'time_iter': 0.02468, 'accuracy': 0.9694, 'f1': 0.9694, 'auc': 0.99933}
val: {'epoch': 801, 'time_epoch': 0.30852, 'loss': 0.53715281, 'lr': 0, 'params': 201514, 'time_iter': 0.01543, 'accuracy': 0.8534, 'f1': 0.85256, 'auc': 0.98797}
test: {'epoch': 801, 'time_epoch': 0.91229, 'loss': 2.72599797, 'lr': 0, 'params': 201514, 'time_iter': 0.02281, 'accuracy': 0.5835, 'f1': 0.58467, 'auc': 0.91542}
> Epoch 801: took 4.2s (avg 4.2s) | Best so far: epoch 795	train_loss: 0.0891 train_accuracy: 0.9677	val_loss: 0.5328 val_accuracy: 0.8618	test_loss: 3.0226 test_accuracy: 0.5828
train: {'epoch': 802, 'time_epoch': 2.88847, 'eta': 584.74061, 'eta_hours': 0.16243, 'loss': 0.09057981, 'lr': 0.0002085, 'params': 201514, 'time_iter': 0.02448, 'accuracy': 0.96703, 'f1': 0.96703, 'auc': 0.99925}
val: {'epoch': 802, 'time_epoch': 0.32551, 'loss': 0.54517538, 'lr': 0, 'params': 201514, 'time_iter': 0.01628, 'accuracy': 0.855, 'f1': 0.85536, 'auc': 0.98741}
test: {'epoch': 802, 'time_epoch': 0.93501, 'loss': 2.55467877, 'lr': 0, 'params': 201514, 'time_iter': 0.02338, 'accuracy': 0.5877, 'f1': 0.59208, 'auc': 0.91935}
> Epoch 802: took 4.2s (avg 4.2s) | Best so far: epoch 795	train_loss: 0.0891 train_accuracy: 0.9677	val_loss: 0.5328 val_accuracy: 0.8618	test_loss: 3.0226 test_accuracy: 0.5828
train: {'epoch': 803, 'time_epoch': 2.95307, 'eta': 581.76869, 'eta_hours': 0.1616, 'loss': 0.08277647, 'lr': 0.00020745, 'params': 201514, 'time_iter': 0.02503, 'accuracy': 0.96883, 'f1': 0.96883, 'auc': 0.99939}
val: {'epoch': 803, 'time_epoch': 0.30352, 'loss': 0.5310947, 'lr': 0, 'params': 201514, 'time_iter': 0.01518, 'accuracy': 0.8558, 'f1': 0.85542, 'auc': 0.98823}
test: {'epoch': 803, 'time_epoch': 0.93941, 'loss': 2.63138689, 'lr': 0, 'params': 201514, 'time_iter': 0.02349, 'accuracy': 0.5825, 'f1': 0.58458, 'auc': 0.91699}
> Epoch 803: took 4.2s (avg 4.2s) | Best so far: epoch 795	train_loss: 0.0891 train_accuracy: 0.9677	val_loss: 0.5328 val_accuracy: 0.8618	test_loss: 3.0226 test_accuracy: 0.5828
train: {'epoch': 804, 'time_epoch': 3.18439, 'eta': 578.85285, 'eta_hours': 0.16079, 'loss': 0.09167235, 'lr': 0.0002064, 'params': 201514, 'time_iter': 0.02699, 'accuracy': 0.96783, 'f1': 0.96783, 'auc': 0.99921}
val: {'epoch': 804, 'time_epoch': 0.30753, 'loss': 0.54303394, 'lr': 0, 'params': 201514, 'time_iter': 0.01538, 'accuracy': 0.8536, 'f1': 0.85291, 'auc': 0.98758}
test: {'epoch': 804, 'time_epoch': 0.92067, 'loss': 2.55272056, 'lr': 0, 'params': 201514, 'time_iter': 0.02302, 'accuracy': 0.5895, 'f1': 0.59348, 'auc': 0.91765}
> Epoch 804: took 4.4s (avg 4.2s) | Best so far: epoch 795	train_loss: 0.0891 train_accuracy: 0.9677	val_loss: 0.5328 val_accuracy: 0.8618	test_loss: 3.0226 test_accuracy: 0.5828
train: {'epoch': 805, 'time_epoch': 2.9602, 'eta': 575.88238, 'eta_hours': 0.15997, 'loss': 0.08201875, 'lr': 0.00020534, 'params': 201514, 'time_iter': 0.02509, 'accuracy': 0.97017, 'f1': 0.97017, 'auc': 0.9994}
val: {'epoch': 805, 'time_epoch': 0.30773, 'loss': 0.53385222, 'lr': 0, 'params': 201514, 'time_iter': 0.01539, 'accuracy': 0.8622, 'f1': 0.86161, 'auc': 0.98817}
test: {'epoch': 805, 'time_epoch': 0.92278, 'loss': 2.80664747, 'lr': 0, 'params': 201514, 'time_iter': 0.02307, 'accuracy': 0.5888, 'f1': 0.5945, 'auc': 0.91521}
> Epoch 805: took 4.2s (avg 4.2s) | Best so far: epoch 805	train_loss: 0.0820 train_accuracy: 0.9702	val_loss: 0.5339 val_accuracy: 0.8622	test_loss: 2.8066 test_accuracy: 0.5888
train: {'epoch': 806, 'time_epoch': 2.87918, 'eta': 572.89256, 'eta_hours': 0.15914, 'loss': 0.08485398, 'lr': 0.00020429, 'params': 201514, 'time_iter': 0.0244, 'accuracy': 0.96897, 'f1': 0.96897, 'auc': 0.99934}
val: {'epoch': 806, 'time_epoch': 0.31119, 'loss': 0.55371646, 'lr': 0, 'params': 201514, 'time_iter': 0.01556, 'accuracy': 0.852, 'f1': 0.8512, 'auc': 0.98738}
test: {'epoch': 806, 'time_epoch': 0.92565, 'loss': 2.87405318, 'lr': 0, 'params': 201514, 'time_iter': 0.02314, 'accuracy': 0.5882, 'f1': 0.59065, 'auc': 0.91483}
> Epoch 806: took 4.1s (avg 4.2s) | Best so far: epoch 805	train_loss: 0.0820 train_accuracy: 0.9702	val_loss: 0.5339 val_accuracy: 0.8622	test_loss: 2.8066 test_accuracy: 0.5888
train: {'epoch': 807, 'time_epoch': 2.86567, 'eta': 569.8998, 'eta_hours': 0.15831, 'loss': 0.08762362, 'lr': 0.00020324, 'params': 201514, 'time_iter': 0.02429, 'accuracy': 0.9686, 'f1': 0.96861, 'auc': 0.99928}
val: {'epoch': 807, 'time_epoch': 0.29519, 'loss': 0.53177529, 'lr': 0, 'params': 201514, 'time_iter': 0.01476, 'accuracy': 0.8536, 'f1': 0.85267, 'auc': 0.98831}
test: {'epoch': 807, 'time_epoch': 0.88655, 'loss': 2.53135757, 'lr': 0, 'params': 201514, 'time_iter': 0.02216, 'accuracy': 0.5898, 'f1': 0.59382, 'auc': 0.92047}
> Epoch 807: took 4.1s (avg 4.2s) | Best so far: epoch 805	train_loss: 0.0820 train_accuracy: 0.9702	val_loss: 0.5339 val_accuracy: 0.8622	test_loss: 2.8066 test_accuracy: 0.5888
train: {'epoch': 808, 'time_epoch': 2.89397, 'eta': 566.91404, 'eta_hours': 0.15748, 'loss': 0.0867854, 'lr': 0.00020219, 'params': 201514, 'time_iter': 0.02453, 'accuracy': 0.96853, 'f1': 0.96853, 'auc': 0.99933}
val: {'epoch': 808, 'time_epoch': 0.31273, 'loss': 0.52806725, 'lr': 0, 'params': 201514, 'time_iter': 0.01564, 'accuracy': 0.8574, 'f1': 0.85691, 'auc': 0.98829}
test: {'epoch': 808, 'time_epoch': 0.91096, 'loss': 2.69688947, 'lr': 0, 'params': 201514, 'time_iter': 0.02277, 'accuracy': 0.5899, 'f1': 0.59669, 'auc': 0.91784}
> Epoch 808: took 4.2s (avg 4.2s) | Best so far: epoch 805	train_loss: 0.0820 train_accuracy: 0.9702	val_loss: 0.5339 val_accuracy: 0.8622	test_loss: 2.8066 test_accuracy: 0.5888
train: {'epoch': 809, 'time_epoch': 2.9122, 'eta': 563.93279, 'eta_hours': 0.15665, 'loss': 0.08344252, 'lr': 0.00020113, 'params': 201514, 'time_iter': 0.02468, 'accuracy': 0.9693, 'f1': 0.9693, 'auc': 0.99938}
val: {'epoch': 809, 'time_epoch': 0.29704, 'loss': 0.55769535, 'lr': 0, 'params': 201514, 'time_iter': 0.01485, 'accuracy': 0.853, 'f1': 0.85222, 'auc': 0.98771}
test: {'epoch': 809, 'time_epoch': 0.85982, 'loss': 2.66200874, 'lr': 0, 'params': 201514, 'time_iter': 0.0215, 'accuracy': 0.5863, 'f1': 0.59364, 'auc': 0.91745}
> Epoch 809: took 4.1s (avg 4.2s) | Best so far: epoch 805	train_loss: 0.0820 train_accuracy: 0.9702	val_loss: 0.5339 val_accuracy: 0.8622	test_loss: 2.8066 test_accuracy: 0.5888
train: {'epoch': 810, 'time_epoch': 3.0357, 'eta': 560.98048, 'eta_hours': 0.15583, 'loss': 0.08635416, 'lr': 0.00020008, 'params': 201514, 'time_iter': 0.02573, 'accuracy': 0.9698, 'f1': 0.96981, 'auc': 0.99931}
val: {'epoch': 810, 'time_epoch': 0.31116, 'loss': 0.53588846, 'lr': 0, 'params': 201514, 'time_iter': 0.01556, 'accuracy': 0.8534, 'f1': 0.8531, 'auc': 0.98804}
test: {'epoch': 810, 'time_epoch': 0.93956, 'loss': 2.62721843, 'lr': 0, 'params': 201514, 'time_iter': 0.02349, 'accuracy': 0.5876, 'f1': 0.59094, 'auc': 0.91897}
> Epoch 810: took 4.3s (avg 4.2s) | Best so far: epoch 805	train_loss: 0.0820 train_accuracy: 0.9702	val_loss: 0.5339 val_accuracy: 0.8622	test_loss: 2.8066 test_accuracy: 0.5888
train: {'epoch': 811, 'time_epoch': 3.15515, 'eta': 558.05563, 'eta_hours': 0.15502, 'loss': 0.08458973, 'lr': 0.00019903, 'params': 201514, 'time_iter': 0.02674, 'accuracy': 0.96963, 'f1': 0.96964, 'auc': 0.99936}
val: {'epoch': 811, 'time_epoch': 0.32252, 'loss': 0.51874424, 'lr': 0, 'params': 201514, 'time_iter': 0.01613, 'accuracy': 0.8578, 'f1': 0.85732, 'auc': 0.9885}
test: {'epoch': 811, 'time_epoch': 0.91957, 'loss': 2.61824958, 'lr': 0, 'params': 201514, 'time_iter': 0.02299, 'accuracy': 0.5892, 'f1': 0.59219, 'auc': 0.91982}
> Epoch 811: took 4.4s (avg 4.2s) | Best so far: epoch 805	train_loss: 0.0820 train_accuracy: 0.9702	val_loss: 0.5339 val_accuracy: 0.8622	test_loss: 2.8066 test_accuracy: 0.5888
train: {'epoch': 812, 'time_epoch': 2.89545, 'eta': 555.07047, 'eta_hours': 0.15419, 'loss': 0.08889603, 'lr': 0.00019797, 'params': 201514, 'time_iter': 0.02454, 'accuracy': 0.96677, 'f1': 0.96677, 'auc': 0.99929}
val: {'epoch': 812, 'time_epoch': 0.31952, 'loss': 0.53512045, 'lr': 0, 'params': 201514, 'time_iter': 0.01598, 'accuracy': 0.8524, 'f1': 0.85199, 'auc': 0.98819}
test: {'epoch': 812, 'time_epoch': 0.90881, 'loss': 2.60032256, 'lr': 0, 'params': 201514, 'time_iter': 0.02272, 'accuracy': 0.5865, 'f1': 0.58962, 'auc': 0.91935}
> Epoch 812: took 4.2s (avg 4.2s) | Best so far: epoch 805	train_loss: 0.0820 train_accuracy: 0.9702	val_loss: 0.5339 val_accuracy: 0.8622	test_loss: 2.8066 test_accuracy: 0.5888
train: {'epoch': 813, 'time_epoch': 2.90273, 'eta': 552.0872, 'eta_hours': 0.15336, 'loss': 0.087346, 'lr': 0.00019692, 'params': 201514, 'time_iter': 0.0246, 'accuracy': 0.9676, 'f1': 0.9676, 'auc': 0.99932}
val: {'epoch': 813, 'time_epoch': 0.31328, 'loss': 0.53077343, 'lr': 0, 'params': 201514, 'time_iter': 0.01566, 'accuracy': 0.8544, 'f1': 0.85395, 'auc': 0.98814}
test: {'epoch': 813, 'time_epoch': 0.95359, 'loss': 2.68223184, 'lr': 0, 'params': 201514, 'time_iter': 0.02384, 'accuracy': 0.5835, 'f1': 0.58522, 'auc': 0.91744}
> Epoch 813: took 4.2s (avg 4.2s) | Best so far: epoch 805	train_loss: 0.0820 train_accuracy: 0.9702	val_loss: 0.5339 val_accuracy: 0.8622	test_loss: 2.8066 test_accuracy: 0.5888
train: {'epoch': 814, 'time_epoch': 2.8881, 'eta': 549.1008, 'eta_hours': 0.15253, 'loss': 0.08795113, 'lr': 0.00019587, 'params': 201514, 'time_iter': 0.02448, 'accuracy': 0.96707, 'f1': 0.96707, 'auc': 0.99931}
val: {'epoch': 814, 'time_epoch': 0.30035, 'loss': 0.56308778, 'lr': 0, 'params': 201514, 'time_iter': 0.01502, 'accuracy': 0.849, 'f1': 0.84875, 'auc': 0.98737}
test: {'epoch': 814, 'time_epoch': 0.90084, 'loss': 2.80664096, 'lr': 0, 'params': 201514, 'time_iter': 0.02252, 'accuracy': 0.5777, 'f1': 0.57927, 'auc': 0.91446}
> Epoch 814: took 4.1s (avg 4.2s) | Best so far: epoch 805	train_loss: 0.0820 train_accuracy: 0.9702	val_loss: 0.5339 val_accuracy: 0.8622	test_loss: 2.8066 test_accuracy: 0.5888
train: {'epoch': 815, 'time_epoch': 2.86411, 'eta': 546.10924, 'eta_hours': 0.1517, 'loss': 0.08569627, 'lr': 0.00019482, 'params': 201514, 'time_iter': 0.02427, 'accuracy': 0.96843, 'f1': 0.96843, 'auc': 0.99935}
val: {'epoch': 815, 'time_epoch': 0.30852, 'loss': 0.58361118, 'lr': 0, 'params': 201514, 'time_iter': 0.01543, 'accuracy': 0.8468, 'f1': 0.84707, 'auc': 0.98664}
test: {'epoch': 815, 'time_epoch': 0.91478, 'loss': 2.79778934, 'lr': 0, 'params': 201514, 'time_iter': 0.02287, 'accuracy': 0.5799, 'f1': 0.58573, 'auc': 0.91461}
> Epoch 815: took 4.1s (avg 4.2s) | Best so far: epoch 805	train_loss: 0.0820 train_accuracy: 0.9702	val_loss: 0.5339 val_accuracy: 0.8622	test_loss: 2.8066 test_accuracy: 0.5888
train: {'epoch': 816, 'time_epoch': 2.86769, 'eta': 543.11879, 'eta_hours': 0.15087, 'loss': 0.08602528, 'lr': 0.00019376, 'params': 201514, 'time_iter': 0.0243, 'accuracy': 0.96843, 'f1': 0.96843, 'auc': 0.99933}
val: {'epoch': 816, 'time_epoch': 0.30452, 'loss': 0.50748246, 'lr': 0, 'params': 201514, 'time_iter': 0.01523, 'accuracy': 0.8654, 'f1': 0.86516, 'auc': 0.98897}
test: {'epoch': 816, 'time_epoch': 0.90376, 'loss': 2.61456669, 'lr': 0, 'params': 201514, 'time_iter': 0.02259, 'accuracy': 0.5955, 'f1': 0.60084, 'auc': 0.92092}
> Epoch 816: took 4.1s (avg 4.2s) | Best so far: epoch 816	train_loss: 0.0860 train_accuracy: 0.9684	val_loss: 0.5075 val_accuracy: 0.8654	test_loss: 2.6146 test_accuracy: 0.5955
train: {'epoch': 817, 'time_epoch': 2.94867, 'eta': 540.14666, 'eta_hours': 0.15004, 'loss': 0.09169636, 'lr': 0.00019271, 'params': 201514, 'time_iter': 0.02499, 'accuracy': 0.96813, 'f1': 0.96814, 'auc': 0.99924}
val: {'epoch': 817, 'time_epoch': 0.5469, 'loss': 0.53117058, 'lr': 0, 'params': 201514, 'time_iter': 0.02735, 'accuracy': 0.8512, 'f1': 0.8508, 'auc': 0.98828}
test: {'epoch': 817, 'time_epoch': 0.92764, 'loss': 2.57439628, 'lr': 0, 'params': 201514, 'time_iter': 0.02319, 'accuracy': 0.5845, 'f1': 0.58696, 'auc': 0.91967}
> Epoch 817: took 4.5s (avg 4.2s) | Best so far: epoch 816	train_loss: 0.0860 train_accuracy: 0.9684	val_loss: 0.5075 val_accuracy: 0.8654	test_loss: 2.6146 test_accuracy: 0.5955
train: {'epoch': 818, 'time_epoch': 2.91286, 'eta': 537.16667, 'eta_hours': 0.14921, 'loss': 0.08529954, 'lr': 0.00019166, 'params': 201514, 'time_iter': 0.02469, 'accuracy': 0.97017, 'f1': 0.97017, 'auc': 0.99933}
val: {'epoch': 818, 'time_epoch': 0.30783, 'loss': 0.54419998, 'lr': 0, 'params': 201514, 'time_iter': 0.01539, 'accuracy': 0.851, 'f1': 0.85051, 'auc': 0.98751}
test: {'epoch': 818, 'time_epoch': 0.92517, 'loss': 2.81997505, 'lr': 0, 'params': 201514, 'time_iter': 0.02313, 'accuracy': 0.5827, 'f1': 0.58632, 'auc': 0.9139}
> Epoch 818: took 4.2s (avg 4.2s) | Best so far: epoch 816	train_loss: 0.0860 train_accuracy: 0.9684	val_loss: 0.5075 val_accuracy: 0.8654	test_loss: 2.6146 test_accuracy: 0.5955
train: {'epoch': 819, 'time_epoch': 2.88946, 'eta': 534.1817, 'eta_hours': 0.14838, 'loss': 0.08611029, 'lr': 0.00019061, 'params': 201514, 'time_iter': 0.02449, 'accuracy': 0.9683, 'f1': 0.96831, 'auc': 0.99932}
val: {'epoch': 819, 'time_epoch': 0.30203, 'loss': 0.55841886, 'lr': 0, 'params': 201514, 'time_iter': 0.0151, 'accuracy': 0.8514, 'f1': 0.85132, 'auc': 0.98753}
test: {'epoch': 819, 'time_epoch': 0.90296, 'loss': 2.80241789, 'lr': 0, 'params': 201514, 'time_iter': 0.02257, 'accuracy': 0.581, 'f1': 0.58315, 'auc': 0.91483}
> Epoch 819: took 4.1s (avg 4.2s) | Best so far: epoch 816	train_loss: 0.0860 train_accuracy: 0.9684	val_loss: 0.5075 val_accuracy: 0.8654	test_loss: 2.6146 test_accuracy: 0.5955
train: {'epoch': 820, 'time_epoch': 2.9934, 'eta': 531.21964, 'eta_hours': 0.14756, 'loss': 0.07916607, 'lr': 0.00018955, 'params': 201514, 'time_iter': 0.02537, 'accuracy': 0.97137, 'f1': 0.97137, 'auc': 0.99941}
val: {'epoch': 820, 'time_epoch': 0.30165, 'loss': 0.53998694, 'lr': 0, 'params': 201514, 'time_iter': 0.01508, 'accuracy': 0.8542, 'f1': 0.85386, 'auc': 0.98797}
test: {'epoch': 820, 'time_epoch': 0.90729, 'loss': 2.75514421, 'lr': 0, 'params': 201514, 'time_iter': 0.02268, 'accuracy': 0.5837, 'f1': 0.58645, 'auc': 0.91445}
> Epoch 820: took 4.2s (avg 4.2s) | Best so far: epoch 816	train_loss: 0.0860 train_accuracy: 0.9684	val_loss: 0.5075 val_accuracy: 0.8654	test_loss: 2.6146 test_accuracy: 0.5955
train: {'epoch': 821, 'time_epoch': 2.96177, 'eta': 528.25064, 'eta_hours': 0.14674, 'loss': 0.08311339, 'lr': 0.0001885, 'params': 201514, 'time_iter': 0.0251, 'accuracy': 0.96933, 'f1': 0.96934, 'auc': 0.99936}
val: {'epoch': 821, 'time_epoch': 0.29352, 'loss': 0.54329551, 'lr': 0, 'params': 201514, 'time_iter': 0.01468, 'accuracy': 0.855, 'f1': 0.85413, 'auc': 0.98789}
test: {'epoch': 821, 'time_epoch': 0.9152, 'loss': 2.89084135, 'lr': 0, 'params': 201514, 'time_iter': 0.02288, 'accuracy': 0.5845, 'f1': 0.58764, 'auc': 0.91236}
> Epoch 821: took 4.2s (avg 4.2s) | Best so far: epoch 816	train_loss: 0.0860 train_accuracy: 0.9684	val_loss: 0.5075 val_accuracy: 0.8654	test_loss: 2.6146 test_accuracy: 0.5955
train: {'epoch': 822, 'time_epoch': 3.01979, 'eta': 525.29415, 'eta_hours': 0.14592, 'loss': 0.08068945, 'lr': 0.00018745, 'params': 201514, 'time_iter': 0.02559, 'accuracy': 0.97113, 'f1': 0.97113, 'auc': 0.99941}
val: {'epoch': 822, 'time_epoch': 0.30352, 'loss': 0.54526017, 'lr': 0, 'params': 201514, 'time_iter': 0.01518, 'accuracy': 0.855, 'f1': 0.8549, 'auc': 0.98797}
test: {'epoch': 822, 'time_epoch': 0.931, 'loss': 2.68006283, 'lr': 0, 'params': 201514, 'time_iter': 0.02328, 'accuracy': 0.5853, 'f1': 0.58907, 'auc': 0.9162}
> Epoch 822: took 4.3s (avg 4.2s) | Best so far: epoch 816	train_loss: 0.0860 train_accuracy: 0.9684	val_loss: 0.5075 val_accuracy: 0.8654	test_loss: 2.6146 test_accuracy: 0.5955
train: {'epoch': 823, 'time_epoch': 2.94475, 'eta': 522.32147, 'eta_hours': 0.14509, 'loss': 0.08829588, 'lr': 0.0001864, 'params': 201514, 'time_iter': 0.02496, 'accuracy': 0.9695, 'f1': 0.96951, 'auc': 0.99931}
val: {'epoch': 823, 'time_epoch': 0.30552, 'loss': 0.53532803, 'lr': 0, 'params': 201514, 'time_iter': 0.01528, 'accuracy': 0.8524, 'f1': 0.85212, 'auc': 0.98798}
test: {'epoch': 823, 'time_epoch': 0.92758, 'loss': 2.6834127, 'lr': 0, 'params': 201514, 'time_iter': 0.02319, 'accuracy': 0.5849, 'f1': 0.58816, 'auc': 0.91621}
> Epoch 823: took 4.2s (avg 4.2s) | Best so far: epoch 816	train_loss: 0.0860 train_accuracy: 0.9684	val_loss: 0.5075 val_accuracy: 0.8654	test_loss: 2.6146 test_accuracy: 0.5955
train: {'epoch': 824, 'time_epoch': 3.14701, 'eta': 519.39176, 'eta_hours': 0.14428, 'loss': 0.08067471, 'lr': 0.00018534, 'params': 201514, 'time_iter': 0.02667, 'accuracy': 0.96973, 'f1': 0.96973, 'auc': 0.99942}
val: {'epoch': 824, 'time_epoch': 0.31163, 'loss': 0.5170535, 'lr': 0, 'params': 201514, 'time_iter': 0.01558, 'accuracy': 0.8558, 'f1': 0.85533, 'auc': 0.98822}
test: {'epoch': 824, 'time_epoch': 0.90707, 'loss': 2.59882235, 'lr': 0, 'params': 201514, 'time_iter': 0.02268, 'accuracy': 0.5866, 'f1': 0.59135, 'auc': 0.91694}
> Epoch 824: took 4.4s (avg 4.2s) | Best so far: epoch 816	train_loss: 0.0860 train_accuracy: 0.9684	val_loss: 0.5075 val_accuracy: 0.8654	test_loss: 2.6146 test_accuracy: 0.5955
train: {'epoch': 825, 'time_epoch': 2.98931, 'eta': 516.42831, 'eta_hours': 0.14345, 'loss': 0.08316973, 'lr': 0.00018429, 'params': 201514, 'time_iter': 0.02533, 'accuracy': 0.96963, 'f1': 0.96963, 'auc': 0.9994}
val: {'epoch': 825, 'time_epoch': 0.31566, 'loss': 0.53868448, 'lr': 0, 'params': 201514, 'time_iter': 0.01578, 'accuracy': 0.8602, 'f1': 0.85989, 'auc': 0.98811}
test: {'epoch': 825, 'time_epoch': 0.92387, 'loss': 2.87016231, 'lr': 0, 'params': 201514, 'time_iter': 0.0231, 'accuracy': 0.5848, 'f1': 0.59036, 'auc': 0.91321}
> Epoch 825: took 4.3s (avg 4.2s) | Best so far: epoch 816	train_loss: 0.0860 train_accuracy: 0.9684	val_loss: 0.5075 val_accuracy: 0.8654	test_loss: 2.6146 test_accuracy: 0.5955
train: {'epoch': 826, 'time_epoch': 2.99003, 'eta': 513.46494, 'eta_hours': 0.14263, 'loss': 0.08511987, 'lr': 0.00018324, 'params': 201514, 'time_iter': 0.02534, 'accuracy': 0.96917, 'f1': 0.96917, 'auc': 0.99933}
val: {'epoch': 826, 'time_epoch': 0.3032, 'loss': 0.56804704, 'lr': 0, 'params': 201514, 'time_iter': 0.01516, 'accuracy': 0.8544, 'f1': 0.85359, 'auc': 0.98728}
test: {'epoch': 826, 'time_epoch': 0.92097, 'loss': 2.74314772, 'lr': 0, 'params': 201514, 'time_iter': 0.02302, 'accuracy': 0.5827, 'f1': 0.58885, 'auc': 0.91436}
> Epoch 826: took 4.3s (avg 4.2s) | Best so far: epoch 816	train_loss: 0.0860 train_accuracy: 0.9684	val_loss: 0.5075 val_accuracy: 0.8654	test_loss: 2.6146 test_accuracy: 0.5955
train: {'epoch': 827, 'time_epoch': 2.96039, 'eta': 510.49535, 'eta_hours': 0.1418, 'loss': 0.08589693, 'lr': 0.00018219, 'params': 201514, 'time_iter': 0.02509, 'accuracy': 0.9695, 'f1': 0.9695, 'auc': 0.99933}
val: {'epoch': 827, 'time_epoch': 0.29703, 'loss': 0.54458647, 'lr': 0, 'params': 201514, 'time_iter': 0.01485, 'accuracy': 0.854, 'f1': 0.85336, 'auc': 0.98807}
test: {'epoch': 827, 'time_epoch': 0.93947, 'loss': 2.96003687, 'lr': 0, 'params': 201514, 'time_iter': 0.02349, 'accuracy': 0.586, 'f1': 0.58913, 'auc': 0.91355}
> Epoch 827: took 4.2s (avg 4.2s) | Best so far: epoch 816	train_loss: 0.0860 train_accuracy: 0.9684	val_loss: 0.5075 val_accuracy: 0.8654	test_loss: 2.6146 test_accuracy: 0.5955
train: {'epoch': 828, 'time_epoch': 2.98402, 'eta': 507.53066, 'eta_hours': 0.14098, 'loss': 0.08111639, 'lr': 0.00018113, 'params': 201514, 'time_iter': 0.02529, 'accuracy': 0.96907, 'f1': 0.96907, 'auc': 0.99942}
val: {'epoch': 828, 'time_epoch': 0.30003, 'loss': 0.55128083, 'lr': 0, 'params': 201514, 'time_iter': 0.015, 'accuracy': 0.8562, 'f1': 0.85541, 'auc': 0.98794}
test: {'epoch': 828, 'time_epoch': 0.91973, 'loss': 3.09371273, 'lr': 0, 'params': 201514, 'time_iter': 0.02299, 'accuracy': 0.5863, 'f1': 0.59029, 'auc': 0.91046}
> Epoch 828: took 4.2s (avg 4.2s) | Best so far: epoch 816	train_loss: 0.0860 train_accuracy: 0.9684	val_loss: 0.5075 val_accuracy: 0.8654	test_loss: 2.6146 test_accuracy: 0.5955
train: {'epoch': 829, 'time_epoch': 2.94388, 'eta': 504.5577, 'eta_hours': 0.14015, 'loss': 0.08475899, 'lr': 0.00018008, 'params': 201514, 'time_iter': 0.02495, 'accuracy': 0.96947, 'f1': 0.96947, 'auc': 0.99935}
val: {'epoch': 829, 'time_epoch': 0.31252, 'loss': 0.55689629, 'lr': 0, 'params': 201514, 'time_iter': 0.01563, 'accuracy': 0.8556, 'f1': 0.85507, 'auc': 0.98739}
test: {'epoch': 829, 'time_epoch': 0.91021, 'loss': 2.98715737, 'lr': 0, 'params': 201514, 'time_iter': 0.02276, 'accuracy': 0.5868, 'f1': 0.59115, 'auc': 0.9123}
> Epoch 829: took 4.2s (avg 4.2s) | Best so far: epoch 816	train_loss: 0.0860 train_accuracy: 0.9684	val_loss: 0.5075 val_accuracy: 0.8654	test_loss: 2.6146 test_accuracy: 0.5955
train: {'epoch': 830, 'time_epoch': 2.94268, 'eta': 501.58457, 'eta_hours': 0.13933, 'loss': 0.08188772, 'lr': 0.00017903, 'params': 201514, 'time_iter': 0.02494, 'accuracy': 0.97183, 'f1': 0.97184, 'auc': 0.99937}
val: {'epoch': 830, 'time_epoch': 0.30303, 'loss': 0.52835747, 'lr': 0, 'params': 201514, 'time_iter': 0.01515, 'accuracy': 0.8578, 'f1': 0.85724, 'auc': 0.98819}
test: {'epoch': 830, 'time_epoch': 0.90916, 'loss': 2.70379522, 'lr': 0, 'params': 201514, 'time_iter': 0.02273, 'accuracy': 0.5938, 'f1': 0.59679, 'auc': 0.91758}
> Epoch 830: took 4.2s (avg 4.2s) | Best so far: epoch 816	train_loss: 0.0860 train_accuracy: 0.9684	val_loss: 0.5075 val_accuracy: 0.8654	test_loss: 2.6146 test_accuracy: 0.5955
train: {'epoch': 831, 'time_epoch': 3.11881, 'eta': 498.64707, 'eta_hours': 0.13851, 'loss': 0.083065, 'lr': 0.00017798, 'params': 201514, 'time_iter': 0.02643, 'accuracy': 0.96963, 'f1': 0.96964, 'auc': 0.99937}
val: {'epoch': 831, 'time_epoch': 0.30052, 'loss': 0.55027062, 'lr': 0, 'params': 201514, 'time_iter': 0.01503, 'accuracy': 0.8494, 'f1': 0.84899, 'auc': 0.98711}
test: {'epoch': 831, 'time_epoch': 0.92313, 'loss': 2.76289551, 'lr': 0, 'params': 201514, 'time_iter': 0.02308, 'accuracy': 0.5872, 'f1': 0.5919, 'auc': 0.91479}
> Epoch 831: took 4.4s (avg 4.2s) | Best so far: epoch 816	train_loss: 0.0860 train_accuracy: 0.9684	val_loss: 0.5075 val_accuracy: 0.8654	test_loss: 2.6146 test_accuracy: 0.5955
train: {'epoch': 832, 'time_epoch': 2.97518, 'eta': 495.68035, 'eta_hours': 0.13769, 'loss': 0.08174555, 'lr': 0.00017692, 'params': 201514, 'time_iter': 0.02521, 'accuracy': 0.96977, 'f1': 0.96976, 'auc': 0.9994}
val: {'epoch': 832, 'time_epoch': 0.32388, 'loss': 0.54025615, 'lr': 0, 'params': 201514, 'time_iter': 0.01619, 'accuracy': 0.8566, 'f1': 0.85636, 'auc': 0.98785}
test: {'epoch': 832, 'time_epoch': 0.93274, 'loss': 2.85302662, 'lr': 0, 'params': 201514, 'time_iter': 0.02332, 'accuracy': 0.5786, 'f1': 0.58109, 'auc': 0.9134}
> Epoch 832: took 4.3s (avg 4.2s) | Best so far: epoch 816	train_loss: 0.0860 train_accuracy: 0.9684	val_loss: 0.5075 val_accuracy: 0.8654	test_loss: 2.6146 test_accuracy: 0.5955
train: {'epoch': 833, 'time_epoch': 2.94205, 'eta': 492.70701, 'eta_hours': 0.13686, 'loss': 0.08085749, 'lr': 0.00017587, 'params': 201514, 'time_iter': 0.02493, 'accuracy': 0.9711, 'f1': 0.9711, 'auc': 0.99942}
val: {'epoch': 833, 'time_epoch': 0.30265, 'loss': 0.55321254, 'lr': 0, 'params': 201514, 'time_iter': 0.01513, 'accuracy': 0.8512, 'f1': 0.85098, 'auc': 0.98747}
test: {'epoch': 833, 'time_epoch': 0.92584, 'loss': 2.69190342, 'lr': 0, 'params': 201514, 'time_iter': 0.02315, 'accuracy': 0.581, 'f1': 0.58801, 'auc': 0.91607}
> Epoch 833: took 4.2s (avg 4.2s) | Best so far: epoch 816	train_loss: 0.0860 train_accuracy: 0.9684	val_loss: 0.5075 val_accuracy: 0.8654	test_loss: 2.6146 test_accuracy: 0.5955
train: {'epoch': 834, 'time_epoch': 2.95206, 'eta': 489.73572, 'eta_hours': 0.13604, 'loss': 0.08852372, 'lr': 0.00017482, 'params': 201514, 'time_iter': 0.02502, 'accuracy': 0.96767, 'f1': 0.96767, 'auc': 0.9993}
val: {'epoch': 834, 'time_epoch': 0.31219, 'loss': 0.53526074, 'lr': 0, 'params': 201514, 'time_iter': 0.01561, 'accuracy': 0.8538, 'f1': 0.85311, 'auc': 0.98789}
test: {'epoch': 834, 'time_epoch': 0.92139, 'loss': 2.56187781, 'lr': 0, 'params': 201514, 'time_iter': 0.02303, 'accuracy': 0.5875, 'f1': 0.59041, 'auc': 0.91815}
> Epoch 834: took 4.2s (avg 4.2s) | Best so far: epoch 816	train_loss: 0.0860 train_accuracy: 0.9684	val_loss: 0.5075 val_accuracy: 0.8654	test_loss: 2.6146 test_accuracy: 0.5955
train: {'epoch': 835, 'time_epoch': 2.94555, 'eta': 486.7632, 'eta_hours': 0.13521, 'loss': 0.08245954, 'lr': 0.00017377, 'params': 201514, 'time_iter': 0.02496, 'accuracy': 0.97023, 'f1': 0.97023, 'auc': 0.99936}
val: {'epoch': 835, 'time_epoch': 0.31175, 'loss': 0.52472747, 'lr': 0, 'params': 201514, 'time_iter': 0.01559, 'accuracy': 0.8572, 'f1': 0.85705, 'auc': 0.98791}
test: {'epoch': 835, 'time_epoch': 0.91482, 'loss': 2.5636835, 'lr': 0, 'params': 201514, 'time_iter': 0.02287, 'accuracy': 0.5878, 'f1': 0.59081, 'auc': 0.91865}
> Epoch 835: took 4.2s (avg 4.2s) | Best so far: epoch 816	train_loss: 0.0860 train_accuracy: 0.9684	val_loss: 0.5075 val_accuracy: 0.8654	test_loss: 2.6146 test_accuracy: 0.5955
train: {'epoch': 836, 'time_epoch': 2.96933, 'eta': 483.79538, 'eta_hours': 0.13439, 'loss': 0.07896494, 'lr': 0.00017271, 'params': 201514, 'time_iter': 0.02516, 'accuracy': 0.97197, 'f1': 0.97197, 'auc': 0.99943}
val: {'epoch': 836, 'time_epoch': 0.33102, 'loss': 0.53763284, 'lr': 0, 'params': 201514, 'time_iter': 0.01655, 'accuracy': 0.8554, 'f1': 0.85575, 'auc': 0.98796}
test: {'epoch': 836, 'time_epoch': 0.91313, 'loss': 2.65255507, 'lr': 0, 'params': 201514, 'time_iter': 0.02283, 'accuracy': 0.586, 'f1': 0.59098, 'auc': 0.91827}
> Epoch 836: took 4.3s (avg 4.2s) | Best so far: epoch 816	train_loss: 0.0860 train_accuracy: 0.9684	val_loss: 0.5075 val_accuracy: 0.8654	test_loss: 2.6146 test_accuracy: 0.5955
train: {'epoch': 837, 'time_epoch': 2.95459, 'eta': 480.8247, 'eta_hours': 0.13356, 'loss': 0.08116773, 'lr': 0.00017166, 'params': 201514, 'time_iter': 0.02504, 'accuracy': 0.9696, 'f1': 0.96961, 'auc': 0.99941}
val: {'epoch': 837, 'time_epoch': 0.30303, 'loss': 0.56844351, 'lr': 0, 'params': 201514, 'time_iter': 0.01515, 'accuracy': 0.8512, 'f1': 0.85099, 'auc': 0.98717}
test: {'epoch': 837, 'time_epoch': 0.92316, 'loss': 2.68308127, 'lr': 0, 'params': 201514, 'time_iter': 0.02308, 'accuracy': 0.5857, 'f1': 0.59037, 'auc': 0.91806}
> Epoch 837: took 4.2s (avg 4.2s) | Best so far: epoch 816	train_loss: 0.0860 train_accuracy: 0.9684	val_loss: 0.5075 val_accuracy: 0.8654	test_loss: 2.6146 test_accuracy: 0.5955
train: {'epoch': 838, 'time_epoch': 3.14934, 'eta': 477.89144, 'eta_hours': 0.13275, 'loss': 0.08283577, 'lr': 0.00017061, 'params': 201514, 'time_iter': 0.02669, 'accuracy': 0.97013, 'f1': 0.97013, 'auc': 0.99938}
val: {'epoch': 838, 'time_epoch': 0.30852, 'loss': 0.52733286, 'lr': 0, 'params': 201514, 'time_iter': 0.01543, 'accuracy': 0.8574, 'f1': 0.85723, 'auc': 0.98825}
test: {'epoch': 838, 'time_epoch': 0.90979, 'loss': 2.84506014, 'lr': 0, 'params': 201514, 'time_iter': 0.02274, 'accuracy': 0.5868, 'f1': 0.5914, 'auc': 0.91622}
> Epoch 838: took 4.4s (avg 4.2s) | Best so far: epoch 816	train_loss: 0.0860 train_accuracy: 0.9684	val_loss: 0.5075 val_accuracy: 0.8654	test_loss: 2.6146 test_accuracy: 0.5955
train: {'epoch': 839, 'time_epoch': 2.89577, 'eta': 474.90936, 'eta_hours': 0.13192, 'loss': 0.08046332, 'lr': 0.00016956, 'params': 201514, 'time_iter': 0.02454, 'accuracy': 0.971, 'f1': 0.971, 'auc': 0.99939}
val: {'epoch': 839, 'time_epoch': 0.30452, 'loss': 0.54584335, 'lr': 0, 'params': 201514, 'time_iter': 0.01523, 'accuracy': 0.858, 'f1': 0.85752, 'auc': 0.9882}
test: {'epoch': 839, 'time_epoch': 0.9136, 'loss': 2.93565001, 'lr': 0, 'params': 201514, 'time_iter': 0.02284, 'accuracy': 0.5819, 'f1': 0.58649, 'auc': 0.91416}
> Epoch 839: took 4.2s (avg 4.2s) | Best so far: epoch 816	train_loss: 0.0860 train_accuracy: 0.9684	val_loss: 0.5075 val_accuracy: 0.8654	test_loss: 2.6146 test_accuracy: 0.5955
train: {'epoch': 840, 'time_epoch': 2.85929, 'eta': 471.92059, 'eta_hours': 0.13109, 'loss': 0.07978803, 'lr': 0.0001685, 'params': 201514, 'time_iter': 0.02423, 'accuracy': 0.97097, 'f1': 0.97097, 'auc': 0.99944}
val: {'epoch': 840, 'time_epoch': 0.30253, 'loss': 0.54383506, 'lr': 0, 'params': 201514, 'time_iter': 0.01513, 'accuracy': 0.8538, 'f1': 0.85357, 'auc': 0.98786}
test: {'epoch': 840, 'time_epoch': 0.90476, 'loss': 2.85144343, 'lr': 0, 'params': 201514, 'time_iter': 0.02262, 'accuracy': 0.5843, 'f1': 0.58909, 'auc': 0.91511}
> Epoch 840: took 4.1s (avg 4.2s) | Best so far: epoch 816	train_loss: 0.0860 train_accuracy: 0.9684	val_loss: 0.5075 val_accuracy: 0.8654	test_loss: 2.6146 test_accuracy: 0.5955
train: {'epoch': 841, 'time_epoch': 2.98797, 'eta': 468.95627, 'eta_hours': 0.13027, 'loss': 0.08251127, 'lr': 0.00016745, 'params': 201514, 'time_iter': 0.02532, 'accuracy': 0.96973, 'f1': 0.96974, 'auc': 0.99938}
val: {'epoch': 841, 'time_epoch': 0.29802, 'loss': 0.57107527, 'lr': 0, 'params': 201514, 'time_iter': 0.0149, 'accuracy': 0.8472, 'f1': 0.84674, 'auc': 0.98648}
test: {'epoch': 841, 'time_epoch': 0.92777, 'loss': 2.65425656, 'lr': 0, 'params': 201514, 'time_iter': 0.02319, 'accuracy': 0.5813, 'f1': 0.58855, 'auc': 0.9169}
> Epoch 841: took 4.3s (avg 4.2s) | Best so far: epoch 816	train_loss: 0.0860 train_accuracy: 0.9684	val_loss: 0.5075 val_accuracy: 0.8654	test_loss: 2.6146 test_accuracy: 0.5955
train: {'epoch': 842, 'time_epoch': 3.01055, 'eta': 465.9961, 'eta_hours': 0.12944, 'loss': 0.07926964, 'lr': 0.0001664, 'params': 201514, 'time_iter': 0.02551, 'accuracy': 0.97123, 'f1': 0.97124, 'auc': 0.99942}
val: {'epoch': 842, 'time_epoch': 0.30553, 'loss': 0.55007194, 'lr': 0, 'params': 201514, 'time_iter': 0.01528, 'accuracy': 0.8556, 'f1': 0.85578, 'auc': 0.98776}
test: {'epoch': 842, 'time_epoch': 0.90632, 'loss': 3.06593775, 'lr': 0, 'params': 201514, 'time_iter': 0.02266, 'accuracy': 0.5817, 'f1': 0.58553, 'auc': 0.91233}
> Epoch 842: took 4.3s (avg 4.2s) | Best so far: epoch 816	train_loss: 0.0860 train_accuracy: 0.9684	val_loss: 0.5075 val_accuracy: 0.8654	test_loss: 2.6146 test_accuracy: 0.5955
train: {'epoch': 843, 'time_epoch': 2.96576, 'eta': 463.02754, 'eta_hours': 0.12862, 'loss': 0.08727362, 'lr': 0.00016535, 'params': 201514, 'time_iter': 0.02513, 'accuracy': 0.9681, 'f1': 0.96811, 'auc': 0.99931}
val: {'epoch': 843, 'time_epoch': 0.30756, 'loss': 0.52716005, 'lr': 0, 'params': 201514, 'time_iter': 0.01538, 'accuracy': 0.8566, 'f1': 0.85602, 'auc': 0.98827}
test: {'epoch': 843, 'time_epoch': 0.91033, 'loss': 2.88683311, 'lr': 0, 'params': 201514, 'time_iter': 0.02276, 'accuracy': 0.5883, 'f1': 0.59352, 'auc': 0.91547}
> Epoch 843: took 4.2s (avg 4.2s) | Best so far: epoch 816	train_loss: 0.0860 train_accuracy: 0.9684	val_loss: 0.5075 val_accuracy: 0.8654	test_loss: 2.6146 test_accuracy: 0.5955
train: {'epoch': 844, 'time_epoch': 2.91399, 'eta': 460.04948, 'eta_hours': 0.12779, 'loss': 0.07801633, 'lr': 0.00016429, 'params': 201514, 'time_iter': 0.02469, 'accuracy': 0.9729, 'f1': 0.97291, 'auc': 0.99944}
val: {'epoch': 844, 'time_epoch': 0.31225, 'loss': 0.52932675, 'lr': 0, 'params': 201514, 'time_iter': 0.01561, 'accuracy': 0.8586, 'f1': 0.85806, 'auc': 0.9884}
test: {'epoch': 844, 'time_epoch': 1.14069, 'loss': 3.04738215, 'lr': 0, 'params': 201514, 'time_iter': 0.02852, 'accuracy': 0.587, 'f1': 0.59207, 'auc': 0.91232}
> Epoch 844: took 4.4s (avg 4.2s) | Best so far: epoch 816	train_loss: 0.0860 train_accuracy: 0.9684	val_loss: 0.5075 val_accuracy: 0.8654	test_loss: 2.6146 test_accuracy: 0.5955
train: {'epoch': 845, 'time_epoch': 2.9901, 'eta': 457.08543, 'eta_hours': 0.12697, 'loss': 0.08004292, 'lr': 0.00016324, 'params': 201514, 'time_iter': 0.02534, 'accuracy': 0.9717, 'f1': 0.97171, 'auc': 0.9994}
val: {'epoch': 845, 'time_epoch': 0.30403, 'loss': 0.55884359, 'lr': 0, 'params': 201514, 'time_iter': 0.0152, 'accuracy': 0.8492, 'f1': 0.8481, 'auc': 0.98785}
test: {'epoch': 845, 'time_epoch': 0.90765, 'loss': 2.97071749, 'lr': 0, 'params': 201514, 'time_iter': 0.02269, 'accuracy': 0.581, 'f1': 0.58616, 'auc': 0.91323}
> Epoch 845: took 4.2s (avg 4.2s) | Best so far: epoch 816	train_loss: 0.0860 train_accuracy: 0.9684	val_loss: 0.5075 val_accuracy: 0.8654	test_loss: 2.6146 test_accuracy: 0.5955
train: {'epoch': 846, 'time_epoch': 2.97545, 'eta': 454.11868, 'eta_hours': 0.12614, 'loss': 0.07544858, 'lr': 0.00016219, 'params': 201514, 'time_iter': 0.02522, 'accuracy': 0.97263, 'f1': 0.97263, 'auc': 0.99947}
val: {'epoch': 846, 'time_epoch': 0.29952, 'loss': 0.55961117, 'lr': 0, 'params': 201514, 'time_iter': 0.01498, 'accuracy': 0.8514, 'f1': 0.85055, 'auc': 0.98772}
test: {'epoch': 846, 'time_epoch': 0.91899, 'loss': 3.00007939, 'lr': 0, 'params': 201514, 'time_iter': 0.02297, 'accuracy': 0.5773, 'f1': 0.58036, 'auc': 0.91094}
> Epoch 846: took 4.2s (avg 4.2s) | Best so far: epoch 816	train_loss: 0.0860 train_accuracy: 0.9684	val_loss: 0.5075 val_accuracy: 0.8654	test_loss: 2.6146 test_accuracy: 0.5955
train: {'epoch': 847, 'time_epoch': 2.94586, 'eta': 451.1466, 'eta_hours': 0.12532, 'loss': 0.07963503, 'lr': 0.00016114, 'params': 201514, 'time_iter': 0.02496, 'accuracy': 0.97163, 'f1': 0.97164, 'auc': 0.99942}
val: {'epoch': 847, 'time_epoch': 0.31552, 'loss': 0.5539011, 'lr': 0, 'params': 201514, 'time_iter': 0.01578, 'accuracy': 0.8606, 'f1': 0.85995, 'auc': 0.98792}
test: {'epoch': 847, 'time_epoch': 0.90128, 'loss': 2.86863847, 'lr': 0, 'params': 201514, 'time_iter': 0.02253, 'accuracy': 0.5889, 'f1': 0.59426, 'auc': 0.91521}
> Epoch 847: took 4.2s (avg 4.2s) | Best so far: epoch 816	train_loss: 0.0860 train_accuracy: 0.9684	val_loss: 0.5075 val_accuracy: 0.8654	test_loss: 2.6146 test_accuracy: 0.5955
train: {'epoch': 848, 'time_epoch': 2.9177, 'eta': 448.16957, 'eta_hours': 0.12449, 'loss': 0.0758649, 'lr': 0.00016008, 'params': 201514, 'time_iter': 0.02473, 'accuracy': 0.9718, 'f1': 0.9718, 'auc': 0.99948}
val: {'epoch': 848, 'time_epoch': 0.32004, 'loss': 0.50689713, 'lr': 0, 'params': 201514, 'time_iter': 0.016, 'accuracy': 0.862, 'f1': 0.86182, 'auc': 0.98885}
test: {'epoch': 848, 'time_epoch': 0.91407, 'loss': 2.73801357, 'lr': 0, 'params': 201514, 'time_iter': 0.02285, 'accuracy': 0.5901, 'f1': 0.59493, 'auc': 0.91681}
> Epoch 848: took 4.2s (avg 4.2s) | Best so far: epoch 816	train_loss: 0.0860 train_accuracy: 0.9684	val_loss: 0.5075 val_accuracy: 0.8654	test_loss: 2.6146 test_accuracy: 0.5955
train: {'epoch': 849, 'time_epoch': 3.01494, 'eta': 445.20984, 'eta_hours': 0.12367, 'loss': 0.07637981, 'lr': 0.00015903, 'params': 201514, 'time_iter': 0.02555, 'accuracy': 0.97257, 'f1': 0.97257, 'auc': 0.99945}
val: {'epoch': 849, 'time_epoch': 0.30252, 'loss': 0.50816679, 'lr': 0, 'params': 201514, 'time_iter': 0.01513, 'accuracy': 0.8622, 'f1': 0.86229, 'auc': 0.98868}
test: {'epoch': 849, 'time_epoch': 0.91483, 'loss': 2.68483467, 'lr': 0, 'params': 201514, 'time_iter': 0.02287, 'accuracy': 0.5921, 'f1': 0.59845, 'auc': 0.91902}
> Epoch 849: took 4.3s (avg 4.2s) | Best so far: epoch 816	train_loss: 0.0860 train_accuracy: 0.9684	val_loss: 0.5075 val_accuracy: 0.8654	test_loss: 2.6146 test_accuracy: 0.5955
train: {'epoch': 850, 'time_epoch': 2.9608, 'eta': 442.2405, 'eta_hours': 0.12284, 'loss': 0.07474976, 'lr': 0.00015798, 'params': 201514, 'time_iter': 0.02509, 'accuracy': 0.97267, 'f1': 0.97267, 'auc': 0.99948}
val: {'epoch': 850, 'time_epoch': 0.32099, 'loss': 0.52898877, 'lr': 0, 'params': 201514, 'time_iter': 0.01605, 'accuracy': 0.858, 'f1': 0.85795, 'auc': 0.98818}
test: {'epoch': 850, 'time_epoch': 0.92328, 'loss': 2.79365842, 'lr': 0, 'params': 201514, 'time_iter': 0.02308, 'accuracy': 0.5876, 'f1': 0.59358, 'auc': 0.91689}
> Epoch 850: took 4.2s (avg 4.2s) | Best so far: epoch 816	train_loss: 0.0860 train_accuracy: 0.9684	val_loss: 0.5075 val_accuracy: 0.8654	test_loss: 2.6146 test_accuracy: 0.5955
train: {'epoch': 851, 'time_epoch': 2.95167, 'eta': 439.2696, 'eta_hours': 0.12202, 'loss': 0.07712347, 'lr': 0.00015693, 'params': 201514, 'time_iter': 0.02501, 'accuracy': 0.9722, 'f1': 0.9722, 'auc': 0.99947}
val: {'epoch': 851, 'time_epoch': 0.30389, 'loss': 0.55034735, 'lr': 0, 'params': 201514, 'time_iter': 0.01519, 'accuracy': 0.8544, 'f1': 0.85369, 'auc': 0.9878}
test: {'epoch': 851, 'time_epoch': 1.13523, 'loss': 2.77242545, 'lr': 0, 'params': 201514, 'time_iter': 0.02838, 'accuracy': 0.5868, 'f1': 0.59182, 'auc': 0.91704}
> Epoch 851: took 4.4s (avg 4.2s) | Best so far: epoch 816	train_loss: 0.0860 train_accuracy: 0.9684	val_loss: 0.5075 val_accuracy: 0.8654	test_loss: 2.6146 test_accuracy: 0.5955
train: {'epoch': 852, 'time_epoch': 3.07898, 'eta': 436.32068, 'eta_hours': 0.1212, 'loss': 0.07820782, 'lr': 0.00015587, 'params': 201514, 'time_iter': 0.02609, 'accuracy': 0.9724, 'f1': 0.9724, 'auc': 0.99944}
val: {'epoch': 852, 'time_epoch': 0.31702, 'loss': 0.56036214, 'lr': 0, 'params': 201514, 'time_iter': 0.01585, 'accuracy': 0.8496, 'f1': 0.84948, 'auc': 0.9872}
test: {'epoch': 852, 'time_epoch': 0.92701, 'loss': 2.67471459, 'lr': 0, 'params': 201514, 'time_iter': 0.02318, 'accuracy': 0.5863, 'f1': 0.59156, 'auc': 0.91754}
> Epoch 852: took 4.4s (avg 4.2s) | Best so far: epoch 816	train_loss: 0.0860 train_accuracy: 0.9684	val_loss: 0.5075 val_accuracy: 0.8654	test_loss: 2.6146 test_accuracy: 0.5955
train: {'epoch': 853, 'time_epoch': 2.98244, 'eta': 433.35495, 'eta_hours': 0.12038, 'loss': 0.0743957, 'lr': 0.00015482, 'params': 201514, 'time_iter': 0.02527, 'accuracy': 0.97347, 'f1': 0.97346, 'auc': 0.99948}
val: {'epoch': 853, 'time_epoch': 0.30402, 'loss': 0.54425064, 'lr': 0, 'params': 201514, 'time_iter': 0.0152, 'accuracy': 0.854, 'f1': 0.85411, 'auc': 0.98759}
test: {'epoch': 853, 'time_epoch': 0.92093, 'loss': 2.5231798, 'lr': 0, 'params': 201514, 'time_iter': 0.02302, 'accuracy': 0.5934, 'f1': 0.60005, 'auc': 0.92158}
> Epoch 853: took 4.2s (avg 4.2s) | Best so far: epoch 816	train_loss: 0.0860 train_accuracy: 0.9684	val_loss: 0.5075 val_accuracy: 0.8654	test_loss: 2.6146 test_accuracy: 0.5955
train: {'epoch': 854, 'time_epoch': 2.94016, 'eta': 430.38201, 'eta_hours': 0.11955, 'loss': 0.07218145, 'lr': 0.00015377, 'params': 201514, 'time_iter': 0.02492, 'accuracy': 0.9737, 'f1': 0.9737, 'auc': 0.99952}
val: {'epoch': 854, 'time_epoch': 0.30452, 'loss': 0.5330088, 'lr': 0, 'params': 201514, 'time_iter': 0.01523, 'accuracy': 0.8618, 'f1': 0.86182, 'auc': 0.98847}
test: {'epoch': 854, 'time_epoch': 0.90794, 'loss': 2.68472713, 'lr': 0, 'params': 201514, 'time_iter': 0.0227, 'accuracy': 0.5886, 'f1': 0.59544, 'auc': 0.92036}
> Epoch 854: took 4.2s (avg 4.2s) | Best so far: epoch 816	train_loss: 0.0860 train_accuracy: 0.9684	val_loss: 0.5075 val_accuracy: 0.8654	test_loss: 2.6146 test_accuracy: 0.5955
train: {'epoch': 855, 'time_epoch': 2.95056, 'eta': 427.4109, 'eta_hours': 0.11873, 'loss': 0.07869251, 'lr': 0.00015272, 'params': 201514, 'time_iter': 0.025, 'accuracy': 0.97063, 'f1': 0.97063, 'auc': 0.99945}
val: {'epoch': 855, 'time_epoch': 0.31234, 'loss': 0.54502594, 'lr': 0, 'params': 201514, 'time_iter': 0.01562, 'accuracy': 0.855, 'f1': 0.85451, 'auc': 0.98817}
test: {'epoch': 855, 'time_epoch': 0.91978, 'loss': 2.75831862, 'lr': 0, 'params': 201514, 'time_iter': 0.02299, 'accuracy': 0.5786, 'f1': 0.58474, 'auc': 0.9171}
> Epoch 855: took 4.2s (avg 4.2s) | Best so far: epoch 816	train_loss: 0.0860 train_accuracy: 0.9684	val_loss: 0.5075 val_accuracy: 0.8654	test_loss: 2.6146 test_accuracy: 0.5955
train: {'epoch': 856, 'time_epoch': 2.974, 'eta': 424.44375, 'eta_hours': 0.1179, 'loss': 0.0771141, 'lr': 0.00015166, 'params': 201514, 'time_iter': 0.0252, 'accuracy': 0.9727, 'f1': 0.9727, 'auc': 0.99946}
val: {'epoch': 856, 'time_epoch': 0.31553, 'loss': 0.52938358, 'lr': 0, 'params': 201514, 'time_iter': 0.01578, 'accuracy': 0.855, 'f1': 0.85463, 'auc': 0.98808}
test: {'epoch': 856, 'time_epoch': 0.92416, 'loss': 2.76353077, 'lr': 0, 'params': 201514, 'time_iter': 0.0231, 'accuracy': 0.5851, 'f1': 0.59205, 'auc': 0.917}
> Epoch 856: took 4.3s (avg 4.2s) | Best so far: epoch 816	train_loss: 0.0860 train_accuracy: 0.9684	val_loss: 0.5075 val_accuracy: 0.8654	test_loss: 2.6146 test_accuracy: 0.5955
train: {'epoch': 857, 'time_epoch': 2.98501, 'eta': 421.47841, 'eta_hours': 0.11708, 'loss': 0.07888224, 'lr': 0.00015061, 'params': 201514, 'time_iter': 0.0253, 'accuracy': 0.9712, 'f1': 0.97121, 'auc': 0.99943}
val: {'epoch': 857, 'time_epoch': 0.30737, 'loss': 0.52711224, 'lr': 0, 'params': 201514, 'time_iter': 0.01537, 'accuracy': 0.8558, 'f1': 0.85577, 'auc': 0.98816}
test: {'epoch': 857, 'time_epoch': 0.91974, 'loss': 2.6322847, 'lr': 0, 'params': 201514, 'time_iter': 0.02299, 'accuracy': 0.5859, 'f1': 0.59144, 'auc': 0.91889}
> Epoch 857: took 4.2s (avg 4.2s) | Best so far: epoch 816	train_loss: 0.0860 train_accuracy: 0.9684	val_loss: 0.5075 val_accuracy: 0.8654	test_loss: 2.6146 test_accuracy: 0.5955
train: {'epoch': 858, 'time_epoch': 2.91808, 'eta': 418.50203, 'eta_hours': 0.11625, 'loss': 0.07567175, 'lr': 0.00014956, 'params': 201514, 'time_iter': 0.02473, 'accuracy': 0.97247, 'f1': 0.97248, 'auc': 0.99947}
val: {'epoch': 858, 'time_epoch': 0.31241, 'loss': 0.53580581, 'lr': 0, 'params': 201514, 'time_iter': 0.01562, 'accuracy': 0.857, 'f1': 0.85663, 'auc': 0.98805}
test: {'epoch': 858, 'time_epoch': 1.15419, 'loss': 2.71583946, 'lr': 0, 'params': 201514, 'time_iter': 0.02885, 'accuracy': 0.5867, 'f1': 0.5918, 'auc': 0.91835}
> Epoch 858: took 4.4s (avg 4.2s) | Best so far: epoch 816	train_loss: 0.0860 train_accuracy: 0.9684	val_loss: 0.5075 val_accuracy: 0.8654	test_loss: 2.6146 test_accuracy: 0.5955
train: {'epoch': 859, 'time_epoch': 2.97649, 'eta': 415.53529, 'eta_hours': 0.11543, 'loss': 0.07795447, 'lr': 0.00014851, 'params': 201514, 'time_iter': 0.02522, 'accuracy': 0.9715, 'f1': 0.97151, 'auc': 0.99946}
val: {'epoch': 859, 'time_epoch': 0.30724, 'loss': 0.5519442, 'lr': 0, 'params': 201514, 'time_iter': 0.01536, 'accuracy': 0.8548, 'f1': 0.85454, 'auc': 0.98798}
test: {'epoch': 859, 'time_epoch': 0.91397, 'loss': 2.65925411, 'lr': 0, 'params': 201514, 'time_iter': 0.02285, 'accuracy': 0.5879, 'f1': 0.59511, 'auc': 0.92001}
> Epoch 859: took 4.2s (avg 4.2s) | Best so far: epoch 816	train_loss: 0.0860 train_accuracy: 0.9684	val_loss: 0.5075 val_accuracy: 0.8654	test_loss: 2.6146 test_accuracy: 0.5955
train: {'epoch': 860, 'time_epoch': 2.94372, 'eta': 412.56325, 'eta_hours': 0.1146, 'loss': 0.07626716, 'lr': 0.00014745, 'params': 201514, 'time_iter': 0.02495, 'accuracy': 0.97147, 'f1': 0.97147, 'auc': 0.99949}
val: {'epoch': 860, 'time_epoch': 0.30202, 'loss': 0.54711113, 'lr': 0, 'params': 201514, 'time_iter': 0.0151, 'accuracy': 0.8542, 'f1': 0.85457, 'auc': 0.98754}
test: {'epoch': 860, 'time_epoch': 0.91291, 'loss': 2.71307257, 'lr': 0, 'params': 201514, 'time_iter': 0.02282, 'accuracy': 0.5896, 'f1': 0.59732, 'auc': 0.91852}
> Epoch 860: took 4.2s (avg 4.2s) | Best so far: epoch 816	train_loss: 0.0860 train_accuracy: 0.9684	val_loss: 0.5075 val_accuracy: 0.8654	test_loss: 2.6146 test_accuracy: 0.5955
train: {'epoch': 861, 'time_epoch': 2.86875, 'eta': 409.57926, 'eta_hours': 0.11377, 'loss': 0.07630588, 'lr': 0.0001464, 'params': 201514, 'time_iter': 0.02431, 'accuracy': 0.97247, 'f1': 0.97247, 'auc': 0.99946}
val: {'epoch': 861, 'time_epoch': 0.31252, 'loss': 0.57394428, 'lr': 0, 'params': 201514, 'time_iter': 0.01563, 'accuracy': 0.8484, 'f1': 0.84781, 'auc': 0.9876}
test: {'epoch': 861, 'time_epoch': 0.92156, 'loss': 2.6545303, 'lr': 0, 'params': 201514, 'time_iter': 0.02304, 'accuracy': 0.5872, 'f1': 0.59268, 'auc': 0.92081}
> Epoch 861: took 4.1s (avg 4.2s) | Best so far: epoch 816	train_loss: 0.0860 train_accuracy: 0.9684	val_loss: 0.5075 val_accuracy: 0.8654	test_loss: 2.6146 test_accuracy: 0.5955
train: {'epoch': 862, 'time_epoch': 2.95023, 'eta': 406.60848, 'eta_hours': 0.11295, 'loss': 0.072333, 'lr': 0.00014535, 'params': 201514, 'time_iter': 0.025, 'accuracy': 0.9736, 'f1': 0.9736, 'auc': 0.9995}
val: {'epoch': 862, 'time_epoch': 0.31253, 'loss': 0.54225454, 'lr': 0, 'params': 201514, 'time_iter': 0.01563, 'accuracy': 0.8608, 'f1': 0.86042, 'auc': 0.98787}
test: {'epoch': 862, 'time_epoch': 0.92239, 'loss': 2.67333316, 'lr': 0, 'params': 201514, 'time_iter': 0.02306, 'accuracy': 0.5922, 'f1': 0.59925, 'auc': 0.91927}
> Epoch 862: took 4.2s (avg 4.2s) | Best so far: epoch 816	train_loss: 0.0860 train_accuracy: 0.9684	val_loss: 0.5075 val_accuracy: 0.8654	test_loss: 2.6146 test_accuracy: 0.5955
train: {'epoch': 863, 'time_epoch': 2.9608, 'eta': 403.63941, 'eta_hours': 0.11212, 'loss': 0.07674871, 'lr': 0.0001443, 'params': 201514, 'time_iter': 0.02509, 'accuracy': 0.973, 'f1': 0.973, 'auc': 0.99948}
val: {'epoch': 863, 'time_epoch': 0.30552, 'loss': 0.53597176, 'lr': 0, 'params': 201514, 'time_iter': 0.01528, 'accuracy': 0.857, 'f1': 0.85678, 'auc': 0.98822}
test: {'epoch': 863, 'time_epoch': 0.91965, 'loss': 2.73418391, 'lr': 0, 'params': 201514, 'time_iter': 0.02299, 'accuracy': 0.5868, 'f1': 0.59227, 'auc': 0.91771}
> Epoch 863: took 4.2s (avg 4.2s) | Best so far: epoch 816	train_loss: 0.0860 train_accuracy: 0.9684	val_loss: 0.5075 val_accuracy: 0.8654	test_loss: 2.6146 test_accuracy: 0.5955
train: {'epoch': 864, 'time_epoch': 3.00897, 'eta': 400.67788, 'eta_hours': 0.1113, 'loss': 0.07448596, 'lr': 0.00014324, 'params': 201514, 'time_iter': 0.0255, 'accuracy': 0.9731, 'f1': 0.9731, 'auc': 0.99947}
val: {'epoch': 864, 'time_epoch': 0.31152, 'loss': 0.52898425, 'lr': 0, 'params': 201514, 'time_iter': 0.01558, 'accuracy': 0.8622, 'f1': 0.86188, 'auc': 0.9884}
test: {'epoch': 864, 'time_epoch': 0.95045, 'loss': 2.73537671, 'lr': 0, 'params': 201514, 'time_iter': 0.02376, 'accuracy': 0.5887, 'f1': 0.59312, 'auc': 0.91835}
> Epoch 864: took 4.3s (avg 4.2s) | Best so far: epoch 816	train_loss: 0.0860 train_accuracy: 0.9684	val_loss: 0.5075 val_accuracy: 0.8654	test_loss: 2.6146 test_accuracy: 0.5955
train: {'epoch': 865, 'time_epoch': 2.89007, 'eta': 397.69784, 'eta_hours': 0.11047, 'loss': 0.07800827, 'lr': 0.00014219, 'params': 201514, 'time_iter': 0.02449, 'accuracy': 0.9719, 'f1': 0.9719, 'auc': 0.99945}
val: {'epoch': 865, 'time_epoch': 0.31552, 'loss': 0.54285811, 'lr': 0, 'params': 201514, 'time_iter': 0.01578, 'accuracy': 0.856, 'f1': 0.8564, 'auc': 0.98774}
test: {'epoch': 865, 'time_epoch': 1.13782, 'loss': 2.85342475, 'lr': 0, 'params': 201514, 'time_iter': 0.02845, 'accuracy': 0.586, 'f1': 0.59083, 'auc': 0.91488}
> Epoch 865: took 4.4s (avg 4.2s) | Best so far: epoch 816	train_loss: 0.0860 train_accuracy: 0.9684	val_loss: 0.5075 val_accuracy: 0.8654	test_loss: 2.6146 test_accuracy: 0.5955
train: {'epoch': 866, 'time_epoch': 3.03299, 'eta': 394.73993, 'eta_hours': 0.10965, 'loss': 0.07127857, 'lr': 0.00014114, 'params': 201514, 'time_iter': 0.0257, 'accuracy': 0.9746, 'f1': 0.97461, 'auc': 0.99954}
val: {'epoch': 866, 'time_epoch': 0.30852, 'loss': 0.54952014, 'lr': 0, 'params': 201514, 'time_iter': 0.01543, 'accuracy': 0.8554, 'f1': 0.85489, 'auc': 0.988}
test: {'epoch': 866, 'time_epoch': 0.90874, 'loss': 2.65873709, 'lr': 0, 'params': 201514, 'time_iter': 0.02272, 'accuracy': 0.5884, 'f1': 0.59243, 'auc': 0.91845}
> Epoch 866: took 4.3s (avg 4.2s) | Best so far: epoch 816	train_loss: 0.0860 train_accuracy: 0.9684	val_loss: 0.5075 val_accuracy: 0.8654	test_loss: 2.6146 test_accuracy: 0.5955
train: {'epoch': 867, 'time_epoch': 2.93178, 'eta': 391.76646, 'eta_hours': 0.10882, 'loss': 0.07489519, 'lr': 0.00014009, 'params': 201514, 'time_iter': 0.02485, 'accuracy': 0.97337, 'f1': 0.97336, 'auc': 0.99948}
val: {'epoch': 867, 'time_epoch': 0.29923, 'loss': 0.56137705, 'lr': 0, 'params': 201514, 'time_iter': 0.01496, 'accuracy': 0.8544, 'f1': 0.8542, 'auc': 0.98782}
test: {'epoch': 867, 'time_epoch': 0.90806, 'loss': 2.67485124, 'lr': 0, 'params': 201514, 'time_iter': 0.0227, 'accuracy': 0.5866, 'f1': 0.59127, 'auc': 0.91903}
> Epoch 867: took 4.2s (avg 4.2s) | Best so far: epoch 816	train_loss: 0.0860 train_accuracy: 0.9684	val_loss: 0.5075 val_accuracy: 0.8654	test_loss: 2.6146 test_accuracy: 0.5955
train: {'epoch': 868, 'time_epoch': 2.93685, 'eta': 388.79385, 'eta_hours': 0.108, 'loss': 0.07548257, 'lr': 0.00013903, 'params': 201514, 'time_iter': 0.02489, 'accuracy': 0.97293, 'f1': 0.97294, 'auc': 0.99949}
val: {'epoch': 868, 'time_epoch': 0.30452, 'loss': 0.53137664, 'lr': 0, 'params': 201514, 'time_iter': 0.01523, 'accuracy': 0.857, 'f1': 0.85737, 'auc': 0.98838}
test: {'epoch': 868, 'time_epoch': 0.93407, 'loss': 2.84004139, 'lr': 0, 'params': 201514, 'time_iter': 0.02335, 'accuracy': 0.5872, 'f1': 0.59162, 'auc': 0.91634}
> Epoch 868: took 4.2s (avg 4.2s) | Best so far: epoch 816	train_loss: 0.0860 train_accuracy: 0.9684	val_loss: 0.5075 val_accuracy: 0.8654	test_loss: 2.6146 test_accuracy: 0.5955
train: {'epoch': 869, 'time_epoch': 2.92096, 'eta': 385.81894, 'eta_hours': 0.10717, 'loss': 0.07466902, 'lr': 0.00013798, 'params': 201514, 'time_iter': 0.02475, 'accuracy': 0.97337, 'f1': 0.97337, 'auc': 0.99949}
val: {'epoch': 869, 'time_epoch': 0.32303, 'loss': 0.5523027, 'lr': 0, 'params': 201514, 'time_iter': 0.01615, 'accuracy': 0.8594, 'f1': 0.85856, 'auc': 0.98822}
test: {'epoch': 869, 'time_epoch': 0.90797, 'loss': 2.68129587, 'lr': 0, 'params': 201514, 'time_iter': 0.0227, 'accuracy': 0.588, 'f1': 0.59149, 'auc': 0.91793}
> Epoch 869: took 4.2s (avg 4.2s) | Best so far: epoch 816	train_loss: 0.0860 train_accuracy: 0.9684	val_loss: 0.5075 val_accuracy: 0.8654	test_loss: 2.6146 test_accuracy: 0.5955
train: {'epoch': 870, 'time_epoch': 2.98116, 'eta': 382.85308, 'eta_hours': 0.10635, 'loss': 0.07620823, 'lr': 0.00013693, 'params': 201514, 'time_iter': 0.02526, 'accuracy': 0.97227, 'f1': 0.97227, 'auc': 0.9995}
val: {'epoch': 870, 'time_epoch': 0.31452, 'loss': 0.54508025, 'lr': 0, 'params': 201514, 'time_iter': 0.01573, 'accuracy': 0.862, 'f1': 0.86179, 'auc': 0.98823}
test: {'epoch': 870, 'time_epoch': 0.91328, 'loss': 2.61567433, 'lr': 0, 'params': 201514, 'time_iter': 0.02283, 'accuracy': 0.5877, 'f1': 0.59303, 'auc': 0.91927}
> Epoch 870: took 4.2s (avg 4.2s) | Best so far: epoch 816	train_loss: 0.0860 train_accuracy: 0.9684	val_loss: 0.5075 val_accuracy: 0.8654	test_loss: 2.6146 test_accuracy: 0.5955
train: {'epoch': 871, 'time_epoch': 2.96879, 'eta': 379.88536, 'eta_hours': 0.10552, 'loss': 0.07624449, 'lr': 0.00013588, 'params': 201514, 'time_iter': 0.02516, 'accuracy': 0.97287, 'f1': 0.97287, 'auc': 0.99946}
val: {'epoch': 871, 'time_epoch': 0.30952, 'loss': 0.54848703, 'lr': 0, 'params': 201514, 'time_iter': 0.01548, 'accuracy': 0.8574, 'f1': 0.85744, 'auc': 0.98806}
test: {'epoch': 871, 'time_epoch': 0.91121, 'loss': 2.76097806, 'lr': 0, 'params': 201514, 'time_iter': 0.02278, 'accuracy': 0.5803, 'f1': 0.58323, 'auc': 0.91558}
> Epoch 871: took 4.2s (avg 4.2s) | Best so far: epoch 816	train_loss: 0.0860 train_accuracy: 0.9684	val_loss: 0.5075 val_accuracy: 0.8654	test_loss: 2.6146 test_accuracy: 0.5955
train: {'epoch': 872, 'time_epoch': 2.92955, 'eta': 376.91193, 'eta_hours': 0.1047, 'loss': 0.07455584, 'lr': 0.00013482, 'params': 201514, 'time_iter': 0.02483, 'accuracy': 0.97263, 'f1': 0.97263, 'auc': 0.99949}
val: {'epoch': 872, 'time_epoch': 0.30652, 'loss': 0.53560154, 'lr': 0, 'params': 201514, 'time_iter': 0.01533, 'accuracy': 0.8598, 'f1': 0.86007, 'auc': 0.98815}
test: {'epoch': 872, 'time_epoch': 1.14621, 'loss': 2.65601259, 'lr': 0, 'params': 201514, 'time_iter': 0.02866, 'accuracy': 0.5892, 'f1': 0.59425, 'auc': 0.91861}
> Epoch 872: took 4.4s (avg 4.2s) | Best so far: epoch 816	train_loss: 0.0860 train_accuracy: 0.9684	val_loss: 0.5075 val_accuracy: 0.8654	test_loss: 2.6146 test_accuracy: 0.5955
train: {'epoch': 873, 'time_epoch': 3.02525, 'eta': 373.9524, 'eta_hours': 0.10388, 'loss': 0.07515228, 'lr': 0.00013377, 'params': 201514, 'time_iter': 0.02564, 'accuracy': 0.9736, 'f1': 0.97361, 'auc': 0.99948}
val: {'epoch': 873, 'time_epoch': 0.32003, 'loss': 0.5641066, 'lr': 0, 'params': 201514, 'time_iter': 0.016, 'accuracy': 0.8508, 'f1': 0.8499, 'auc': 0.98762}
test: {'epoch': 873, 'time_epoch': 0.91178, 'loss': 2.88469805, 'lr': 0, 'params': 201514, 'time_iter': 0.02279, 'accuracy': 0.5798, 'f1': 0.58491, 'auc': 0.91398}
> Epoch 873: took 4.3s (avg 4.2s) | Best so far: epoch 816	train_loss: 0.0860 train_accuracy: 0.9684	val_loss: 0.5075 val_accuracy: 0.8654	test_loss: 2.6146 test_accuracy: 0.5955
train: {'epoch': 874, 'time_epoch': 2.95829, 'eta': 370.98316, 'eta_hours': 0.10305, 'loss': 0.07630849, 'lr': 0.00013272, 'params': 201514, 'time_iter': 0.02507, 'accuracy': 0.97213, 'f1': 0.97213, 'auc': 0.99947}
val: {'epoch': 874, 'time_epoch': 0.31552, 'loss': 0.54380756, 'lr': 0, 'params': 201514, 'time_iter': 0.01578, 'accuracy': 0.8586, 'f1': 0.85799, 'auc': 0.98827}
test: {'epoch': 874, 'time_epoch': 0.91377, 'loss': 2.87221767, 'lr': 0, 'params': 201514, 'time_iter': 0.02284, 'accuracy': 0.5807, 'f1': 0.58524, 'auc': 0.91468}
> Epoch 874: took 4.2s (avg 4.2s) | Best so far: epoch 816	train_loss: 0.0860 train_accuracy: 0.9684	val_loss: 0.5075 val_accuracy: 0.8654	test_loss: 2.6146 test_accuracy: 0.5955
train: {'epoch': 875, 'time_epoch': 2.95197, 'eta': 368.01304, 'eta_hours': 0.10223, 'loss': 0.06823505, 'lr': 0.00013167, 'params': 201514, 'time_iter': 0.02502, 'accuracy': 0.97497, 'f1': 0.97497, 'auc': 0.99956}
val: {'epoch': 875, 'time_epoch': 0.30644, 'loss': 0.54572622, 'lr': 0, 'params': 201514, 'time_iter': 0.01532, 'accuracy': 0.856, 'f1': 0.85551, 'auc': 0.98825}
test: {'epoch': 875, 'time_epoch': 0.91907, 'loss': 2.71643585, 'lr': 0, 'params': 201514, 'time_iter': 0.02298, 'accuracy': 0.5871, 'f1': 0.59274, 'auc': 0.91814}
> Epoch 875: took 4.2s (avg 4.2s) | Best so far: epoch 816	train_loss: 0.0860 train_accuracy: 0.9684	val_loss: 0.5075 val_accuracy: 0.8654	test_loss: 2.6146 test_accuracy: 0.5955
train: {'epoch': 876, 'time_epoch': 2.90557, 'eta': 365.03646, 'eta_hours': 0.1014, 'loss': 0.07063071, 'lr': 0.00013061, 'params': 201514, 'time_iter': 0.02462, 'accuracy': 0.9745, 'f1': 0.9745, 'auc': 0.99954}
val: {'epoch': 876, 'time_epoch': 0.2982, 'loss': 0.55823781, 'lr': 0, 'params': 201514, 'time_iter': 0.01491, 'accuracy': 0.851, 'f1': 0.8511, 'auc': 0.98793}
test: {'epoch': 876, 'time_epoch': 0.92265, 'loss': 2.90759792, 'lr': 0, 'params': 201514, 'time_iter': 0.02307, 'accuracy': 0.5799, 'f1': 0.58505, 'auc': 0.91362}
> Epoch 876: took 4.2s (avg 4.2s) | Best so far: epoch 816	train_loss: 0.0860 train_accuracy: 0.9684	val_loss: 0.5075 val_accuracy: 0.8654	test_loss: 2.6146 test_accuracy: 0.5955
train: {'epoch': 877, 'time_epoch': 2.96548, 'eta': 362.06837, 'eta_hours': 0.10057, 'loss': 0.0738594, 'lr': 0.00012956, 'params': 201514, 'time_iter': 0.02513, 'accuracy': 0.9738, 'f1': 0.9738, 'auc': 0.99951}
val: {'epoch': 877, 'time_epoch': 0.31272, 'loss': 0.60106302, 'lr': 0, 'params': 201514, 'time_iter': 0.01564, 'accuracy': 0.8496, 'f1': 0.84939, 'auc': 0.98671}
test: {'epoch': 877, 'time_epoch': 0.92795, 'loss': 2.90083741, 'lr': 0, 'params': 201514, 'time_iter': 0.0232, 'accuracy': 0.5801, 'f1': 0.58646, 'auc': 0.91387}
> Epoch 877: took 4.2s (avg 4.2s) | Best so far: epoch 816	train_loss: 0.0860 train_accuracy: 0.9684	val_loss: 0.5075 val_accuracy: 0.8654	test_loss: 2.6146 test_accuracy: 0.5955
train: {'epoch': 878, 'time_epoch': 2.95494, 'eta': 359.09883, 'eta_hours': 0.09975, 'loss': 0.07411686, 'lr': 0.00012851, 'params': 201514, 'time_iter': 0.02504, 'accuracy': 0.97357, 'f1': 0.97357, 'auc': 0.9995}
val: {'epoch': 878, 'time_epoch': 0.30703, 'loss': 0.56218452, 'lr': 0, 'params': 201514, 'time_iter': 0.01535, 'accuracy': 0.8536, 'f1': 0.8529, 'auc': 0.98805}
test: {'epoch': 878, 'time_epoch': 0.90491, 'loss': 2.67673502, 'lr': 0, 'params': 201514, 'time_iter': 0.02262, 'accuracy': 0.5841, 'f1': 0.58944, 'auc': 0.91845}
> Epoch 878: took 4.2s (avg 4.2s) | Best so far: epoch 816	train_loss: 0.0860 train_accuracy: 0.9684	val_loss: 0.5075 val_accuracy: 0.8654	test_loss: 2.6146 test_accuracy: 0.5955
train: {'epoch': 879, 'time_epoch': 2.93573, 'eta': 356.1267, 'eta_hours': 0.09892, 'loss': 0.07141602, 'lr': 0.00012746, 'params': 201514, 'time_iter': 0.02488, 'accuracy': 0.97433, 'f1': 0.97433, 'auc': 0.99951}
val: {'epoch': 879, 'time_epoch': 0.32068, 'loss': 0.55201259, 'lr': 0, 'params': 201514, 'time_iter': 0.01603, 'accuracy': 0.859, 'f1': 0.85884, 'auc': 0.98781}
test: {'epoch': 879, 'time_epoch': 1.12734, 'loss': 2.57701866, 'lr': 0, 'params': 201514, 'time_iter': 0.02818, 'accuracy': 0.5907, 'f1': 0.59645, 'auc': 0.92069}
> Epoch 879: took 4.4s (avg 4.2s) | Best so far: epoch 816	train_loss: 0.0860 train_accuracy: 0.9684	val_loss: 0.5075 val_accuracy: 0.8654	test_loss: 2.6146 test_accuracy: 0.5955
train: {'epoch': 880, 'time_epoch': 3.07647, 'eta': 353.17367, 'eta_hours': 0.0981, 'loss': 0.07271635, 'lr': 0.0001264, 'params': 201514, 'time_iter': 0.02607, 'accuracy': 0.97323, 'f1': 0.97323, 'auc': 0.99952}
val: {'epoch': 880, 'time_epoch': 0.31052, 'loss': 0.54990446, 'lr': 0, 'params': 201514, 'time_iter': 0.01553, 'accuracy': 0.8574, 'f1': 0.8567, 'auc': 0.98819}
test: {'epoch': 880, 'time_epoch': 0.9083, 'loss': 2.58856056, 'lr': 0, 'params': 201514, 'time_iter': 0.02271, 'accuracy': 0.5931, 'f1': 0.59945, 'auc': 0.92223}
> Epoch 880: took 4.3s (avg 4.2s) | Best so far: epoch 816	train_loss: 0.0860 train_accuracy: 0.9684	val_loss: 0.5075 val_accuracy: 0.8654	test_loss: 2.6146 test_accuracy: 0.5955
train: {'epoch': 881, 'time_epoch': 2.92464, 'eta': 350.20004, 'eta_hours': 0.09728, 'loss': 0.07386144, 'lr': 0.00012535, 'params': 201514, 'time_iter': 0.02479, 'accuracy': 0.973, 'f1': 0.97301, 'auc': 0.99948}
val: {'epoch': 881, 'time_epoch': 0.30752, 'loss': 0.54352631, 'lr': 0, 'params': 201514, 'time_iter': 0.01538, 'accuracy': 0.8534, 'f1': 0.85273, 'auc': 0.98813}
test: {'epoch': 881, 'time_epoch': 0.93081, 'loss': 2.69967513, 'lr': 0, 'params': 201514, 'time_iter': 0.02327, 'accuracy': 0.5866, 'f1': 0.59115, 'auc': 0.91834}
> Epoch 881: took 4.2s (avg 4.2s) | Best so far: epoch 816	train_loss: 0.0860 train_accuracy: 0.9684	val_loss: 0.5075 val_accuracy: 0.8654	test_loss: 2.6146 test_accuracy: 0.5955
train: {'epoch': 882, 'time_epoch': 2.92323, 'eta': 347.22634, 'eta_hours': 0.09645, 'loss': 0.07269218, 'lr': 0.0001243, 'params': 201514, 'time_iter': 0.02477, 'accuracy': 0.97413, 'f1': 0.97413, 'auc': 0.99952}
val: {'epoch': 882, 'time_epoch': 0.31562, 'loss': 0.54568812, 'lr': 0, 'params': 201514, 'time_iter': 0.01578, 'accuracy': 0.855, 'f1': 0.85456, 'auc': 0.98823}
test: {'epoch': 882, 'time_epoch': 0.91275, 'loss': 2.66356058, 'lr': 0, 'params': 201514, 'time_iter': 0.02282, 'accuracy': 0.5915, 'f1': 0.59658, 'auc': 0.92037}
> Epoch 882: took 4.2s (avg 4.2s) | Best so far: epoch 816	train_loss: 0.0860 train_accuracy: 0.9684	val_loss: 0.5075 val_accuracy: 0.8654	test_loss: 2.6146 test_accuracy: 0.5955
train: {'epoch': 883, 'time_epoch': 2.94611, 'eta': 344.25575, 'eta_hours': 0.09563, 'loss': 0.072198, 'lr': 0.00012325, 'params': 201514, 'time_iter': 0.02497, 'accuracy': 0.97407, 'f1': 0.97407, 'auc': 0.99952}
val: {'epoch': 883, 'time_epoch': 0.29893, 'loss': 0.55395078, 'lr': 0, 'params': 201514, 'time_iter': 0.01495, 'accuracy': 0.8588, 'f1': 0.8587, 'auc': 0.98798}
test: {'epoch': 883, 'time_epoch': 0.91238, 'loss': 2.71310026, 'lr': 0, 'params': 201514, 'time_iter': 0.02281, 'accuracy': 0.588, 'f1': 0.59381, 'auc': 0.91828}
> Epoch 883: took 4.2s (avg 4.2s) | Best so far: epoch 816	train_loss: 0.0860 train_accuracy: 0.9684	val_loss: 0.5075 val_accuracy: 0.8654	test_loss: 2.6146 test_accuracy: 0.5955
train: {'epoch': 884, 'time_epoch': 2.98807, 'eta': 341.29068, 'eta_hours': 0.0948, 'loss': 0.06991894, 'lr': 0.00012219, 'params': 201514, 'time_iter': 0.02532, 'accuracy': 0.9748, 'f1': 0.97481, 'auc': 0.99955}
val: {'epoch': 884, 'time_epoch': 0.30524, 'loss': 0.53028802, 'lr': 0, 'params': 201514, 'time_iter': 0.01526, 'accuracy': 0.8616, 'f1': 0.8617, 'auc': 0.98865}
test: {'epoch': 884, 'time_epoch': 0.90813, 'loss': 2.83838994, 'lr': 0, 'params': 201514, 'time_iter': 0.0227, 'accuracy': 0.5911, 'f1': 0.59659, 'auc': 0.91662}
> Epoch 884: took 4.2s (avg 4.2s) | Best so far: epoch 816	train_loss: 0.0860 train_accuracy: 0.9684	val_loss: 0.5075 val_accuracy: 0.8654	test_loss: 2.6146 test_accuracy: 0.5955
train: {'epoch': 885, 'time_epoch': 2.90064, 'eta': 338.3143, 'eta_hours': 0.09398, 'loss': 0.07185648, 'lr': 0.00012114, 'params': 201514, 'time_iter': 0.02458, 'accuracy': 0.9738, 'f1': 0.9738, 'auc': 0.99954}
val: {'epoch': 885, 'time_epoch': 0.31773, 'loss': 0.54374402, 'lr': 0, 'params': 201514, 'time_iter': 0.01589, 'accuracy': 0.8554, 'f1': 0.85489, 'auc': 0.98798}
test: {'epoch': 885, 'time_epoch': 0.92015, 'loss': 2.83485001, 'lr': 0, 'params': 201514, 'time_iter': 0.023, 'accuracy': 0.5905, 'f1': 0.59604, 'auc': 0.91606}
> Epoch 885: took 4.2s (avg 4.2s) | Best so far: epoch 816	train_loss: 0.0860 train_accuracy: 0.9684	val_loss: 0.5075 val_accuracy: 0.8654	test_loss: 2.6146 test_accuracy: 0.5955
train: {'epoch': 886, 'time_epoch': 2.93148, 'eta': 335.34202, 'eta_hours': 0.09315, 'loss': 0.07168138, 'lr': 0.00012009, 'params': 201514, 'time_iter': 0.02484, 'accuracy': 0.9735, 'f1': 0.97351, 'auc': 0.99953}
val: {'epoch': 886, 'time_epoch': 0.30925, 'loss': 0.55367894, 'lr': 0, 'params': 201514, 'time_iter': 0.01546, 'accuracy': 0.8548, 'f1': 0.85439, 'auc': 0.98794}
test: {'epoch': 886, 'time_epoch': 1.13499, 'loss': 2.70847333, 'lr': 0, 'params': 201514, 'time_iter': 0.02837, 'accuracy': 0.5939, 'f1': 0.59898, 'auc': 0.91747}
> Epoch 886: took 4.4s (avg 4.2s) | Best so far: epoch 816	train_loss: 0.0860 train_accuracy: 0.9684	val_loss: 0.5075 val_accuracy: 0.8654	test_loss: 2.6146 test_accuracy: 0.5955
train: {'epoch': 887, 'time_epoch': 2.95503, 'eta': 332.3728, 'eta_hours': 0.09233, 'loss': 0.06835813, 'lr': 0.00011904, 'params': 201514, 'time_iter': 0.02504, 'accuracy': 0.97597, 'f1': 0.97597, 'auc': 0.99956}
val: {'epoch': 887, 'time_epoch': 0.30611, 'loss': 0.5360216, 'lr': 0, 'params': 201514, 'time_iter': 0.01531, 'accuracy': 0.8616, 'f1': 0.86171, 'auc': 0.9885}
test: {'epoch': 887, 'time_epoch': 0.90756, 'loss': 2.64743339, 'lr': 0, 'params': 201514, 'time_iter': 0.02269, 'accuracy': 0.5955, 'f1': 0.60153, 'auc': 0.92076}
> Epoch 887: took 4.2s (avg 4.2s) | Best so far: epoch 816	train_loss: 0.0860 train_accuracy: 0.9684	val_loss: 0.5075 val_accuracy: 0.8654	test_loss: 2.6146 test_accuracy: 0.5955
train: {'epoch': 888, 'time_epoch': 2.93571, 'eta': 329.4012, 'eta_hours': 0.0915, 'loss': 0.06991879, 'lr': 0.00011798, 'params': 201514, 'time_iter': 0.02488, 'accuracy': 0.97493, 'f1': 0.97494, 'auc': 0.99956}
val: {'epoch': 888, 'time_epoch': 0.30426, 'loss': 0.55155393, 'lr': 0, 'params': 201514, 'time_iter': 0.01521, 'accuracy': 0.8566, 'f1': 0.85589, 'auc': 0.98803}
test: {'epoch': 888, 'time_epoch': 0.91828, 'loss': 2.71190542, 'lr': 0, 'params': 201514, 'time_iter': 0.02296, 'accuracy': 0.5894, 'f1': 0.5938, 'auc': 0.91876}
> Epoch 888: took 4.2s (avg 4.2s) | Best so far: epoch 816	train_loss: 0.0860 train_accuracy: 0.9684	val_loss: 0.5075 val_accuracy: 0.8654	test_loss: 2.6146 test_accuracy: 0.5955
train: {'epoch': 889, 'time_epoch': 3.00197, 'eta': 326.43787, 'eta_hours': 0.09068, 'loss': 0.06724197, 'lr': 0.00011693, 'params': 201514, 'time_iter': 0.02544, 'accuracy': 0.97537, 'f1': 0.97537, 'auc': 0.99959}
val: {'epoch': 889, 'time_epoch': 0.29854, 'loss': 0.5424811, 'lr': 0, 'params': 201514, 'time_iter': 0.01493, 'accuracy': 0.856, 'f1': 0.85505, 'auc': 0.98841}
test: {'epoch': 889, 'time_epoch': 0.92376, 'loss': 2.65035877, 'lr': 0, 'params': 201514, 'time_iter': 0.02309, 'accuracy': 0.5928, 'f1': 0.59781, 'auc': 0.91903}
> Epoch 889: took 4.3s (avg 4.2s) | Best so far: epoch 816	train_loss: 0.0860 train_accuracy: 0.9684	val_loss: 0.5075 val_accuracy: 0.8654	test_loss: 2.6146 test_accuracy: 0.5955
train: {'epoch': 890, 'time_epoch': 2.93606, 'eta': 323.4664, 'eta_hours': 0.08985, 'loss': 0.07204501, 'lr': 0.00011588, 'params': 201514, 'time_iter': 0.02488, 'accuracy': 0.97407, 'f1': 0.97406, 'auc': 0.99951}
val: {'epoch': 890, 'time_epoch': 0.30252, 'loss': 0.53918055, 'lr': 0, 'params': 201514, 'time_iter': 0.01513, 'accuracy': 0.8598, 'f1': 0.85913, 'auc': 0.9885}
test: {'epoch': 890, 'time_epoch': 0.90082, 'loss': 2.74417134, 'lr': 0, 'params': 201514, 'time_iter': 0.02252, 'accuracy': 0.5907, 'f1': 0.59643, 'auc': 0.91682}
> Epoch 890: took 4.2s (avg 4.2s) | Best so far: epoch 816	train_loss: 0.0860 train_accuracy: 0.9684	val_loss: 0.5075 val_accuracy: 0.8654	test_loss: 2.6146 test_accuracy: 0.5955
train: {'epoch': 891, 'time_epoch': 2.95295, 'eta': 320.49704, 'eta_hours': 0.08903, 'loss': 0.0665231, 'lr': 0.00011483, 'params': 201514, 'time_iter': 0.02503, 'accuracy': 0.9766, 'f1': 0.9766, 'auc': 0.99958}
val: {'epoch': 891, 'time_epoch': 0.32043, 'loss': 0.53927087, 'lr': 0, 'params': 201514, 'time_iter': 0.01602, 'accuracy': 0.8582, 'f1': 0.85777, 'auc': 0.98853}
test: {'epoch': 891, 'time_epoch': 0.92625, 'loss': 2.77274456, 'lr': 0, 'params': 201514, 'time_iter': 0.02316, 'accuracy': 0.5876, 'f1': 0.59181, 'auc': 0.91668}
> Epoch 891: took 4.2s (avg 4.2s) | Best so far: epoch 816	train_loss: 0.0860 train_accuracy: 0.9684	val_loss: 0.5075 val_accuracy: 0.8654	test_loss: 2.6146 test_accuracy: 0.5955
train: {'epoch': 892, 'time_epoch': 2.93457, 'eta': 317.52553, 'eta_hours': 0.0882, 'loss': 0.0695514, 'lr': 0.00011377, 'params': 201514, 'time_iter': 0.02487, 'accuracy': 0.97433, 'f1': 0.97433, 'auc': 0.99955}
val: {'epoch': 892, 'time_epoch': 0.31721, 'loss': 0.53719695, 'lr': 0, 'params': 201514, 'time_iter': 0.01586, 'accuracy': 0.8598, 'f1': 0.8596, 'auc': 0.98827}
test: {'epoch': 892, 'time_epoch': 0.92927, 'loss': 2.7131941, 'lr': 0, 'params': 201514, 'time_iter': 0.02323, 'accuracy': 0.5906, 'f1': 0.59779, 'auc': 0.91792}
> Epoch 892: took 4.2s (avg 4.2s) | Best so far: epoch 816	train_loss: 0.0860 train_accuracy: 0.9684	val_loss: 0.5075 val_accuracy: 0.8654	test_loss: 2.6146 test_accuracy: 0.5955
train: {'epoch': 893, 'time_epoch': 2.91437, 'eta': 314.55169, 'eta_hours': 0.08738, 'loss': 0.07081361, 'lr': 0.00011272, 'params': 201514, 'time_iter': 0.0247, 'accuracy': 0.97437, 'f1': 0.97437, 'auc': 0.99953}
val: {'epoch': 893, 'time_epoch': 0.32202, 'loss': 0.54691552, 'lr': 0, 'params': 201514, 'time_iter': 0.0161, 'accuracy': 0.8558, 'f1': 0.85555, 'auc': 0.98823}
test: {'epoch': 893, 'time_epoch': 1.16496, 'loss': 2.79449794, 'lr': 0, 'params': 201514, 'time_iter': 0.02912, 'accuracy': 0.5864, 'f1': 0.59335, 'auc': 0.91685}
> Epoch 893: took 4.4s (avg 4.2s) | Best so far: epoch 816	train_loss: 0.0860 train_accuracy: 0.9684	val_loss: 0.5075 val_accuracy: 0.8654	test_loss: 2.6146 test_accuracy: 0.5955
train: {'epoch': 894, 'time_epoch': 2.97085, 'eta': 311.58462, 'eta_hours': 0.08655, 'loss': 0.06889905, 'lr': 0.00011167, 'params': 201514, 'time_iter': 0.02518, 'accuracy': 0.9759, 'f1': 0.9759, 'auc': 0.99956}
val: {'epoch': 894, 'time_epoch': 0.31203, 'loss': 0.55130226, 'lr': 0, 'params': 201514, 'time_iter': 0.0156, 'accuracy': 0.859, 'f1': 0.85856, 'auc': 0.98838}
test: {'epoch': 894, 'time_epoch': 0.92656, 'loss': 2.88200292, 'lr': 0, 'params': 201514, 'time_iter': 0.02316, 'accuracy': 0.5908, 'f1': 0.59441, 'auc': 0.91543}
> Epoch 894: took 4.2s (avg 4.2s) | Best so far: epoch 816	train_loss: 0.0860 train_accuracy: 0.9684	val_loss: 0.5075 val_accuracy: 0.8654	test_loss: 2.6146 test_accuracy: 0.5955
train: {'epoch': 895, 'time_epoch': 2.89115, 'eta': 308.60829, 'eta_hours': 0.08572, 'loss': 0.06840454, 'lr': 0.00011062, 'params': 201514, 'time_iter': 0.0245, 'accuracy': 0.97437, 'f1': 0.97437, 'auc': 0.99958}
val: {'epoch': 895, 'time_epoch': 0.31152, 'loss': 0.53591813, 'lr': 0, 'params': 201514, 'time_iter': 0.01558, 'accuracy': 0.8588, 'f1': 0.85844, 'auc': 0.98856}
test: {'epoch': 895, 'time_epoch': 0.87001, 'loss': 2.86834408, 'lr': 0, 'params': 201514, 'time_iter': 0.02175, 'accuracy': 0.5928, 'f1': 0.59796, 'auc': 0.91541}
> Epoch 895: took 4.1s (avg 4.2s) | Best so far: epoch 816	train_loss: 0.0860 train_accuracy: 0.9684	val_loss: 0.5075 val_accuracy: 0.8654	test_loss: 2.6146 test_accuracy: 0.5955
train: {'epoch': 896, 'time_epoch': 2.94032, 'eta': 305.6378, 'eta_hours': 0.0849, 'loss': 0.06634459, 'lr': 0.00010956, 'params': 201514, 'time_iter': 0.02492, 'accuracy': 0.976, 'f1': 0.976, 'auc': 0.99959}
val: {'epoch': 896, 'time_epoch': 0.30902, 'loss': 0.52741396, 'lr': 0, 'params': 201514, 'time_iter': 0.01545, 'accuracy': 0.8596, 'f1': 0.85891, 'auc': 0.98886}
test: {'epoch': 896, 'time_epoch': 0.92672, 'loss': 2.79366315, 'lr': 0, 'params': 201514, 'time_iter': 0.02317, 'accuracy': 0.5936, 'f1': 0.5991, 'auc': 0.91846}
> Epoch 896: took 4.2s (avg 4.2s) | Best so far: epoch 816	train_loss: 0.0860 train_accuracy: 0.9684	val_loss: 0.5075 val_accuracy: 0.8654	test_loss: 2.6146 test_accuracy: 0.5955
train: {'epoch': 897, 'time_epoch': 2.94237, 'eta': 302.6676, 'eta_hours': 0.08407, 'loss': 0.07302371, 'lr': 0.00010851, 'params': 201514, 'time_iter': 0.02494, 'accuracy': 0.97397, 'f1': 0.97396, 'auc': 0.9995}
val: {'epoch': 897, 'time_epoch': 0.30552, 'loss': 0.54910119, 'lr': 0, 'params': 201514, 'time_iter': 0.01528, 'accuracy': 0.8568, 'f1': 0.8563, 'auc': 0.98824}
test: {'epoch': 897, 'time_epoch': 0.9152, 'loss': 2.82313667, 'lr': 0, 'params': 201514, 'time_iter': 0.02288, 'accuracy': 0.5872, 'f1': 0.592, 'auc': 0.91648}
> Epoch 897: took 4.2s (avg 4.2s) | Best so far: epoch 816	train_loss: 0.0860 train_accuracy: 0.9684	val_loss: 0.5075 val_accuracy: 0.8654	test_loss: 2.6146 test_accuracy: 0.5955
train: {'epoch': 898, 'time_epoch': 3.0348, 'eta': 299.70785, 'eta_hours': 0.08325, 'loss': 0.06847154, 'lr': 0.00010746, 'params': 201514, 'time_iter': 0.02572, 'accuracy': 0.97527, 'f1': 0.97527, 'auc': 0.99958}
val: {'epoch': 898, 'time_epoch': 0.3198, 'loss': 0.53554241, 'lr': 0, 'params': 201514, 'time_iter': 0.01599, 'accuracy': 0.862, 'f1': 0.86188, 'auc': 0.98859}
test: {'epoch': 898, 'time_epoch': 0.90167, 'loss': 2.83003216, 'lr': 0, 'params': 201514, 'time_iter': 0.02254, 'accuracy': 0.5871, 'f1': 0.59389, 'auc': 0.91714}
> Epoch 898: took 4.3s (avg 4.2s) | Best so far: epoch 816	train_loss: 0.0860 train_accuracy: 0.9684	val_loss: 0.5075 val_accuracy: 0.8654	test_loss: 2.6146 test_accuracy: 0.5955
train: {'epoch': 899, 'time_epoch': 2.98122, 'eta': 296.74198, 'eta_hours': 0.08243, 'loss': 0.06562332, 'lr': 0.00010641, 'params': 201514, 'time_iter': 0.02526, 'accuracy': 0.97577, 'f1': 0.97577, 'auc': 0.99961}
val: {'epoch': 899, 'time_epoch': 0.30481, 'loss': 0.54290695, 'lr': 0, 'params': 201514, 'time_iter': 0.01524, 'accuracy': 0.8632, 'f1': 0.86277, 'auc': 0.9885}
test: {'epoch': 899, 'time_epoch': 0.89926, 'loss': 2.9339375, 'lr': 0, 'params': 201514, 'time_iter': 0.02248, 'accuracy': 0.5856, 'f1': 0.59296, 'auc': 0.91471}
> Epoch 899: took 4.2s (avg 4.2s) | Best so far: epoch 816	train_loss: 0.0860 train_accuracy: 0.9684	val_loss: 0.5075 val_accuracy: 0.8654	test_loss: 2.6146 test_accuracy: 0.5955
train: {'epoch': 900, 'time_epoch': 2.92431, 'eta': 293.76983, 'eta_hours': 0.0816, 'loss': 0.06536791, 'lr': 0.00010535, 'params': 201514, 'time_iter': 0.02478, 'accuracy': 0.97717, 'f1': 0.97717, 'auc': 0.9996}
val: {'epoch': 900, 'time_epoch': 0.30656, 'loss': 0.5327234, 'lr': 0, 'params': 201514, 'time_iter': 0.01533, 'accuracy': 0.8632, 'f1': 0.86317, 'auc': 0.98858}
test: {'epoch': 900, 'time_epoch': 1.15076, 'loss': 2.87856611, 'lr': 0, 'params': 201514, 'time_iter': 0.02877, 'accuracy': 0.5911, 'f1': 0.59722, 'auc': 0.91695}
> Epoch 900: took 4.4s (avg 4.2s) | Best so far: epoch 816	train_loss: 0.0860 train_accuracy: 0.9684	val_loss: 0.5075 val_accuracy: 0.8654	test_loss: 2.6146 test_accuracy: 0.5955
train: {'epoch': 901, 'time_epoch': 3.01113, 'eta': 290.80721, 'eta_hours': 0.08078, 'loss': 0.06731536, 'lr': 0.0001043, 'params': 201514, 'time_iter': 0.02552, 'accuracy': 0.97543, 'f1': 0.97544, 'auc': 0.99959}
val: {'epoch': 901, 'time_epoch': 0.31252, 'loss': 0.55423387, 'lr': 0, 'params': 201514, 'time_iter': 0.01563, 'accuracy': 0.8586, 'f1': 0.85839, 'auc': 0.98804}
test: {'epoch': 901, 'time_epoch': 0.92531, 'loss': 2.70964105, 'lr': 0, 'params': 201514, 'time_iter': 0.02313, 'accuracy': 0.5929, 'f1': 0.59796, 'auc': 0.91831}
> Epoch 901: took 4.3s (avg 4.2s) | Best so far: epoch 816	train_loss: 0.0860 train_accuracy: 0.9684	val_loss: 0.5075 val_accuracy: 0.8654	test_loss: 2.6146 test_accuracy: 0.5955
train: {'epoch': 902, 'time_epoch': 2.92278, 'eta': 287.83499, 'eta_hours': 0.07995, 'loss': 0.07065932, 'lr': 0.00010325, 'params': 201514, 'time_iter': 0.02477, 'accuracy': 0.97433, 'f1': 0.97433, 'auc': 0.99953}
val: {'epoch': 902, 'time_epoch': 0.30629, 'loss': 0.53288175, 'lr': 0, 'params': 201514, 'time_iter': 0.01531, 'accuracy': 0.8616, 'f1': 0.86143, 'auc': 0.98855}
test: {'epoch': 902, 'time_epoch': 0.91729, 'loss': 2.77073719, 'lr': 0, 'params': 201514, 'time_iter': 0.02293, 'accuracy': 0.5922, 'f1': 0.59831, 'auc': 0.91813}
> Epoch 902: took 4.2s (avg 4.2s) | Best so far: epoch 816	train_loss: 0.0860 train_accuracy: 0.9684	val_loss: 0.5075 val_accuracy: 0.8654	test_loss: 2.6146 test_accuracy: 0.5955
train: {'epoch': 903, 'time_epoch': 2.9934, 'eta': 284.87039, 'eta_hours': 0.07913, 'loss': 0.06953297, 'lr': 0.0001022, 'params': 201514, 'time_iter': 0.02537, 'accuracy': 0.97437, 'f1': 0.97437, 'auc': 0.99956}
val: {'epoch': 903, 'time_epoch': 0.31302, 'loss': 0.53287712, 'lr': 0, 'params': 201514, 'time_iter': 0.01565, 'accuracy': 0.8616, 'f1': 0.86134, 'auc': 0.98856}
test: {'epoch': 903, 'time_epoch': 0.92247, 'loss': 2.79855162, 'lr': 0, 'params': 201514, 'time_iter': 0.02306, 'accuracy': 0.5938, 'f1': 0.60051, 'auc': 0.91704}
> Epoch 903: took 4.3s (avg 4.2s) | Best so far: epoch 816	train_loss: 0.0860 train_accuracy: 0.9684	val_loss: 0.5075 val_accuracy: 0.8654	test_loss: 2.6146 test_accuracy: 0.5955
train: {'epoch': 904, 'time_epoch': 2.89346, 'eta': 281.89522, 'eta_hours': 0.0783, 'loss': 0.06615097, 'lr': 0.00010114, 'params': 201514, 'time_iter': 0.02452, 'accuracy': 0.97613, 'f1': 0.97613, 'auc': 0.99959}
val: {'epoch': 904, 'time_epoch': 0.30922, 'loss': 0.53318617, 'lr': 0, 'params': 201514, 'time_iter': 0.01546, 'accuracy': 0.856, 'f1': 0.8558, 'auc': 0.98864}
test: {'epoch': 904, 'time_epoch': 0.91544, 'loss': 2.83885772, 'lr': 0, 'params': 201514, 'time_iter': 0.02289, 'accuracy': 0.5879, 'f1': 0.59173, 'auc': 0.91679}
> Epoch 904: took 4.2s (avg 4.2s) | Best so far: epoch 816	train_loss: 0.0860 train_accuracy: 0.9684	val_loss: 0.5075 val_accuracy: 0.8654	test_loss: 2.6146 test_accuracy: 0.5955
train: {'epoch': 905, 'time_epoch': 2.95122, 'eta': 278.92624, 'eta_hours': 0.07748, 'loss': 0.06854622, 'lr': 0.00010009, 'params': 201514, 'time_iter': 0.02501, 'accuracy': 0.97513, 'f1': 0.97514, 'auc': 0.99955}
val: {'epoch': 905, 'time_epoch': 0.31652, 'loss': 0.5199585, 'lr': 0, 'params': 201514, 'time_iter': 0.01583, 'accuracy': 0.8624, 'f1': 0.86209, 'auc': 0.98866}
test: {'epoch': 905, 'time_epoch': 0.91119, 'loss': 2.89829464, 'lr': 0, 'params': 201514, 'time_iter': 0.02278, 'accuracy': 0.5928, 'f1': 0.59783, 'auc': 0.91553}
> Epoch 905: took 4.2s (avg 4.2s) | Best so far: epoch 816	train_loss: 0.0860 train_accuracy: 0.9684	val_loss: 0.5075 val_accuracy: 0.8654	test_loss: 2.6146 test_accuracy: 0.5955
train: {'epoch': 906, 'time_epoch': 2.95305, 'eta': 275.95747, 'eta_hours': 0.07665, 'loss': 0.06530762, 'lr': 9.904e-05, 'params': 201514, 'time_iter': 0.02503, 'accuracy': 0.9755, 'f1': 0.9755, 'auc': 0.99961}
val: {'epoch': 906, 'time_epoch': 0.30103, 'loss': 0.55055809, 'lr': 0, 'params': 201514, 'time_iter': 0.01505, 'accuracy': 0.8584, 'f1': 0.8582, 'auc': 0.98846}
test: {'epoch': 906, 'time_epoch': 0.92986, 'loss': 3.07671946, 'lr': 0, 'params': 201514, 'time_iter': 0.02325, 'accuracy': 0.5889, 'f1': 0.59342, 'auc': 0.91349}
> Epoch 906: took 4.2s (avg 4.2s) | Best so far: epoch 816	train_loss: 0.0860 train_accuracy: 0.9684	val_loss: 0.5075 val_accuracy: 0.8654	test_loss: 2.6146 test_accuracy: 0.5955
train: {'epoch': 907, 'time_epoch': 2.95478, 'eta': 272.98892, 'eta_hours': 0.07583, 'loss': 0.07056505, 'lr': 9.798e-05, 'params': 201514, 'time_iter': 0.02504, 'accuracy': 0.97483, 'f1': 0.97484, 'auc': 0.99954}
val: {'epoch': 907, 'time_epoch': 0.30753, 'loss': 0.5289523, 'lr': 0, 'params': 201514, 'time_iter': 0.01538, 'accuracy': 0.8626, 'f1': 0.86236, 'auc': 0.98873}
test: {'epoch': 907, 'time_epoch': 1.15132, 'loss': 2.96447981, 'lr': 0, 'params': 201514, 'time_iter': 0.02878, 'accuracy': 0.5913, 'f1': 0.59668, 'auc': 0.91546}
> Epoch 907: took 4.4s (avg 4.2s) | Best so far: epoch 816	train_loss: 0.0860 train_accuracy: 0.9684	val_loss: 0.5075 val_accuracy: 0.8654	test_loss: 2.6146 test_accuracy: 0.5955
train: {'epoch': 908, 'time_epoch': 3.02869, 'eta': 270.0278, 'eta_hours': 0.07501, 'loss': 0.07089957, 'lr': 9.693e-05, 'params': 201514, 'time_iter': 0.02567, 'accuracy': 0.97403, 'f1': 0.97403, 'auc': 0.99954}
val: {'epoch': 908, 'time_epoch': 0.32081, 'loss': 0.54664217, 'lr': 0, 'params': 201514, 'time_iter': 0.01604, 'accuracy': 0.8576, 'f1': 0.85727, 'auc': 0.98831}
test: {'epoch': 908, 'time_epoch': 0.93086, 'loss': 2.8601376, 'lr': 0, 'params': 201514, 'time_iter': 0.02327, 'accuracy': 0.5887, 'f1': 0.5927, 'auc': 0.91701}
> Epoch 908: took 4.3s (avg 4.2s) | Best so far: epoch 816	train_loss: 0.0860 train_accuracy: 0.9684	val_loss: 0.5075 val_accuracy: 0.8654	test_loss: 2.6146 test_accuracy: 0.5955
train: {'epoch': 909, 'time_epoch': 2.97579, 'eta': 267.0613, 'eta_hours': 0.07418, 'loss': 0.06746396, 'lr': 9.588e-05, 'params': 201514, 'time_iter': 0.02522, 'accuracy': 0.975, 'f1': 0.975, 'auc': 0.99958}
val: {'epoch': 909, 'time_epoch': 0.31527, 'loss': 0.55056636, 'lr': 0, 'params': 201514, 'time_iter': 0.01576, 'accuracy': 0.8582, 'f1': 0.85829, 'auc': 0.98786}
test: {'epoch': 909, 'time_epoch': 0.90385, 'loss': 2.78729609, 'lr': 0, 'params': 201514, 'time_iter': 0.0226, 'accuracy': 0.5926, 'f1': 0.59782, 'auc': 0.9171}
> Epoch 909: took 4.2s (avg 4.2s) | Best so far: epoch 816	train_loss: 0.0860 train_accuracy: 0.9684	val_loss: 0.5075 val_accuracy: 0.8654	test_loss: 2.6146 test_accuracy: 0.5955
train: {'epoch': 910, 'time_epoch': 2.91969, 'eta': 264.08929, 'eta_hours': 0.07336, 'loss': 0.06711633, 'lr': 9.483e-05, 'params': 201514, 'time_iter': 0.02474, 'accuracy': 0.9761, 'f1': 0.9761, 'auc': 0.99959}
val: {'epoch': 910, 'time_epoch': 0.30237, 'loss': 0.55743134, 'lr': 0, 'params': 201514, 'time_iter': 0.01512, 'accuracy': 0.8586, 'f1': 0.85849, 'auc': 0.98764}
test: {'epoch': 910, 'time_epoch': 0.92191, 'loss': 2.83286453, 'lr': 0, 'params': 201514, 'time_iter': 0.02305, 'accuracy': 0.5927, 'f1': 0.5963, 'auc': 0.91709}
> Epoch 910: took 4.2s (avg 4.2s) | Best so far: epoch 816	train_loss: 0.0860 train_accuracy: 0.9684	val_loss: 0.5075 val_accuracy: 0.8654	test_loss: 2.6146 test_accuracy: 0.5955
train: {'epoch': 911, 'time_epoch': 2.92411, 'eta': 261.11783, 'eta_hours': 0.07253, 'loss': 0.06896635, 'lr': 9.377e-05, 'params': 201514, 'time_iter': 0.02478, 'accuracy': 0.97597, 'f1': 0.97597, 'auc': 0.99955}
val: {'epoch': 911, 'time_epoch': 0.30503, 'loss': 0.54327142, 'lr': 0, 'params': 201514, 'time_iter': 0.01525, 'accuracy': 0.8552, 'f1': 0.85482, 'auc': 0.98836}
test: {'epoch': 911, 'time_epoch': 0.91456, 'loss': 2.95620633, 'lr': 0, 'params': 201514, 'time_iter': 0.02286, 'accuracy': 0.5885, 'f1': 0.59344, 'auc': 0.91435}
> Epoch 911: took 4.2s (avg 4.2s) | Best so far: epoch 816	train_loss: 0.0860 train_accuracy: 0.9684	val_loss: 0.5075 val_accuracy: 0.8654	test_loss: 2.6146 test_accuracy: 0.5955
train: {'epoch': 912, 'time_epoch': 2.99282, 'eta': 258.15302, 'eta_hours': 0.07171, 'loss': 0.06934257, 'lr': 9.272e-05, 'params': 201514, 'time_iter': 0.02536, 'accuracy': 0.97517, 'f1': 0.97517, 'auc': 0.99955}
val: {'epoch': 912, 'time_epoch': 0.31503, 'loss': 0.55377712, 'lr': 0, 'params': 201514, 'time_iter': 0.01575, 'accuracy': 0.856, 'f1': 0.85545, 'auc': 0.98809}
test: {'epoch': 912, 'time_epoch': 0.91365, 'loss': 2.93904959, 'lr': 0, 'params': 201514, 'time_iter': 0.02284, 'accuracy': 0.5896, 'f1': 0.59583, 'auc': 0.91446}
> Epoch 912: took 4.3s (avg 4.2s) | Best so far: epoch 816	train_loss: 0.0860 train_accuracy: 0.9684	val_loss: 0.5075 val_accuracy: 0.8654	test_loss: 2.6146 test_accuracy: 0.5955
train: {'epoch': 913, 'time_epoch': 2.93799, 'eta': 255.18299, 'eta_hours': 0.07088, 'loss': 0.06382654, 'lr': 9.167e-05, 'params': 201514, 'time_iter': 0.0249, 'accuracy': 0.9778, 'f1': 0.9778, 'auc': 0.99962}
val: {'epoch': 913, 'time_epoch': 0.30854, 'loss': 0.55248513, 'lr': 0, 'params': 201514, 'time_iter': 0.01543, 'accuracy': 0.8596, 'f1': 0.85936, 'auc': 0.98821}
test: {'epoch': 913, 'time_epoch': 0.93228, 'loss': 3.00585361, 'lr': 0, 'params': 201514, 'time_iter': 0.02331, 'accuracy': 0.5873, 'f1': 0.5947, 'auc': 0.91285}
> Epoch 913: took 4.2s (avg 4.2s) | Best so far: epoch 816	train_loss: 0.0860 train_accuracy: 0.9684	val_loss: 0.5075 val_accuracy: 0.8654	test_loss: 2.6146 test_accuracy: 0.5955
train: {'epoch': 914, 'time_epoch': 2.97362, 'eta': 252.21634, 'eta_hours': 0.07006, 'loss': 0.06770604, 'lr': 9.062e-05, 'params': 201514, 'time_iter': 0.0252, 'accuracy': 0.97537, 'f1': 0.97536, 'auc': 0.99958}
val: {'epoch': 914, 'time_epoch': 0.31078, 'loss': 0.55296566, 'lr': 0, 'params': 201514, 'time_iter': 0.01554, 'accuracy': 0.8556, 'f1': 0.85554, 'auc': 0.98785}
test: {'epoch': 914, 'time_epoch': 1.16634, 'loss': 2.92695277, 'lr': 0, 'params': 201514, 'time_iter': 0.02916, 'accuracy': 0.5848, 'f1': 0.5942, 'auc': 0.91283}
> Epoch 914: took 4.5s (avg 4.2s) | Best so far: epoch 816	train_loss: 0.0860 train_accuracy: 0.9684	val_loss: 0.5075 val_accuracy: 0.8654	test_loss: 2.6146 test_accuracy: 0.5955
train: {'epoch': 915, 'time_epoch': 2.95391, 'eta': 249.24786, 'eta_hours': 0.06924, 'loss': 0.06509133, 'lr': 8.956e-05, 'params': 201514, 'time_iter': 0.02503, 'accuracy': 0.97667, 'f1': 0.97667, 'auc': 0.99961}
val: {'epoch': 915, 'time_epoch': 0.31252, 'loss': 0.56162931, 'lr': 0, 'params': 201514, 'time_iter': 0.01563, 'accuracy': 0.8552, 'f1': 0.85481, 'auc': 0.98806}
test: {'epoch': 915, 'time_epoch': 0.92842, 'loss': 2.85487883, 'lr': 0, 'params': 201514, 'time_iter': 0.02321, 'accuracy': 0.5903, 'f1': 0.59771, 'auc': 0.91587}
> Epoch 915: took 4.2s (avg 4.2s) | Best so far: epoch 816	train_loss: 0.0860 train_accuracy: 0.9684	val_loss: 0.5075 val_accuracy: 0.8654	test_loss: 2.6146 test_accuracy: 0.5955
train: {'epoch': 916, 'time_epoch': 2.91847, 'eta': 246.27621, 'eta_hours': 0.06841, 'loss': 0.06467518, 'lr': 8.851e-05, 'params': 201514, 'time_iter': 0.02473, 'accuracy': 0.97677, 'f1': 0.97677, 'auc': 0.99961}
val: {'epoch': 916, 'time_epoch': 0.30437, 'loss': 0.54426659, 'lr': 0, 'params': 201514, 'time_iter': 0.01522, 'accuracy': 0.8578, 'f1': 0.85717, 'auc': 0.98826}
test: {'epoch': 916, 'time_epoch': 0.91623, 'loss': 2.8529498, 'lr': 0, 'params': 201514, 'time_iter': 0.02291, 'accuracy': 0.5884, 'f1': 0.5975, 'auc': 0.914}
> Epoch 916: took 4.2s (avg 4.2s) | Best so far: epoch 816	train_loss: 0.0860 train_accuracy: 0.9684	val_loss: 0.5075 val_accuracy: 0.8654	test_loss: 2.6146 test_accuracy: 0.5955
train: {'epoch': 917, 'time_epoch': 2.92937, 'eta': 243.30565, 'eta_hours': 0.06758, 'loss': 0.06608264, 'lr': 8.746e-05, 'params': 201514, 'time_iter': 0.02483, 'accuracy': 0.97633, 'f1': 0.97633, 'auc': 0.99959}
val: {'epoch': 917, 'time_epoch': 0.31388, 'loss': 0.54977819, 'lr': 0, 'params': 201514, 'time_iter': 0.01569, 'accuracy': 0.856, 'f1': 0.85556, 'auc': 0.98804}
test: {'epoch': 917, 'time_epoch': 0.92038, 'loss': 2.84356984, 'lr': 0, 'params': 201514, 'time_iter': 0.02301, 'accuracy': 0.587, 'f1': 0.59374, 'auc': 0.91531}
> Epoch 917: took 4.2s (avg 4.2s) | Best so far: epoch 816	train_loss: 0.0860 train_accuracy: 0.9684	val_loss: 0.5075 val_accuracy: 0.8654	test_loss: 2.6146 test_accuracy: 0.5955
train: {'epoch': 918, 'time_epoch': 2.9403, 'eta': 240.33614, 'eta_hours': 0.06676, 'loss': 0.06266675, 'lr': 8.641e-05, 'params': 201514, 'time_iter': 0.02492, 'accuracy': 0.97707, 'f1': 0.97707, 'auc': 0.99966}
val: {'epoch': 918, 'time_epoch': 0.29352, 'loss': 0.54967403, 'lr': 0, 'params': 201514, 'time_iter': 0.01468, 'accuracy': 0.857, 'f1': 0.85667, 'auc': 0.98841}
test: {'epoch': 918, 'time_epoch': 0.92888, 'loss': 2.94590409, 'lr': 0, 'params': 201514, 'time_iter': 0.02322, 'accuracy': 0.5884, 'f1': 0.59365, 'auc': 0.91484}
> Epoch 918: took 4.2s (avg 4.2s) | Best so far: epoch 816	train_loss: 0.0860 train_accuracy: 0.9684	val_loss: 0.5075 val_accuracy: 0.8654	test_loss: 2.6146 test_accuracy: 0.5955
train: {'epoch': 919, 'time_epoch': 2.9332, 'eta': 237.36608, 'eta_hours': 0.06594, 'loss': 0.06451683, 'lr': 8.535e-05, 'params': 201514, 'time_iter': 0.02486, 'accuracy': 0.9772, 'f1': 0.9772, 'auc': 0.99962}
val: {'epoch': 919, 'time_epoch': 0.30018, 'loss': 0.53821035, 'lr': 0, 'params': 201514, 'time_iter': 0.01501, 'accuracy': 0.8604, 'f1': 0.86013, 'auc': 0.98854}
test: {'epoch': 919, 'time_epoch': 0.88039, 'loss': 2.80733771, 'lr': 0, 'params': 201514, 'time_iter': 0.02201, 'accuracy': 0.5906, 'f1': 0.59747, 'auc': 0.91795}
> Epoch 919: took 4.1s (avg 4.2s) | Best so far: epoch 816	train_loss: 0.0860 train_accuracy: 0.9684	val_loss: 0.5075 val_accuracy: 0.8654	test_loss: 2.6146 test_accuracy: 0.5955
train: {'epoch': 920, 'time_epoch': 2.9671, 'eta': 234.39901, 'eta_hours': 0.06511, 'loss': 0.06315472, 'lr': 8.43e-05, 'params': 201514, 'time_iter': 0.02514, 'accuracy': 0.977, 'f1': 0.977, 'auc': 0.99963}
val: {'epoch': 920, 'time_epoch': 0.31675, 'loss': 0.57264149, 'lr': 0, 'params': 201514, 'time_iter': 0.01584, 'accuracy': 0.8556, 'f1': 0.8556, 'auc': 0.98743}
test: {'epoch': 920, 'time_epoch': 0.91557, 'loss': 2.81965117, 'lr': 0, 'params': 201514, 'time_iter': 0.02289, 'accuracy': 0.5879, 'f1': 0.59609, 'auc': 0.91557}
> Epoch 920: took 4.2s (avg 4.2s) | Best so far: epoch 816	train_loss: 0.0860 train_accuracy: 0.9684	val_loss: 0.5075 val_accuracy: 0.8654	test_loss: 2.6146 test_accuracy: 0.5955
train: {'epoch': 921, 'time_epoch': 2.93732, 'eta': 231.42941, 'eta_hours': 0.06429, 'loss': 0.06179375, 'lr': 8.325e-05, 'params': 201514, 'time_iter': 0.02489, 'accuracy': 0.97803, 'f1': 0.97803, 'auc': 0.99964}
val: {'epoch': 921, 'time_epoch': 0.31188, 'loss': 0.54469201, 'lr': 0, 'params': 201514, 'time_iter': 0.01559, 'accuracy': 0.86, 'f1': 0.85978, 'auc': 0.98864}
test: {'epoch': 921, 'time_epoch': 1.14382, 'loss': 2.82238106, 'lr': 0, 'params': 201514, 'time_iter': 0.0286, 'accuracy': 0.5924, 'f1': 0.59952, 'auc': 0.91736}
> Epoch 921: took 4.4s (avg 4.2s) | Best so far: epoch 816	train_loss: 0.0860 train_accuracy: 0.9684	val_loss: 0.5075 val_accuracy: 0.8654	test_loss: 2.6146 test_accuracy: 0.5955
train: {'epoch': 922, 'time_epoch': 3.01329, 'eta': 228.46623, 'eta_hours': 0.06346, 'loss': 0.05863688, 'lr': 8.22e-05, 'params': 201514, 'time_iter': 0.02554, 'accuracy': 0.97887, 'f1': 0.97887, 'auc': 0.99968}
val: {'epoch': 922, 'time_epoch': 0.30903, 'loss': 0.54540281, 'lr': 0, 'params': 201514, 'time_iter': 0.01545, 'accuracy': 0.8622, 'f1': 0.86208, 'auc': 0.98851}
test: {'epoch': 922, 'time_epoch': 0.92225, 'loss': 2.89819732, 'lr': 0, 'params': 201514, 'time_iter': 0.02306, 'accuracy': 0.5929, 'f1': 0.5988, 'auc': 0.9164}
> Epoch 922: took 4.3s (avg 4.2s) | Best so far: epoch 816	train_loss: 0.0860 train_accuracy: 0.9684	val_loss: 0.5075 val_accuracy: 0.8654	test_loss: 2.6146 test_accuracy: 0.5955
train: {'epoch': 923, 'time_epoch': 2.89239, 'eta': 225.49299, 'eta_hours': 0.06264, 'loss': 0.06473212, 'lr': 8.114e-05, 'params': 201514, 'time_iter': 0.02451, 'accuracy': 0.97603, 'f1': 0.97604, 'auc': 0.99962}
val: {'epoch': 923, 'time_epoch': 0.30503, 'loss': 0.56410546, 'lr': 0, 'params': 201514, 'time_iter': 0.01525, 'accuracy': 0.8558, 'f1': 0.85569, 'auc': 0.98806}
test: {'epoch': 923, 'time_epoch': 0.90072, 'loss': 2.81064194, 'lr': 0, 'params': 201514, 'time_iter': 0.02252, 'accuracy': 0.5913, 'f1': 0.59706, 'auc': 0.91842}
> Epoch 923: took 4.1s (avg 4.2s) | Best so far: epoch 816	train_loss: 0.0860 train_accuracy: 0.9684	val_loss: 0.5075 val_accuracy: 0.8654	test_loss: 2.6146 test_accuracy: 0.5955
train: {'epoch': 924, 'time_epoch': 2.93932, 'eta': 222.52373, 'eta_hours': 0.06181, 'loss': 0.06436133, 'lr': 8.009e-05, 'params': 201514, 'time_iter': 0.02491, 'accuracy': 0.9768, 'f1': 0.9768, 'auc': 0.99963}
val: {'epoch': 924, 'time_epoch': 0.31552, 'loss': 0.54912535, 'lr': 0, 'params': 201514, 'time_iter': 0.01578, 'accuracy': 0.8604, 'f1': 0.86038, 'auc': 0.98869}
test: {'epoch': 924, 'time_epoch': 0.90862, 'loss': 2.948014, 'lr': 0, 'params': 201514, 'time_iter': 0.02272, 'accuracy': 0.5939, 'f1': 0.59863, 'auc': 0.91504}
> Epoch 924: took 4.2s (avg 4.2s) | Best so far: epoch 816	train_loss: 0.0860 train_accuracy: 0.9684	val_loss: 0.5075 val_accuracy: 0.8654	test_loss: 2.6146 test_accuracy: 0.5955
train: {'epoch': 925, 'time_epoch': 2.92327, 'eta': 219.55326, 'eta_hours': 0.06099, 'loss': 0.06396362, 'lr': 7.904e-05, 'params': 201514, 'time_iter': 0.02477, 'accuracy': 0.97643, 'f1': 0.97644, 'auc': 0.99962}
val: {'epoch': 925, 'time_epoch': 0.31903, 'loss': 0.54255344, 'lr': 0, 'params': 201514, 'time_iter': 0.01595, 'accuracy': 0.8606, 'f1': 0.86035, 'auc': 0.98855}
test: {'epoch': 925, 'time_epoch': 0.90314, 'loss': 2.77487698, 'lr': 0, 'params': 201514, 'time_iter': 0.02258, 'accuracy': 0.5932, 'f1': 0.59876, 'auc': 0.91873}
> Epoch 925: took 4.2s (avg 4.2s) | Best so far: epoch 816	train_loss: 0.0860 train_accuracy: 0.9684	val_loss: 0.5075 val_accuracy: 0.8654	test_loss: 2.6146 test_accuracy: 0.5955
train: {'epoch': 926, 'time_epoch': 2.9366, 'eta': 216.58393, 'eta_hours': 0.06016, 'loss': 0.06487914, 'lr': 7.799e-05, 'params': 201514, 'time_iter': 0.02489, 'accuracy': 0.9774, 'f1': 0.9774, 'auc': 0.9996}
val: {'epoch': 926, 'time_epoch': 0.30252, 'loss': 0.55156062, 'lr': 0, 'params': 201514, 'time_iter': 0.01513, 'accuracy': 0.8584, 'f1': 0.8584, 'auc': 0.9882}
test: {'epoch': 926, 'time_epoch': 0.9726, 'loss': 2.7749095, 'lr': 0, 'params': 201514, 'time_iter': 0.02431, 'accuracy': 0.5911, 'f1': 0.59614, 'auc': 0.91748}
> Epoch 926: took 4.3s (avg 4.2s) | Best so far: epoch 816	train_loss: 0.0860 train_accuracy: 0.9684	val_loss: 0.5075 val_accuracy: 0.8654	test_loss: 2.6146 test_accuracy: 0.5955
train: {'epoch': 927, 'time_epoch': 2.92481, 'eta': 213.61376, 'eta_hours': 0.05934, 'loss': 0.06504642, 'lr': 7.693e-05, 'params': 201514, 'time_iter': 0.02479, 'accuracy': 0.97647, 'f1': 0.97647, 'auc': 0.99959}
val: {'epoch': 927, 'time_epoch': 0.31088, 'loss': 0.54650832, 'lr': 0, 'params': 201514, 'time_iter': 0.01554, 'accuracy': 0.8594, 'f1': 0.85906, 'auc': 0.98846}
test: {'epoch': 927, 'time_epoch': 0.91658, 'loss': 2.99983217, 'lr': 0, 'params': 201514, 'time_iter': 0.02291, 'accuracy': 0.5895, 'f1': 0.59455, 'auc': 0.91345}
> Epoch 927: took 4.2s (avg 4.2s) | Best so far: epoch 816	train_loss: 0.0860 train_accuracy: 0.9684	val_loss: 0.5075 val_accuracy: 0.8654	test_loss: 2.6146 test_accuracy: 0.5955
train: {'epoch': 928, 'time_epoch': 2.9211, 'eta': 210.64341, 'eta_hours': 0.05851, 'loss': 0.06706402, 'lr': 7.588e-05, 'params': 201514, 'time_iter': 0.02476, 'accuracy': 0.9756, 'f1': 0.9756, 'auc': 0.99959}
val: {'epoch': 928, 'time_epoch': 0.30719, 'loss': 0.54980541, 'lr': 0, 'params': 201514, 'time_iter': 0.01536, 'accuracy': 0.855, 'f1': 0.85491, 'auc': 0.98809}
test: {'epoch': 928, 'time_epoch': 1.157, 'loss': 2.82763215, 'lr': 0, 'params': 201514, 'time_iter': 0.02892, 'accuracy': 0.5889, 'f1': 0.59332, 'auc': 0.91592}
> Epoch 928: took 4.4s (avg 4.2s) | Best so far: epoch 816	train_loss: 0.0860 train_accuracy: 0.9684	val_loss: 0.5075 val_accuracy: 0.8654	test_loss: 2.6146 test_accuracy: 0.5955
train: {'epoch': 929, 'time_epoch': 2.96628, 'eta': 207.67656, 'eta_hours': 0.05769, 'loss': 0.06224136, 'lr': 7.483e-05, 'params': 201514, 'time_iter': 0.02514, 'accuracy': 0.97703, 'f1': 0.97704, 'auc': 0.99964}
val: {'epoch': 929, 'time_epoch': 0.31002, 'loss': 0.5674435, 'lr': 0, 'params': 201514, 'time_iter': 0.0155, 'accuracy': 0.8542, 'f1': 0.8537, 'auc': 0.98799}
test: {'epoch': 929, 'time_epoch': 0.92425, 'loss': 2.96108127, 'lr': 0, 'params': 201514, 'time_iter': 0.02311, 'accuracy': 0.5844, 'f1': 0.58885, 'auc': 0.91359}
> Epoch 929: took 4.2s (avg 4.2s) | Best so far: epoch 816	train_loss: 0.0860 train_accuracy: 0.9684	val_loss: 0.5075 val_accuracy: 0.8654	test_loss: 2.6146 test_accuracy: 0.5955
train: {'epoch': 930, 'time_epoch': 2.94874, 'eta': 204.70841, 'eta_hours': 0.05686, 'loss': 0.06328796, 'lr': 7.378e-05, 'params': 201514, 'time_iter': 0.02499, 'accuracy': 0.9771, 'f1': 0.97711, 'auc': 0.99961}
val: {'epoch': 930, 'time_epoch': 0.30252, 'loss': 0.55956945, 'lr': 0, 'params': 201514, 'time_iter': 0.01513, 'accuracy': 0.8574, 'f1': 0.85694, 'auc': 0.98818}
test: {'epoch': 930, 'time_epoch': 0.91965, 'loss': 2.91347692, 'lr': 0, 'params': 201514, 'time_iter': 0.02299, 'accuracy': 0.5903, 'f1': 0.59675, 'auc': 0.91467}
> Epoch 930: took 4.2s (avg 4.2s) | Best so far: epoch 816	train_loss: 0.0860 train_accuracy: 0.9684	val_loss: 0.5075 val_accuracy: 0.8654	test_loss: 2.6146 test_accuracy: 0.5955
train: {'epoch': 931, 'time_epoch': 2.93168, 'eta': 201.73906, 'eta_hours': 0.05604, 'loss': 0.06169334, 'lr': 7.272e-05, 'params': 201514, 'time_iter': 0.02484, 'accuracy': 0.97777, 'f1': 0.97776, 'auc': 0.99966}
val: {'epoch': 931, 'time_epoch': 0.31352, 'loss': 0.54742818, 'lr': 0, 'params': 201514, 'time_iter': 0.01568, 'accuracy': 0.8602, 'f1': 0.85988, 'auc': 0.98861}
test: {'epoch': 931, 'time_epoch': 0.90915, 'loss': 2.75455764, 'lr': 0, 'params': 201514, 'time_iter': 0.02273, 'accuracy': 0.5964, 'f1': 0.60244, 'auc': 0.9179}
> Epoch 931: took 4.2s (avg 4.2s) | Best so far: epoch 816	train_loss: 0.0860 train_accuracy: 0.9684	val_loss: 0.5075 val_accuracy: 0.8654	test_loss: 2.6146 test_accuracy: 0.5955
train: {'epoch': 932, 'time_epoch': 2.95998, 'eta': 198.77182, 'eta_hours': 0.05521, 'loss': 0.06600667, 'lr': 7.167e-05, 'params': 201514, 'time_iter': 0.02508, 'accuracy': 0.97587, 'f1': 0.97587, 'auc': 0.99961}
val: {'epoch': 932, 'time_epoch': 0.31216, 'loss': 0.56212671, 'lr': 0, 'params': 201514, 'time_iter': 0.01561, 'accuracy': 0.8616, 'f1': 0.8611, 'auc': 0.98835}
test: {'epoch': 932, 'time_epoch': 0.92558, 'loss': 2.84030835, 'lr': 0, 'params': 201514, 'time_iter': 0.02314, 'accuracy': 0.5904, 'f1': 0.59527, 'auc': 0.91685}
> Epoch 932: took 4.2s (avg 4.2s) | Best so far: epoch 816	train_loss: 0.0860 train_accuracy: 0.9684	val_loss: 0.5075 val_accuracy: 0.8654	test_loss: 2.6146 test_accuracy: 0.5955
train: {'epoch': 933, 'time_epoch': 2.93163, 'eta': 195.8026, 'eta_hours': 0.05439, 'loss': 0.06318934, 'lr': 7.062e-05, 'params': 201514, 'time_iter': 0.02484, 'accuracy': 0.9778, 'f1': 0.9778, 'auc': 0.99962}
val: {'epoch': 933, 'time_epoch': 0.30103, 'loss': 0.54744301, 'lr': 0, 'params': 201514, 'time_iter': 0.01505, 'accuracy': 0.8614, 'f1': 0.86106, 'auc': 0.98843}
test: {'epoch': 933, 'time_epoch': 0.91986, 'loss': 2.89688863, 'lr': 0, 'params': 201514, 'time_iter': 0.023, 'accuracy': 0.5947, 'f1': 0.60165, 'auc': 0.91565}
> Epoch 933: took 4.2s (avg 4.2s) | Best so far: epoch 816	train_loss: 0.0860 train_accuracy: 0.9684	val_loss: 0.5075 val_accuracy: 0.8654	test_loss: 2.6146 test_accuracy: 0.5955
train: {'epoch': 934, 'time_epoch': 2.93004, 'eta': 192.83334, 'eta_hours': 0.05356, 'loss': 0.06395443, 'lr': 6.957e-05, 'params': 201514, 'time_iter': 0.02483, 'accuracy': 0.97693, 'f1': 0.97693, 'auc': 0.99963}
val: {'epoch': 934, 'time_epoch': 0.30585, 'loss': 0.54914981, 'lr': 0, 'params': 201514, 'time_iter': 0.01529, 'accuracy': 0.8608, 'f1': 0.86023, 'auc': 0.98854}
test: {'epoch': 934, 'time_epoch': 0.87172, 'loss': 2.80604883, 'lr': 0, 'params': 201514, 'time_iter': 0.02179, 'accuracy': 0.5929, 'f1': 0.59846, 'auc': 0.91734}
> Epoch 934: took 4.1s (avg 4.2s) | Best so far: epoch 816	train_loss: 0.0860 train_accuracy: 0.9684	val_loss: 0.5075 val_accuracy: 0.8654	test_loss: 2.6146 test_accuracy: 0.5955
train: {'epoch': 935, 'time_epoch': 2.97136, 'eta': 189.867, 'eta_hours': 0.05274, 'loss': 0.06653295, 'lr': 6.851e-05, 'params': 201514, 'time_iter': 0.02518, 'accuracy': 0.976, 'f1': 0.976, 'auc': 0.9996}
val: {'epoch': 935, 'time_epoch': 0.30652, 'loss': 0.55273022, 'lr': 0, 'params': 201514, 'time_iter': 0.01533, 'accuracy': 0.8608, 'f1': 0.8605, 'auc': 0.98838}
test: {'epoch': 935, 'time_epoch': 1.1361, 'loss': 2.84120997, 'lr': 0, 'params': 201514, 'time_iter': 0.0284, 'accuracy': 0.5913, 'f1': 0.59702, 'auc': 0.91682}
> Epoch 935: took 4.5s (avg 4.2s) | Best so far: epoch 816	train_loss: 0.0860 train_accuracy: 0.9684	val_loss: 0.5075 val_accuracy: 0.8654	test_loss: 2.6146 test_accuracy: 0.5955
train: {'epoch': 936, 'time_epoch': 3.02169, 'eta': 186.90403, 'eta_hours': 0.05192, 'loss': 0.06372125, 'lr': 6.746e-05, 'params': 201514, 'time_iter': 0.02561, 'accuracy': 0.9768, 'f1': 0.97681, 'auc': 0.99963}
val: {'epoch': 936, 'time_epoch': 0.31288, 'loss': 0.56845149, 'lr': 0, 'params': 201514, 'time_iter': 0.01564, 'accuracy': 0.858, 'f1': 0.85774, 'auc': 0.988}
test: {'epoch': 936, 'time_epoch': 0.91707, 'loss': 2.86979451, 'lr': 0, 'params': 201514, 'time_iter': 0.02293, 'accuracy': 0.5884, 'f1': 0.59485, 'auc': 0.91646}
> Epoch 936: took 4.3s (avg 4.2s) | Best so far: epoch 816	train_loss: 0.0860 train_accuracy: 0.9684	val_loss: 0.5075 val_accuracy: 0.8654	test_loss: 2.6146 test_accuracy: 0.5955
train: {'epoch': 937, 'time_epoch': 2.99049, 'eta': 183.93887, 'eta_hours': 0.05109, 'loss': 0.06366508, 'lr': 6.641e-05, 'params': 201514, 'time_iter': 0.02534, 'accuracy': 0.9774, 'f1': 0.9774, 'auc': 0.9996}
val: {'epoch': 937, 'time_epoch': 0.30188, 'loss': 0.5490634, 'lr': 0, 'params': 201514, 'time_iter': 0.01509, 'accuracy': 0.8604, 'f1': 0.86034, 'auc': 0.98842}
test: {'epoch': 937, 'time_epoch': 0.91104, 'loss': 2.95710212, 'lr': 0, 'params': 201514, 'time_iter': 0.02278, 'accuracy': 0.5891, 'f1': 0.59655, 'auc': 0.9146}
> Epoch 937: took 4.2s (avg 4.2s) | Best so far: epoch 816	train_loss: 0.0860 train_accuracy: 0.9684	val_loss: 0.5075 val_accuracy: 0.8654	test_loss: 2.6146 test_accuracy: 0.5955
train: {'epoch': 938, 'time_epoch': 2.99116, 'eta': 180.9737, 'eta_hours': 0.05027, 'loss': 0.06104054, 'lr': 6.536e-05, 'params': 201514, 'time_iter': 0.02535, 'accuracy': 0.97867, 'f1': 0.97867, 'auc': 0.99964}
val: {'epoch': 938, 'time_epoch': 0.30452, 'loss': 0.54916212, 'lr': 0, 'params': 201514, 'time_iter': 0.01523, 'accuracy': 0.86, 'f1': 0.85976, 'auc': 0.98855}
test: {'epoch': 938, 'time_epoch': 0.91256, 'loss': 2.88013178, 'lr': 0, 'params': 201514, 'time_iter': 0.02281, 'accuracy': 0.5921, 'f1': 0.59866, 'auc': 0.91621}
> Epoch 938: took 4.2s (avg 4.2s) | Best so far: epoch 816	train_loss: 0.0860 train_accuracy: 0.9684	val_loss: 0.5075 val_accuracy: 0.8654	test_loss: 2.6146 test_accuracy: 0.5955
train: {'epoch': 939, 'time_epoch': 2.95624, 'eta': 178.00624, 'eta_hours': 0.04945, 'loss': 0.05836552, 'lr': 6.43e-05, 'params': 201514, 'time_iter': 0.02505, 'accuracy': 0.97843, 'f1': 0.97844, 'auc': 0.99969}
val: {'epoch': 939, 'time_epoch': 0.30452, 'loss': 0.57049294, 'lr': 0, 'params': 201514, 'time_iter': 0.01523, 'accuracy': 0.857, 'f1': 0.85623, 'auc': 0.98793}
test: {'epoch': 939, 'time_epoch': 0.87331, 'loss': 2.90237839, 'lr': 0, 'params': 201514, 'time_iter': 0.02183, 'accuracy': 0.5885, 'f1': 0.59421, 'auc': 0.91585}
> Epoch 939: took 4.2s (avg 4.2s) | Best so far: epoch 816	train_loss: 0.0860 train_accuracy: 0.9684	val_loss: 0.5075 val_accuracy: 0.8654	test_loss: 2.6146 test_accuracy: 0.5955
train: {'epoch': 940, 'time_epoch': 3.00195, 'eta': 175.04168, 'eta_hours': 0.04862, 'loss': 0.06266332, 'lr': 6.325e-05, 'params': 201514, 'time_iter': 0.02544, 'accuracy': 0.9779, 'f1': 0.9779, 'auc': 0.99961}
val: {'epoch': 940, 'time_epoch': 0.32203, 'loss': 0.53648304, 'lr': 0, 'params': 201514, 'time_iter': 0.0161, 'accuracy': 0.8618, 'f1': 0.86168, 'auc': 0.98873}
test: {'epoch': 940, 'time_epoch': 0.9423, 'loss': 2.96787339, 'lr': 0, 'params': 201514, 'time_iter': 0.02356, 'accuracy': 0.5883, 'f1': 0.59642, 'auc': 0.91488}
> Epoch 940: took 4.3s (avg 4.2s) | Best so far: epoch 816	train_loss: 0.0860 train_accuracy: 0.9684	val_loss: 0.5075 val_accuracy: 0.8654	test_loss: 2.6146 test_accuracy: 0.5955
train: {'epoch': 941, 'time_epoch': 2.9747, 'eta': 172.07535, 'eta_hours': 0.0478, 'loss': 0.0609543, 'lr': 6.22e-05, 'params': 201514, 'time_iter': 0.02521, 'accuracy': 0.97917, 'f1': 0.97916, 'auc': 0.99965}
val: {'epoch': 941, 'time_epoch': 0.31022, 'loss': 0.54356726, 'lr': 0, 'params': 201514, 'time_iter': 0.01551, 'accuracy': 0.8626, 'f1': 0.86242, 'auc': 0.98869}
test: {'epoch': 941, 'time_epoch': 0.91592, 'loss': 2.88827504, 'lr': 0, 'params': 201514, 'time_iter': 0.0229, 'accuracy': 0.5901, 'f1': 0.59701, 'auc': 0.91636}
> Epoch 941: took 4.2s (avg 4.2s) | Best so far: epoch 816	train_loss: 0.0860 train_accuracy: 0.9684	val_loss: 0.5075 val_accuracy: 0.8654	test_loss: 2.6146 test_accuracy: 0.5955
train: {'epoch': 942, 'time_epoch': 2.93936, 'eta': 169.10688, 'eta_hours': 0.04697, 'loss': 0.05970627, 'lr': 6.115e-05, 'params': 201514, 'time_iter': 0.02491, 'accuracy': 0.9793, 'f1': 0.97931, 'auc': 0.99965}
val: {'epoch': 942, 'time_epoch': 0.31014, 'loss': 0.54789909, 'lr': 0, 'params': 201514, 'time_iter': 0.01551, 'accuracy': 0.8598, 'f1': 0.85917, 'auc': 0.98859}
test: {'epoch': 942, 'time_epoch': 1.13905, 'loss': 2.85862053, 'lr': 0, 'params': 201514, 'time_iter': 0.02848, 'accuracy': 0.5897, 'f1': 0.59528, 'auc': 0.91676}
> Epoch 942: took 4.4s (avg 4.2s) | Best so far: epoch 816	train_loss: 0.0860 train_accuracy: 0.9684	val_loss: 0.5075 val_accuracy: 0.8654	test_loss: 2.6146 test_accuracy: 0.5955
train: {'epoch': 943, 'time_epoch': 2.95235, 'eta': 166.13923, 'eta_hours': 0.04615, 'loss': 0.06079481, 'lr': 6.009e-05, 'params': 201514, 'time_iter': 0.02502, 'accuracy': 0.97843, 'f1': 0.97843, 'auc': 0.99965}
val: {'epoch': 943, 'time_epoch': 0.31169, 'loss': 0.53820688, 'lr': 0, 'params': 201514, 'time_iter': 0.01558, 'accuracy': 0.8624, 'f1': 0.86233, 'auc': 0.98879}
test: {'epoch': 943, 'time_epoch': 0.93042, 'loss': 2.94167027, 'lr': 0, 'params': 201514, 'time_iter': 0.02326, 'accuracy': 0.5896, 'f1': 0.5976, 'auc': 0.91518}
> Epoch 943: took 4.2s (avg 4.2s) | Best so far: epoch 816	train_loss: 0.0860 train_accuracy: 0.9684	val_loss: 0.5075 val_accuracy: 0.8654	test_loss: 2.6146 test_accuracy: 0.5955
train: {'epoch': 944, 'time_epoch': 2.98745, 'eta': 163.17367, 'eta_hours': 0.04533, 'loss': 0.06129749, 'lr': 5.904e-05, 'params': 201514, 'time_iter': 0.02532, 'accuracy': 0.97877, 'f1': 0.97877, 'auc': 0.99965}
val: {'epoch': 944, 'time_epoch': 0.30805, 'loss': 0.53953239, 'lr': 0, 'params': 201514, 'time_iter': 0.0154, 'accuracy': 0.8596, 'f1': 0.85918, 'auc': 0.98865}
test: {'epoch': 944, 'time_epoch': 0.91555, 'loss': 2.83827614, 'lr': 0, 'params': 201514, 'time_iter': 0.02289, 'accuracy': 0.5924, 'f1': 0.59879, 'auc': 0.91758}
> Epoch 944: took 4.2s (avg 4.2s) | Best so far: epoch 816	train_loss: 0.0860 train_accuracy: 0.9684	val_loss: 0.5075 val_accuracy: 0.8654	test_loss: 2.6146 test_accuracy: 0.5955
train: {'epoch': 945, 'time_epoch': 3.04104, 'eta': 160.21111, 'eta_hours': 0.0445, 'loss': 0.06500242, 'lr': 5.799e-05, 'params': 201514, 'time_iter': 0.02577, 'accuracy': 0.97697, 'f1': 0.97697, 'auc': 0.9996}
val: {'epoch': 945, 'time_epoch': 0.31177, 'loss': 0.53698671, 'lr': 0, 'params': 201514, 'time_iter': 0.01559, 'accuracy': 0.8594, 'f1': 0.85924, 'auc': 0.98874}
test: {'epoch': 945, 'time_epoch': 0.91552, 'loss': 2.82646177, 'lr': 0, 'params': 201514, 'time_iter': 0.02289, 'accuracy': 0.5927, 'f1': 0.59955, 'auc': 0.91778}
> Epoch 945: took 4.3s (avg 4.2s) | Best so far: epoch 816	train_loss: 0.0860 train_accuracy: 0.9684	val_loss: 0.5075 val_accuracy: 0.8654	test_loss: 2.6146 test_accuracy: 0.5955
train: {'epoch': 946, 'time_epoch': 2.90847, 'eta': 157.24097, 'eta_hours': 0.04368, 'loss': 0.06103426, 'lr': 5.694e-05, 'params': 201514, 'time_iter': 0.02465, 'accuracy': 0.9784, 'f1': 0.9784, 'auc': 0.99963}
val: {'epoch': 946, 'time_epoch': 0.30952, 'loss': 0.55307899, 'lr': 0, 'params': 201514, 'time_iter': 0.01548, 'accuracy': 0.8588, 'f1': 0.85855, 'auc': 0.98845}
test: {'epoch': 946, 'time_epoch': 0.91728, 'loss': 2.95518248, 'lr': 0, 'params': 201514, 'time_iter': 0.02293, 'accuracy': 0.5922, 'f1': 0.59817, 'auc': 0.91591}
> Epoch 946: took 4.2s (avg 4.2s) | Best so far: epoch 816	train_loss: 0.0860 train_accuracy: 0.9684	val_loss: 0.5075 val_accuracy: 0.8654	test_loss: 2.6146 test_accuracy: 0.5955
train: {'epoch': 947, 'time_epoch': 2.92741, 'eta': 154.272, 'eta_hours': 0.04285, 'loss': 0.06321016, 'lr': 5.588e-05, 'params': 201514, 'time_iter': 0.02481, 'accuracy': 0.9769, 'f1': 0.9769, 'auc': 0.99963}
val: {'epoch': 947, 'time_epoch': 0.31423, 'loss': 0.54493972, 'lr': 0, 'params': 201514, 'time_iter': 0.01571, 'accuracy': 0.863, 'f1': 0.86304, 'auc': 0.98856}
test: {'epoch': 947, 'time_epoch': 0.92497, 'loss': 2.92736946, 'lr': 0, 'params': 201514, 'time_iter': 0.02312, 'accuracy': 0.5914, 'f1': 0.59837, 'auc': 0.91601}
> Epoch 947: took 4.2s (avg 4.2s) | Best so far: epoch 816	train_loss: 0.0860 train_accuracy: 0.9684	val_loss: 0.5075 val_accuracy: 0.8654	test_loss: 2.6146 test_accuracy: 0.5955
train: {'epoch': 948, 'time_epoch': 2.89973, 'eta': 151.30163, 'eta_hours': 0.04203, 'loss': 0.05819974, 'lr': 5.483e-05, 'params': 201514, 'time_iter': 0.02457, 'accuracy': 0.97983, 'f1': 0.97984, 'auc': 0.99969}
val: {'epoch': 948, 'time_epoch': 0.30453, 'loss': 0.55551544, 'lr': 0, 'params': 201514, 'time_iter': 0.01523, 'accuracy': 0.8608, 'f1': 0.86049, 'auc': 0.98839}
test: {'epoch': 948, 'time_epoch': 0.9122, 'loss': 2.88231811, 'lr': 0, 'params': 201514, 'time_iter': 0.02281, 'accuracy': 0.5884, 'f1': 0.59561, 'auc': 0.91683}
> Epoch 948: took 4.2s (avg 4.2s) | Best so far: epoch 816	train_loss: 0.0860 train_accuracy: 0.9684	val_loss: 0.5075 val_accuracy: 0.8654	test_loss: 2.6146 test_accuracy: 0.5955
train: {'epoch': 949, 'time_epoch': 2.95959, 'eta': 148.33455, 'eta_hours': 0.0412, 'loss': 0.06148446, 'lr': 5.378e-05, 'params': 201514, 'time_iter': 0.02508, 'accuracy': 0.9779, 'f1': 0.9779, 'auc': 0.99965}
val: {'epoch': 949, 'time_epoch': 0.30652, 'loss': 0.54658844, 'lr': 0, 'params': 201514, 'time_iter': 0.01533, 'accuracy': 0.8618, 'f1': 0.86164, 'auc': 0.98842}
test: {'epoch': 949, 'time_epoch': 1.15112, 'loss': 2.8806609, 'lr': 0, 'params': 201514, 'time_iter': 0.02878, 'accuracy': 0.5931, 'f1': 0.59993, 'auc': 0.91693}
> Epoch 949: took 4.5s (avg 4.2s) | Best so far: epoch 816	train_loss: 0.0860 train_accuracy: 0.9684	val_loss: 0.5075 val_accuracy: 0.8654	test_loss: 2.6146 test_accuracy: 0.5955
train: {'epoch': 950, 'time_epoch': 2.93305, 'eta': 145.36613, 'eta_hours': 0.04038, 'loss': 0.05931683, 'lr': 5.273e-05, 'params': 201514, 'time_iter': 0.02486, 'accuracy': 0.97773, 'f1': 0.97774, 'auc': 0.99967}
val: {'epoch': 950, 'time_epoch': 0.31052, 'loss': 0.5548736, 'lr': 0, 'params': 201514, 'time_iter': 0.01553, 'accuracy': 0.8596, 'f1': 0.85941, 'auc': 0.98814}
test: {'epoch': 950, 'time_epoch': 0.9891, 'loss': 2.93659109, 'lr': 0, 'params': 201514, 'time_iter': 0.02473, 'accuracy': 0.5891, 'f1': 0.59679, 'auc': 0.91573}
> Epoch 950: took 4.3s (avg 4.2s) | Best so far: epoch 816	train_loss: 0.0860 train_accuracy: 0.9684	val_loss: 0.5075 val_accuracy: 0.8654	test_loss: 2.6146 test_accuracy: 0.5955
train: {'epoch': 951, 'time_epoch': 3.17018, 'eta': 142.40973, 'eta_hours': 0.03956, 'loss': 0.06157829, 'lr': 5.167e-05, 'params': 201514, 'time_iter': 0.02687, 'accuracy': 0.97753, 'f1': 0.97754, 'auc': 0.99965}
val: {'epoch': 951, 'time_epoch': 0.30951, 'loss': 0.5446871, 'lr': 0, 'params': 201514, 'time_iter': 0.01548, 'accuracy': 0.8628, 'f1': 0.86233, 'auc': 0.98853}
test: {'epoch': 951, 'time_epoch': 0.91858, 'loss': 2.93995562, 'lr': 0, 'params': 201514, 'time_iter': 0.02296, 'accuracy': 0.59, 'f1': 0.59747, 'auc': 0.91659}
> Epoch 951: took 4.4s (avg 4.2s) | Best so far: epoch 816	train_loss: 0.0860 train_accuracy: 0.9684	val_loss: 0.5075 val_accuracy: 0.8654	test_loss: 2.6146 test_accuracy: 0.5955
train: {'epoch': 952, 'time_epoch': 2.9888, 'eta': 139.44395, 'eta_hours': 0.03873, 'loss': 0.05852739, 'lr': 5.062e-05, 'params': 201514, 'time_iter': 0.02533, 'accuracy': 0.97857, 'f1': 0.97857, 'auc': 0.99969}
val: {'epoch': 952, 'time_epoch': 0.30403, 'loss': 0.54374145, 'lr': 0, 'params': 201514, 'time_iter': 0.0152, 'accuracy': 0.8632, 'f1': 0.86311, 'auc': 0.9887}
test: {'epoch': 952, 'time_epoch': 0.90884, 'loss': 2.95934708, 'lr': 0, 'params': 201514, 'time_iter': 0.02272, 'accuracy': 0.592, 'f1': 0.59833, 'auc': 0.91696}
> Epoch 952: took 4.2s (avg 4.2s) | Best so far: epoch 816	train_loss: 0.0860 train_accuracy: 0.9684	val_loss: 0.5075 val_accuracy: 0.8654	test_loss: 2.6146 test_accuracy: 0.5955
train: {'epoch': 953, 'time_epoch': 2.89825, 'eta': 136.47374, 'eta_hours': 0.03791, 'loss': 0.06417041, 'lr': 4.957e-05, 'params': 201514, 'time_iter': 0.02456, 'accuracy': 0.9776, 'f1': 0.9776, 'auc': 0.9996}
val: {'epoch': 953, 'time_epoch': 0.306, 'loss': 0.55365054, 'lr': 0, 'params': 201514, 'time_iter': 0.0153, 'accuracy': 0.8606, 'f1': 0.86011, 'auc': 0.98841}
test: {'epoch': 953, 'time_epoch': 0.91827, 'loss': 2.93480288, 'lr': 0, 'params': 201514, 'time_iter': 0.02296, 'accuracy': 0.5903, 'f1': 0.5961, 'auc': 0.91631}
> Epoch 953: took 4.2s (avg 4.2s) | Best so far: epoch 816	train_loss: 0.0860 train_accuracy: 0.9684	val_loss: 0.5075 val_accuracy: 0.8654	test_loss: 2.6146 test_accuracy: 0.5955
train: {'epoch': 954, 'time_epoch': 2.9143, 'eta': 133.50445, 'eta_hours': 0.03708, 'loss': 0.0585484, 'lr': 4.852e-05, 'params': 201514, 'time_iter': 0.0247, 'accuracy': 0.9791, 'f1': 0.9791, 'auc': 0.99967}
val: {'epoch': 954, 'time_epoch': 0.29688, 'loss': 0.54411607, 'lr': 0, 'params': 201514, 'time_iter': 0.01484, 'accuracy': 0.8628, 'f1': 0.86266, 'auc': 0.98862}
test: {'epoch': 954, 'time_epoch': 0.93117, 'loss': 2.93484649, 'lr': 0, 'params': 201514, 'time_iter': 0.02328, 'accuracy': 0.5908, 'f1': 0.5974, 'auc': 0.91569}
> Epoch 954: took 4.2s (avg 4.2s) | Best so far: epoch 816	train_loss: 0.0860 train_accuracy: 0.9684	val_loss: 0.5075 val_accuracy: 0.8654	test_loss: 2.6146 test_accuracy: 0.5955
train: {'epoch': 955, 'time_epoch': 2.93703, 'eta': 130.53631, 'eta_hours': 0.03626, 'loss': 0.05873247, 'lr': 4.746e-05, 'params': 201514, 'time_iter': 0.02489, 'accuracy': 0.97823, 'f1': 0.97823, 'auc': 0.99969}
val: {'epoch': 955, 'time_epoch': 0.3154, 'loss': 0.55367606, 'lr': 0, 'params': 201514, 'time_iter': 0.01577, 'accuracy': 0.864, 'f1': 0.86366, 'auc': 0.98866}
test: {'epoch': 955, 'time_epoch': 0.87978, 'loss': 2.96344751, 'lr': 0, 'params': 201514, 'time_iter': 0.02199, 'accuracy': 0.5914, 'f1': 0.59751, 'auc': 0.9155}
> Epoch 955: took 4.2s (avg 4.2s) | Best so far: epoch 816	train_loss: 0.0860 train_accuracy: 0.9684	val_loss: 0.5075 val_accuracy: 0.8654	test_loss: 2.6146 test_accuracy: 0.5955
train: {'epoch': 956, 'time_epoch': 3.00688, 'eta': 127.57138, 'eta_hours': 0.03544, 'loss': 0.05929565, 'lr': 4.641e-05, 'params': 201514, 'time_iter': 0.02548, 'accuracy': 0.97887, 'f1': 0.97887, 'auc': 0.99966}
val: {'epoch': 956, 'time_epoch': 0.30652, 'loss': 0.56385759, 'lr': 0, 'params': 201514, 'time_iter': 0.01533, 'accuracy': 0.8618, 'f1': 0.86137, 'auc': 0.98837}
test: {'epoch': 956, 'time_epoch': 1.1987, 'loss': 3.04682969, 'lr': 0, 'params': 201514, 'time_iter': 0.02997, 'accuracy': 0.5881, 'f1': 0.59348, 'auc': 0.91446}
> Epoch 956: took 4.6s (avg 4.2s) | Best so far: epoch 816	train_loss: 0.0860 train_accuracy: 0.9684	val_loss: 0.5075 val_accuracy: 0.8654	test_loss: 2.6146 test_accuracy: 0.5955
train: {'epoch': 957, 'time_epoch': 2.989, 'eta': 124.60558, 'eta_hours': 0.03461, 'loss': 0.05942036, 'lr': 4.536e-05, 'params': 201514, 'time_iter': 0.02533, 'accuracy': 0.97867, 'f1': 0.97866, 'auc': 0.99968}
val: {'epoch': 957, 'time_epoch': 0.30403, 'loss': 0.54523146, 'lr': 0, 'params': 201514, 'time_iter': 0.0152, 'accuracy': 0.8618, 'f1': 0.86186, 'auc': 0.9887}
test: {'epoch': 957, 'time_epoch': 0.92773, 'loss': 2.88949081, 'lr': 0, 'params': 201514, 'time_iter': 0.02319, 'accuracy': 0.5909, 'f1': 0.59711, 'auc': 0.91676}
> Epoch 957: took 4.3s (avg 4.2s) | Best so far: epoch 816	train_loss: 0.0860 train_accuracy: 0.9684	val_loss: 0.5075 val_accuracy: 0.8654	test_loss: 2.6146 test_accuracy: 0.5955
train: {'epoch': 958, 'time_epoch': 2.98265, 'eta': 121.63946, 'eta_hours': 0.03379, 'loss': 0.06261171, 'lr': 4.431e-05, 'params': 201514, 'time_iter': 0.02528, 'accuracy': 0.97747, 'f1': 0.97747, 'auc': 0.99964}
val: {'epoch': 958, 'time_epoch': 0.30815, 'loss': 0.58063289, 'lr': 0, 'params': 201514, 'time_iter': 0.01541, 'accuracy': 0.8604, 'f1': 0.85955, 'auc': 0.98812}
test: {'epoch': 958, 'time_epoch': 0.91108, 'loss': 2.95321783, 'lr': 0, 'params': 201514, 'time_iter': 0.02278, 'accuracy': 0.5861, 'f1': 0.59221, 'auc': 0.91455}
> Epoch 958: took 4.2s (avg 4.2s) | Best so far: epoch 816	train_loss: 0.0860 train_accuracy: 0.9684	val_loss: 0.5075 val_accuracy: 0.8654	test_loss: 2.6146 test_accuracy: 0.5955
train: {'epoch': 959, 'time_epoch': 2.92316, 'eta': 118.67082, 'eta_hours': 0.03296, 'loss': 0.05923886, 'lr': 4.325e-05, 'params': 201514, 'time_iter': 0.02477, 'accuracy': 0.9783, 'f1': 0.9783, 'auc': 0.99967}
val: {'epoch': 959, 'time_epoch': 0.30423, 'loss': 0.55905402, 'lr': 0, 'params': 201514, 'time_iter': 0.01521, 'accuracy': 0.86, 'f1': 0.85957, 'auc': 0.9885}
test: {'epoch': 959, 'time_epoch': 0.93263, 'loss': 2.87058629, 'lr': 0, 'params': 201514, 'time_iter': 0.02332, 'accuracy': 0.5873, 'f1': 0.59388, 'auc': 0.91731}
> Epoch 959: took 4.2s (avg 4.2s) | Best so far: epoch 816	train_loss: 0.0860 train_accuracy: 0.9684	val_loss: 0.5075 val_accuracy: 0.8654	test_loss: 2.6146 test_accuracy: 0.5955
train: {'epoch': 960, 'time_epoch': 2.98017, 'eta': 115.7046, 'eta_hours': 0.03214, 'loss': 0.05798215, 'lr': 4.22e-05, 'params': 201514, 'time_iter': 0.02526, 'accuracy': 0.9803, 'f1': 0.9803, 'auc': 0.99967}
val: {'epoch': 960, 'time_epoch': 0.31182, 'loss': 0.56718987, 'lr': 0, 'params': 201514, 'time_iter': 0.01559, 'accuracy': 0.857, 'f1': 0.85658, 'auc': 0.98797}
test: {'epoch': 960, 'time_epoch': 0.92206, 'loss': 2.90837864, 'lr': 0, 'params': 201514, 'time_iter': 0.02305, 'accuracy': 0.5861, 'f1': 0.59391, 'auc': 0.91529}
> Epoch 960: took 4.2s (avg 4.2s) | Best so far: epoch 816	train_loss: 0.0860 train_accuracy: 0.9684	val_loss: 0.5075 val_accuracy: 0.8654	test_loss: 2.6146 test_accuracy: 0.5955
train: {'epoch': 961, 'time_epoch': 2.91792, 'eta': 112.73588, 'eta_hours': 0.03132, 'loss': 0.05939351, 'lr': 4.115e-05, 'params': 201514, 'time_iter': 0.02473, 'accuracy': 0.97853, 'f1': 0.97854, 'auc': 0.99966}
val: {'epoch': 961, 'time_epoch': 0.31414, 'loss': 0.55004311, 'lr': 0, 'params': 201514, 'time_iter': 0.01571, 'accuracy': 0.862, 'f1': 0.8617, 'auc': 0.98858}
test: {'epoch': 961, 'time_epoch': 0.93253, 'loss': 2.96281494, 'lr': 0, 'params': 201514, 'time_iter': 0.02331, 'accuracy': 0.5887, 'f1': 0.59612, 'auc': 0.91458}
> Epoch 961: took 4.2s (avg 4.2s) | Best so far: epoch 816	train_loss: 0.0860 train_accuracy: 0.9684	val_loss: 0.5075 val_accuracy: 0.8654	test_loss: 2.6146 test_accuracy: 0.5955
train: {'epoch': 962, 'time_epoch': 2.89666, 'eta': 109.76646, 'eta_hours': 0.03049, 'loss': 0.05654819, 'lr': 4.01e-05, 'params': 201514, 'time_iter': 0.02455, 'accuracy': 0.9796, 'f1': 0.9796, 'auc': 0.9997}
val: {'epoch': 962, 'time_epoch': 0.31122, 'loss': 0.55074379, 'lr': 0, 'params': 201514, 'time_iter': 0.01556, 'accuracy': 0.8618, 'f1': 0.86154, 'auc': 0.98858}
test: {'epoch': 962, 'time_epoch': 0.92988, 'loss': 2.88757339, 'lr': 0, 'params': 201514, 'time_iter': 0.02325, 'accuracy': 0.5892, 'f1': 0.59639, 'auc': 0.91656}
> Epoch 962: took 4.2s (avg 4.2s) | Best so far: epoch 816	train_loss: 0.0860 train_accuracy: 0.9684	val_loss: 0.5075 val_accuracy: 0.8654	test_loss: 2.6146 test_accuracy: 0.5955
train: {'epoch': 963, 'time_epoch': 3.01154, 'eta': 106.80147, 'eta_hours': 0.02967, 'loss': 0.05777148, 'lr': 3.904e-05, 'params': 201514, 'time_iter': 0.02552, 'accuracy': 0.97937, 'f1': 0.97937, 'auc': 0.99971}
val: {'epoch': 963, 'time_epoch': 0.30337, 'loss': 0.54594723, 'lr': 0, 'params': 201514, 'time_iter': 0.01517, 'accuracy': 0.8612, 'f1': 0.8609, 'auc': 0.98866}
test: {'epoch': 963, 'time_epoch': 1.16079, 'loss': 2.82710176, 'lr': 0, 'params': 201514, 'time_iter': 0.02902, 'accuracy': 0.5885, 'f1': 0.59551, 'auc': 0.91747}
> Epoch 963: took 4.5s (avg 4.2s) | Best so far: epoch 816	train_loss: 0.0860 train_accuracy: 0.9684	val_loss: 0.5075 val_accuracy: 0.8654	test_loss: 2.6146 test_accuracy: 0.5955
train: {'epoch': 964, 'time_epoch': 2.92907, 'eta': 103.8334, 'eta_hours': 0.02884, 'loss': 0.05862795, 'lr': 3.799e-05, 'params': 201514, 'time_iter': 0.02482, 'accuracy': 0.9787, 'f1': 0.9787, 'auc': 0.99967}
val: {'epoch': 964, 'time_epoch': 0.31202, 'loss': 0.54486924, 'lr': 0, 'params': 201514, 'time_iter': 0.0156, 'accuracy': 0.859, 'f1': 0.85877, 'auc': 0.98857}
test: {'epoch': 964, 'time_epoch': 0.93543, 'loss': 2.87501099, 'lr': 0, 'params': 201514, 'time_iter': 0.02339, 'accuracy': 0.5894, 'f1': 0.59559, 'auc': 0.91672}
> Epoch 964: took 4.2s (avg 4.2s) | Best so far: epoch 816	train_loss: 0.0860 train_accuracy: 0.9684	val_loss: 0.5075 val_accuracy: 0.8654	test_loss: 2.6146 test_accuracy: 0.5955
train: {'epoch': 965, 'time_epoch': 2.97244, 'eta': 100.86693, 'eta_hours': 0.02802, 'loss': 0.05635448, 'lr': 3.694e-05, 'params': 201514, 'time_iter': 0.02519, 'accuracy': 0.9797, 'f1': 0.9797, 'auc': 0.99969}
val: {'epoch': 965, 'time_epoch': 0.311, 'loss': 0.54555, 'lr': 0, 'params': 201514, 'time_iter': 0.01555, 'accuracy': 0.862, 'f1': 0.86179, 'auc': 0.9887}
test: {'epoch': 965, 'time_epoch': 0.91775, 'loss': 2.86001833, 'lr': 0, 'params': 201514, 'time_iter': 0.02294, 'accuracy': 0.5892, 'f1': 0.59745, 'auc': 0.91614}
> Epoch 965: took 4.2s (avg 4.2s) | Best so far: epoch 816	train_loss: 0.0860 train_accuracy: 0.9684	val_loss: 0.5075 val_accuracy: 0.8654	test_loss: 2.6146 test_accuracy: 0.5955
train: {'epoch': 966, 'time_epoch': 2.97603, 'eta': 97.90058, 'eta_hours': 0.02719, 'loss': 0.05660973, 'lr': 3.589e-05, 'params': 201514, 'time_iter': 0.02522, 'accuracy': 0.97977, 'f1': 0.97977, 'auc': 0.99969}
val: {'epoch': 966, 'time_epoch': 0.29905, 'loss': 0.55311917, 'lr': 0, 'params': 201514, 'time_iter': 0.01495, 'accuracy': 0.8618, 'f1': 0.86153, 'auc': 0.98859}
test: {'epoch': 966, 'time_epoch': 0.89907, 'loss': 2.81831765, 'lr': 0, 'params': 201514, 'time_iter': 0.02248, 'accuracy': 0.5921, 'f1': 0.59867, 'auc': 0.91785}
> Epoch 966: took 4.2s (avg 4.2s) | Best so far: epoch 816	train_loss: 0.0860 train_accuracy: 0.9684	val_loss: 0.5075 val_accuracy: 0.8654	test_loss: 2.6146 test_accuracy: 0.5955
train: {'epoch': 967, 'time_epoch': 2.98503, 'eta': 94.9345, 'eta_hours': 0.02637, 'loss': 0.06084945, 'lr': 3.483e-05, 'params': 201514, 'time_iter': 0.0253, 'accuracy': 0.9784, 'f1': 0.9784, 'auc': 0.99966}
val: {'epoch': 967, 'time_epoch': 0.31122, 'loss': 0.55033182, 'lr': 0, 'params': 201514, 'time_iter': 0.01556, 'accuracy': 0.86, 'f1': 0.85973, 'auc': 0.98846}
test: {'epoch': 967, 'time_epoch': 0.91456, 'loss': 2.82315861, 'lr': 0, 'params': 201514, 'time_iter': 0.02286, 'accuracy': 0.5877, 'f1': 0.59453, 'auc': 0.91742}
> Epoch 967: took 4.2s (avg 4.2s) | Best so far: epoch 816	train_loss: 0.0860 train_accuracy: 0.9684	val_loss: 0.5075 val_accuracy: 0.8654	test_loss: 2.6146 test_accuracy: 0.5955
train: {'epoch': 968, 'time_epoch': 2.95365, 'eta': 91.96738, 'eta_hours': 0.02555, 'loss': 0.05712964, 'lr': 3.378e-05, 'params': 201514, 'time_iter': 0.02503, 'accuracy': 0.9798, 'f1': 0.9798, 'auc': 0.99968}
val: {'epoch': 968, 'time_epoch': 0.32102, 'loss': 0.5599794, 'lr': 0, 'params': 201514, 'time_iter': 0.01605, 'accuracy': 0.8604, 'f1': 0.86008, 'auc': 0.98841}
test: {'epoch': 968, 'time_epoch': 0.92077, 'loss': 2.92228497, 'lr': 0, 'params': 201514, 'time_iter': 0.02302, 'accuracy': 0.5889, 'f1': 0.59622, 'auc': 0.91578}
> Epoch 968: took 4.2s (avg 4.2s) | Best so far: epoch 816	train_loss: 0.0860 train_accuracy: 0.9684	val_loss: 0.5075 val_accuracy: 0.8654	test_loss: 2.6146 test_accuracy: 0.5955
train: {'epoch': 969, 'time_epoch': 2.98196, 'eta': 89.00116, 'eta_hours': 0.02472, 'loss': 0.05968466, 'lr': 3.273e-05, 'params': 201514, 'time_iter': 0.02527, 'accuracy': 0.97917, 'f1': 0.97917, 'auc': 0.99966}
val: {'epoch': 969, 'time_epoch': 0.31003, 'loss': 0.55495397, 'lr': 0, 'params': 201514, 'time_iter': 0.0155, 'accuracy': 0.8568, 'f1': 0.85638, 'auc': 0.98847}
test: {'epoch': 969, 'time_epoch': 0.92075, 'loss': 2.84670505, 'lr': 0, 'params': 201514, 'time_iter': 0.02302, 'accuracy': 0.5891, 'f1': 0.5961, 'auc': 0.91742}
> Epoch 969: took 4.2s (avg 4.2s) | Best so far: epoch 816	train_loss: 0.0860 train_accuracy: 0.9684	val_loss: 0.5075 val_accuracy: 0.8654	test_loss: 2.6146 test_accuracy: 0.5955
train: {'epoch': 970, 'time_epoch': 2.93927, 'eta': 86.03364, 'eta_hours': 0.0239, 'loss': 0.05383296, 'lr': 3.168e-05, 'params': 201514, 'time_iter': 0.02491, 'accuracy': 0.981, 'f1': 0.981, 'auc': 0.99974}
val: {'epoch': 970, 'time_epoch': 0.31444, 'loss': 0.55984467, 'lr': 0, 'params': 201514, 'time_iter': 0.01572, 'accuracy': 0.8602, 'f1': 0.85972, 'auc': 0.98846}
test: {'epoch': 970, 'time_epoch': 1.13885, 'loss': 2.81179097, 'lr': 0, 'params': 201514, 'time_iter': 0.02847, 'accuracy': 0.592, 'f1': 0.59887, 'auc': 0.91754}
> Epoch 970: took 4.4s (avg 4.2s) | Best so far: epoch 816	train_loss: 0.0860 train_accuracy: 0.9684	val_loss: 0.5075 val_accuracy: 0.8654	test_loss: 2.6146 test_accuracy: 0.5955
train: {'epoch': 971, 'time_epoch': 2.94853, 'eta': 83.06644, 'eta_hours': 0.02307, 'loss': 0.05937665, 'lr': 3.062e-05, 'params': 201514, 'time_iter': 0.02499, 'accuracy': 0.97953, 'f1': 0.97953, 'auc': 0.99967}
val: {'epoch': 971, 'time_epoch': 0.31152, 'loss': 0.55617956, 'lr': 0, 'params': 201514, 'time_iter': 0.01558, 'accuracy': 0.8604, 'f1': 0.85999, 'auc': 0.98865}
test: {'epoch': 971, 'time_epoch': 0.915, 'loss': 2.92302531, 'lr': 0, 'params': 201514, 'time_iter': 0.02288, 'accuracy': 0.5913, 'f1': 0.59838, 'auc': 0.91579}
> Epoch 971: took 4.2s (avg 4.2s) | Best so far: epoch 816	train_loss: 0.0860 train_accuracy: 0.9684	val_loss: 0.5075 val_accuracy: 0.8654	test_loss: 2.6146 test_accuracy: 0.5955
train: {'epoch': 972, 'time_epoch': 2.9496, 'eta': 80.09931, 'eta_hours': 0.02225, 'loss': 0.05526531, 'lr': 2.957e-05, 'params': 201514, 'time_iter': 0.025, 'accuracy': 0.97987, 'f1': 0.97986, 'auc': 0.99971}
val: {'epoch': 972, 'time_epoch': 0.30552, 'loss': 0.57038677, 'lr': 0, 'params': 201514, 'time_iter': 0.01528, 'accuracy': 0.8572, 'f1': 0.85698, 'auc': 0.98807}
test: {'epoch': 972, 'time_epoch': 0.90776, 'loss': 2.87466987, 'lr': 0, 'params': 201514, 'time_iter': 0.02269, 'accuracy': 0.5894, 'f1': 0.59705, 'auc': 0.91537}
> Epoch 972: took 4.2s (avg 4.2s) | Best so far: epoch 816	train_loss: 0.0860 train_accuracy: 0.9684	val_loss: 0.5075 val_accuracy: 0.8654	test_loss: 2.6146 test_accuracy: 0.5955
train: {'epoch': 973, 'time_epoch': 2.95122, 'eta': 77.13225, 'eta_hours': 0.02143, 'loss': 0.05455381, 'lr': 2.852e-05, 'params': 201514, 'time_iter': 0.02501, 'accuracy': 0.9801, 'f1': 0.9801, 'auc': 0.9997}
val: {'epoch': 973, 'time_epoch': 0.30775, 'loss': 0.56212809, 'lr': 0, 'params': 201514, 'time_iter': 0.01539, 'accuracy': 0.8614, 'f1': 0.86104, 'auc': 0.98848}
test: {'epoch': 973, 'time_epoch': 0.91343, 'loss': 2.91517916, 'lr': 0, 'params': 201514, 'time_iter': 0.02284, 'accuracy': 0.5891, 'f1': 0.59686, 'auc': 0.91519}
> Epoch 973: took 4.2s (avg 4.2s) | Best so far: epoch 816	train_loss: 0.0860 train_accuracy: 0.9684	val_loss: 0.5075 val_accuracy: 0.8654	test_loss: 2.6146 test_accuracy: 0.5955
train: {'epoch': 974, 'time_epoch': 3.00465, 'eta': 74.1666, 'eta_hours': 0.0206, 'loss': 0.05650719, 'lr': 2.747e-05, 'params': 201514, 'time_iter': 0.02546, 'accuracy': 0.97897, 'f1': 0.97897, 'auc': 0.99971}
val: {'epoch': 974, 'time_epoch': 0.30352, 'loss': 0.56073281, 'lr': 0, 'params': 201514, 'time_iter': 0.01518, 'accuracy': 0.86, 'f1': 0.85965, 'auc': 0.98835}
test: {'epoch': 974, 'time_epoch': 0.93278, 'loss': 2.795922, 'lr': 0, 'params': 201514, 'time_iter': 0.02332, 'accuracy': 0.592, 'f1': 0.60007, 'auc': 0.91678}
> Epoch 974: took 4.3s (avg 4.2s) | Best so far: epoch 816	train_loss: 0.0860 train_accuracy: 0.9684	val_loss: 0.5075 val_accuracy: 0.8654	test_loss: 2.6146 test_accuracy: 0.5955
train: {'epoch': 975, 'time_epoch': 2.96033, 'eta': 71.19978, 'eta_hours': 0.01978, 'loss': 0.05656286, 'lr': 2.641e-05, 'params': 201514, 'time_iter': 0.02509, 'accuracy': 0.98063, 'f1': 0.98064, 'auc': 0.9997}
val: {'epoch': 975, 'time_epoch': 0.31923, 'loss': 0.56419291, 'lr': 0, 'params': 201514, 'time_iter': 0.01596, 'accuracy': 0.8596, 'f1': 0.85927, 'auc': 0.98845}
test: {'epoch': 975, 'time_epoch': 0.9126, 'loss': 2.85027858, 'lr': 0, 'params': 201514, 'time_iter': 0.02282, 'accuracy': 0.5885, 'f1': 0.59554, 'auc': 0.91672}
> Epoch 975: took 4.2s (avg 4.2s) | Best so far: epoch 816	train_loss: 0.0860 train_accuracy: 0.9684	val_loss: 0.5075 val_accuracy: 0.8654	test_loss: 2.6146 test_accuracy: 0.5955
train: {'epoch': 976, 'time_epoch': 2.91324, 'eta': 68.23187, 'eta_hours': 0.01895, 'loss': 0.05681356, 'lr': 2.536e-05, 'params': 201514, 'time_iter': 0.02469, 'accuracy': 0.97967, 'f1': 0.97967, 'auc': 0.9997}
val: {'epoch': 976, 'time_epoch': 0.32074, 'loss': 0.56318954, 'lr': 0, 'params': 201514, 'time_iter': 0.01604, 'accuracy': 0.859, 'f1': 0.85867, 'auc': 0.98834}
test: {'epoch': 976, 'time_epoch': 0.90731, 'loss': 2.83858049, 'lr': 0, 'params': 201514, 'time_iter': 0.02268, 'accuracy': 0.5877, 'f1': 0.59452, 'auc': 0.91691}
> Epoch 976: took 4.2s (avg 4.2s) | Best so far: epoch 816	train_loss: 0.0860 train_accuracy: 0.9684	val_loss: 0.5075 val_accuracy: 0.8654	test_loss: 2.6146 test_accuracy: 0.5955
train: {'epoch': 977, 'time_epoch': 2.92592, 'eta': 65.26435, 'eta_hours': 0.01813, 'loss': 0.05701666, 'lr': 2.431e-05, 'params': 201514, 'time_iter': 0.0248, 'accuracy': 0.98037, 'f1': 0.98037, 'auc': 0.9997}
val: {'epoch': 977, 'time_epoch': 0.31202, 'loss': 0.55896023, 'lr': 0, 'params': 201514, 'time_iter': 0.0156, 'accuracy': 0.8598, 'f1': 0.85951, 'auc': 0.98834}
test: {'epoch': 977, 'time_epoch': 1.14916, 'loss': 2.80480658, 'lr': 0, 'params': 201514, 'time_iter': 0.02873, 'accuracy': 0.5906, 'f1': 0.5983, 'auc': 0.91691}
> Epoch 977: took 4.4s (avg 4.2s) | Best so far: epoch 816	train_loss: 0.0860 train_accuracy: 0.9684	val_loss: 0.5075 val_accuracy: 0.8654	test_loss: 2.6146 test_accuracy: 0.5955
train: {'epoch': 978, 'time_epoch': 2.90717, 'eta': 62.29651, 'eta_hours': 0.0173, 'loss': 0.0542631, 'lr': 2.326e-05, 'params': 201514, 'time_iter': 0.02464, 'accuracy': 0.98137, 'f1': 0.98137, 'auc': 0.99972}
val: {'epoch': 978, 'time_epoch': 0.31252, 'loss': 0.56530144, 'lr': 0, 'params': 201514, 'time_iter': 0.01563, 'accuracy': 0.8612, 'f1': 0.86068, 'auc': 0.98841}
test: {'epoch': 978, 'time_epoch': 0.94545, 'loss': 2.85936367, 'lr': 0, 'params': 201514, 'time_iter': 0.02364, 'accuracy': 0.5902, 'f1': 0.59699, 'auc': 0.91672}
> Epoch 978: took 4.2s (avg 4.2s) | Best so far: epoch 816	train_loss: 0.0860 train_accuracy: 0.9684	val_loss: 0.5075 val_accuracy: 0.8654	test_loss: 2.6146 test_accuracy: 0.5955
train: {'epoch': 979, 'time_epoch': 2.95357, 'eta': 59.32975, 'eta_hours': 0.01648, 'loss': 0.05646268, 'lr': 2.22e-05, 'params': 201514, 'time_iter': 0.02503, 'accuracy': 0.97987, 'f1': 0.97987, 'auc': 0.9997}
val: {'epoch': 979, 'time_epoch': 0.29902, 'loss': 0.55831127, 'lr': 0, 'params': 201514, 'time_iter': 0.01495, 'accuracy': 0.8584, 'f1': 0.85794, 'auc': 0.98852}
test: {'epoch': 979, 'time_epoch': 0.90057, 'loss': 2.82165757, 'lr': 0, 'params': 201514, 'time_iter': 0.02251, 'accuracy': 0.589, 'f1': 0.59501, 'auc': 0.91787}
> Epoch 979: took 4.2s (avg 4.2s) | Best so far: epoch 816	train_loss: 0.0860 train_accuracy: 0.9684	val_loss: 0.5075 val_accuracy: 0.8654	test_loss: 2.6146 test_accuracy: 0.5955
train: {'epoch': 980, 'time_epoch': 2.8105, 'eta': 56.36024, 'eta_hours': 0.01566, 'loss': 0.05716973, 'lr': 2.115e-05, 'params': 201514, 'time_iter': 0.02382, 'accuracy': 0.97933, 'f1': 0.97933, 'auc': 0.9997}
val: {'epoch': 980, 'time_epoch': 0.3079, 'loss': 0.56507446, 'lr': 0, 'params': 201514, 'time_iter': 0.01539, 'accuracy': 0.8604, 'f1': 0.85988, 'auc': 0.98838}
test: {'epoch': 980, 'time_epoch': 0.91, 'loss': 2.83481136, 'lr': 0, 'params': 201514, 'time_iter': 0.02275, 'accuracy': 0.5911, 'f1': 0.59669, 'auc': 0.91731}
> Epoch 980: took 4.1s (avg 4.2s) | Best so far: epoch 816	train_loss: 0.0860 train_accuracy: 0.9684	val_loss: 0.5075 val_accuracy: 0.8654	test_loss: 2.6146 test_accuracy: 0.5955
train: {'epoch': 981, 'time_epoch': 2.90793, 'eta': 53.39284, 'eta_hours': 0.01483, 'loss': 0.05692092, 'lr': 2.01e-05, 'params': 201514, 'time_iter': 0.02464, 'accuracy': 0.9802, 'f1': 0.9802, 'auc': 0.99971}
val: {'epoch': 981, 'time_epoch': 0.30452, 'loss': 0.55188515, 'lr': 0, 'params': 201514, 'time_iter': 0.01523, 'accuracy': 0.8626, 'f1': 0.86233, 'auc': 0.98859}
test: {'epoch': 981, 'time_epoch': 0.87077, 'loss': 2.77867749, 'lr': 0, 'params': 201514, 'time_iter': 0.02177, 'accuracy': 0.5916, 'f1': 0.59857, 'auc': 0.91824}
> Epoch 981: took 4.1s (avg 4.2s) | Best so far: epoch 816	train_loss: 0.0860 train_accuracy: 0.9684	val_loss: 0.5075 val_accuracy: 0.8654	test_loss: 2.6146 test_accuracy: 0.5955
train: {'epoch': 982, 'time_epoch': 2.96143, 'eta': 50.42649, 'eta_hours': 0.01401, 'loss': 0.05558853, 'lr': 1.905e-05, 'params': 201514, 'time_iter': 0.0251, 'accuracy': 0.97993, 'f1': 0.97993, 'auc': 0.99971}
val: {'epoch': 982, 'time_epoch': 0.31552, 'loss': 0.55689502, 'lr': 0, 'params': 201514, 'time_iter': 0.01578, 'accuracy': 0.8612, 'f1': 0.86089, 'auc': 0.98842}
test: {'epoch': 982, 'time_epoch': 0.9103, 'loss': 2.7960888, 'lr': 0, 'params': 201514, 'time_iter': 0.02276, 'accuracy': 0.5904, 'f1': 0.59707, 'auc': 0.91806}
> Epoch 982: took 4.2s (avg 4.2s) | Best so far: epoch 816	train_loss: 0.0860 train_accuracy: 0.9684	val_loss: 0.5075 val_accuracy: 0.8654	test_loss: 2.6146 test_accuracy: 0.5955
train: {'epoch': 983, 'time_epoch': 2.96033, 'eta': 47.46013, 'eta_hours': 0.01318, 'loss': 0.0516837, 'lr': 1.799e-05, 'params': 201514, 'time_iter': 0.02509, 'accuracy': 0.98183, 'f1': 0.98183, 'auc': 0.99975}
val: {'epoch': 983, 'time_epoch': 0.30853, 'loss': 0.55301428, 'lr': 0, 'params': 201514, 'time_iter': 0.01543, 'accuracy': 0.8636, 'f1': 0.86338, 'auc': 0.98864}
test: {'epoch': 983, 'time_epoch': 0.92067, 'loss': 2.83401425, 'lr': 0, 'params': 201514, 'time_iter': 0.02302, 'accuracy': 0.5911, 'f1': 0.59836, 'auc': 0.91754}
> Epoch 983: took 4.2s (avg 4.2s) | Best so far: epoch 816	train_loss: 0.0860 train_accuracy: 0.9684	val_loss: 0.5075 val_accuracy: 0.8654	test_loss: 2.6146 test_accuracy: 0.5955
train: {'epoch': 984, 'time_epoch': 2.97497, 'eta': 44.494, 'eta_hours': 0.01236, 'loss': 0.05050612, 'lr': 1.694e-05, 'params': 201514, 'time_iter': 0.02521, 'accuracy': 0.98103, 'f1': 0.98104, 'auc': 0.99975}
val: {'epoch': 984, 'time_epoch': 0.30703, 'loss': 0.5567444, 'lr': 0, 'params': 201514, 'time_iter': 0.01535, 'accuracy': 0.862, 'f1': 0.86165, 'auc': 0.9885}
test: {'epoch': 984, 'time_epoch': 1.22295, 'loss': 2.81464471, 'lr': 0, 'params': 201514, 'time_iter': 0.03057, 'accuracy': 0.5911, 'f1': 0.59807, 'auc': 0.9177}
> Epoch 984: took 4.5s (avg 4.2s) | Best so far: epoch 816	train_loss: 0.0860 train_accuracy: 0.9684	val_loss: 0.5075 val_accuracy: 0.8654	test_loss: 2.6146 test_accuracy: 0.5955
train: {'epoch': 985, 'time_epoch': 3.00215, 'eta': 41.52825, 'eta_hours': 0.01154, 'loss': 0.05357574, 'lr': 1.589e-05, 'params': 201514, 'time_iter': 0.02544, 'accuracy': 0.98053, 'f1': 0.98053, 'auc': 0.99972}
val: {'epoch': 985, 'time_epoch': 0.31745, 'loss': 0.5539125, 'lr': 0, 'params': 201514, 'time_iter': 0.01587, 'accuracy': 0.8612, 'f1': 0.86108, 'auc': 0.98856}
test: {'epoch': 985, 'time_epoch': 0.92607, 'loss': 2.81876011, 'lr': 0, 'params': 201514, 'time_iter': 0.02315, 'accuracy': 0.5905, 'f1': 0.59787, 'auc': 0.91754}
> Epoch 985: took 4.3s (avg 4.2s) | Best so far: epoch 816	train_loss: 0.0860 train_accuracy: 0.9684	val_loss: 0.5075 val_accuracy: 0.8654	test_loss: 2.6146 test_accuracy: 0.5955
train: {'epoch': 986, 'time_epoch': 2.97629, 'eta': 38.56207, 'eta_hours': 0.01071, 'loss': 0.05320493, 'lr': 1.484e-05, 'params': 201514, 'time_iter': 0.02522, 'accuracy': 0.98103, 'f1': 0.98104, 'auc': 0.99974}
val: {'epoch': 986, 'time_epoch': 0.30605, 'loss': 0.55540622, 'lr': 0, 'params': 201514, 'time_iter': 0.0153, 'accuracy': 0.8612, 'f1': 0.86091, 'auc': 0.98858}
test: {'epoch': 986, 'time_epoch': 0.92111, 'loss': 2.85968211, 'lr': 0, 'params': 201514, 'time_iter': 0.02303, 'accuracy': 0.5913, 'f1': 0.59862, 'auc': 0.91649}
> Epoch 986: took 4.3s (avg 4.2s) | Best so far: epoch 816	train_loss: 0.0860 train_accuracy: 0.9684	val_loss: 0.5075 val_accuracy: 0.8654	test_loss: 2.6146 test_accuracy: 0.5955
train: {'epoch': 987, 'time_epoch': 2.96604, 'eta': 35.59576, 'eta_hours': 0.00989, 'loss': 0.05430142, 'lr': 1.378e-05, 'params': 201514, 'time_iter': 0.02514, 'accuracy': 0.98053, 'f1': 0.98053, 'auc': 0.99973}
val: {'epoch': 987, 'time_epoch': 0.30996, 'loss': 0.55455774, 'lr': 0, 'params': 201514, 'time_iter': 0.0155, 'accuracy': 0.86, 'f1': 0.85982, 'auc': 0.98851}
test: {'epoch': 987, 'time_epoch': 0.91539, 'loss': 2.84575098, 'lr': 0, 'params': 201514, 'time_iter': 0.02288, 'accuracy': 0.5906, 'f1': 0.59824, 'auc': 0.91641}
> Epoch 987: took 4.2s (avg 4.2s) | Best so far: epoch 816	train_loss: 0.0860 train_accuracy: 0.9684	val_loss: 0.5075 val_accuracy: 0.8654	test_loss: 2.6146 test_accuracy: 0.5955
train: {'epoch': 988, 'time_epoch': 3.01542, 'eta': 32.62999, 'eta_hours': 0.00906, 'loss': 0.06063693, 'lr': 1.273e-05, 'params': 201514, 'time_iter': 0.02555, 'accuracy': 0.9788, 'f1': 0.9788, 'auc': 0.99964}
val: {'epoch': 988, 'time_epoch': 0.32352, 'loss': 0.5557185, 'lr': 0, 'params': 201514, 'time_iter': 0.01618, 'accuracy': 0.8596, 'f1': 0.85927, 'auc': 0.98856}
test: {'epoch': 988, 'time_epoch': 0.92231, 'loss': 2.84411145, 'lr': 0, 'params': 201514, 'time_iter': 0.02306, 'accuracy': 0.59, 'f1': 0.59738, 'auc': 0.91646}
> Epoch 988: took 4.3s (avg 4.2s) | Best so far: epoch 816	train_loss: 0.0860 train_accuracy: 0.9684	val_loss: 0.5075 val_accuracy: 0.8654	test_loss: 2.6146 test_accuracy: 0.5955
train: {'epoch': 989, 'time_epoch': 2.96256, 'eta': 29.66359, 'eta_hours': 0.00824, 'loss': 0.05669992, 'lr': 1.168e-05, 'params': 201514, 'time_iter': 0.02511, 'accuracy': 0.9796, 'f1': 0.9796, 'auc': 0.99969}
val: {'epoch': 989, 'time_epoch': 0.32403, 'loss': 0.55639968, 'lr': 0, 'params': 201514, 'time_iter': 0.0162, 'accuracy': 0.8598, 'f1': 0.85947, 'auc': 0.98857}
test: {'epoch': 989, 'time_epoch': 0.8937, 'loss': 2.85391304, 'lr': 0, 'params': 201514, 'time_iter': 0.02234, 'accuracy': 0.5898, 'f1': 0.59655, 'auc': 0.91676}
> Epoch 989: took 4.2s (avg 4.2s) | Best so far: epoch 816	train_loss: 0.0860 train_accuracy: 0.9684	val_loss: 0.5075 val_accuracy: 0.8654	test_loss: 2.6146 test_accuracy: 0.5955
train: {'epoch': 990, 'time_epoch': 2.98987, 'eta': 26.69744, 'eta_hours': 0.00742, 'loss': 0.05303513, 'lr': 1.063e-05, 'params': 201514, 'time_iter': 0.02534, 'accuracy': 0.98097, 'f1': 0.98097, 'auc': 0.99974}
val: {'epoch': 990, 'time_epoch': 0.31452, 'loss': 0.55618785, 'lr': 0, 'params': 201514, 'time_iter': 0.01573, 'accuracy': 0.8604, 'f1': 0.86013, 'auc': 0.98856}
test: {'epoch': 990, 'time_epoch': 0.90888, 'loss': 2.85416248, 'lr': 0, 'params': 201514, 'time_iter': 0.02272, 'accuracy': 0.5903, 'f1': 0.59757, 'auc': 0.9166}
> Epoch 990: took 4.2s (avg 4.2s) | Best so far: epoch 816	train_loss: 0.0860 train_accuracy: 0.9684	val_loss: 0.5075 val_accuracy: 0.8654	test_loss: 2.6146 test_accuracy: 0.5955
train: {'epoch': 991, 'time_epoch': 2.99727, 'eta': 23.73131, 'eta_hours': 0.00659, 'loss': 0.05645417, 'lr': 9.57e-06, 'params': 201514, 'time_iter': 0.0254, 'accuracy': 0.98093, 'f1': 0.98094, 'auc': 0.99968}
val: {'epoch': 991, 'time_epoch': 0.31552, 'loss': 0.55434249, 'lr': 0, 'params': 201514, 'time_iter': 0.01578, 'accuracy': 0.8614, 'f1': 0.86105, 'auc': 0.98861}
test: {'epoch': 991, 'time_epoch': 1.17024, 'loss': 2.86077082, 'lr': 0, 'params': 201514, 'time_iter': 0.02926, 'accuracy': 0.5894, 'f1': 0.59652, 'auc': 0.91652}
> Epoch 991: took 4.5s (avg 4.2s) | Best so far: epoch 816	train_loss: 0.0860 train_accuracy: 0.9684	val_loss: 0.5075 val_accuracy: 0.8654	test_loss: 2.6146 test_accuracy: 0.5955
train: {'epoch': 992, 'time_epoch': 2.95024, 'eta': 20.76478, 'eta_hours': 0.00577, 'loss': 0.05283196, 'lr': 8.52e-06, 'params': 201514, 'time_iter': 0.025, 'accuracy': 0.98107, 'f1': 0.98107, 'auc': 0.99974}
val: {'epoch': 992, 'time_epoch': 0.31602, 'loss': 0.55342715, 'lr': 0, 'params': 201514, 'time_iter': 0.0158, 'accuracy': 0.8602, 'f1': 0.85992, 'auc': 0.98855}
test: {'epoch': 992, 'time_epoch': 0.91256, 'loss': 2.85827356, 'lr': 0, 'params': 201514, 'time_iter': 0.02281, 'accuracy': 0.59, 'f1': 0.59716, 'auc': 0.91653}
> Epoch 992: took 4.2s (avg 4.2s) | Best so far: epoch 816	train_loss: 0.0860 train_accuracy: 0.9684	val_loss: 0.5075 val_accuracy: 0.8654	test_loss: 2.6146 test_accuracy: 0.5955
train: {'epoch': 993, 'time_epoch': 2.92352, 'eta': 17.79813, 'eta_hours': 0.00494, 'loss': 0.05478875, 'lr': 7.47e-06, 'params': 201514, 'time_iter': 0.02478, 'accuracy': 0.98177, 'f1': 0.98177, 'auc': 0.99971}
val: {'epoch': 993, 'time_epoch': 0.29753, 'loss': 0.55007052, 'lr': 0, 'params': 201514, 'time_iter': 0.01488, 'accuracy': 0.8608, 'f1': 0.86058, 'auc': 0.98868}
test: {'epoch': 993, 'time_epoch': 0.90147, 'loss': 2.85698211, 'lr': 0, 'params': 201514, 'time_iter': 0.02254, 'accuracy': 0.5905, 'f1': 0.59747, 'auc': 0.91674}
> Epoch 993: took 4.2s (avg 4.2s) | Best so far: epoch 816	train_loss: 0.0860 train_accuracy: 0.9684	val_loss: 0.5075 val_accuracy: 0.8654	test_loss: 2.6146 test_accuracy: 0.5955
train: {'epoch': 994, 'time_epoch': 2.78887, 'eta': 14.83088, 'eta_hours': 0.00412, 'loss': 0.05336844, 'lr': 6.42e-06, 'params': 201514, 'time_iter': 0.02363, 'accuracy': 0.98123, 'f1': 0.98123, 'auc': 0.99972}
val: {'epoch': 994, 'time_epoch': 0.31153, 'loss': 0.5509219, 'lr': 0, 'params': 201514, 'time_iter': 0.01558, 'accuracy': 0.8608, 'f1': 0.86063, 'auc': 0.98868}
test: {'epoch': 994, 'time_epoch': 0.87828, 'loss': 2.86065687, 'lr': 0, 'params': 201514, 'time_iter': 0.02196, 'accuracy': 0.5908, 'f1': 0.59786, 'auc': 0.91665}
> Epoch 994: took 4.0s (avg 4.2s) | Best so far: epoch 816	train_loss: 0.0860 train_accuracy: 0.9684	val_loss: 0.5075 val_accuracy: 0.8654	test_loss: 2.6146 test_accuracy: 0.5955
train: {'epoch': 995, 'time_epoch': 2.82467, 'eta': 11.86414, 'eta_hours': 0.0033, 'loss': 0.05285174, 'lr': 5.36e-06, 'params': 201514, 'time_iter': 0.02394, 'accuracy': 0.98113, 'f1': 0.98113, 'auc': 0.99972}
val: {'epoch': 995, 'time_epoch': 0.29403, 'loss': 0.55337293, 'lr': 0, 'params': 201514, 'time_iter': 0.0147, 'accuracy': 0.8608, 'f1': 0.86058, 'auc': 0.98862}
test: {'epoch': 995, 'time_epoch': 0.88211, 'loss': 2.86171522, 'lr': 0, 'params': 201514, 'time_iter': 0.02205, 'accuracy': 0.5902, 'f1': 0.59724, 'auc': 0.91672}
> Epoch 995: took 4.0s (avg 4.2s) | Best so far: epoch 816	train_loss: 0.0860 train_accuracy: 0.9684	val_loss: 0.5075 val_accuracy: 0.8654	test_loss: 2.6146 test_accuracy: 0.5955
train: {'epoch': 996, 'time_epoch': 2.84887, 'eta': 8.89775, 'eta_hours': 0.00247, 'loss': 0.0524002, 'lr': 4.31e-06, 'params': 201514, 'time_iter': 0.02414, 'accuracy': 0.98143, 'f1': 0.98144, 'auc': 0.99975}
val: {'epoch': 996, 'time_epoch': 0.30053, 'loss': 0.55479682, 'lr': 0, 'params': 201514, 'time_iter': 0.01503, 'accuracy': 0.8616, 'f1': 0.86128, 'auc': 0.9886}
test: {'epoch': 996, 'time_epoch': 0.87515, 'loss': 2.88150526, 'lr': 0, 'params': 201514, 'time_iter': 0.02188, 'accuracy': 0.5914, 'f1': 0.5988, 'auc': 0.91614}
> Epoch 996: took 4.1s (avg 4.2s) | Best so far: epoch 816	train_loss: 0.0860 train_accuracy: 0.9684	val_loss: 0.5075 val_accuracy: 0.8654	test_loss: 2.6146 test_accuracy: 0.5955
train: {'epoch': 997, 'time_epoch': 2.85841, 'eta': 5.93162, 'eta_hours': 0.00165, 'loss': 0.05241106, 'lr': 3.26e-06, 'params': 201514, 'time_iter': 0.02422, 'accuracy': 0.98163, 'f1': 0.98164, 'auc': 0.99974}
val: {'epoch': 997, 'time_epoch': 0.29702, 'loss': 0.55336921, 'lr': 0, 'params': 201514, 'time_iter': 0.01485, 'accuracy': 0.862, 'f1': 0.86164, 'auc': 0.9887}
test: {'epoch': 997, 'time_epoch': 0.89528, 'loss': 2.87914878, 'lr': 0, 'params': 201514, 'time_iter': 0.02238, 'accuracy': 0.5914, 'f1': 0.59836, 'auc': 0.91641}
> Epoch 997: took 4.1s (avg 4.2s) | Best so far: epoch 816	train_loss: 0.0860 train_accuracy: 0.9684	val_loss: 0.5075 val_accuracy: 0.8654	test_loss: 2.6146 test_accuracy: 0.5955
train: {'epoch': 998, 'time_epoch': 2.86545, 'eta': 2.96571, 'eta_hours': 0.00082, 'loss': 0.05112232, 'lr': 2.21e-06, 'params': 201514, 'time_iter': 0.02428, 'accuracy': 0.98243, 'f1': 0.98243, 'auc': 0.99975}
val: {'epoch': 998, 'time_epoch': 0.30203, 'loss': 0.55339462, 'lr': 0, 'params': 201514, 'time_iter': 0.0151, 'accuracy': 0.8614, 'f1': 0.86108, 'auc': 0.98867}
test: {'epoch': 998, 'time_epoch': 1.12878, 'loss': 2.87453074, 'lr': 0, 'params': 201514, 'time_iter': 0.02822, 'accuracy': 0.5909, 'f1': 0.59813, 'auc': 0.91634}
> Epoch 998: took 4.3s (avg 4.2s) | Best so far: epoch 816	train_loss: 0.0860 train_accuracy: 0.9684	val_loss: 0.5075 val_accuracy: 0.8654	test_loss: 2.6146 test_accuracy: 0.5955
train: {'epoch': 999, 'time_epoch': 2.8657, 'eta': 0.0, 'eta_hours': 0.0, 'loss': 0.05232104, 'lr': 1.15e-06, 'params': 201514, 'time_iter': 0.02429, 'accuracy': 0.98163, 'f1': 0.98164, 'auc': 0.99975}
val: {'epoch': 999, 'time_epoch': 0.30384, 'loss': 0.55397148, 'lr': 0, 'params': 201514, 'time_iter': 0.01519, 'accuracy': 0.8614, 'f1': 0.86105, 'auc': 0.98866}
test: {'epoch': 999, 'time_epoch': 0.88853, 'loss': 2.87285208, 'lr': 0, 'params': 201514, 'time_iter': 0.02221, 'accuracy': 0.5913, 'f1': 0.59837, 'auc': 0.91629}
> Epoch 999: took 4.1s (avg 4.2s) | Best so far: epoch 816	train_loss: 0.0860 train_accuracy: 0.9684	val_loss: 0.5075 val_accuracy: 0.8654	test_loss: 2.6146 test_accuracy: 0.5955
Avg time per epoch: 4.24s
Total train loop time: 1.18h
Task done, results saved in results\triangle-graphormer\0
Results aggregated across runs saved in results\triangle-graphormer\agg
[*] All done: 2026-06-06 18:06:51.303403
