[*] Run ID 0: seed=0, split_index=0
    Starting now: 2026-06-06 16:30:44.754192
[*] Loaded dataset 'subset' from 'PyG-ZINC':
  Data(x=[277864, 1], edge_index=[2, 597970], y=[1195940], complete_edge_index=[2, 1195940])
  undirected: True
  num graphs: 12000
  avg num_nodes/graph: 23
  num node features: 1
  num edge features: 0
  num classes: 2
GraphGymModule(
  (model): GPSModel(
    (encoder): FeatureEncoder(
      (node_encoder): TypeDictNodeEncoder(
        (encoder): Embedding(28, 64)
      )
    )
    (layers): Sequential(
      (0): GPSLayer(
        summary: dim_h=64, local_gnn_type=None, global_model_type=Transformer, heads=4
        (self_attn): MultiheadAttention(
          (out_proj): NonDynamicallyQuantizableLinear(in_features=64, out_features=64, bias=True)
        )
        (norm1_local): BatchNorm1d(64, eps=1e-05, momentum=0.1, affine=True, track_running_stats=True)
        (norm1_attn): BatchNorm1d(64, eps=1e-05, momentum=0.1, affine=True, track_running_stats=True)
        (dropout_local): Dropout(p=0.0, inplace=False)
        (dropout_attn): Dropout(p=0.0, inplace=False)
        (ff_linear1): Linear(in_features=64, out_features=128, bias=True)
        (ff_linear2): Linear(in_features=128, out_features=64, bias=True)
        (act_fn_ff): GELU(approximate='none')
        (norm2): BatchNorm1d(64, eps=1e-05, momentum=0.1, affine=True, track_running_stats=True)
        (ff_dropout1): Dropout(p=0.0, inplace=False)
        (ff_dropout2): Dropout(p=0.0, inplace=False)
      )
      (1): GPSLayer(
        summary: dim_h=64, local_gnn_type=None, global_model_type=Transformer, heads=4
        (self_attn): MultiheadAttention(
          (out_proj): NonDynamicallyQuantizableLinear(in_features=64, out_features=64, bias=True)
        )
        (norm1_local): BatchNorm1d(64, eps=1e-05, momentum=0.1, affine=True, track_running_stats=True)
        (norm1_attn): BatchNorm1d(64, eps=1e-05, momentum=0.1, affine=True, track_running_stats=True)
        (dropout_local): Dropout(p=0.0, inplace=False)
        (dropout_attn): Dropout(p=0.0, inplace=False)
        (ff_linear1): Linear(in_features=64, out_features=128, bias=True)
        (ff_linear2): Linear(in_features=128, out_features=64, bias=True)
        (act_fn_ff): GELU(approximate='none')
        (norm2): BatchNorm1d(64, eps=1e-05, momentum=0.1, affine=True, track_running_stats=True)
        (ff_dropout1): Dropout(p=0.0, inplace=False)
        (ff_dropout2): Dropout(p=0.0, inplace=False)
      )
      (2): GPSLayer(
        summary: dim_h=64, local_gnn_type=None, global_model_type=Transformer, heads=4
        (self_attn): MultiheadAttention(
          (out_proj): NonDynamicallyQuantizableLinear(in_features=64, out_features=64, bias=True)
        )
        (norm1_local): BatchNorm1d(64, eps=1e-05, momentum=0.1, affine=True, track_running_stats=True)
        (norm1_attn): BatchNorm1d(64, eps=1e-05, momentum=0.1, affine=True, track_running_stats=True)
        (dropout_local): Dropout(p=0.0, inplace=False)
        (dropout_attn): Dropout(p=0.0, inplace=False)
        (ff_linear1): Linear(in_features=64, out_features=128, bias=True)
        (ff_linear2): Linear(in_features=128, out_features=64, bias=True)
        (act_fn_ff): GELU(approximate='none')
        (norm2): BatchNorm1d(64, eps=1e-05, momentum=0.1, affine=True, track_running_stats=True)
        (ff_dropout1): Dropout(p=0.0, inplace=False)
        (ff_dropout2): Dropout(p=0.0, inplace=False)
      )
      (3): GPSLayer(
        summary: dim_h=64, local_gnn_type=None, global_model_type=Transformer, heads=4
        (self_attn): MultiheadAttention(
          (out_proj): NonDynamicallyQuantizableLinear(in_features=64, out_features=64, bias=True)
        )
        (norm1_local): BatchNorm1d(64, eps=1e-05, momentum=0.1, affine=True, track_running_stats=True)
        (norm1_attn): BatchNorm1d(64, eps=1e-05, momentum=0.1, affine=True, track_running_stats=True)
        (dropout_local): Dropout(p=0.0, inplace=False)
        (dropout_attn): Dropout(p=0.0, inplace=False)
        (ff_linear1): Linear(in_features=64, out_features=128, bias=True)
        (ff_linear2): Linear(in_features=128, out_features=64, bias=True)
        (act_fn_ff): GELU(approximate='none')
        (norm2): BatchNorm1d(64, eps=1e-05, momentum=0.1, affine=True, track_running_stats=True)
        (ff_dropout1): Dropout(p=0.0, inplace=False)
        (ff_dropout2): Dropout(p=0.0, inplace=False)
      )
      (4): GPSLayer(
        summary: dim_h=64, local_gnn_type=None, global_model_type=Transformer, heads=4
        (self_attn): MultiheadAttention(
          (out_proj): NonDynamicallyQuantizableLinear(in_features=64, out_features=64, bias=True)
        )
        (norm1_local): BatchNorm1d(64, eps=1e-05, momentum=0.1, affine=True, track_running_stats=True)
        (norm1_attn): BatchNorm1d(64, eps=1e-05, momentum=0.1, affine=True, track_running_stats=True)
        (dropout_local): Dropout(p=0.0, inplace=False)
        (dropout_attn): Dropout(p=0.0, inplace=False)
        (ff_linear1): Linear(in_features=64, out_features=128, bias=True)
        (ff_linear2): Linear(in_features=128, out_features=64, bias=True)
        (act_fn_ff): GELU(approximate='none')
        (norm2): BatchNorm1d(64, eps=1e-05, momentum=0.1, affine=True, track_running_stats=True)
        (ff_dropout1): Dropout(p=0.0, inplace=False)
        (ff_dropout2): Dropout(p=0.0, inplace=False)
      )
      (5): GPSLayer(
        summary: dim_h=64, local_gnn_type=None, global_model_type=Transformer, heads=4
        (self_attn): MultiheadAttention(
          (out_proj): NonDynamicallyQuantizableLinear(in_features=64, out_features=64, bias=True)
        )
        (norm1_local): BatchNorm1d(64, eps=1e-05, momentum=0.1, affine=True, track_running_stats=True)
        (norm1_attn): BatchNorm1d(64, eps=1e-05, momentum=0.1, affine=True, track_running_stats=True)
        (dropout_local): Dropout(p=0.0, inplace=False)
        (dropout_attn): Dropout(p=0.0, inplace=False)
        (ff_linear1): Linear(in_features=64, out_features=128, bias=True)
        (ff_linear2): Linear(in_features=128, out_features=64, bias=True)
        (act_fn_ff): GELU(approximate='none')
        (norm2): BatchNorm1d(64, eps=1e-05, momentum=0.1, affine=True, track_running_stats=True)
        (ff_dropout1): Dropout(p=0.0, inplace=False)
        (ff_dropout2): Dropout(p=0.0, inplace=False)
      )
    )
    (post_mp): InferLinksHead(
      (predictor): Linear(in_features=1, out_features=2, bias=True)
    )
  )
)
accelerator: cuda
benchmark: False
bn:
  eps: 1e-05
  mom: 0.1
cfg_dest: config.yaml
custom_metrics: []
dataset:
  cache_load: False
  cache_save: False
  dir: ./datasets
  edge_dim: 128
  edge_encoder: False
  edge_encoder_bn: False
  edge_encoder_name: TypeDictEdge
  edge_encoder_num_types: 4
  edge_message_ratio: 0.8
  edge_negative_sampling_ratio: 1.0
  edge_train_mode: all
  encoder: True
  encoder_bn: True
  encoder_dim: 128
  encoder_name: db
  format: PyG-ZINC
  infer_link_label: edge
  label_column: none
  label_table: none
  location: local
  name: subset
  node_encoder: True
  node_encoder_bn: False
  node_encoder_name: TypeDictNode
  node_encoder_num_types: 28
  remove_feature: False
  resample_disjoint: False
  resample_negative: False
  shuffle_split: True
  slic_compactness: 10
  split: [0.8, 0.1, 0.1]
  split_dir: ./splits
  split_index: 0
  split_mode: standard
  task: graph
  task_type: classification_multi
  to_undirected: False
  transductive: False
  transform: none
  tu_simple: True
devices: 1
example_arg: example
example_group:
  example_arg: example
gnn:
  act: gelu
  agg: mean
  att_final_linear: False
  att_final_linear_bn: False
  att_heads: 1
  batchnorm: True
  clear_feature: True
  dim_inner: 64
  dropout: 0.0
  head: infer_links
  keep_edge: 0.5
  l2norm: True
  layer_type: generalconv
  layers_mp: 2
  layers_post_mp: 3
  layers_pre_mp: 0
  msg_direction: single
  normalize_adj: False
  residual: False
  self_msg: concat
  skip_every: 1
  stage_type: stack
gpu_mem: False
graphormer:
  attention_dropout: 0.0
  dropout: 0.0
  embed_dim: 80
  input_dropout: 0.0
  mlp_dropout: 0.0
  num_heads: 4
  num_layers: 6
  use_graph_token: True
gt:
  attn_dropout: 0.1
  batch_norm: True
  bigbird:
    add_cross_attention: False
    attention_type: block_sparse
    block_size: 3
    chunk_size_feed_forward: 0
    hidden_act: relu
    is_decoder: False
    layer_norm_eps: 1e-06
    max_position_embeddings: 128
    num_random_blocks: 3
    use_bias: False
  dim_hidden: 64
  dropout: 0.0
  full_graph: True
  gamma: 1e-05
  layer_norm: False
  layer_type: None+Transformer
  layers: 6
  n_heads: 4
  pna_degrees: []
  residual: True
mem:
  inplace: False
metric_agg: argmax
metric_best: accuracy
model:
  edge_decoding: dot
  graph_pooling: add
  loss_fun: cross_entropy
  match_upper: True
  size_average: mean
  thresh: 0.5
  type: GPSModel
name_tag: 
num_threads: 6
num_workers: 0
optim:
  base_lr: 0.001
  batch_accumulation: 1
  clip_grad_norm: True
  clip_grad_norm_value: 1.0
  lr_decay: 0.1
  max_epoch: 200
  min_lr: 0.0
  momentum: 0.9
  num_warmup_epochs: 50
  optimizer: adamW
  reduce_factor: 0.1
  schedule_patience: 10
  scheduler: cosine_with_warmup
  steps: [30, 60, 90]
  weight_decay: 1e-05
out_dir: results\edge-tf
posenc_ElstaticSE:
  dim_pe: 16
  enable: False
  kernel:
    times: []
    times_func: range(10)
  layers: 3
  model: none
  n_heads: 4
  pass_as_var: False
  post_layers: 0
  raw_norm_type: none
posenc_EquivStableLapPE:
  eigen:
    eigvec_norm: L2
    laplacian_norm: sym
    max_freqs: 10
  enable: False
  raw_norm_type: none
posenc_GraphormerBias:
  dim_pe: 0
  enable: False
  node_degrees_only: False
  num_in_degrees: None
  num_out_degrees: None
  num_spatial_types: None
posenc_HKdiagSE:
  dim_pe: 16
  enable: False
  kernel:
    times: []
    times_func: 
  layers: 3
  model: none
  n_heads: 4
  pass_as_var: False
  post_layers: 0
  raw_norm_type: none
posenc_LapPE:
  dim_pe: 16
  eigen:
    eigvec_norm: L2
    laplacian_norm: none
    max_freqs: 16
  enable: False
  layers: 2
  model: DeepSet
  n_heads: 4
  pass_as_var: False
  post_layers: 0
  raw_norm_type: none
posenc_RWSE:
  dim_pe: 16
  enable: False
  kernel:
    times: []
    times_func: range(1,21)
  layers: 3
  model: Linear
  n_heads: 4
  pass_as_var: False
  post_layers: 0
  raw_norm_type: BatchNorm
posenc_SignNet:
  dim_pe: 16
  eigen:
    eigvec_norm: L2
    laplacian_norm: sym
    max_freqs: 10
  enable: False
  layers: 3
  model: none
  n_heads: 4
  pass_as_var: False
  phi_hidden_dim: 64
  phi_out_dim: 4
  post_layers: 0
  raw_norm_type: none
pretrained:
  dir: 
  freeze_main: False
  reset_prediction_head: True
print: both
round: 5
run_dir: results\edge-tf\0
run_id: 0
run_multiple_splits: []
seed: 0
share:
  dim_in: 1
  dim_out: 1
  num_splits: 3
tensorboard_agg: True
tensorboard_each_run: False
train:
  auto_resume: False
  batch_size: 96
  ckpt_best: True
  ckpt_clean: True
  ckpt_period: 100
  enable_ckpt: True
  epoch_resume: -1
  eval_period: 1
  iter_per_epoch: 32
  mode: custom
  neighbor_sizes: [20, 15, 10, 5]
  node_per_graph: 32
  radius: extend
  sample_node: False
  sampler: full_batch
  skip_train_eval: False
  walk_length: 4
val:
  node_per_graph: 32
  radius: extend
  sample_node: False
  sampler: full_batch
view_emb: False
wandb:
  entity: gtransformers
  name: 
  project: Edge
  use: False
Num parameters: 203396
Start from epoch 0
train: {'epoch': 0, 'time_epoch': 2.434, 'eta': 484.36534, 'eta_hours': 0.13455, 'loss': 3.63775053, 'lr': 0.0, 'params': 203396, 'time_iter': 0.02318, 'accuracy': 0.51116, 'f1': 0.50533, 'auc': 0.51499}
...computing epoch stats took: 0.21s
val: {'epoch': 0, 'time_epoch': 0.13887, 'loss': 3.64017512, 'lr': 0, 'params': 203396, 'time_iter': 0.01262, 'accuracy': 0.51282, 'f1': 0.50683, 'auc': 0.5144}
...computing epoch stats took: 0.02s
test: {'epoch': 0, 'time_epoch': 0.12451, 'loss': 3.65097073, 'lr': 0, 'params': 203396, 'time_iter': 0.01132, 'accuracy': 0.50988, 'f1': 0.50322, 'auc': 0.51157}
...computing epoch stats took: 0.02s
> Epoch 0: took 2.9s (avg 2.9s) | Best so far: epoch 0	train_loss: 3.6378 train_accuracy: 0.5112	val_loss: 3.6402 val_accuracy: 0.5128	test_loss: 3.6510 test_accuracy: 0.5099
train: {'epoch': 1, 'time_epoch': 1.71654, 'eta': 410.9034, 'eta_hours': 0.11414, 'loss': 2.57040013, 'lr': 2e-05, 'params': 203396, 'time_iter': 0.01635, 'accuracy': 0.50569, 'f1': 0.49559, 'auc': 0.51421}
...computing epoch stats took: 0.18s
val: {'epoch': 1, 'time_epoch': 0.09251, 'loss': 1.86827748, 'lr': 0, 'params': 203396, 'time_iter': 0.00841, 'accuracy': 0.5076, 'f1': 0.49136, 'auc': 0.51572}
...computing epoch stats took: 0.02s
test: {'epoch': 1, 'time_epoch': 0.09002, 'loss': 1.86788889, 'lr': 0, 'params': 203396, 'time_iter': 0.00818, 'accuracy': 0.50629, 'f1': 0.48962, 'auc': 0.51569}
...computing epoch stats took: 0.02s
> Epoch 1: took 2.1s (avg 2.5s) | Best so far: epoch 0	train_loss: 3.6378 train_accuracy: 0.5112	val_loss: 3.6402 val_accuracy: 0.5128	test_loss: 3.6510 test_accuracy: 0.5099
train: {'epoch': 2, 'time_epoch': 1.75601, 'eta': 387.8633, 'eta_hours': 0.10774, 'loss': 1.37608383, 'lr': 4e-05, 'params': 203396, 'time_iter': 0.01672, 'accuracy': 0.50331, 'f1': 0.42004, 'auc': 0.52558}
...computing epoch stats took: 0.16s
val: {'epoch': 2, 'time_epoch': 0.09151, 'loss': 1.09405702, 'lr': 0, 'params': 203396, 'time_iter': 0.00832, 'accuracy': 0.50511, 'f1': 0.38571, 'auc': 0.5383}
...computing epoch stats took: 0.02s
test: {'epoch': 2, 'time_epoch': 0.09062, 'loss': 1.09093778, 'lr': 0, 'params': 203396, 'time_iter': 0.00824, 'accuracy': 0.50778, 'f1': 0.39033, 'auc': 0.53824}
...computing epoch stats took: 0.02s
> Epoch 2: took 2.1s (avg 2.4s) | Best so far: epoch 0	train_loss: 3.6378 train_accuracy: 0.5112	val_loss: 3.6402 val_accuracy: 0.5128	test_loss: 3.6510 test_accuracy: 0.5099
train: {'epoch': 3, 'time_epoch': 1.78419, 'eta': 376.84622, 'eta_hours': 0.10468, 'loss': 1.03492683, 'lr': 6e-05, 'params': 203396, 'time_iter': 0.01699, 'accuracy': 0.50513, 'f1': 0.38335, 'auc': 0.53884}
val: {'epoch': 3, 'time_epoch': 0.09751, 'loss': 0.97261886, 'lr': 0, 'params': 203396, 'time_iter': 0.00886, 'accuracy': 0.50566, 'f1': 0.36673, 'auc': 0.53878}
test: {'epoch': 3, 'time_epoch': 0.09751, 'loss': 0.96831269, 'lr': 0, 'params': 203396, 'time_iter': 0.00886, 'accuracy': 0.50661, 'f1': 0.37141, 'auc': 0.53682}
> Epoch 3: took 2.2s (avg 2.4s) | Best so far: epoch 0	train_loss: 3.6378 train_accuracy: 0.5112	val_loss: 3.6402 val_accuracy: 0.5128	test_loss: 3.6510 test_accuracy: 0.5099
train: {'epoch': 4, 'time_epoch': 1.84561, 'eta': 371.91762, 'eta_hours': 0.10331, 'loss': 0.97183462, 'lr': 8e-05, 'params': 203396, 'time_iter': 0.01758, 'accuracy': 0.50626, 'f1': 0.38184, 'auc': 0.53945}
val: {'epoch': 4, 'time_epoch': 0.09851, 'loss': 0.94405509, 'lr': 0, 'params': 203396, 'time_iter': 0.00896, 'accuracy': 0.50955, 'f1': 0.36866, 'auc': 0.53786}
test: {'epoch': 4, 'time_epoch': 0.09051, 'loss': 0.94190893, 'lr': 0, 'params': 203396, 'time_iter': 0.00823, 'accuracy': 0.51105, 'f1': 0.37271, 'auc': 0.53638}
> Epoch 4: took 2.2s (avg 2.3s) | Best so far: epoch 0	train_loss: 3.6378 train_accuracy: 0.5112	val_loss: 3.6402 val_accuracy: 0.5128	test_loss: 3.6510 test_accuracy: 0.5099
train: {'epoch': 5, 'time_epoch': 1.75829, 'eta': 365.1934, 'eta_hours': 0.10144, 'loss': 0.94727548, 'lr': 0.0001, 'params': 203396, 'time_iter': 0.01675, 'accuracy': 0.50662, 'f1': 0.38433, 'auc': 0.53868}
val: {'epoch': 5, 'time_epoch': 0.09451, 'loss': 0.920063, 'lr': 0, 'params': 203396, 'time_iter': 0.00859, 'accuracy': 0.51002, 'f1': 0.38431, 'auc': 0.53497}
test: {'epoch': 5, 'time_epoch': 0.09215, 'loss': 0.91776193, 'lr': 0, 'params': 203396, 'time_iter': 0.00838, 'accuracy': 0.51186, 'f1': 0.38672, 'auc': 0.53366}
> Epoch 5: took 2.1s (avg 2.3s) | Best so far: epoch 0	train_loss: 3.6378 train_accuracy: 0.5112	val_loss: 3.6402 val_accuracy: 0.5128	test_loss: 3.6510 test_accuracy: 0.5099
train: {'epoch': 6, 'time_epoch': 1.81459, 'eta': 361.44011, 'eta_hours': 0.1004, 'loss': 0.9305677, 'lr': 0.00012, 'params': 203396, 'time_iter': 0.01728, 'accuracy': 0.50706, 'f1': 0.38363, 'auc': 0.53794}
val: {'epoch': 6, 'time_epoch': 0.09651, 'loss': 0.9106284, 'lr': 0, 'params': 203396, 'time_iter': 0.00877, 'accuracy': 0.50858, 'f1': 0.37245, 'auc': 0.53492}
test: {'epoch': 6, 'time_epoch': 0.0965, 'loss': 0.9091141, 'lr': 0, 'params': 203396, 'time_iter': 0.00877, 'accuracy': 0.50993, 'f1': 0.37509, 'auc': 0.53355}
> Epoch 6: took 2.2s (avg 2.3s) | Best so far: epoch 0	train_loss: 3.6378 train_accuracy: 0.5112	val_loss: 3.6402 val_accuracy: 0.5128	test_loss: 3.6510 test_accuracy: 0.5099
train: {'epoch': 7, 'time_epoch': 1.80715, 'eta': 357.99312, 'eta_hours': 0.09944, 'loss': 0.91574841, 'lr': 0.00014, 'params': 203396, 'time_iter': 0.01721, 'accuracy': 0.50773, 'f1': 0.38362, 'auc': 0.5376}
val: {'epoch': 7, 'time_epoch': 0.09301, 'loss': 0.8996553, 'lr': 0, 'params': 203396, 'time_iter': 0.00846, 'accuracy': 0.51034, 'f1': 0.37899, 'auc': 0.53614}
test: {'epoch': 7, 'time_epoch': 0.09451, 'loss': 0.89888289, 'lr': 0, 'params': 203396, 'time_iter': 0.00859, 'accuracy': 0.51118, 'f1': 0.38041, 'auc': 0.53418}
> Epoch 7: took 2.2s (avg 2.3s) | Best so far: epoch 0	train_loss: 3.6378 train_accuracy: 0.5112	val_loss: 3.6402 val_accuracy: 0.5128	test_loss: 3.6510 test_accuracy: 0.5099
train: {'epoch': 8, 'time_epoch': 1.77835, 'eta': 354.29937, 'eta_hours': 0.09842, 'loss': 0.9023533, 'lr': 0.00016, 'params': 203396, 'time_iter': 0.01694, 'accuracy': 0.50791, 'f1': 0.38289, 'auc': 0.53743}
val: {'epoch': 8, 'time_epoch': 0.09351, 'loss': 0.89222525, 'lr': 0, 'params': 203396, 'time_iter': 0.0085, 'accuracy': 0.50796, 'f1': 0.37541, 'auc': 0.53695}
test: {'epoch': 8, 'time_epoch': 0.09151, 'loss': 0.89166913, 'lr': 0, 'params': 203396, 'time_iter': 0.00832, 'accuracy': 0.50881, 'f1': 0.37886, 'auc': 0.53494}
> Epoch 8: took 2.2s (avg 2.3s) | Best so far: epoch 0	train_loss: 3.6378 train_accuracy: 0.5112	val_loss: 3.6402 val_accuracy: 0.5128	test_loss: 3.6510 test_accuracy: 0.5099
train: {'epoch': 9, 'time_epoch': 1.82859, 'eta': 351.94316, 'eta_hours': 0.09776, 'loss': 0.88902008, 'lr': 0.00018, 'params': 203396, 'time_iter': 0.01742, 'accuracy': 0.5084, 'f1': 0.38323, 'auc': 0.53738}
val: {'epoch': 9, 'time_epoch': 0.09151, 'loss': 0.87615822, 'lr': 0, 'params': 203396, 'time_iter': 0.00832, 'accuracy': 0.50833, 'f1': 0.37523, 'auc': 0.53686}
test: {'epoch': 9, 'time_epoch': 0.09051, 'loss': 0.87522076, 'lr': 0, 'params': 203396, 'time_iter': 0.00823, 'accuracy': 0.50913, 'f1': 0.38061, 'auc': 0.53505}
> Epoch 9: took 2.2s (avg 2.3s) | Best so far: epoch 0	train_loss: 3.6378 train_accuracy: 0.5112	val_loss: 3.6402 val_accuracy: 0.5128	test_loss: 3.6510 test_accuracy: 0.5099
train: {'epoch': 10, 'time_epoch': 1.73355, 'eta': 348.05001, 'eta_hours': 0.09668, 'loss': 0.87555228, 'lr': 0.0002, 'params': 203396, 'time_iter': 0.01651, 'accuracy': 0.50871, 'f1': 0.38305, 'auc': 0.53814}
val: {'epoch': 10, 'time_epoch': 0.09151, 'loss': 0.86142741, 'lr': 0, 'params': 203396, 'time_iter': 0.00832, 'accuracy': 0.50978, 'f1': 0.37616, 'auc': 0.53685}
test: {'epoch': 10, 'time_epoch': 0.09151, 'loss': 0.86069925, 'lr': 0, 'params': 203396, 'time_iter': 0.00832, 'accuracy': 0.51159, 'f1': 0.38043, 'auc': 0.5355}
> Epoch 10: took 2.1s (avg 2.2s) | Best so far: epoch 0	train_loss: 3.6378 train_accuracy: 0.5112	val_loss: 3.6402 val_accuracy: 0.5128	test_loss: 3.6510 test_accuracy: 0.5099
train: {'epoch': 11, 'time_epoch': 1.76774, 'eta': 345.05243, 'eta_hours': 0.09585, 'loss': 0.86300286, 'lr': 0.00022, 'params': 203396, 'time_iter': 0.01684, 'accuracy': 0.50891, 'f1': 0.38263, 'auc': 0.53861}
val: {'epoch': 11, 'time_epoch': 0.09151, 'loss': 0.85196733, 'lr': 0, 'params': 203396, 'time_iter': 0.00832, 'accuracy': 0.50829, 'f1': 0.37232, 'auc': 0.5393}
test: {'epoch': 11, 'time_epoch': 0.09302, 'loss': 0.85137638, 'lr': 0, 'params': 203396, 'time_iter': 0.00846, 'accuracy': 0.50933, 'f1': 0.37495, 'auc': 0.53779}
> Epoch 11: took 2.1s (avg 2.2s) | Best so far: epoch 0	train_loss: 3.6378 train_accuracy: 0.5112	val_loss: 3.6402 val_accuracy: 0.5128	test_loss: 3.6510 test_accuracy: 0.5099
train: {'epoch': 12, 'time_epoch': 1.82855, 'eta': 343.11869, 'eta_hours': 0.09531, 'loss': 0.84899785, 'lr': 0.00024, 'params': 203396, 'time_iter': 0.01741, 'accuracy': 0.50981, 'f1': 0.38426, 'auc': 0.53906}
val: {'epoch': 12, 'time_epoch': 0.09055, 'loss': 0.840154, 'lr': 0, 'params': 203396, 'time_iter': 0.00823, 'accuracy': 0.50816, 'f1': 0.37887, 'auc': 0.54034}
test: {'epoch': 12, 'time_epoch': 0.09151, 'loss': 0.83964815, 'lr': 0, 'params': 203396, 'time_iter': 0.00832, 'accuracy': 0.50968, 'f1': 0.3837, 'auc': 0.53807}
> Epoch 12: took 2.2s (avg 2.2s) | Best so far: epoch 0	train_loss: 3.6378 train_accuracy: 0.5112	val_loss: 3.6402 val_accuracy: 0.5128	test_loss: 3.6510 test_accuracy: 0.5099
train: {'epoch': 13, 'time_epoch': 1.76897, 'eta': 340.40838, 'eta_hours': 0.09456, 'loss': 0.83578409, 'lr': 0.00026, 'params': 203396, 'time_iter': 0.01685, 'accuracy': 0.51007, 'f1': 0.3837, 'auc': 0.53914}
val: {'epoch': 13, 'time_epoch': 0.09228, 'loss': 0.82766919, 'lr': 0, 'params': 203396, 'time_iter': 0.00839, 'accuracy': 0.50859, 'f1': 0.3814, 'auc': 0.54078}
test: {'epoch': 13, 'time_epoch': 0.09251, 'loss': 0.82747648, 'lr': 0, 'params': 203396, 'time_iter': 0.00841, 'accuracy': 0.51032, 'f1': 0.38738, 'auc': 0.53831}
> Epoch 13: took 2.2s (avg 2.2s) | Best so far: epoch 0	train_loss: 3.6378 train_accuracy: 0.5112	val_loss: 3.6402 val_accuracy: 0.5128	test_loss: 3.6510 test_accuracy: 0.5099
train: {'epoch': 14, 'time_epoch': 1.79054, 'eta': 338.08969, 'eta_hours': 0.09391, 'loss': 0.82307323, 'lr': 0.00028, 'params': 203396, 'time_iter': 0.01705, 'accuracy': 0.51033, 'f1': 0.38464, 'auc': 0.54047}
val: {'epoch': 14, 'time_epoch': 0.09252, 'loss': 0.8149065, 'lr': 0, 'params': 203396, 'time_iter': 0.00841, 'accuracy': 0.50883, 'f1': 0.37817, 'auc': 0.54213}
test: {'epoch': 14, 'time_epoch': 0.09351, 'loss': 0.81417874, 'lr': 0, 'params': 203396, 'time_iter': 0.0085, 'accuracy': 0.51011, 'f1': 0.38095, 'auc': 0.54057}
> Epoch 14: took 2.2s (avg 2.2s) | Best so far: epoch 0	train_loss: 3.6378 train_accuracy: 0.5112	val_loss: 3.6402 val_accuracy: 0.5128	test_loss: 3.6510 test_accuracy: 0.5099
train: {'epoch': 15, 'time_epoch': 1.73719, 'eta': 335.22343, 'eta_hours': 0.09312, 'loss': 0.81002657, 'lr': 0.0003, 'params': 203396, 'time_iter': 0.01654, 'accuracy': 0.51045, 'f1': 0.38501, 'auc': 0.54097}
val: {'epoch': 15, 'time_epoch': 0.09351, 'loss': 0.80181767, 'lr': 0, 'params': 203396, 'time_iter': 0.0085, 'accuracy': 0.50967, 'f1': 0.38059, 'auc': 0.54459}
test: {'epoch': 15, 'time_epoch': 0.09251, 'loss': 0.80197065, 'lr': 0, 'params': 203396, 'time_iter': 0.00841, 'accuracy': 0.51115, 'f1': 0.38304, 'auc': 0.54272}
> Epoch 15: took 2.1s (avg 2.2s) | Best so far: epoch 0	train_loss: 3.6378 train_accuracy: 0.5112	val_loss: 3.6402 val_accuracy: 0.5128	test_loss: 3.6510 test_accuracy: 0.5099
train: {'epoch': 16, 'time_epoch': 1.75911, 'eta': 332.72604, 'eta_hours': 0.09242, 'loss': 0.79695197, 'lr': 0.00032, 'params': 203396, 'time_iter': 0.01675, 'accuracy': 0.51089, 'f1': 0.38507, 'auc': 0.54145}
val: {'epoch': 16, 'time_epoch': 0.09251, 'loss': 0.78979642, 'lr': 0, 'params': 203396, 'time_iter': 0.00841, 'accuracy': 0.51134, 'f1': 0.37806, 'auc': 0.54337}
test: {'epoch': 16, 'time_epoch': 0.09551, 'loss': 0.78922117, 'lr': 0, 'params': 203396, 'time_iter': 0.00868, 'accuracy': 0.51291, 'f1': 0.38205, 'auc': 0.54105}
> Epoch 16: took 2.1s (avg 2.2s) | Best so far: epoch 0	train_loss: 3.6378 train_accuracy: 0.5112	val_loss: 3.6402 val_accuracy: 0.5128	test_loss: 3.6510 test_accuracy: 0.5099
train: {'epoch': 17, 'time_epoch': 1.80065, 'eta': 330.73067, 'eta_hours': 0.09187, 'loss': 0.78396632, 'lr': 0.00034, 'params': 203396, 'time_iter': 0.01715, 'accuracy': 0.51097, 'f1': 0.38553, 'auc': 0.54209}
val: {'epoch': 17, 'time_epoch': 0.09151, 'loss': 0.77482113, 'lr': 0, 'params': 203396, 'time_iter': 0.00832, 'accuracy': 0.51066, 'f1': 0.37787, 'auc': 0.54166}
test: {'epoch': 17, 'time_epoch': 0.18953, 'loss': 0.77419925, 'lr': 0, 'params': 203396, 'time_iter': 0.01723, 'accuracy': 0.51199, 'f1': 0.38178, 'auc': 0.54008}
> Epoch 17: took 2.3s (avg 2.2s) | Best so far: epoch 0	train_loss: 3.6378 train_accuracy: 0.5112	val_loss: 3.6402 val_accuracy: 0.5128	test_loss: 3.6510 test_accuracy: 0.5099
train: {'epoch': 18, 'time_epoch': 1.76238, 'eta': 328.39126, 'eta_hours': 0.09122, 'loss': 0.77162735, 'lr': 0.00036, 'params': 203396, 'time_iter': 0.01678, 'accuracy': 0.51129, 'f1': 0.38562, 'auc': 0.54324}
val: {'epoch': 18, 'time_epoch': 0.094, 'loss': 0.76185928, 'lr': 0, 'params': 203396, 'time_iter': 0.00855, 'accuracy': 0.51252, 'f1': 0.37908, 'auc': 0.54437}
test: {'epoch': 18, 'time_epoch': 0.09252, 'loss': 0.76130488, 'lr': 0, 'params': 203396, 'time_iter': 0.00841, 'accuracy': 0.51373, 'f1': 0.38279, 'auc': 0.54275}
> Epoch 18: took 2.1s (avg 2.2s) | Best so far: epoch 0	train_loss: 3.6378 train_accuracy: 0.5112	val_loss: 3.6402 val_accuracy: 0.5128	test_loss: 3.6510 test_accuracy: 0.5099
train: {'epoch': 19, 'time_epoch': 1.81517, 'eta': 326.58466, 'eta_hours': 0.09072, 'loss': 0.75954037, 'lr': 0.00038, 'params': 203396, 'time_iter': 0.01729, 'accuracy': 0.51153, 'f1': 0.38659, 'auc': 0.54395}
val: {'epoch': 19, 'time_epoch': 0.092, 'loss': 0.75219793, 'lr': 0, 'params': 203396, 'time_iter': 0.00836, 'accuracy': 0.51037, 'f1': 0.38186, 'auc': 0.5457}
test: {'epoch': 19, 'time_epoch': 0.09151, 'loss': 0.75155773, 'lr': 0, 'params': 203396, 'time_iter': 0.00832, 'accuracy': 0.51249, 'f1': 0.38555, 'auc': 0.54415}
> Epoch 19: took 2.2s (avg 2.2s) | Best so far: epoch 0	train_loss: 3.6378 train_accuracy: 0.5112	val_loss: 3.6402 val_accuracy: 0.5128	test_loss: 3.6510 test_accuracy: 0.5099
train: {'epoch': 20, 'time_epoch': 1.78562, 'eta': 324.52529, 'eta_hours': 0.09015, 'loss': 0.74784154, 'lr': 0.0004, 'params': 203396, 'time_iter': 0.01701, 'accuracy': 0.5122, 'f1': 0.38844, 'auc': 0.54487}
val: {'epoch': 20, 'time_epoch': 0.09251, 'loss': 0.73974095, 'lr': 0, 'params': 203396, 'time_iter': 0.00841, 'accuracy': 0.51285, 'f1': 0.38117, 'auc': 0.5453}
test: {'epoch': 20, 'time_epoch': 0.09151, 'loss': 0.73930395, 'lr': 0, 'params': 203396, 'time_iter': 0.00832, 'accuracy': 0.51388, 'f1': 0.38386, 'auc': 0.54333}
> Epoch 20: took 2.2s (avg 2.2s) | Best so far: epoch 20	train_loss: 0.7478 train_accuracy: 0.5122	val_loss: 0.7397 val_accuracy: 0.5129	test_loss: 0.7393 test_accuracy: 0.5139
train: {'epoch': 21, 'time_epoch': 1.81903, 'eta': 322.76116, 'eta_hours': 0.08966, 'loss': 0.7371966, 'lr': 0.00042, 'params': 203396, 'time_iter': 0.01732, 'accuracy': 0.5122, 'f1': 0.3892, 'auc': 0.54689}
val: {'epoch': 21, 'time_epoch': 0.11002, 'loss': 0.7314341, 'lr': 0, 'params': 203396, 'time_iter': 0.01, 'accuracy': 0.51217, 'f1': 0.39353, 'auc': 0.54894}
test: {'epoch': 21, 'time_epoch': 0.10251, 'loss': 0.73089796, 'lr': 0, 'params': 203396, 'time_iter': 0.00932, 'accuracy': 0.51379, 'f1': 0.39681, 'auc': 0.54728}
> Epoch 21: took 2.2s (avg 2.2s) | Best so far: epoch 20	train_loss: 0.7478 train_accuracy: 0.5122	val_loss: 0.7397 val_accuracy: 0.5129	test_loss: 0.7393 test_accuracy: 0.5139
train: {'epoch': 22, 'time_epoch': 1.81814, 'eta': 320.98539, 'eta_hours': 0.08916, 'loss': 0.72669143, 'lr': 0.00044, 'params': 203396, 'time_iter': 0.01732, 'accuracy': 0.5125, 'f1': 0.3904, 'auc': 0.5486}
val: {'epoch': 22, 'time_epoch': 0.09102, 'loss': 0.72060004, 'lr': 0, 'params': 203396, 'time_iter': 0.00827, 'accuracy': 0.5115, 'f1': 0.3844, 'auc': 0.54791}
test: {'epoch': 22, 'time_epoch': 0.0925, 'loss': 0.72017316, 'lr': 0, 'params': 203396, 'time_iter': 0.00841, 'accuracy': 0.51295, 'f1': 0.38909, 'auc': 0.5458}
> Epoch 22: took 2.2s (avg 2.2s) | Best so far: epoch 20	train_loss: 0.7478 train_accuracy: 0.5122	val_loss: 0.7397 val_accuracy: 0.5129	test_loss: 0.7393 test_accuracy: 0.5139
train: {'epoch': 23, 'time_epoch': 1.76286, 'eta': 318.80072, 'eta_hours': 0.08856, 'loss': 0.71805029, 'lr': 0.00046, 'params': 203396, 'time_iter': 0.01679, 'accuracy': 0.51246, 'f1': 0.39121, 'auc': 0.55015}
val: {'epoch': 23, 'time_epoch': 0.09151, 'loss': 0.71175918, 'lr': 0, 'params': 203396, 'time_iter': 0.00832, 'accuracy': 0.51259, 'f1': 0.37823, 'auc': 0.55339}
test: {'epoch': 23, 'time_epoch': 0.09251, 'loss': 0.71139389, 'lr': 0, 'params': 203396, 'time_iter': 0.00841, 'accuracy': 0.51399, 'f1': 0.38168, 'auc': 0.55121}
> Epoch 23: took 2.1s (avg 2.2s) | Best so far: epoch 20	train_loss: 0.7478 train_accuracy: 0.5122	val_loss: 0.7397 val_accuracy: 0.5129	test_loss: 0.7393 test_accuracy: 0.5139
train: {'epoch': 24, 'time_epoch': 1.80954, 'eta': 316.97657, 'eta_hours': 0.08805, 'loss': 0.70919118, 'lr': 0.00048, 'params': 203396, 'time_iter': 0.01723, 'accuracy': 0.5132, 'f1': 0.39391, 'auc': 0.55227}
val: {'epoch': 24, 'time_epoch': 0.09951, 'loss': 0.70475931, 'lr': 0, 'params': 203396, 'time_iter': 0.00905, 'accuracy': 0.51079, 'f1': 0.38448, 'auc': 0.55613}
test: {'epoch': 24, 'time_epoch': 0.09851, 'loss': 0.704511, 'lr': 0, 'params': 203396, 'time_iter': 0.00896, 'accuracy': 0.51222, 'f1': 0.38795, 'auc': 0.5539}
> Epoch 24: took 2.2s (avg 2.2s) | Best so far: epoch 20	train_loss: 0.7478 train_accuracy: 0.5122	val_loss: 0.7397 val_accuracy: 0.5129	test_loss: 0.7393 test_accuracy: 0.5139
train: {'epoch': 25, 'time_epoch': 1.81507, 'eta': 315.19055, 'eta_hours': 0.08755, 'loss': 0.70203104, 'lr': 0.0005, 'params': 203396, 'time_iter': 0.01729, 'accuracy': 0.51324, 'f1': 0.39476, 'auc': 0.55538}
val: {'epoch': 25, 'time_epoch': 0.09251, 'loss': 0.69683402, 'lr': 0, 'params': 203396, 'time_iter': 0.00841, 'accuracy': 0.5142, 'f1': 0.39612, 'auc': 0.55773}
test: {'epoch': 25, 'time_epoch': 0.09051, 'loss': 0.69662999, 'lr': 0, 'params': 203396, 'time_iter': 0.00823, 'accuracy': 0.51546, 'f1': 0.39995, 'auc': 0.55638}
> Epoch 25: took 2.2s (avg 2.2s) | Best so far: epoch 25	train_loss: 0.7020 train_accuracy: 0.5132	val_loss: 0.6968 val_accuracy: 0.5142	test_loss: 0.6966 test_accuracy: 0.5155
train: {'epoch': 26, 'time_epoch': 1.79417, 'eta': 313.26845, 'eta_hours': 0.08702, 'loss': 0.69519497, 'lr': 0.00052, 'params': 203396, 'time_iter': 0.01709, 'accuracy': 0.51406, 'f1': 0.39765, 'auc': 0.55814}
val: {'epoch': 26, 'time_epoch': 0.09451, 'loss': 0.69138311, 'lr': 0, 'params': 203396, 'time_iter': 0.00859, 'accuracy': 0.51451, 'f1': 0.39349, 'auc': 0.5614}
test: {'epoch': 26, 'time_epoch': 0.09551, 'loss': 0.69115582, 'lr': 0, 'params': 203396, 'time_iter': 0.00868, 'accuracy': 0.51581, 'f1': 0.397, 'auc': 0.55885}
> Epoch 26: took 2.2s (avg 2.2s) | Best so far: epoch 26	train_loss: 0.6952 train_accuracy: 0.5141	val_loss: 0.6914 val_accuracy: 0.5145	test_loss: 0.6912 test_accuracy: 0.5158
train: {'epoch': 27, 'time_epoch': 1.81409, 'eta': 311.47786, 'eta_hours': 0.08652, 'loss': 0.68982167, 'lr': 0.00054, 'params': 203396, 'time_iter': 0.01728, 'accuracy': 0.51464, 'f1': 0.40263, 'auc': 0.56172}
val: {'epoch': 27, 'time_epoch': 0.09651, 'loss': 0.68831001, 'lr': 0, 'params': 203396, 'time_iter': 0.00877, 'accuracy': 0.51403, 'f1': 0.41157, 'auc': 0.56172}
test: {'epoch': 27, 'time_epoch': 0.09551, 'loss': 0.68875411, 'lr': 0, 'params': 203396, 'time_iter': 0.00868, 'accuracy': 0.51591, 'f1': 0.41988, 'auc': 0.55907}
> Epoch 27: took 2.2s (avg 2.2s) | Best so far: epoch 26	train_loss: 0.6952 train_accuracy: 0.5141	val_loss: 0.6914 val_accuracy: 0.5145	test_loss: 0.6912 test_accuracy: 0.5158
train: {'epoch': 28, 'time_epoch': 1.81883, 'eta': 309.71362, 'eta_hours': 0.08603, 'loss': 0.68507562, 'lr': 0.00056, 'params': 203396, 'time_iter': 0.01732, 'accuracy': 0.51573, 'f1': 0.40927, 'auc': 0.56642}
val: {'epoch': 28, 'time_epoch': 0.09151, 'loss': 0.68157312, 'lr': 0, 'params': 203396, 'time_iter': 0.00832, 'accuracy': 0.51673, 'f1': 0.40431, 'auc': 0.57308}
test: {'epoch': 28, 'time_epoch': 0.09351, 'loss': 0.68150635, 'lr': 0, 'params': 203396, 'time_iter': 0.0085, 'accuracy': 0.51953, 'f1': 0.4109, 'auc': 0.57103}
> Epoch 28: took 2.2s (avg 2.2s) | Best so far: epoch 28	train_loss: 0.6851 train_accuracy: 0.5157	val_loss: 0.6816 val_accuracy: 0.5167	test_loss: 0.6815 test_accuracy: 0.5195
train: {'epoch': 29, 'time_epoch': 1.78399, 'eta': 307.74827, 'eta_hours': 0.08549, 'loss': 0.68099339, 'lr': 0.00058, 'params': 203396, 'time_iter': 0.01699, 'accuracy': 0.51794, 'f1': 0.41883, 'auc': 0.5713}
val: {'epoch': 29, 'time_epoch': 0.09351, 'loss': 0.67915343, 'lr': 0, 'params': 203396, 'time_iter': 0.0085, 'accuracy': 0.51403, 'f1': 0.39618, 'auc': 0.57565}
test: {'epoch': 29, 'time_epoch': 0.09, 'loss': 0.67884255, 'lr': 0, 'params': 203396, 'time_iter': 0.00818, 'accuracy': 0.5161, 'f1': 0.39985, 'auc': 0.57438}
> Epoch 29: took 2.2s (avg 2.2s) | Best so far: epoch 28	train_loss: 0.6851 train_accuracy: 0.5157	val_loss: 0.6816 val_accuracy: 0.5167	test_loss: 0.6815 test_accuracy: 0.5195
train: {'epoch': 30, 'time_epoch': 1.77586, 'eta': 305.75032, 'eta_hours': 0.08493, 'loss': 0.67770429, 'lr': 0.0006, 'params': 203396, 'time_iter': 0.01691, 'accuracy': 0.52032, 'f1': 0.43067, 'auc': 0.57469}
val: {'epoch': 30, 'time_epoch': 0.09818, 'loss': 0.67481169, 'lr': 0, 'params': 203396, 'time_iter': 0.00893, 'accuracy': 0.52149, 'f1': 0.42648, 'auc': 0.58084}
test: {'epoch': 30, 'time_epoch': 0.09751, 'loss': 0.6747941, 'lr': 0, 'params': 203396, 'time_iter': 0.00886, 'accuracy': 0.52285, 'f1': 0.43104, 'auc': 0.57808}
> Epoch 30: took 2.2s (avg 2.2s) | Best so far: epoch 30	train_loss: 0.6777 train_accuracy: 0.5203	val_loss: 0.6748 val_accuracy: 0.5215	test_loss: 0.6748 test_accuracy: 0.5229
train: {'epoch': 31, 'time_epoch': 1.91696, 'eta': 304.50701, 'eta_hours': 0.08459, 'loss': 0.67556846, 'lr': 0.00062, 'params': 203396, 'time_iter': 0.01826, 'accuracy': 0.52557, 'f1': 0.45338, 'auc': 0.57809}
val: {'epoch': 31, 'time_epoch': 0.09301, 'loss': 0.67250522, 'lr': 0, 'params': 203396, 'time_iter': 0.00846, 'accuracy': 0.52611, 'f1': 0.44565, 'auc': 0.58533}
test: {'epoch': 31, 'time_epoch': 0.09151, 'loss': 0.67238098, 'lr': 0, 'params': 203396, 'time_iter': 0.00832, 'accuracy': 0.52609, 'f1': 0.44567, 'auc': 0.58301}
> Epoch 31: took 2.3s (avg 2.2s) | Best so far: epoch 31	train_loss: 0.6756 train_accuracy: 0.5256	val_loss: 0.6725 val_accuracy: 0.5261	test_loss: 0.6724 test_accuracy: 0.5261
train: {'epoch': 32, 'time_epoch': 1.74734, 'eta': 302.3645, 'eta_hours': 0.08399, 'loss': 0.67291617, 'lr': 0.00064, 'params': 203396, 'time_iter': 0.01664, 'accuracy': 0.532, 'f1': 0.48045, 'auc': 0.58161}
val: {'epoch': 32, 'time_epoch': 0.09202, 'loss': 0.67181294, 'lr': 0, 'params': 203396, 'time_iter': 0.00837, 'accuracy': 0.52888, 'f1': 0.46327, 'auc': 0.58754}
test: {'epoch': 32, 'time_epoch': 0.09251, 'loss': 0.67132726, 'lr': 0, 'params': 203396, 'time_iter': 0.00841, 'accuracy': 0.53022, 'f1': 0.46623, 'auc': 0.58523}
> Epoch 32: took 2.1s (avg 2.2s) | Best so far: epoch 32	train_loss: 0.6729 train_accuracy: 0.5320	val_loss: 0.6718 val_accuracy: 0.5289	test_loss: 0.6713 test_accuracy: 0.5302
train: {'epoch': 33, 'time_epoch': 1.77534, 'eta': 300.38194, 'eta_hours': 0.08344, 'loss': 0.6718343, 'lr': 0.00066, 'params': 203396, 'time_iter': 0.01691, 'accuracy': 0.5364, 'f1': 0.49662, 'auc': 0.58381}
val: {'epoch': 33, 'time_epoch': 0.10351, 'loss': 0.66896541, 'lr': 0, 'params': 203396, 'time_iter': 0.00941, 'accuracy': 0.54706, 'f1': 0.51969, 'auc': 0.5917}
test: {'epoch': 33, 'time_epoch': 0.09515, 'loss': 0.66900161, 'lr': 0, 'params': 203396, 'time_iter': 0.00865, 'accuracy': 0.54459, 'f1': 0.51815, 'auc': 0.58908}
> Epoch 33: took 2.2s (avg 2.2s) | Best so far: epoch 33	train_loss: 0.6718 train_accuracy: 0.5364	val_loss: 0.6690 val_accuracy: 0.5471	test_loss: 0.6690 test_accuracy: 0.5446
train: {'epoch': 34, 'time_epoch': 1.80327, 'eta': 298.54292, 'eta_hours': 0.08293, 'loss': 0.6699324, 'lr': 0.00068, 'params': 203396, 'time_iter': 0.01717, 'accuracy': 0.54353, 'f1': 0.51999, 'auc': 0.58634}
val: {'epoch': 34, 'time_epoch': 0.08956, 'loss': 0.6677569, 'lr': 0, 'params': 203396, 'time_iter': 0.00814, 'accuracy': 0.54887, 'f1': 0.52685, 'auc': 0.59304}
test: {'epoch': 34, 'time_epoch': 0.0895, 'loss': 0.66779768, 'lr': 0, 'params': 203396, 'time_iter': 0.00814, 'accuracy': 0.54659, 'f1': 0.52503, 'auc': 0.59033}
> Epoch 34: took 2.2s (avg 2.2s) | Best so far: epoch 34	train_loss: 0.6699 train_accuracy: 0.5435	val_loss: 0.6678 val_accuracy: 0.5489	test_loss: 0.6678 test_accuracy: 0.5466
train: {'epoch': 35, 'time_epoch': 1.80159, 'eta': 296.69821, 'eta_hours': 0.08242, 'loss': 0.6689809, 'lr': 0.0007, 'params': 203396, 'time_iter': 0.01716, 'accuracy': 0.5454, 'f1': 0.52577, 'auc': 0.58756}
val: {'epoch': 35, 'time_epoch': 0.09801, 'loss': 0.66865136, 'lr': 0, 'params': 203396, 'time_iter': 0.00891, 'accuracy': 0.54588, 'f1': 0.52722, 'auc': 0.58633}
test: {'epoch': 35, 'time_epoch': 0.09351, 'loss': 0.66819979, 'lr': 0, 'params': 203396, 'time_iter': 0.0085, 'accuracy': 0.54419, 'f1': 0.52675, 'auc': 0.58475}
> Epoch 35: took 2.2s (avg 2.2s) | Best so far: epoch 34	train_loss: 0.6699 train_accuracy: 0.5435	val_loss: 0.6678 val_accuracy: 0.5489	test_loss: 0.6678 test_accuracy: 0.5466
train: {'epoch': 36, 'time_epoch': 1.8387, 'eta': 295.01931, 'eta_hours': 0.08195, 'loss': 0.66871632, 'lr': 0.00072, 'params': 203396, 'time_iter': 0.01751, 'accuracy': 0.54585, 'f1': 0.52821, 'auc': 0.58778}
val: {'epoch': 36, 'time_epoch': 0.09951, 'loss': 0.6666035, 'lr': 0, 'params': 203396, 'time_iter': 0.00905, 'accuracy': 0.55158, 'f1': 0.53799, 'auc': 0.59363}
test: {'epoch': 36, 'time_epoch': 0.09536, 'loss': 0.6661645, 'lr': 0, 'params': 203396, 'time_iter': 0.00867, 'accuracy': 0.54946, 'f1': 0.53739, 'auc': 0.59219}
> Epoch 36: took 2.3s (avg 2.2s) | Best so far: epoch 36	train_loss: 0.6687 train_accuracy: 0.5458	val_loss: 0.6666 val_accuracy: 0.5516	test_loss: 0.6662 test_accuracy: 0.5495
train: {'epoch': 37, 'time_epoch': 1.81141, 'eta': 293.21568, 'eta_hours': 0.08145, 'loss': 0.66742804, 'lr': 0.00074, 'params': 203396, 'time_iter': 0.01725, 'accuracy': 0.55214, 'f1': 0.54775, 'auc': 0.59035}
val: {'epoch': 37, 'time_epoch': 0.092, 'loss': 0.66565008, 'lr': 0, 'params': 203396, 'time_iter': 0.00836, 'accuracy': 0.5554, 'f1': 0.55243, 'auc': 0.59525}
test: {'epoch': 37, 'time_epoch': 0.09151, 'loss': 0.66554263, 'lr': 0, 'params': 203396, 'time_iter': 0.00832, 'accuracy': 0.55449, 'f1': 0.55261, 'auc': 0.59342}
> Epoch 37: took 2.2s (avg 2.2s) | Best so far: epoch 37	train_loss: 0.6674 train_accuracy: 0.5521	val_loss: 0.6657 val_accuracy: 0.5554	test_loss: 0.6655 test_accuracy: 0.5545
train: {'epoch': 38, 'time_epoch': 1.78002, 'eta': 291.28207, 'eta_hours': 0.08091, 'loss': 0.66698065, 'lr': 0.00076, 'params': 203396, 'time_iter': 0.01695, 'accuracy': 0.55785, 'f1': 0.55723, 'auc': 0.59095}
val: {'epoch': 38, 'time_epoch': 0.09401, 'loss': 0.66552843, 'lr': 0, 'params': 203396, 'time_iter': 0.00855, 'accuracy': 0.55978, 'f1': 0.55778, 'auc': 0.59482}
test: {'epoch': 38, 'time_epoch': 0.09451, 'loss': 0.66525707, 'lr': 0, 'params': 203396, 'time_iter': 0.00859, 'accuracy': 0.55808, 'f1': 0.55539, 'auc': 0.59238}
> Epoch 38: took 2.2s (avg 2.2s) | Best so far: epoch 38	train_loss: 0.6670 train_accuracy: 0.5578	val_loss: 0.6655 val_accuracy: 0.5598	test_loss: 0.6653 test_accuracy: 0.5581
train: {'epoch': 39, 'time_epoch': 1.8257, 'eta': 289.53883, 'eta_hours': 0.08043, 'loss': 0.66631289, 'lr': 0.00078, 'params': 203396, 'time_iter': 0.01739, 'accuracy': 0.55999, 'f1': 0.55634, 'auc': 0.59253}
val: {'epoch': 39, 'time_epoch': 0.09051, 'loss': 0.6650381, 'lr': 0, 'params': 203396, 'time_iter': 0.00823, 'accuracy': 0.56341, 'f1': 0.55618, 'auc': 0.59636}
test: {'epoch': 39, 'time_epoch': 0.09251, 'loss': 0.66478097, 'lr': 0, 'params': 203396, 'time_iter': 0.00841, 'accuracy': 0.56087, 'f1': 0.55237, 'auc': 0.59381}
> Epoch 39: took 2.2s (avg 2.2s) | Best so far: epoch 39	train_loss: 0.6663 train_accuracy: 0.5600	val_loss: 0.6650 val_accuracy: 0.5634	test_loss: 0.6648 test_accuracy: 0.5609
train: {'epoch': 40, 'time_epoch': 1.74906, 'eta': 287.49435, 'eta_hours': 0.07986, 'loss': 0.66621164, 'lr': 0.0008, 'params': 203396, 'time_iter': 0.01666, 'accuracy': 0.56118, 'f1': 0.55289, 'auc': 0.59322}
val: {'epoch': 40, 'time_epoch': 0.09151, 'loss': 0.6648477, 'lr': 0, 'params': 203396, 'time_iter': 0.00832, 'accuracy': 0.56303, 'f1': 0.55329, 'auc': 0.59646}
test: {'epoch': 40, 'time_epoch': 0.09552, 'loss': 0.66484007, 'lr': 0, 'params': 203396, 'time_iter': 0.00868, 'accuracy': 0.56061, 'f1': 0.54912, 'auc': 0.59343}
> Epoch 40: took 2.2s (avg 2.2s) | Best so far: epoch 39	train_loss: 0.6663 train_accuracy: 0.5600	val_loss: 0.6650 val_accuracy: 0.5634	test_loss: 0.6648 test_accuracy: 0.5609
train: {'epoch': 41, 'time_epoch': 1.79332, 'eta': 285.63047, 'eta_hours': 0.07934, 'loss': 0.66582842, 'lr': 0.00082, 'params': 203396, 'time_iter': 0.01708, 'accuracy': 0.56183, 'f1': 0.55165, 'auc': 0.59404}
val: {'epoch': 41, 'time_epoch': 0.09351, 'loss': 0.66468177, 'lr': 0, 'params': 203396, 'time_iter': 0.0085, 'accuracy': 0.56317, 'f1': 0.55084, 'auc': 0.59632}
test: {'epoch': 41, 'time_epoch': 0.09351, 'loss': 0.66464719, 'lr': 0, 'params': 203396, 'time_iter': 0.0085, 'accuracy': 0.56163, 'f1': 0.54727, 'auc': 0.59382}
> Epoch 41: took 2.2s (avg 2.2s) | Best so far: epoch 39	train_loss: 0.6663 train_accuracy: 0.5600	val_loss: 0.6650 val_accuracy: 0.5634	test_loss: 0.6648 test_accuracy: 0.5609
train: {'epoch': 42, 'time_epoch': 1.77504, 'eta': 283.70312, 'eta_hours': 0.07881, 'loss': 0.66577334, 'lr': 0.00084, 'params': 203396, 'time_iter': 0.01691, 'accuracy': 0.56253, 'f1': 0.5502, 'auc': 0.5947}
val: {'epoch': 42, 'time_epoch': 0.09151, 'loss': 0.664547, 'lr': 0, 'params': 203396, 'time_iter': 0.00832, 'accuracy': 0.56409, 'f1': 0.54739, 'auc': 0.59761}
test: {'epoch': 42, 'time_epoch': 0.0901, 'loss': 0.66431531, 'lr': 0, 'params': 203396, 'time_iter': 0.00819, 'accuracy': 0.56315, 'f1': 0.5458, 'auc': 0.59508}
> Epoch 42: took 2.2s (avg 2.2s) | Best so far: epoch 42	train_loss: 0.6658 train_accuracy: 0.5625	val_loss: 0.6645 val_accuracy: 0.5641	test_loss: 0.6643 test_accuracy: 0.5632
train: {'epoch': 43, 'time_epoch': 1.80139, 'eta': 281.8761, 'eta_hours': 0.0783, 'loss': 0.66548193, 'lr': 0.00086, 'params': 203396, 'time_iter': 0.01716, 'accuracy': 0.56312, 'f1': 0.55129, 'auc': 0.59523}
val: {'epoch': 43, 'time_epoch': 0.09351, 'loss': 0.66474251, 'lr': 0, 'params': 203396, 'time_iter': 0.0085, 'accuracy': 0.56391, 'f1': 0.55381, 'auc': 0.59669}
test: {'epoch': 43, 'time_epoch': 0.09551, 'loss': 0.66483498, 'lr': 0, 'params': 203396, 'time_iter': 0.00868, 'accuracy': 0.56285, 'f1': 0.55144, 'auc': 0.59455}
> Epoch 43: took 2.2s (avg 2.2s) | Best so far: epoch 42	train_loss: 0.6658 train_accuracy: 0.5625	val_loss: 0.6645 val_accuracy: 0.5641	test_loss: 0.6643 test_accuracy: 0.5632
train: {'epoch': 44, 'time_epoch': 1.82647, 'eta': 280.13663, 'eta_hours': 0.07782, 'loss': 0.66548878, 'lr': 0.00088, 'params': 203396, 'time_iter': 0.01739, 'accuracy': 0.563, 'f1': 0.54938, 'auc': 0.59505}
val: {'epoch': 44, 'time_epoch': 0.18902, 'loss': 0.66443247, 'lr': 0, 'params': 203396, 'time_iter': 0.01718, 'accuracy': 0.56416, 'f1': 0.55164, 'auc': 0.59745}
test: {'epoch': 44, 'time_epoch': 0.09015, 'loss': 0.6643588, 'lr': 0, 'params': 203396, 'time_iter': 0.0082, 'accuracy': 0.56266, 'f1': 0.54799, 'auc': 0.59495}
> Epoch 44: took 2.3s (avg 2.2s) | Best so far: epoch 44	train_loss: 0.6655 train_accuracy: 0.5630	val_loss: 0.6644 val_accuracy: 0.5642	test_loss: 0.6644 test_accuracy: 0.5627
train: {'epoch': 45, 'time_epoch': 1.7683, 'eta': 278.19863, 'eta_hours': 0.07728, 'loss': 0.66544089, 'lr': 0.0009, 'params': 203396, 'time_iter': 0.01684, 'accuracy': 0.56342, 'f1': 0.55045, 'auc': 0.5959}
val: {'epoch': 45, 'time_epoch': 0.09402, 'loss': 0.66434056, 'lr': 0, 'params': 203396, 'time_iter': 0.00855, 'accuracy': 0.56438, 'f1': 0.53981, 'auc': 0.59761}
test: {'epoch': 45, 'time_epoch': 0.09302, 'loss': 0.6642025, 'lr': 0, 'params': 203396, 'time_iter': 0.00846, 'accuracy': 0.56309, 'f1': 0.53839, 'auc': 0.59526}
> Epoch 45: took 2.2s (avg 2.2s) | Best so far: epoch 45	train_loss: 0.6654 train_accuracy: 0.5634	val_loss: 0.6643 val_accuracy: 0.5644	test_loss: 0.6642 test_accuracy: 0.5631
train: {'epoch': 46, 'time_epoch': 1.813, 'eta': 276.41335, 'eta_hours': 0.07678, 'loss': 0.66529978, 'lr': 0.00092, 'params': 203396, 'time_iter': 0.01727, 'accuracy': 0.5644, 'f1': 0.55209, 'auc': 0.59633}
val: {'epoch': 46, 'time_epoch': 0.09102, 'loss': 0.66435332, 'lr': 0, 'params': 203396, 'time_iter': 0.00827, 'accuracy': 0.56408, 'f1': 0.56168, 'auc': 0.59861}
test: {'epoch': 46, 'time_epoch': 0.09101, 'loss': 0.66492167, 'lr': 0, 'params': 203396, 'time_iter': 0.00827, 'accuracy': 0.56164, 'f1': 0.55807, 'auc': 0.59541}
> Epoch 46: took 2.2s (avg 2.2s) | Best so far: epoch 45	train_loss: 0.6654 train_accuracy: 0.5634	val_loss: 0.6643 val_accuracy: 0.5644	test_loss: 0.6642 test_accuracy: 0.5631
train: {'epoch': 47, 'time_epoch': 1.73929, 'eta': 274.39352, 'eta_hours': 0.07622, 'loss': 0.66526966, 'lr': 0.00094, 'params': 203396, 'time_iter': 0.01656, 'accuracy': 0.56407, 'f1': 0.55119, 'auc': 0.59654}
val: {'epoch': 47, 'time_epoch': 0.09051, 'loss': 0.66461961, 'lr': 0, 'params': 203396, 'time_iter': 0.00823, 'accuracy': 0.56328, 'f1': 0.55396, 'auc': 0.59617}
test: {'epoch': 47, 'time_epoch': 0.09051, 'loss': 0.66445032, 'lr': 0, 'params': 203396, 'time_iter': 0.00823, 'accuracy': 0.56063, 'f1': 0.5505, 'auc': 0.59377}
> Epoch 47: took 2.1s (avg 2.2s) | Best so far: epoch 45	train_loss: 0.6654 train_accuracy: 0.5634	val_loss: 0.6643 val_accuracy: 0.5644	test_loss: 0.6642 test_accuracy: 0.5631
train: {'epoch': 48, 'time_epoch': 1.78118, 'eta': 272.51421, 'eta_hours': 0.0757, 'loss': 0.6650991, 'lr': 0.00096, 'params': 203396, 'time_iter': 0.01696, 'accuracy': 0.56486, 'f1': 0.55324, 'auc': 0.59691}
val: {'epoch': 48, 'time_epoch': 0.10429, 'loss': 0.66416791, 'lr': 0, 'params': 203396, 'time_iter': 0.00948, 'accuracy': 0.56552, 'f1': 0.55354, 'auc': 0.5995}
test: {'epoch': 48, 'time_epoch': 0.09451, 'loss': 0.66406568, 'lr': 0, 'params': 203396, 'time_iter': 0.00859, 'accuracy': 0.56335, 'f1': 0.55093, 'auc': 0.59635}
> Epoch 48: took 2.2s (avg 2.2s) | Best so far: epoch 48	train_loss: 0.6651 train_accuracy: 0.5649	val_loss: 0.6642 val_accuracy: 0.5655	test_loss: 0.6641 test_accuracy: 0.5634
train: {'epoch': 49, 'time_epoch': 1.81398, 'eta': 270.73724, 'eta_hours': 0.0752, 'loss': 0.66504729, 'lr': 0.00098, 'params': 203396, 'time_iter': 0.01728, 'accuracy': 0.5654, 'f1': 0.55394, 'auc': 0.59743}
val: {'epoch': 49, 'time_epoch': 0.09218, 'loss': 0.66425302, 'lr': 0, 'params': 203396, 'time_iter': 0.00838, 'accuracy': 0.5655, 'f1': 0.55084, 'auc': 0.59818}
test: {'epoch': 49, 'time_epoch': 0.09151, 'loss': 0.66424538, 'lr': 0, 'params': 203396, 'time_iter': 0.00832, 'accuracy': 0.56307, 'f1': 0.54668, 'auc': 0.59549}
> Epoch 49: took 2.2s (avg 2.2s) | Best so far: epoch 48	train_loss: 0.6651 train_accuracy: 0.5649	val_loss: 0.6642 val_accuracy: 0.5655	test_loss: 0.6641 test_accuracy: 0.5634
train: {'epoch': 50, 'time_epoch': 1.78919, 'eta': 268.88637, 'eta_hours': 0.07469, 'loss': 0.6649383, 'lr': 0.001, 'params': 203396, 'time_iter': 0.01704, 'accuracy': 0.56481, 'f1': 0.55444, 'auc': 0.59734}
val: {'epoch': 50, 'time_epoch': 0.09227, 'loss': 0.6642236, 'lr': 0, 'params': 203396, 'time_iter': 0.00839, 'accuracy': 0.56473, 'f1': 0.55505, 'auc': 0.59788}
test: {'epoch': 50, 'time_epoch': 0.09151, 'loss': 0.66429594, 'lr': 0, 'params': 203396, 'time_iter': 0.00832, 'accuracy': 0.56163, 'f1': 0.5505, 'auc': 0.59531}
> Epoch 50: took 2.2s (avg 2.2s) | Best so far: epoch 48	train_loss: 0.6651 train_accuracy: 0.5649	val_loss: 0.6642 val_accuracy: 0.5655	test_loss: 0.6641 test_accuracy: 0.5634
train: {'epoch': 51, 'time_epoch': 1.79781, 'eta': 267.06244, 'eta_hours': 0.07418, 'loss': 0.66486649, 'lr': 0.00099989, 'params': 203396, 'time_iter': 0.01712, 'accuracy': 0.56538, 'f1': 0.55464, 'auc': 0.59795}
val: {'epoch': 51, 'time_epoch': 0.09051, 'loss': 0.66401489, 'lr': 0, 'params': 203396, 'time_iter': 0.00823, 'accuracy': 0.56441, 'f1': 0.56409, 'auc': 0.60038}
test: {'epoch': 51, 'time_epoch': 0.09051, 'loss': 0.66424842, 'lr': 0, 'params': 203396, 'time_iter': 0.00823, 'accuracy': 0.56198, 'f1': 0.5614, 'auc': 0.59787}
> Epoch 51: took 2.2s (avg 2.2s) | Best so far: epoch 48	train_loss: 0.6651 train_accuracy: 0.5649	val_loss: 0.6642 val_accuracy: 0.5655	test_loss: 0.6641 test_accuracy: 0.5634
train: {'epoch': 52, 'time_epoch': 1.77627, 'eta': 265.17974, 'eta_hours': 0.07366, 'loss': 0.66457604, 'lr': 0.00099956, 'params': 203396, 'time_iter': 0.01692, 'accuracy': 0.56606, 'f1': 0.55574, 'auc': 0.59865}
val: {'epoch': 52, 'time_epoch': 0.09551, 'loss': 0.66445969, 'lr': 0, 'params': 203396, 'time_iter': 0.00868, 'accuracy': 0.56482, 'f1': 0.54921, 'auc': 0.59865}
test: {'epoch': 52, 'time_epoch': 0.09751, 'loss': 0.66468554, 'lr': 0, 'params': 203396, 'time_iter': 0.00886, 'accuracy': 0.56299, 'f1': 0.54749, 'auc': 0.59588}
> Epoch 52: took 2.2s (avg 2.2s) | Best so far: epoch 48	train_loss: 0.6651 train_accuracy: 0.5649	val_loss: 0.6642 val_accuracy: 0.5655	test_loss: 0.6641 test_accuracy: 0.5634
train: {'epoch': 53, 'time_epoch': 1.79249, 'eta': 263.34482, 'eta_hours': 0.07315, 'loss': 0.6645909, 'lr': 0.00099901, 'params': 203396, 'time_iter': 0.01707, 'accuracy': 0.56578, 'f1': 0.5554, 'auc': 0.59836}
val: {'epoch': 53, 'time_epoch': 0.09951, 'loss': 0.6640904, 'lr': 0, 'params': 203396, 'time_iter': 0.00905, 'accuracy': 0.56468, 'f1': 0.56182, 'auc': 0.5993}
test: {'epoch': 53, 'time_epoch': 0.09651, 'loss': 0.66434656, 'lr': 0, 'params': 203396, 'time_iter': 0.00877, 'accuracy': 0.5626, 'f1': 0.55906, 'auc': 0.59715}
> Epoch 53: took 2.2s (avg 2.2s) | Best so far: epoch 48	train_loss: 0.6651 train_accuracy: 0.5649	val_loss: 0.6642 val_accuracy: 0.5655	test_loss: 0.6641 test_accuracy: 0.5634
train: {'epoch': 54, 'time_epoch': 1.81175, 'eta': 261.56222, 'eta_hours': 0.07266, 'loss': 0.66441769, 'lr': 0.00099825, 'params': 203396, 'time_iter': 0.01725, 'accuracy': 0.56696, 'f1': 0.55769, 'auc': 0.59916}
val: {'epoch': 54, 'time_epoch': 0.09405, 'loss': 0.66429818, 'lr': 0, 'params': 203396, 'time_iter': 0.00855, 'accuracy': 0.56397, 'f1': 0.53701, 'auc': 0.59892}
test: {'epoch': 54, 'time_epoch': 0.09151, 'loss': 0.66418857, 'lr': 0, 'params': 203396, 'time_iter': 0.00832, 'accuracy': 0.56261, 'f1': 0.53349, 'auc': 0.59624}
> Epoch 54: took 2.2s (avg 2.2s) | Best so far: epoch 48	train_loss: 0.6651 train_accuracy: 0.5649	val_loss: 0.6642 val_accuracy: 0.5655	test_loss: 0.6641 test_accuracy: 0.5634
train: {'epoch': 55, 'time_epoch': 1.79768, 'eta': 259.74241, 'eta_hours': 0.07215, 'loss': 0.66453046, 'lr': 0.00099726, 'params': 203396, 'time_iter': 0.01712, 'accuracy': 0.56646, 'f1': 0.55599, 'auc': 0.59886}
val: {'epoch': 55, 'time_epoch': 0.09251, 'loss': 0.66378455, 'lr': 0, 'params': 203396, 'time_iter': 0.00841, 'accuracy': 0.56626, 'f1': 0.55227, 'auc': 0.60028}
test: {'epoch': 55, 'time_epoch': 0.09201, 'loss': 0.6636295, 'lr': 0, 'params': 203396, 'time_iter': 0.00836, 'accuracy': 0.56364, 'f1': 0.54844, 'auc': 0.59748}
> Epoch 55: took 2.2s (avg 2.2s) | Best so far: epoch 55	train_loss: 0.6645 train_accuracy: 0.5665	val_loss: 0.6638 val_accuracy: 0.5663	test_loss: 0.6636 test_accuracy: 0.5636
train: {'epoch': 56, 'time_epoch': 1.77279, 'eta': 257.86092, 'eta_hours': 0.07163, 'loss': 0.66438279, 'lr': 0.00099606, 'params': 203396, 'time_iter': 0.01688, 'accuracy': 0.56719, 'f1': 0.55755, 'auc': 0.5995}
val: {'epoch': 56, 'time_epoch': 0.10201, 'loss': 0.66435689, 'lr': 0, 'params': 203396, 'time_iter': 0.00927, 'accuracy': 0.56297, 'f1': 0.56041, 'auc': 0.59812}
test: {'epoch': 56, 'time_epoch': 0.09851, 'loss': 0.66435605, 'lr': 0, 'params': 203396, 'time_iter': 0.00896, 'accuracy': 0.56093, 'f1': 0.55776, 'auc': 0.59547}
> Epoch 56: took 2.2s (avg 2.2s) | Best so far: epoch 55	train_loss: 0.6645 train_accuracy: 0.5665	val_loss: 0.6638 val_accuracy: 0.5663	test_loss: 0.6636 test_accuracy: 0.5636
train: {'epoch': 57, 'time_epoch': 1.79107, 'eta': 256.02795, 'eta_hours': 0.07112, 'loss': 0.66439638, 'lr': 0.00099464, 'params': 203396, 'time_iter': 0.01706, 'accuracy': 0.567, 'f1': 0.55758, 'auc': 0.5995}
val: {'epoch': 57, 'time_epoch': 0.09151, 'loss': 0.66388767, 'lr': 0, 'params': 203396, 'time_iter': 0.00832, 'accuracy': 0.56512, 'f1': 0.54856, 'auc': 0.59914}
test: {'epoch': 57, 'time_epoch': 0.09117, 'loss': 0.66381506, 'lr': 0, 'params': 203396, 'time_iter': 0.00829, 'accuracy': 0.56367, 'f1': 0.54564, 'auc': 0.5971}
> Epoch 57: took 2.2s (avg 2.2s) | Best so far: epoch 55	train_loss: 0.6645 train_accuracy: 0.5665	val_loss: 0.6638 val_accuracy: 0.5663	test_loss: 0.6636 test_accuracy: 0.5636
train: {'epoch': 58, 'time_epoch': 1.86995, 'eta': 254.3849, 'eta_hours': 0.07066, 'loss': 0.66415121, 'lr': 0.000993, 'params': 203396, 'time_iter': 0.01781, 'accuracy': 0.56707, 'f1': 0.55886, 'auc': 0.59989}
val: {'epoch': 58, 'time_epoch': 0.09401, 'loss': 0.66409668, 'lr': 0, 'params': 203396, 'time_iter': 0.00855, 'accuracy': 0.5654, 'f1': 0.54736, 'auc': 0.59889}
test: {'epoch': 58, 'time_epoch': 0.09151, 'loss': 0.66392261, 'lr': 0, 'params': 203396, 'time_iter': 0.00832, 'accuracy': 0.56313, 'f1': 0.54435, 'auc': 0.59671}
> Epoch 58: took 2.3s (avg 2.2s) | Best so far: epoch 55	train_loss: 0.6645 train_accuracy: 0.5665	val_loss: 0.6638 val_accuracy: 0.5663	test_loss: 0.6636 test_accuracy: 0.5636
train: {'epoch': 59, 'time_epoch': 1.78429, 'eta': 252.53442, 'eta_hours': 0.07015, 'loss': 0.66423156, 'lr': 0.00099114, 'params': 203396, 'time_iter': 0.01699, 'accuracy': 0.56654, 'f1': 0.5576, 'auc': 0.59965}
val: {'epoch': 59, 'time_epoch': 0.09651, 'loss': 0.6641285, 'lr': 0, 'params': 203396, 'time_iter': 0.00877, 'accuracy': 0.56562, 'f1': 0.55476, 'auc': 0.59955}
test: {'epoch': 59, 'time_epoch': 0.09822, 'loss': 0.66399039, 'lr': 0, 'params': 203396, 'time_iter': 0.00893, 'accuracy': 0.56336, 'f1': 0.55113, 'auc': 0.59744}
> Epoch 59: took 2.2s (avg 2.2s) | Best so far: epoch 55	train_loss: 0.6645 train_accuracy: 0.5665	val_loss: 0.6638 val_accuracy: 0.5663	test_loss: 0.6636 test_accuracy: 0.5636
train: {'epoch': 60, 'time_epoch': 1.81839, 'eta': 250.7638, 'eta_hours': 0.06966, 'loss': 0.66392298, 'lr': 0.00098907, 'params': 203396, 'time_iter': 0.01732, 'accuracy': 0.5673, 'f1': 0.55957, 'auc': 0.60042}
val: {'epoch': 60, 'time_epoch': 0.09303, 'loss': 0.66396662, 'lr': 0, 'params': 203396, 'time_iter': 0.00846, 'accuracy': 0.56521, 'f1': 0.5619, 'auc': 0.59915}
test: {'epoch': 60, 'time_epoch': 0.09151, 'loss': 0.66429008, 'lr': 0, 'params': 203396, 'time_iter': 0.00832, 'accuracy': 0.56213, 'f1': 0.5578, 'auc': 0.59612}
> Epoch 60: took 2.2s (avg 2.2s) | Best so far: epoch 55	train_loss: 0.6645 train_accuracy: 0.5665	val_loss: 0.6638 val_accuracy: 0.5663	test_loss: 0.6636 test_accuracy: 0.5636
train: {'epoch': 61, 'time_epoch': 1.78718, 'eta': 248.92217, 'eta_hours': 0.06915, 'loss': 0.66408526, 'lr': 0.00098679, 'params': 203396, 'time_iter': 0.01702, 'accuracy': 0.56772, 'f1': 0.55975, 'auc': 0.60018}
val: {'epoch': 61, 'time_epoch': 0.09451, 'loss': 0.66423027, 'lr': 0, 'params': 203396, 'time_iter': 0.00859, 'accuracy': 0.56502, 'f1': 0.56127, 'auc': 0.59942}
test: {'epoch': 61, 'time_epoch': 0.09301, 'loss': 0.6643554, 'lr': 0, 'params': 203396, 'time_iter': 0.00846, 'accuracy': 0.56317, 'f1': 0.55846, 'auc': 0.59731}
> Epoch 61: took 2.2s (avg 2.2s) | Best so far: epoch 55	train_loss: 0.6645 train_accuracy: 0.5665	val_loss: 0.6638 val_accuracy: 0.5663	test_loss: 0.6636 test_accuracy: 0.5636
train: {'epoch': 62, 'time_epoch': 1.83403, 'eta': 247.18416, 'eta_hours': 0.06866, 'loss': 0.6639706, 'lr': 0.00098429, 'params': 203396, 'time_iter': 0.01747, 'accuracy': 0.56737, 'f1': 0.55892, 'auc': 0.60016}
val: {'epoch': 62, 'time_epoch': 0.09051, 'loss': 0.66419379, 'lr': 0, 'params': 203396, 'time_iter': 0.00823, 'accuracy': 0.56568, 'f1': 0.55445, 'auc': 0.59928}
test: {'epoch': 62, 'time_epoch': 0.09151, 'loss': 0.664121, 'lr': 0, 'params': 203396, 'time_iter': 0.00832, 'accuracy': 0.56361, 'f1': 0.5511, 'auc': 0.59744}
> Epoch 62: took 2.2s (avg 2.2s) | Best so far: epoch 55	train_loss: 0.6645 train_accuracy: 0.5665	val_loss: 0.6638 val_accuracy: 0.5663	test_loss: 0.6636 test_accuracy: 0.5636
train: {'epoch': 63, 'time_epoch': 1.73516, 'eta': 245.23305, 'eta_hours': 0.06812, 'loss': 0.66392885, 'lr': 0.00098158, 'params': 203396, 'time_iter': 0.01653, 'accuracy': 0.56744, 'f1': 0.55948, 'auc': 0.60025}
val: {'epoch': 63, 'time_epoch': 0.09251, 'loss': 0.66398859, 'lr': 0, 'params': 203396, 'time_iter': 0.00841, 'accuracy': 0.56569, 'f1': 0.55188, 'auc': 0.59984}
test: {'epoch': 63, 'time_epoch': 0.09203, 'loss': 0.66377877, 'lr': 0, 'params': 203396, 'time_iter': 0.00837, 'accuracy': 0.5636, 'f1': 0.5486, 'auc': 0.59744}
> Epoch 63: took 2.1s (avg 2.2s) | Best so far: epoch 55	train_loss: 0.6645 train_accuracy: 0.5665	val_loss: 0.6638 val_accuracy: 0.5663	test_loss: 0.6636 test_accuracy: 0.5636
train: {'epoch': 64, 'time_epoch': 1.7661, 'eta': 243.35284, 'eta_hours': 0.0676, 'loss': 0.66370449, 'lr': 0.00097866, 'params': 203396, 'time_iter': 0.01682, 'accuracy': 0.56767, 'f1': 0.55989, 'auc': 0.60095}
val: {'epoch': 64, 'time_epoch': 0.11902, 'loss': 0.66355205, 'lr': 0, 'params': 203396, 'time_iter': 0.01082, 'accuracy': 0.5655, 'f1': 0.56201, 'auc': 0.60054}
test: {'epoch': 64, 'time_epoch': 0.09251, 'loss': 0.6638978, 'lr': 0, 'params': 203396, 'time_iter': 0.00841, 'accuracy': 0.56313, 'f1': 0.55911, 'auc': 0.59797}
> Epoch 64: took 2.2s (avg 2.2s) | Best so far: epoch 55	train_loss: 0.6645 train_accuracy: 0.5665	val_loss: 0.6638 val_accuracy: 0.5663	test_loss: 0.6636 test_accuracy: 0.5636
train: {'epoch': 65, 'time_epoch': 1.79152, 'eta': 241.52772, 'eta_hours': 0.06709, 'loss': 0.66357407, 'lr': 0.00097553, 'params': 203396, 'time_iter': 0.01706, 'accuracy': 0.56811, 'f1': 0.56021, 'auc': 0.60112}
val: {'epoch': 65, 'time_epoch': 0.09252, 'loss': 0.66393818, 'lr': 0, 'params': 203396, 'time_iter': 0.00841, 'accuracy': 0.56564, 'f1': 0.56118, 'auc': 0.5999}
test: {'epoch': 65, 'time_epoch': 0.09217, 'loss': 0.66387206, 'lr': 0, 'params': 203396, 'time_iter': 0.00838, 'accuracy': 0.56307, 'f1': 0.55766, 'auc': 0.59735}
> Epoch 65: took 2.2s (avg 2.2s) | Best so far: epoch 55	train_loss: 0.6645 train_accuracy: 0.5665	val_loss: 0.6638 val_accuracy: 0.5663	test_loss: 0.6636 test_accuracy: 0.5636
train: {'epoch': 66, 'time_epoch': 1.74581, 'eta': 239.61285, 'eta_hours': 0.06656, 'loss': 0.6636143, 'lr': 0.00097219, 'params': 203396, 'time_iter': 0.01663, 'accuracy': 0.56821, 'f1': 0.56056, 'auc': 0.60118}
val: {'epoch': 66, 'time_epoch': 0.09402, 'loss': 0.66419346, 'lr': 0, 'params': 203396, 'time_iter': 0.00855, 'accuracy': 0.5654, 'f1': 0.55152, 'auc': 0.59917}
test: {'epoch': 66, 'time_epoch': 0.09251, 'loss': 0.66385676, 'lr': 0, 'params': 203396, 'time_iter': 0.00841, 'accuracy': 0.56387, 'f1': 0.54846, 'auc': 0.5973}
> Epoch 66: took 2.2s (avg 2.2s) | Best so far: epoch 55	train_loss: 0.6645 train_accuracy: 0.5665	val_loss: 0.6638 val_accuracy: 0.5663	test_loss: 0.6636 test_accuracy: 0.5636
train: {'epoch': 67, 'time_epoch': 1.79924, 'eta': 237.80668, 'eta_hours': 0.06606, 'loss': 0.6635568, 'lr': 0.00096864, 'params': 203396, 'time_iter': 0.01714, 'accuracy': 0.5683, 'f1': 0.56064, 'auc': 0.601}
val: {'epoch': 67, 'time_epoch': 0.09401, 'loss': 0.66370799, 'lr': 0, 'params': 203396, 'time_iter': 0.00855, 'accuracy': 0.56563, 'f1': 0.56154, 'auc': 0.60043}
test: {'epoch': 67, 'time_epoch': 0.09851, 'loss': 0.66384528, 'lr': 0, 'params': 203396, 'time_iter': 0.00896, 'accuracy': 0.56314, 'f1': 0.5589, 'auc': 0.59764}
> Epoch 67: took 2.2s (avg 2.2s) | Best so far: epoch 55	train_loss: 0.6645 train_accuracy: 0.5665	val_loss: 0.6638 val_accuracy: 0.5663	test_loss: 0.6636 test_accuracy: 0.5636
train: {'epoch': 68, 'time_epoch': 1.74596, 'eta': 235.89954, 'eta_hours': 0.06553, 'loss': 0.66352699, 'lr': 0.00096489, 'params': 203396, 'time_iter': 0.01663, 'accuracy': 0.56847, 'f1': 0.56065, 'auc': 0.60141}
val: {'epoch': 68, 'time_epoch': 0.09351, 'loss': 0.66447014, 'lr': 0, 'params': 203396, 'time_iter': 0.0085, 'accuracy': 0.56447, 'f1': 0.56307, 'auc': 0.60002}
test: {'epoch': 68, 'time_epoch': 0.09151, 'loss': 0.66435145, 'lr': 0, 'params': 203396, 'time_iter': 0.00832, 'accuracy': 0.5619, 'f1': 0.5599, 'auc': 0.59696}
> Epoch 68: took 2.2s (avg 2.2s) | Best so far: epoch 55	train_loss: 0.6645 train_accuracy: 0.5665	val_loss: 0.6638 val_accuracy: 0.5663	test_loss: 0.6636 test_accuracy: 0.5636
train: {'epoch': 69, 'time_epoch': 1.79034, 'eta': 234.07942, 'eta_hours': 0.06502, 'loss': 0.66345468, 'lr': 0.00096093, 'params': 203396, 'time_iter': 0.01705, 'accuracy': 0.56808, 'f1': 0.56122, 'auc': 0.60164}
val: {'epoch': 69, 'time_epoch': 0.09451, 'loss': 0.66448574, 'lr': 0, 'params': 203396, 'time_iter': 0.00859, 'accuracy': 0.5643, 'f1': 0.54827, 'auc': 0.59847}
test: {'epoch': 69, 'time_epoch': 0.09751, 'loss': 0.66419663, 'lr': 0, 'params': 203396, 'time_iter': 0.00886, 'accuracy': 0.56333, 'f1': 0.54616, 'auc': 0.59686}
> Epoch 69: took 2.2s (avg 2.2s) | Best so far: epoch 55	train_loss: 0.6645 train_accuracy: 0.5665	val_loss: 0.6638 val_accuracy: 0.5663	test_loss: 0.6636 test_accuracy: 0.5636
train: {'epoch': 70, 'time_epoch': 1.79321, 'eta': 232.26537, 'eta_hours': 0.06452, 'loss': 0.66366174, 'lr': 0.00095677, 'params': 203396, 'time_iter': 0.01708, 'accuracy': 0.56825, 'f1': 0.56041, 'auc': 0.60089}
val: {'epoch': 70, 'time_epoch': 0.09451, 'loss': 0.66405193, 'lr': 0, 'params': 203396, 'time_iter': 0.00859, 'accuracy': 0.56497, 'f1': 0.56349, 'auc': 0.60038}
test: {'epoch': 70, 'time_epoch': 0.09119, 'loss': 0.66367842, 'lr': 0, 'params': 203396, 'time_iter': 0.00829, 'accuracy': 0.56321, 'f1': 0.56128, 'auc': 0.59835}
> Epoch 70: took 2.2s (avg 2.2s) | Best so far: epoch 55	train_loss: 0.6645 train_accuracy: 0.5665	val_loss: 0.6638 val_accuracy: 0.5663	test_loss: 0.6636 test_accuracy: 0.5636
train: {'epoch': 71, 'time_epoch': 1.74831, 'eta': 230.37207, 'eta_hours': 0.06399, 'loss': 0.6634238, 'lr': 0.00095241, 'params': 203396, 'time_iter': 0.01665, 'accuracy': 0.5674, 'f1': 0.55967, 'auc': 0.60122}
val: {'epoch': 71, 'time_epoch': 0.09152, 'loss': 0.66471999, 'lr': 0, 'params': 203396, 'time_iter': 0.00832, 'accuracy': 0.5654, 'f1': 0.5546, 'auc': 0.5995}
test: {'epoch': 71, 'time_epoch': 0.09251, 'loss': 0.66474524, 'lr': 0, 'params': 203396, 'time_iter': 0.00841, 'accuracy': 0.56331, 'f1': 0.55189, 'auc': 0.59683}
> Epoch 71: took 2.2s (avg 2.2s) | Best so far: epoch 55	train_loss: 0.6645 train_accuracy: 0.5665	val_loss: 0.6638 val_accuracy: 0.5663	test_loss: 0.6636 test_accuracy: 0.5636
train: {'epoch': 72, 'time_epoch': 1.89909, 'eta': 228.74505, 'eta_hours': 0.06354, 'loss': 0.66332682, 'lr': 0.00094786, 'params': 203396, 'time_iter': 0.01809, 'accuracy': 0.56835, 'f1': 0.56073, 'auc': 0.60141}
val: {'epoch': 72, 'time_epoch': 0.09851, 'loss': 0.66394808, 'lr': 0, 'params': 203396, 'time_iter': 0.00896, 'accuracy': 0.56589, 'f1': 0.56026, 'auc': 0.60012}
test: {'epoch': 72, 'time_epoch': 0.09555, 'loss': 0.6636558, 'lr': 0, 'params': 203396, 'time_iter': 0.00869, 'accuracy': 0.56391, 'f1': 0.55781, 'auc': 0.59845}
> Epoch 72: took 2.3s (avg 2.2s) | Best so far: epoch 55	train_loss: 0.6645 train_accuracy: 0.5665	val_loss: 0.6638 val_accuracy: 0.5663	test_loss: 0.6636 test_accuracy: 0.5636
train: {'epoch': 73, 'time_epoch': 1.78717, 'eta': 226.92011, 'eta_hours': 0.06303, 'loss': 0.66309904, 'lr': 0.0009431, 'params': 203396, 'time_iter': 0.01702, 'accuracy': 0.56825, 'f1': 0.56076, 'auc': 0.6018}
val: {'epoch': 73, 'time_epoch': 0.09051, 'loss': 0.66396325, 'lr': 0, 'params': 203396, 'time_iter': 0.00823, 'accuracy': 0.56486, 'f1': 0.56213, 'auc': 0.59959}
test: {'epoch': 73, 'time_epoch': 0.09151, 'loss': 0.66404197, 'lr': 0, 'params': 203396, 'time_iter': 0.00832, 'accuracy': 0.56206, 'f1': 0.55876, 'auc': 0.59709}
> Epoch 73: took 2.2s (avg 2.2s) | Best so far: epoch 55	train_loss: 0.6645 train_accuracy: 0.5665	val_loss: 0.6638 val_accuracy: 0.5663	test_loss: 0.6636 test_accuracy: 0.5636
train: {'epoch': 74, 'time_epoch': 1.79029, 'eta': 225.10138, 'eta_hours': 0.06253, 'loss': 0.66310108, 'lr': 0.00093815, 'params': 203396, 'time_iter': 0.01705, 'accuracy': 0.56877, 'f1': 0.56208, 'auc': 0.60215}
val: {'epoch': 74, 'time_epoch': 0.09351, 'loss': 0.66384448, 'lr': 0, 'params': 203396, 'time_iter': 0.0085, 'accuracy': 0.56599, 'f1': 0.55886, 'auc': 0.59994}
test: {'epoch': 74, 'time_epoch': 0.09325, 'loss': 0.66342782, 'lr': 0, 'params': 203396, 'time_iter': 0.00848, 'accuracy': 0.56319, 'f1': 0.55542, 'auc': 0.59768}
> Epoch 74: took 2.2s (avg 2.2s) | Best so far: epoch 55	train_loss: 0.6645 train_accuracy: 0.5665	val_loss: 0.6638 val_accuracy: 0.5663	test_loss: 0.6636 test_accuracy: 0.5636
train: {'epoch': 75, 'time_epoch': 1.80645, 'eta': 223.30977, 'eta_hours': 0.06203, 'loss': 0.66323633, 'lr': 0.00093301, 'params': 203396, 'time_iter': 0.0172, 'accuracy': 0.56852, 'f1': 0.56125, 'auc': 0.60156}
val: {'epoch': 75, 'time_epoch': 0.09851, 'loss': 0.66377114, 'lr': 0, 'params': 203396, 'time_iter': 0.00896, 'accuracy': 0.5652, 'f1': 0.56051, 'auc': 0.59922}
test: {'epoch': 75, 'time_epoch': 0.10002, 'loss': 0.66382248, 'lr': 0, 'params': 203396, 'time_iter': 0.00909, 'accuracy': 0.56272, 'f1': 0.55763, 'auc': 0.59693}
> Epoch 75: took 2.2s (avg 2.2s) | Best so far: epoch 55	train_loss: 0.6645 train_accuracy: 0.5665	val_loss: 0.6638 val_accuracy: 0.5663	test_loss: 0.6636 test_accuracy: 0.5636
train: {'epoch': 76, 'time_epoch': 1.98977, 'eta': 221.81061, 'eta_hours': 0.06161, 'loss': 0.66311143, 'lr': 0.00092768, 'params': 203396, 'time_iter': 0.01895, 'accuracy': 0.56848, 'f1': 0.56119, 'auc': 0.60166}
val: {'epoch': 76, 'time_epoch': 0.09251, 'loss': 0.66466246, 'lr': 0, 'params': 203396, 'time_iter': 0.00841, 'accuracy': 0.56423, 'f1': 0.56209, 'auc': 0.59886}
test: {'epoch': 76, 'time_epoch': 0.09351, 'loss': 0.664671, 'lr': 0, 'params': 203396, 'time_iter': 0.0085, 'accuracy': 0.56214, 'f1': 0.55997, 'auc': 0.59675}
> Epoch 76: took 2.4s (avg 2.2s) | Best so far: epoch 55	train_loss: 0.6645 train_accuracy: 0.5665	val_loss: 0.6638 val_accuracy: 0.5663	test_loss: 0.6636 test_accuracy: 0.5636
train: {'epoch': 77, 'time_epoch': 1.74012, 'eta': 219.90839, 'eta_hours': 0.06109, 'loss': 0.66330114, 'lr': 0.00092216, 'params': 203396, 'time_iter': 0.01657, 'accuracy': 0.56846, 'f1': 0.56106, 'auc': 0.60176}
val: {'epoch': 77, 'time_epoch': 0.09451, 'loss': 0.66454159, 'lr': 0, 'params': 203396, 'time_iter': 0.00859, 'accuracy': 0.56544, 'f1': 0.55823, 'auc': 0.59969}
test: {'epoch': 77, 'time_epoch': 0.09485, 'loss': 0.66408809, 'lr': 0, 'params': 203396, 'time_iter': 0.00862, 'accuracy': 0.5635, 'f1': 0.55645, 'auc': 0.59758}
> Epoch 77: took 2.1s (avg 2.2s) | Best so far: epoch 55	train_loss: 0.6645 train_accuracy: 0.5665	val_loss: 0.6638 val_accuracy: 0.5663	test_loss: 0.6636 test_accuracy: 0.5636
train: {'epoch': 78, 'time_epoch': 1.76849, 'eta': 218.05373, 'eta_hours': 0.06057, 'loss': 0.66283285, 'lr': 0.00091646, 'params': 203396, 'time_iter': 0.01684, 'accuracy': 0.56959, 'f1': 0.56334, 'auc': 0.60292}
val: {'epoch': 78, 'time_epoch': 0.09151, 'loss': 0.66384233, 'lr': 0, 'params': 203396, 'time_iter': 0.00832, 'accuracy': 0.56599, 'f1': 0.55416, 'auc': 0.60016}
test: {'epoch': 78, 'time_epoch': 0.09102, 'loss': 0.66380409, 'lr': 0, 'params': 203396, 'time_iter': 0.00827, 'accuracy': 0.56405, 'f1': 0.55105, 'auc': 0.59829}
> Epoch 78: took 2.2s (avg 2.2s) | Best so far: epoch 55	train_loss: 0.6645 train_accuracy: 0.5665	val_loss: 0.6638 val_accuracy: 0.5663	test_loss: 0.6636 test_accuracy: 0.5636
train: {'epoch': 79, 'time_epoch': 1.81608, 'eta': 216.27261, 'eta_hours': 0.06008, 'loss': 0.66305187, 'lr': 0.00091057, 'params': 203396, 'time_iter': 0.0173, 'accuracy': 0.56914, 'f1': 0.56298, 'auc': 0.60255}
val: {'epoch': 79, 'time_epoch': 0.09251, 'loss': 0.66401312, 'lr': 0, 'params': 203396, 'time_iter': 0.00841, 'accuracy': 0.56436, 'f1': 0.56347, 'auc': 0.59969}
test: {'epoch': 79, 'time_epoch': 0.09251, 'loss': 0.6639374, 'lr': 0, 'params': 203396, 'time_iter': 0.00841, 'accuracy': 0.56244, 'f1': 0.56086, 'auc': 0.59798}
> Epoch 79: took 2.2s (avg 2.2s) | Best so far: epoch 55	train_loss: 0.6645 train_accuracy: 0.5665	val_loss: 0.6638 val_accuracy: 0.5663	test_loss: 0.6636 test_accuracy: 0.5636
train: {'epoch': 80, 'time_epoch': 1.77947, 'eta': 214.43684, 'eta_hours': 0.05957, 'loss': 0.66294893, 'lr': 0.00090451, 'params': 203396, 'time_iter': 0.01695, 'accuracy': 0.56914, 'f1': 0.56262, 'auc': 0.60224}
val: {'epoch': 80, 'time_epoch': 0.09151, 'loss': 0.66394928, 'lr': 0, 'params': 203396, 'time_iter': 0.00832, 'accuracy': 0.56539, 'f1': 0.53937, 'auc': 0.60009}
test: {'epoch': 80, 'time_epoch': 0.09152, 'loss': 0.66380323, 'lr': 0, 'params': 203396, 'time_iter': 0.00832, 'accuracy': 0.56343, 'f1': 0.53587, 'auc': 0.59743}
> Epoch 80: took 2.2s (avg 2.2s) | Best so far: epoch 55	train_loss: 0.6645 train_accuracy: 0.5665	val_loss: 0.6638 val_accuracy: 0.5663	test_loss: 0.6636 test_accuracy: 0.5636
train: {'epoch': 81, 'time_epoch': 1.75352, 'eta': 212.5651, 'eta_hours': 0.05905, 'loss': 0.66310194, 'lr': 0.00089826, 'params': 203396, 'time_iter': 0.0167, 'accuracy': 0.56894, 'f1': 0.56213, 'auc': 0.60236}
val: {'epoch': 81, 'time_epoch': 0.09152, 'loss': 0.66400191, 'lr': 0, 'params': 203396, 'time_iter': 0.00832, 'accuracy': 0.56566, 'f1': 0.56233, 'auc': 0.60044}
test: {'epoch': 81, 'time_epoch': 0.09415, 'loss': 0.66387041, 'lr': 0, 'params': 203396, 'time_iter': 0.00856, 'accuracy': 0.5637, 'f1': 0.55919, 'auc': 0.59842}
> Epoch 81: took 2.2s (avg 2.2s) | Best so far: epoch 55	train_loss: 0.6645 train_accuracy: 0.5665	val_loss: 0.6638 val_accuracy: 0.5663	test_loss: 0.6636 test_accuracy: 0.5636
train: {'epoch': 82, 'time_epoch': 1.78886, 'eta': 210.74602, 'eta_hours': 0.05854, 'loss': 0.66286267, 'lr': 0.00089185, 'params': 203396, 'time_iter': 0.01704, 'accuracy': 0.5693, 'f1': 0.56292, 'auc': 0.60271}
val: {'epoch': 82, 'time_epoch': 0.09952, 'loss': 0.66447921, 'lr': 0, 'params': 203396, 'time_iter': 0.00905, 'accuracy': 0.56525, 'f1': 0.5611, 'auc': 0.59948}
test: {'epoch': 82, 'time_epoch': 0.09851, 'loss': 0.66404895, 'lr': 0, 'params': 203396, 'time_iter': 0.00896, 'accuracy': 0.56344, 'f1': 0.55761, 'auc': 0.5979}
> Epoch 82: took 2.2s (avg 2.2s) | Best so far: epoch 55	train_loss: 0.6645 train_accuracy: 0.5665	val_loss: 0.6638 val_accuracy: 0.5663	test_loss: 0.6636 test_accuracy: 0.5636
train: {'epoch': 83, 'time_epoch': 1.79868, 'eta': 208.94122, 'eta_hours': 0.05804, 'loss': 0.66287312, 'lr': 0.00088526, 'params': 203396, 'time_iter': 0.01713, 'accuracy': 0.56885, 'f1': 0.56261, 'auc': 0.60266}
val: {'epoch': 83, 'time_epoch': 0.09102, 'loss': 0.66377456, 'lr': 0, 'params': 203396, 'time_iter': 0.00827, 'accuracy': 0.56545, 'f1': 0.56281, 'auc': 0.60045}
test: {'epoch': 83, 'time_epoch': 0.09701, 'loss': 0.66369206, 'lr': 0, 'params': 203396, 'time_iter': 0.00882, 'accuracy': 0.56242, 'f1': 0.55924, 'auc': 0.59772}
> Epoch 83: took 2.2s (avg 2.2s) | Best so far: epoch 55	train_loss: 0.6645 train_accuracy: 0.5665	val_loss: 0.6638 val_accuracy: 0.5663	test_loss: 0.6636 test_accuracy: 0.5636
train: {'epoch': 84, 'time_epoch': 1.76075, 'eta': 207.08525, 'eta_hours': 0.05752, 'loss': 0.66261661, 'lr': 0.0008785, 'params': 203396, 'time_iter': 0.01677, 'accuracy': 0.56934, 'f1': 0.5628, 'auc': 0.60302}
val: {'epoch': 84, 'time_epoch': 0.09351, 'loss': 0.66415751, 'lr': 0, 'params': 203396, 'time_iter': 0.0085, 'accuracy': 0.56504, 'f1': 0.55207, 'auc': 0.60002}
test: {'epoch': 84, 'time_epoch': 0.09351, 'loss': 0.66368534, 'lr': 0, 'params': 203396, 'time_iter': 0.0085, 'accuracy': 0.56415, 'f1': 0.54881, 'auc': 0.59818}
> Epoch 84: took 2.2s (avg 2.2s) | Best so far: epoch 55	train_loss: 0.6645 train_accuracy: 0.5665	val_loss: 0.6638 val_accuracy: 0.5663	test_loss: 0.6636 test_accuracy: 0.5636
train: {'epoch': 85, 'time_epoch': 1.81064, 'eta': 205.29764, 'eta_hours': 0.05703, 'loss': 0.66257819, 'lr': 0.00087157, 'params': 203396, 'time_iter': 0.01724, 'accuracy': 0.56965, 'f1': 0.56351, 'auc': 0.60332}
val: {'epoch': 85, 'time_epoch': 0.19752, 'loss': 0.66431688, 'lr': 0, 'params': 203396, 'time_iter': 0.01796, 'accuracy': 0.56468, 'f1': 0.55707, 'auc': 0.59869}
test: {'epoch': 85, 'time_epoch': 0.09651, 'loss': 0.66406864, 'lr': 0, 'params': 203396, 'time_iter': 0.00877, 'accuracy': 0.56309, 'f1': 0.55406, 'auc': 0.59699}
> Epoch 85: took 2.3s (avg 2.2s) | Best so far: epoch 55	train_loss: 0.6645 train_accuracy: 0.5665	val_loss: 0.6638 val_accuracy: 0.5663	test_loss: 0.6636 test_accuracy: 0.5636
train: {'epoch': 86, 'time_epoch': 1.83867, 'eta': 203.5459, 'eta_hours': 0.05654, 'loss': 0.66253192, 'lr': 0.00086448, 'params': 203396, 'time_iter': 0.01751, 'accuracy': 0.57012, 'f1': 0.56392, 'auc': 0.6032}
val: {'epoch': 86, 'time_epoch': 0.08951, 'loss': 0.66423942, 'lr': 0, 'params': 203396, 'time_iter': 0.00814, 'accuracy': 0.56331, 'f1': 0.56318, 'auc': 0.59954}
test: {'epoch': 86, 'time_epoch': 0.09001, 'loss': 0.66392872, 'lr': 0, 'params': 203396, 'time_iter': 0.00818, 'accuracy': 0.56159, 'f1': 0.56129, 'auc': 0.59744}
> Epoch 86: took 2.2s (avg 2.2s) | Best so far: epoch 55	train_loss: 0.6645 train_accuracy: 0.5665	val_loss: 0.6638 val_accuracy: 0.5663	test_loss: 0.6636 test_accuracy: 0.5636
train: {'epoch': 87, 'time_epoch': 1.74602, 'eta': 201.67426, 'eta_hours': 0.05602, 'loss': 0.66262858, 'lr': 0.00085724, 'params': 203396, 'time_iter': 0.01663, 'accuracy': 0.57041, 'f1': 0.56446, 'auc': 0.6036}
val: {'epoch': 87, 'time_epoch': 0.09051, 'loss': 0.66451706, 'lr': 0, 'params': 203396, 'time_iter': 0.00823, 'accuracy': 0.56576, 'f1': 0.55816, 'auc': 0.59967}
test: {'epoch': 87, 'time_epoch': 0.09151, 'loss': 0.66408717, 'lr': 0, 'params': 203396, 'time_iter': 0.00832, 'accuracy': 0.56381, 'f1': 0.55484, 'auc': 0.59806}
> Epoch 87: took 2.1s (avg 2.2s) | Best so far: epoch 55	train_loss: 0.6645 train_accuracy: 0.5665	val_loss: 0.6638 val_accuracy: 0.5663	test_loss: 0.6636 test_accuracy: 0.5636
train: {'epoch': 88, 'time_epoch': 1.81005, 'eta': 199.88531, 'eta_hours': 0.05552, 'loss': 0.66262378, 'lr': 0.00084983, 'params': 203396, 'time_iter': 0.01724, 'accuracy': 0.5695, 'f1': 0.56366, 'auc': 0.60302}
val: {'epoch': 88, 'time_epoch': 0.09751, 'loss': 0.66432488, 'lr': 0, 'params': 203396, 'time_iter': 0.00886, 'accuracy': 0.56512, 'f1': 0.54884, 'auc': 0.60007}
test: {'epoch': 88, 'time_epoch': 0.09902, 'loss': 0.66412749, 'lr': 0, 'params': 203396, 'time_iter': 0.009, 'accuracy': 0.56374, 'f1': 0.54705, 'auc': 0.59817}
> Epoch 88: took 2.2s (avg 2.2s) | Best so far: epoch 55	train_loss: 0.6645 train_accuracy: 0.5665	val_loss: 0.6638 val_accuracy: 0.5663	test_loss: 0.6636 test_accuracy: 0.5636
train: {'epoch': 89, 'time_epoch': 1.80802, 'eta': 198.0934, 'eta_hours': 0.05503, 'loss': 0.6624488, 'lr': 0.00084227, 'params': 203396, 'time_iter': 0.01722, 'accuracy': 0.57006, 'f1': 0.56424, 'auc': 0.60383}
val: {'epoch': 89, 'time_epoch': 0.09002, 'loss': 0.66367159, 'lr': 0, 'params': 203396, 'time_iter': 0.00818, 'accuracy': 0.56613, 'f1': 0.55676, 'auc': 0.60042}
test: {'epoch': 89, 'time_epoch': 0.09351, 'loss': 0.66368432, 'lr': 0, 'params': 203396, 'time_iter': 0.0085, 'accuracy': 0.56408, 'f1': 0.55341, 'auc': 0.59833}
> Epoch 89: took 2.2s (avg 2.2s) | Best so far: epoch 55	train_loss: 0.6645 train_accuracy: 0.5665	val_loss: 0.6638 val_accuracy: 0.5663	test_loss: 0.6636 test_accuracy: 0.5636
train: {'epoch': 90, 'time_epoch': 1.77182, 'eta': 196.25778, 'eta_hours': 0.05452, 'loss': 0.66233346, 'lr': 0.00083457, 'params': 203396, 'time_iter': 0.01687, 'accuracy': 0.56961, 'f1': 0.56426, 'auc': 0.60352}
val: {'epoch': 90, 'time_epoch': 0.09202, 'loss': 0.66381412, 'lr': 0, 'params': 203396, 'time_iter': 0.00837, 'accuracy': 0.565, 'f1': 0.55893, 'auc': 0.60001}
test: {'epoch': 90, 'time_epoch': 0.09251, 'loss': 0.66381021, 'lr': 0, 'params': 203396, 'time_iter': 0.00841, 'accuracy': 0.56323, 'f1': 0.55642, 'auc': 0.59811}
> Epoch 90: took 2.2s (avg 2.2s) | Best so far: epoch 55	train_loss: 0.6645 train_accuracy: 0.5665	val_loss: 0.6638 val_accuracy: 0.5663	test_loss: 0.6636 test_accuracy: 0.5636
train: {'epoch': 91, 'time_epoch': 1.84493, 'eta': 194.50937, 'eta_hours': 0.05403, 'loss': 0.66220644, 'lr': 0.00082671, 'params': 203396, 'time_iter': 0.01757, 'accuracy': 0.57017, 'f1': 0.56466, 'auc': 0.60411}
val: {'epoch': 91, 'time_epoch': 0.09152, 'loss': 0.66400353, 'lr': 0, 'params': 203396, 'time_iter': 0.00832, 'accuracy': 0.56527, 'f1': 0.56239, 'auc': 0.59955}
test: {'epoch': 91, 'time_epoch': 0.0905, 'loss': 0.66388201, 'lr': 0, 'params': 203396, 'time_iter': 0.00823, 'accuracy': 0.56268, 'f1': 0.55904, 'auc': 0.59755}
> Epoch 91: took 2.3s (avg 2.2s) | Best so far: epoch 55	train_loss: 0.6645 train_accuracy: 0.5665	val_loss: 0.6638 val_accuracy: 0.5663	test_loss: 0.6636 test_accuracy: 0.5636
train: {'epoch': 92, 'time_epoch': 1.74701, 'eta': 192.64622, 'eta_hours': 0.05351, 'loss': 0.66217751, 'lr': 0.00081871, 'params': 203396, 'time_iter': 0.01664, 'accuracy': 0.57046, 'f1': 0.56456, 'auc': 0.60387}
val: {'epoch': 92, 'time_epoch': 0.09251, 'loss': 0.6638597, 'lr': 0, 'params': 203396, 'time_iter': 0.00841, 'accuracy': 0.56522, 'f1': 0.56181, 'auc': 0.59979}
test: {'epoch': 92, 'time_epoch': 0.09251, 'loss': 0.66374993, 'lr': 0, 'params': 203396, 'time_iter': 0.00841, 'accuracy': 0.56327, 'f1': 0.5592, 'auc': 0.59757}
> Epoch 92: took 2.2s (avg 2.2s) | Best so far: epoch 55	train_loss: 0.6645 train_accuracy: 0.5665	val_loss: 0.6638 val_accuracy: 0.5663	test_loss: 0.6636 test_accuracy: 0.5636
train: {'epoch': 93, 'time_epoch': 1.79156, 'eta': 190.83578, 'eta_hours': 0.05301, 'loss': 0.66220355, 'lr': 0.00081057, 'params': 203396, 'time_iter': 0.01706, 'accuracy': 0.56986, 'f1': 0.56418, 'auc': 0.60401}
val: {'epoch': 93, 'time_epoch': 0.09223, 'loss': 0.66384591, 'lr': 0, 'params': 203396, 'time_iter': 0.00838, 'accuracy': 0.56544, 'f1': 0.55734, 'auc': 0.60003}
test: {'epoch': 93, 'time_epoch': 0.0965, 'loss': 0.66371532, 'lr': 0, 'params': 203396, 'time_iter': 0.00877, 'accuracy': 0.56373, 'f1': 0.55468, 'auc': 0.59802}
> Epoch 93: took 2.2s (avg 2.2s) | Best so far: epoch 55	train_loss: 0.6645 train_accuracy: 0.5665	val_loss: 0.6638 val_accuracy: 0.5663	test_loss: 0.6636 test_accuracy: 0.5636
train: {'epoch': 94, 'time_epoch': 1.78567, 'eta': 189.01924, 'eta_hours': 0.05251, 'loss': 0.66205338, 'lr': 0.0008023, 'params': 203396, 'time_iter': 0.01701, 'accuracy': 0.5707, 'f1': 0.56522, 'auc': 0.60408}
val: {'epoch': 94, 'time_epoch': 0.09116, 'loss': 0.66368485, 'lr': 0, 'params': 203396, 'time_iter': 0.00829, 'accuracy': 0.56599, 'f1': 0.55427, 'auc': 0.60065}
test: {'epoch': 94, 'time_epoch': 0.09503, 'loss': 0.6631227, 'lr': 0, 'params': 203396, 'time_iter': 0.00864, 'accuracy': 0.56427, 'f1': 0.55103, 'auc': 0.59853}
> Epoch 94: took 2.2s (avg 2.2s) | Best so far: epoch 55	train_loss: 0.6645 train_accuracy: 0.5665	val_loss: 0.6638 val_accuracy: 0.5663	test_loss: 0.6636 test_accuracy: 0.5636
train: {'epoch': 95, 'time_epoch': 1.79824, 'eta': 187.21696, 'eta_hours': 0.052, 'loss': 0.66207146, 'lr': 0.00079389, 'params': 203396, 'time_iter': 0.01713, 'accuracy': 0.57003, 'f1': 0.56418, 'auc': 0.60387}
val: {'epoch': 95, 'time_epoch': 0.10151, 'loss': 0.6640569, 'lr': 0, 'params': 203396, 'time_iter': 0.00923, 'accuracy': 0.56527, 'f1': 0.56217, 'auc': 0.60006}
test: {'epoch': 95, 'time_epoch': 0.09151, 'loss': 0.66380158, 'lr': 0, 'params': 203396, 'time_iter': 0.00832, 'accuracy': 0.56282, 'f1': 0.5588, 'auc': 0.59771}
> Epoch 95: took 2.2s (avg 2.2s) | Best so far: epoch 55	train_loss: 0.6645 train_accuracy: 0.5665	val_loss: 0.6638 val_accuracy: 0.5663	test_loss: 0.6636 test_accuracy: 0.5636
train: {'epoch': 96, 'time_epoch': 1.78525, 'eta': 185.40096, 'eta_hours': 0.0515, 'loss': 0.6619883, 'lr': 0.00078536, 'params': 203396, 'time_iter': 0.017, 'accuracy': 0.57065, 'f1': 0.56479, 'auc': 0.60436}
val: {'epoch': 96, 'time_epoch': 0.08902, 'loss': 0.66406952, 'lr': 0, 'params': 203396, 'time_iter': 0.00809, 'accuracy': 0.56397, 'f1': 0.56397, 'auc': 0.60037}
test: {'epoch': 96, 'time_epoch': 0.09051, 'loss': 0.66357879, 'lr': 0, 'params': 203396, 'time_iter': 0.00823, 'accuracy': 0.56247, 'f1': 0.56227, 'auc': 0.59889}
> Epoch 96: took 2.2s (avg 2.2s) | Best so far: epoch 55	train_loss: 0.6645 train_accuracy: 0.5665	val_loss: 0.6638 val_accuracy: 0.5663	test_loss: 0.6636 test_accuracy: 0.5636
train: {'epoch': 97, 'time_epoch': 1.73832, 'eta': 183.53675, 'eta_hours': 0.05098, 'loss': 0.66167016, 'lr': 0.0007767, 'params': 203396, 'time_iter': 0.01656, 'accuracy': 0.57098, 'f1': 0.56573, 'auc': 0.60503}
val: {'epoch': 97, 'time_epoch': 0.09451, 'loss': 0.6638447, 'lr': 0, 'params': 203396, 'time_iter': 0.00859, 'accuracy': 0.56621, 'f1': 0.55685, 'auc': 0.60093}
test: {'epoch': 97, 'time_epoch': 0.09051, 'loss': 0.6635597, 'lr': 0, 'params': 203396, 'time_iter': 0.00823, 'accuracy': 0.56374, 'f1': 0.5527, 'auc': 0.59855}
> Epoch 97: took 2.1s (avg 2.2s) | Best so far: epoch 55	train_loss: 0.6645 train_accuracy: 0.5665	val_loss: 0.6638 val_accuracy: 0.5663	test_loss: 0.6636 test_accuracy: 0.5636
train: {'epoch': 98, 'time_epoch': 1.80803, 'eta': 181.74619, 'eta_hours': 0.05049, 'loss': 0.66170919, 'lr': 0.00076791, 'params': 203396, 'time_iter': 0.01722, 'accuracy': 0.57044, 'f1': 0.56489, 'auc': 0.60457}
val: {'epoch': 98, 'time_epoch': 0.09851, 'loss': 0.6643095, 'lr': 0, 'params': 203396, 'time_iter': 0.00896, 'accuracy': 0.56554, 'f1': 0.5628, 'auc': 0.59996}
test: {'epoch': 98, 'time_epoch': 0.09651, 'loss': 0.66414731, 'lr': 0, 'params': 203396, 'time_iter': 0.00877, 'accuracy': 0.56372, 'f1': 0.56035, 'auc': 0.59828}
> Epoch 98: took 2.2s (avg 2.2s) | Best so far: epoch 55	train_loss: 0.6645 train_accuracy: 0.5665	val_loss: 0.6638 val_accuracy: 0.5663	test_loss: 0.6636 test_accuracy: 0.5636
train: {'epoch': 99, 'time_epoch': 1.88498, 'eta': 180.03224, 'eta_hours': 0.05001, 'loss': 0.66173468, 'lr': 0.00075901, 'params': 203396, 'time_iter': 0.01795, 'accuracy': 0.57057, 'f1': 0.56535, 'auc': 0.60469}
val: {'epoch': 99, 'time_epoch': 0.09151, 'loss': 0.66369957, 'lr': 0, 'params': 203396, 'time_iter': 0.00832, 'accuracy': 0.5659, 'f1': 0.55204, 'auc': 0.60058}
test: {'epoch': 99, 'time_epoch': 0.08951, 'loss': 0.66352953, 'lr': 0, 'params': 203396, 'time_iter': 0.00814, 'accuracy': 0.56385, 'f1': 0.54924, 'auc': 0.59839}
> Epoch 99: took 2.3s (avg 2.2s) | Best so far: epoch 55	train_loss: 0.6645 train_accuracy: 0.5665	val_loss: 0.6638 val_accuracy: 0.5663	test_loss: 0.6636 test_accuracy: 0.5636
train: {'epoch': 100, 'time_epoch': 1.77322, 'eta': 178.20535, 'eta_hours': 0.0495, 'loss': 0.66169928, 'lr': 0.00075, 'params': 203396, 'time_iter': 0.01689, 'accuracy': 0.57049, 'f1': 0.56539, 'auc': 0.6049}
val: {'epoch': 100, 'time_epoch': 0.09551, 'loss': 0.6641191, 'lr': 0, 'params': 203396, 'time_iter': 0.00868, 'accuracy': 0.56685, 'f1': 0.55647, 'auc': 0.60073}
test: {'epoch': 100, 'time_epoch': 0.09351, 'loss': 0.66389114, 'lr': 0, 'params': 203396, 'time_iter': 0.0085, 'accuracy': 0.56396, 'f1': 0.5523, 'auc': 0.59867}
> Epoch 100: took 2.2s (avg 2.2s) | Best so far: epoch 100	train_loss: 0.6617 train_accuracy: 0.5705	val_loss: 0.6641 val_accuracy: 0.5668	test_loss: 0.6639 test_accuracy: 0.5640
train: {'epoch': 101, 'time_epoch': 1.79811, 'eta': 176.40343, 'eta_hours': 0.049, 'loss': 0.66154599, 'lr': 0.00074088, 'params': 203396, 'time_iter': 0.01712, 'accuracy': 0.57085, 'f1': 0.56549, 'auc': 0.60536}
val: {'epoch': 101, 'time_epoch': 0.09851, 'loss': 0.6640561, 'lr': 0, 'params': 203396, 'time_iter': 0.00896, 'accuracy': 0.56569, 'f1': 0.56131, 'auc': 0.60058}
test: {'epoch': 101, 'time_epoch': 0.09676, 'loss': 0.66345187, 'lr': 0, 'params': 203396, 'time_iter': 0.0088, 'accuracy': 0.56343, 'f1': 0.55832, 'auc': 0.59882}
> Epoch 101: took 2.2s (avg 2.2s) | Best so far: epoch 100	train_loss: 0.6617 train_accuracy: 0.5705	val_loss: 0.6641 val_accuracy: 0.5668	test_loss: 0.6639 test_accuracy: 0.5640
train: {'epoch': 102, 'time_epoch': 1.81078, 'eta': 174.61351, 'eta_hours': 0.0485, 'loss': 0.66152565, 'lr': 0.00073165, 'params': 203396, 'time_iter': 0.01725, 'accuracy': 0.57041, 'f1': 0.56499, 'auc': 0.60482}
val: {'epoch': 102, 'time_epoch': 0.09917, 'loss': 0.66426303, 'lr': 0, 'params': 203396, 'time_iter': 0.00902, 'accuracy': 0.5638, 'f1': 0.56377, 'auc': 0.60036}
test: {'epoch': 102, 'time_epoch': 0.09317, 'loss': 0.66368354, 'lr': 0, 'params': 203396, 'time_iter': 0.00847, 'accuracy': 0.56201, 'f1': 0.56184, 'auc': 0.59865}
> Epoch 102: took 2.2s (avg 2.2s) | Best so far: epoch 100	train_loss: 0.6617 train_accuracy: 0.5705	val_loss: 0.6641 val_accuracy: 0.5668	test_loss: 0.6639 test_accuracy: 0.5640
train: {'epoch': 103, 'time_epoch': 1.86118, 'eta': 172.86972, 'eta_hours': 0.04802, 'loss': 0.6616243, 'lr': 0.00072232, 'params': 203396, 'time_iter': 0.01773, 'accuracy': 0.5705, 'f1': 0.56535, 'auc': 0.60473}
val: {'epoch': 103, 'time_epoch': 0.09451, 'loss': 0.66437036, 'lr': 0, 'params': 203396, 'time_iter': 0.00859, 'accuracy': 0.56598, 'f1': 0.56279, 'auc': 0.60062}
test: {'epoch': 103, 'time_epoch': 0.093, 'loss': 0.66361143, 'lr': 0, 'params': 203396, 'time_iter': 0.00845, 'accuracy': 0.56414, 'f1': 0.56047, 'auc': 0.59894}
> Epoch 103: took 2.3s (avg 2.2s) | Best so far: epoch 100	train_loss: 0.6617 train_accuracy: 0.5705	val_loss: 0.6641 val_accuracy: 0.5668	test_loss: 0.6639 test_accuracy: 0.5640
train: {'epoch': 104, 'time_epoch': 1.80949, 'eta': 171.07693, 'eta_hours': 0.04752, 'loss': 0.66149654, 'lr': 0.00071289, 'params': 203396, 'time_iter': 0.01723, 'accuracy': 0.57097, 'f1': 0.56598, 'auc': 0.60522}
val: {'epoch': 104, 'time_epoch': 0.09152, 'loss': 0.66415975, 'lr': 0, 'params': 203396, 'time_iter': 0.00832, 'accuracy': 0.56535, 'f1': 0.56261, 'auc': 0.6004}
test: {'epoch': 104, 'time_epoch': 0.08951, 'loss': 0.6637831, 'lr': 0, 'params': 203396, 'time_iter': 0.00814, 'accuracy': 0.5634, 'f1': 0.55979, 'auc': 0.59877}
> Epoch 104: took 2.2s (avg 2.2s) | Best so far: epoch 100	train_loss: 0.6617 train_accuracy: 0.5705	val_loss: 0.6641 val_accuracy: 0.5668	test_loss: 0.6639 test_accuracy: 0.5640
train: {'epoch': 105, 'time_epoch': 1.75821, 'eta': 169.23834, 'eta_hours': 0.04701, 'loss': 0.66133599, 'lr': 0.00070337, 'params': 203396, 'time_iter': 0.01674, 'accuracy': 0.57122, 'f1': 0.56605, 'auc': 0.6054}
val: {'epoch': 105, 'time_epoch': 0.09183, 'loss': 0.66485267, 'lr': 0, 'params': 203396, 'time_iter': 0.00835, 'accuracy': 0.56202, 'f1': 0.56066, 'auc': 0.59957}
test: {'epoch': 105, 'time_epoch': 0.09151, 'loss': 0.6643711, 'lr': 0, 'params': 203396, 'time_iter': 0.00832, 'accuracy': 0.5597, 'f1': 0.55849, 'auc': 0.59771}
> Epoch 105: took 2.2s (avg 2.2s) | Best so far: epoch 100	train_loss: 0.6617 train_accuracy: 0.5705	val_loss: 0.6641 val_accuracy: 0.5668	test_loss: 0.6639 test_accuracy: 0.5640
train: {'epoch': 106, 'time_epoch': 1.79014, 'eta': 167.42901, 'eta_hours': 0.04651, 'loss': 0.66143897, 'lr': 0.00069376, 'params': 203396, 'time_iter': 0.01705, 'accuracy': 0.57112, 'f1': 0.56593, 'auc': 0.60536}
val: {'epoch': 106, 'time_epoch': 0.09351, 'loss': 0.66389296, 'lr': 0, 'params': 203396, 'time_iter': 0.0085, 'accuracy': 0.56597, 'f1': 0.56212, 'auc': 0.60054}
test: {'epoch': 106, 'time_epoch': 0.09651, 'loss': 0.66367705, 'lr': 0, 'params': 203396, 'time_iter': 0.00877, 'accuracy': 0.56327, 'f1': 0.55931, 'auc': 0.59883}
> Epoch 106: took 2.2s (avg 2.2s) | Best so far: epoch 100	train_loss: 0.6617 train_accuracy: 0.5705	val_loss: 0.6641 val_accuracy: 0.5668	test_loss: 0.6639 test_accuracy: 0.5640
train: {'epoch': 107, 'time_epoch': 1.79783, 'eta': 165.62659, 'eta_hours': 0.04601, 'loss': 0.66141165, 'lr': 0.00068406, 'params': 203396, 'time_iter': 0.01712, 'accuracy': 0.57105, 'f1': 0.56575, 'auc': 0.60501}
val: {'epoch': 107, 'time_epoch': 0.09312, 'loss': 0.66395238, 'lr': 0, 'params': 203396, 'time_iter': 0.00847, 'accuracy': 0.56604, 'f1': 0.55988, 'auc': 0.60047}
test: {'epoch': 107, 'time_epoch': 0.0925, 'loss': 0.66380611, 'lr': 0, 'params': 203396, 'time_iter': 0.00841, 'accuracy': 0.56379, 'f1': 0.55576, 'auc': 0.59824}
> Epoch 107: took 2.2s (avg 2.2s) | Best so far: epoch 100	train_loss: 0.6617 train_accuracy: 0.5705	val_loss: 0.6641 val_accuracy: 0.5668	test_loss: 0.6639 test_accuracy: 0.5640
train: {'epoch': 108, 'time_epoch': 1.76982, 'eta': 163.80086, 'eta_hours': 0.0455, 'loss': 0.6610962, 'lr': 0.00067429, 'params': 203396, 'time_iter': 0.01686, 'accuracy': 0.57133, 'f1': 0.56667, 'auc': 0.60629}
val: {'epoch': 108, 'time_epoch': 0.09451, 'loss': 0.66399825, 'lr': 0, 'params': 203396, 'time_iter': 0.00859, 'accuracy': 0.56551, 'f1': 0.5632, 'auc': 0.60087}
test: {'epoch': 108, 'time_epoch': 0.094, 'loss': 0.66361805, 'lr': 0, 'params': 203396, 'time_iter': 0.00855, 'accuracy': 0.56293, 'f1': 0.55995, 'auc': 0.59853}
> Epoch 108: took 2.2s (avg 2.2s) | Best so far: epoch 100	train_loss: 0.6617 train_accuracy: 0.5705	val_loss: 0.6641 val_accuracy: 0.5668	test_loss: 0.6639 test_accuracy: 0.5640
train: {'epoch': 109, 'time_epoch': 1.78231, 'eta': 161.98637, 'eta_hours': 0.045, 'loss': 0.66112352, 'lr': 0.00066443, 'params': 203396, 'time_iter': 0.01697, 'accuracy': 0.57109, 'f1': 0.56625, 'auc': 0.60559}
val: {'epoch': 109, 'time_epoch': 0.09451, 'loss': 0.66394202, 'lr': 0, 'params': 203396, 'time_iter': 0.00859, 'accuracy': 0.56617, 'f1': 0.56275, 'auc': 0.60047}
test: {'epoch': 109, 'time_epoch': 0.09351, 'loss': 0.66342308, 'lr': 0, 'params': 203396, 'time_iter': 0.0085, 'accuracy': 0.56354, 'f1': 0.55933, 'auc': 0.59882}
> Epoch 109: took 2.2s (avg 2.2s) | Best so far: epoch 100	train_loss: 0.6617 train_accuracy: 0.5705	val_loss: 0.6641 val_accuracy: 0.5668	test_loss: 0.6639 test_accuracy: 0.5640
train: {'epoch': 110, 'time_epoch': 1.76922, 'eta': 160.16197, 'eta_hours': 0.04449, 'loss': 0.6609592, 'lr': 0.00065451, 'params': 203396, 'time_iter': 0.01685, 'accuracy': 0.57109, 'f1': 0.56619, 'auc': 0.60598}
val: {'epoch': 110, 'time_epoch': 0.09417, 'loss': 0.66421663, 'lr': 0, 'params': 203396, 'time_iter': 0.00856, 'accuracy': 0.56438, 'f1': 0.56216, 'auc': 0.59968}
test: {'epoch': 110, 'time_epoch': 0.09351, 'loss': 0.66369078, 'lr': 0, 'params': 203396, 'time_iter': 0.0085, 'accuracy': 0.56271, 'f1': 0.55983, 'auc': 0.59835}
> Epoch 110: took 2.2s (avg 2.2s) | Best so far: epoch 100	train_loss: 0.6617 train_accuracy: 0.5705	val_loss: 0.6641 val_accuracy: 0.5668	test_loss: 0.6639 test_accuracy: 0.5640
train: {'epoch': 111, 'time_epoch': 1.77089, 'eta': 158.33985, 'eta_hours': 0.04398, 'loss': 0.66102801, 'lr': 0.00064452, 'params': 203396, 'time_iter': 0.01687, 'accuracy': 0.57114, 'f1': 0.56641, 'auc': 0.60606}
val: {'epoch': 111, 'time_epoch': 0.09751, 'loss': 0.66393406, 'lr': 0, 'params': 203396, 'time_iter': 0.00886, 'accuracy': 0.56413, 'f1': 0.56331, 'auc': 0.60033}
test: {'epoch': 111, 'time_epoch': 0.09651, 'loss': 0.66357942, 'lr': 0, 'params': 203396, 'time_iter': 0.00877, 'accuracy': 0.56272, 'f1': 0.56166, 'auc': 0.59895}
> Epoch 111: took 2.2s (avg 2.2s) | Best so far: epoch 100	train_loss: 0.6617 train_accuracy: 0.5705	val_loss: 0.6641 val_accuracy: 0.5668	test_loss: 0.6639 test_accuracy: 0.5640
train: {'epoch': 112, 'time_epoch': 1.81455, 'eta': 156.55227, 'eta_hours': 0.04349, 'loss': 0.66091988, 'lr': 0.00063446, 'params': 203396, 'time_iter': 0.01728, 'accuracy': 0.57102, 'f1': 0.56635, 'auc': 0.6065}
val: {'epoch': 112, 'time_epoch': 0.0915, 'loss': 0.66416345, 'lr': 0, 'params': 203396, 'time_iter': 0.00832, 'accuracy': 0.56552, 'f1': 0.56071, 'auc': 0.60079}
test: {'epoch': 112, 'time_epoch': 0.091, 'loss': 0.66376358, 'lr': 0, 'params': 203396, 'time_iter': 0.00827, 'accuracy': 0.56343, 'f1': 0.55833, 'auc': 0.5981}
> Epoch 112: took 2.2s (avg 2.2s) | Best so far: epoch 100	train_loss: 0.6617 train_accuracy: 0.5705	val_loss: 0.6641 val_accuracy: 0.5668	test_loss: 0.6639 test_accuracy: 0.5640
train: {'epoch': 113, 'time_epoch': 1.86553, 'eta': 154.80267, 'eta_hours': 0.043, 'loss': 0.66090935, 'lr': 0.00062434, 'params': 203396, 'time_iter': 0.01777, 'accuracy': 0.57181, 'f1': 0.5667, 'auc': 0.60636}
val: {'epoch': 113, 'time_epoch': 0.09151, 'loss': 0.66416422, 'lr': 0, 'params': 203396, 'time_iter': 0.00832, 'accuracy': 0.56621, 'f1': 0.54919, 'auc': 0.60075}
test: {'epoch': 113, 'time_epoch': 0.09051, 'loss': 0.66369817, 'lr': 0, 'params': 203396, 'time_iter': 0.00823, 'accuracy': 0.56413, 'f1': 0.54635, 'auc': 0.59794}
> Epoch 113: took 2.3s (avg 2.2s) | Best so far: epoch 100	train_loss: 0.6617 train_accuracy: 0.5705	val_loss: 0.6641 val_accuracy: 0.5668	test_loss: 0.6639 test_accuracy: 0.5640
train: {'epoch': 114, 'time_epoch': 1.80529, 'eta': 153.00653, 'eta_hours': 0.0425, 'loss': 0.66091971, 'lr': 0.00061418, 'params': 203396, 'time_iter': 0.01719, 'accuracy': 0.57164, 'f1': 0.56667, 'auc': 0.60598}
val: {'epoch': 114, 'time_epoch': 0.09802, 'loss': 0.66390532, 'lr': 0, 'params': 203396, 'time_iter': 0.00891, 'accuracy': 0.56592, 'f1': 0.55818, 'auc': 0.60058}
test: {'epoch': 114, 'time_epoch': 0.10051, 'loss': 0.66332369, 'lr': 0, 'params': 203396, 'time_iter': 0.00914, 'accuracy': 0.56406, 'f1': 0.55528, 'auc': 0.59902}
> Epoch 114: took 2.3s (avg 2.2s) | Best so far: epoch 100	train_loss: 0.6617 train_accuracy: 0.5705	val_loss: 0.6641 val_accuracy: 0.5668	test_loss: 0.6639 test_accuracy: 0.5640
train: {'epoch': 115, 'time_epoch': 1.81118, 'eta': 151.21449, 'eta_hours': 0.042, 'loss': 0.66088721, 'lr': 0.00060396, 'params': 203396, 'time_iter': 0.01725, 'accuracy': 0.57139, 'f1': 0.56636, 'auc': 0.6062}
val: {'epoch': 115, 'time_epoch': 0.09029, 'loss': 0.66427418, 'lr': 0, 'params': 203396, 'time_iter': 0.00821, 'accuracy': 0.5654, 'f1': 0.56201, 'auc': 0.60071}
test: {'epoch': 115, 'time_epoch': 0.08951, 'loss': 0.66360725, 'lr': 0, 'params': 203396, 'time_iter': 0.00814, 'accuracy': 0.56406, 'f1': 0.55982, 'auc': 0.59904}
> Epoch 115: took 2.2s (avg 2.2s) | Best so far: epoch 100	train_loss: 0.6617 train_accuracy: 0.5705	val_loss: 0.6641 val_accuracy: 0.5668	test_loss: 0.6639 test_accuracy: 0.5640
train: {'epoch': 116, 'time_epoch': 1.79435, 'eta': 149.41018, 'eta_hours': 0.0415, 'loss': 0.66077253, 'lr': 0.00059369, 'params': 203396, 'time_iter': 0.01709, 'accuracy': 0.57126, 'f1': 0.56609, 'auc': 0.60605}
val: {'epoch': 116, 'time_epoch': 0.09452, 'loss': 0.66399995, 'lr': 0, 'params': 203396, 'time_iter': 0.00859, 'accuracy': 0.56617, 'f1': 0.56046, 'auc': 0.60088}
test: {'epoch': 116, 'time_epoch': 0.09651, 'loss': 0.66333494, 'lr': 0, 'params': 203396, 'time_iter': 0.00877, 'accuracy': 0.56353, 'f1': 0.55614, 'auc': 0.59853}
> Epoch 116: took 2.2s (avg 2.2s) | Best so far: epoch 100	train_loss: 0.6617 train_accuracy: 0.5705	val_loss: 0.6641 val_accuracy: 0.5668	test_loss: 0.6639 test_accuracy: 0.5640
train: {'epoch': 117, 'time_epoch': 1.83805, 'eta': 147.63642, 'eta_hours': 0.04101, 'loss': 0.66056369, 'lr': 0.00058338, 'params': 203396, 'time_iter': 0.01751, 'accuracy': 0.57167, 'f1': 0.56665, 'auc': 0.60649}
val: {'epoch': 117, 'time_epoch': 0.09251, 'loss': 0.6636953, 'lr': 0, 'params': 203396, 'time_iter': 0.00841, 'accuracy': 0.56585, 'f1': 0.55139, 'auc': 0.60043}
test: {'epoch': 117, 'time_epoch': 0.09402, 'loss': 0.66358431, 'lr': 0, 'params': 203396, 'time_iter': 0.00855, 'accuracy': 0.56435, 'f1': 0.5489, 'auc': 0.59869}
> Epoch 117: took 2.3s (avg 2.2s) | Best so far: epoch 100	train_loss: 0.6617 train_accuracy: 0.5705	val_loss: 0.6641 val_accuracy: 0.5668	test_loss: 0.6639 test_accuracy: 0.5640
train: {'epoch': 118, 'time_epoch': 1.74534, 'eta': 145.79847, 'eta_hours': 0.0405, 'loss': 0.66046901, 'lr': 0.00057304, 'params': 203396, 'time_iter': 0.01662, 'accuracy': 0.57156, 'f1': 0.56642, 'auc': 0.60648}
val: {'epoch': 118, 'time_epoch': 0.09551, 'loss': 0.66440599, 'lr': 0, 'params': 203396, 'time_iter': 0.00868, 'accuracy': 0.56574, 'f1': 0.56268, 'auc': 0.60038}
test: {'epoch': 118, 'time_epoch': 0.09101, 'loss': 0.66385688, 'lr': 0, 'params': 203396, 'time_iter': 0.00827, 'accuracy': 0.56353, 'f1': 0.55924, 'auc': 0.59836}
> Epoch 118: took 2.2s (avg 2.2s) | Best so far: epoch 100	train_loss: 0.6617 train_accuracy: 0.5705	val_loss: 0.6641 val_accuracy: 0.5668	test_loss: 0.6639 test_accuracy: 0.5640
train: {'epoch': 119, 'time_epoch': 1.77752, 'eta': 143.98351, 'eta_hours': 0.04, 'loss': 0.66040597, 'lr': 0.00056267, 'params': 203396, 'time_iter': 0.01693, 'accuracy': 0.57198, 'f1': 0.56708, 'auc': 0.60694}
val: {'epoch': 119, 'time_epoch': 0.09451, 'loss': 0.66414062, 'lr': 0, 'params': 203396, 'time_iter': 0.00859, 'accuracy': 0.56529, 'f1': 0.56421, 'auc': 0.60077}
test: {'epoch': 119, 'time_epoch': 0.09651, 'loss': 0.66380764, 'lr': 0, 'params': 203396, 'time_iter': 0.00877, 'accuracy': 0.56313, 'f1': 0.56191, 'auc': 0.59893}
> Epoch 119: took 2.2s (avg 2.2s) | Best so far: epoch 100	train_loss: 0.6617 train_accuracy: 0.5705	val_loss: 0.6641 val_accuracy: 0.5668	test_loss: 0.6639 test_accuracy: 0.5640
train: {'epoch': 120, 'time_epoch': 1.77516, 'eta': 142.16763, 'eta_hours': 0.03949, 'loss': 0.66017713, 'lr': 0.00055226, 'params': 203396, 'time_iter': 0.01691, 'accuracy': 0.57203, 'f1': 0.56699, 'auc': 0.60723}
val: {'epoch': 120, 'time_epoch': 0.0905, 'loss': 0.66410661, 'lr': 0, 'params': 203396, 'time_iter': 0.00823, 'accuracy': 0.56642, 'f1': 0.55784, 'auc': 0.60044}
test: {'epoch': 120, 'time_epoch': 0.09051, 'loss': 0.6640722, 'lr': 0, 'params': 203396, 'time_iter': 0.00823, 'accuracy': 0.56416, 'f1': 0.55634, 'auc': 0.59813}
> Epoch 120: took 2.2s (avg 2.2s) | Best so far: epoch 100	train_loss: 0.6617 train_accuracy: 0.5705	val_loss: 0.6641 val_accuracy: 0.5668	test_loss: 0.6639 test_accuracy: 0.5640
train: {'epoch': 121, 'time_epoch': 1.76158, 'eta': 140.34374, 'eta_hours': 0.03898, 'loss': 0.66029461, 'lr': 0.00054184, 'params': 203396, 'time_iter': 0.01678, 'accuracy': 0.57176, 'f1': 0.56669, 'auc': 0.60697}
val: {'epoch': 121, 'time_epoch': 0.09351, 'loss': 0.66477866, 'lr': 0, 'params': 203396, 'time_iter': 0.0085, 'accuracy': 0.56622, 'f1': 0.55546, 'auc': 0.6002}
test: {'epoch': 121, 'time_epoch': 0.09116, 'loss': 0.66411915, 'lr': 0, 'params': 203396, 'time_iter': 0.00829, 'accuracy': 0.56364, 'f1': 0.55179, 'auc': 0.59811}
> Epoch 121: took 2.2s (avg 2.2s) | Best so far: epoch 100	train_loss: 0.6617 train_accuracy: 0.5705	val_loss: 0.6641 val_accuracy: 0.5668	test_loss: 0.6639 test_accuracy: 0.5640
train: {'epoch': 122, 'time_epoch': 1.83172, 'eta': 138.56478, 'eta_hours': 0.03849, 'loss': 0.66018696, 'lr': 0.0005314, 'params': 203396, 'time_iter': 0.01744, 'accuracy': 0.57221, 'f1': 0.56703, 'auc': 0.60682}
val: {'epoch': 122, 'time_epoch': 0.09051, 'loss': 0.66444301, 'lr': 0, 'params': 203396, 'time_iter': 0.00823, 'accuracy': 0.56592, 'f1': 0.56119, 'auc': 0.60023}
test: {'epoch': 122, 'time_epoch': 0.09351, 'loss': 0.66392809, 'lr': 0, 'params': 203396, 'time_iter': 0.0085, 'accuracy': 0.56362, 'f1': 0.55721, 'auc': 0.59873}
> Epoch 122: took 2.2s (avg 2.2s) | Best so far: epoch 100	train_loss: 0.6617 train_accuracy: 0.5705	val_loss: 0.6641 val_accuracy: 0.5668	test_loss: 0.6639 test_accuracy: 0.5640
train: {'epoch': 123, 'time_epoch': 1.74661, 'eta': 136.73279, 'eta_hours': 0.03798, 'loss': 0.66008778, 'lr': 0.00052094, 'params': 203396, 'time_iter': 0.01663, 'accuracy': 0.57197, 'f1': 0.56695, 'auc': 0.60744}
val: {'epoch': 123, 'time_epoch': 0.09202, 'loss': 0.66375123, 'lr': 0, 'params': 203396, 'time_iter': 0.00837, 'accuracy': 0.56506, 'f1': 0.56354, 'auc': 0.60077}
test: {'epoch': 123, 'time_epoch': 0.09351, 'loss': 0.66362412, 'lr': 0, 'params': 203396, 'time_iter': 0.0085, 'accuracy': 0.56313, 'f1': 0.56143, 'auc': 0.59882}
> Epoch 123: took 2.2s (avg 2.2s) | Best so far: epoch 100	train_loss: 0.6617 train_accuracy: 0.5705	val_loss: 0.6641 val_accuracy: 0.5668	test_loss: 0.6639 test_accuracy: 0.5640
train: {'epoch': 124, 'time_epoch': 1.76262, 'eta': 134.91178, 'eta_hours': 0.03748, 'loss': 0.65985441, 'lr': 0.00051047, 'params': 203396, 'time_iter': 0.01679, 'accuracy': 0.57286, 'f1': 0.56782, 'auc': 0.60752}
val: {'epoch': 124, 'time_epoch': 0.09151, 'loss': 0.66477183, 'lr': 0, 'params': 203396, 'time_iter': 0.00832, 'accuracy': 0.56462, 'f1': 0.56307, 'auc': 0.6002}
test: {'epoch': 124, 'time_epoch': 0.09101, 'loss': 0.66394076, 'lr': 0, 'params': 203396, 'time_iter': 0.00827, 'accuracy': 0.5635, 'f1': 0.56169, 'auc': 0.59873}
> Epoch 124: took 2.2s (avg 2.2s) | Best so far: epoch 100	train_loss: 0.6617 train_accuracy: 0.5705	val_loss: 0.6641 val_accuracy: 0.5668	test_loss: 0.6639 test_accuracy: 0.5640
train: {'epoch': 125, 'time_epoch': 1.74223, 'eta': 133.07972, 'eta_hours': 0.03697, 'loss': 0.66002304, 'lr': 0.0005, 'params': 203396, 'time_iter': 0.01659, 'accuracy': 0.57154, 'f1': 0.56625, 'auc': 0.60705}
val: {'epoch': 125, 'time_epoch': 0.09524, 'loss': 0.66546086, 'lr': 0, 'params': 203396, 'time_iter': 0.00866, 'accuracy': 0.56458, 'f1': 0.56344, 'auc': 0.59998}
test: {'epoch': 125, 'time_epoch': 0.09251, 'loss': 0.66497711, 'lr': 0, 'params': 203396, 'time_iter': 0.00841, 'accuracy': 0.56236, 'f1': 0.56113, 'auc': 0.59791}
> Epoch 125: took 2.2s (avg 2.2s) | Best so far: epoch 100	train_loss: 0.6617 train_accuracy: 0.5705	val_loss: 0.6641 val_accuracy: 0.5668	test_loss: 0.6639 test_accuracy: 0.5640
train: {'epoch': 126, 'time_epoch': 1.79222, 'eta': 131.27781, 'eta_hours': 0.03647, 'loss': 0.65976631, 'lr': 0.00048953, 'params': 203396, 'time_iter': 0.01707, 'accuracy': 0.57245, 'f1': 0.56724, 'auc': 0.6077}
val: {'epoch': 126, 'time_epoch': 0.09751, 'loss': 0.66502601, 'lr': 0, 'params': 203396, 'time_iter': 0.00886, 'accuracy': 0.56451, 'f1': 0.56415, 'auc': 0.60055}
test: {'epoch': 126, 'time_epoch': 0.20569, 'loss': 0.66416165, 'lr': 0, 'params': 203396, 'time_iter': 0.0187, 'accuracy': 0.56264, 'f1': 0.56194, 'auc': 0.59831}
> Epoch 126: took 2.3s (avg 2.2s) | Best so far: epoch 100	train_loss: 0.6617 train_accuracy: 0.5705	val_loss: 0.6641 val_accuracy: 0.5668	test_loss: 0.6639 test_accuracy: 0.5640
train: {'epoch': 127, 'time_epoch': 1.76911, 'eta': 129.46305, 'eta_hours': 0.03596, 'loss': 0.65989038, 'lr': 0.00047906, 'params': 203396, 'time_iter': 0.01685, 'accuracy': 0.57181, 'f1': 0.56649, 'auc': 0.60719}
val: {'epoch': 127, 'time_epoch': 0.09051, 'loss': 0.66495337, 'lr': 0, 'params': 203396, 'time_iter': 0.00823, 'accuracy': 0.56639, 'f1': 0.55875, 'auc': 0.59998}
test: {'epoch': 127, 'time_epoch': 0.09103, 'loss': 0.66414764, 'lr': 0, 'params': 203396, 'time_iter': 0.00828, 'accuracy': 0.56391, 'f1': 0.55458, 'auc': 0.59795}
> Epoch 127: took 2.2s (avg 2.2s) | Best so far: epoch 100	train_loss: 0.6617 train_accuracy: 0.5705	val_loss: 0.6641 val_accuracy: 0.5668	test_loss: 0.6639 test_accuracy: 0.5640
train: {'epoch': 128, 'time_epoch': 1.75652, 'eta': 127.64206, 'eta_hours': 0.03546, 'loss': 0.65971443, 'lr': 0.0004686, 'params': 203396, 'time_iter': 0.01673, 'accuracy': 0.5719, 'f1': 0.56672, 'auc': 0.60778}
val: {'epoch': 128, 'time_epoch': 0.09551, 'loss': 0.66397213, 'lr': 0, 'params': 203396, 'time_iter': 0.00868, 'accuracy': 0.56428, 'f1': 0.56392, 'auc': 0.60079}
test: {'epoch': 128, 'time_epoch': 0.09351, 'loss': 0.6636997, 'lr': 0, 'params': 203396, 'time_iter': 0.0085, 'accuracy': 0.56309, 'f1': 0.56249, 'auc': 0.59893}
> Epoch 128: took 2.2s (avg 2.2s) | Best so far: epoch 100	train_loss: 0.6617 train_accuracy: 0.5705	val_loss: 0.6641 val_accuracy: 0.5668	test_loss: 0.6639 test_accuracy: 0.5640
train: {'epoch': 129, 'time_epoch': 1.82036, 'eta': 125.85645, 'eta_hours': 0.03496, 'loss': 0.65961695, 'lr': 0.00045816, 'params': 203396, 'time_iter': 0.01734, 'accuracy': 0.57178, 'f1': 0.56632, 'auc': 0.6076}
val: {'epoch': 129, 'time_epoch': 0.08951, 'loss': 0.66410646, 'lr': 0, 'params': 203396, 'time_iter': 0.00814, 'accuracy': 0.56421, 'f1': 0.5638, 'auc': 0.60046}
test: {'epoch': 129, 'time_epoch': 0.09351, 'loss': 0.66364892, 'lr': 0, 'params': 203396, 'time_iter': 0.0085, 'accuracy': 0.56292, 'f1': 0.56197, 'auc': 0.59846}
> Epoch 129: took 2.2s (avg 2.2s) | Best so far: epoch 100	train_loss: 0.6617 train_accuracy: 0.5705	val_loss: 0.6641 val_accuracy: 0.5668	test_loss: 0.6639 test_accuracy: 0.5640
train: {'epoch': 130, 'time_epoch': 1.77349, 'eta': 124.04562, 'eta_hours': 0.03446, 'loss': 0.65946884, 'lr': 0.00044774, 'params': 203396, 'time_iter': 0.01689, 'accuracy': 0.57223, 'f1': 0.56734, 'auc': 0.60795}
val: {'epoch': 130, 'time_epoch': 0.09202, 'loss': 0.66412671, 'lr': 0, 'params': 203396, 'time_iter': 0.00837, 'accuracy': 0.5655, 'f1': 0.56154, 'auc': 0.60003}
test: {'epoch': 130, 'time_epoch': 0.09051, 'loss': 0.66381744, 'lr': 0, 'params': 203396, 'time_iter': 0.00823, 'accuracy': 0.56267, 'f1': 0.55749, 'auc': 0.59829}
> Epoch 130: took 2.2s (avg 2.2s) | Best so far: epoch 100	train_loss: 0.6617 train_accuracy: 0.5705	val_loss: 0.6641 val_accuracy: 0.5668	test_loss: 0.6639 test_accuracy: 0.5640
train: {'epoch': 131, 'time_epoch': 1.7903, 'eta': 122.24401, 'eta_hours': 0.03396, 'loss': 0.65941689, 'lr': 0.00043733, 'params': 203396, 'time_iter': 0.01705, 'accuracy': 0.57229, 'f1': 0.56675, 'auc': 0.60769}
val: {'epoch': 131, 'time_epoch': 0.09351, 'loss': 0.66414506, 'lr': 0, 'params': 203396, 'time_iter': 0.0085, 'accuracy': 0.56584, 'f1': 0.55345, 'auc': 0.60035}
test: {'epoch': 131, 'time_epoch': 0.09751, 'loss': 0.66399646, 'lr': 0, 'params': 203396, 'time_iter': 0.00886, 'accuracy': 0.56374, 'f1': 0.55043, 'auc': 0.59799}
> Epoch 131: took 2.2s (avg 2.2s) | Best so far: epoch 100	train_loss: 0.6617 train_accuracy: 0.5705	val_loss: 0.6641 val_accuracy: 0.5668	test_loss: 0.6639 test_accuracy: 0.5640
train: {'epoch': 132, 'time_epoch': 1.77546, 'eta': 120.4351, 'eta_hours': 0.03345, 'loss': 0.65930401, 'lr': 0.00042696, 'params': 203396, 'time_iter': 0.01691, 'accuracy': 0.57242, 'f1': 0.56703, 'auc': 0.60815}
val: {'epoch': 132, 'time_epoch': 0.09213, 'loss': 0.6645117, 'lr': 0, 'params': 203396, 'time_iter': 0.00838, 'accuracy': 0.56627, 'f1': 0.56193, 'auc': 0.60059}
test: {'epoch': 132, 'time_epoch': 0.09005, 'loss': 0.66393311, 'lr': 0, 'params': 203396, 'time_iter': 0.00819, 'accuracy': 0.56364, 'f1': 0.55839, 'auc': 0.59876}
> Epoch 132: took 2.2s (avg 2.2s) | Best so far: epoch 100	train_loss: 0.6617 train_accuracy: 0.5705	val_loss: 0.6641 val_accuracy: 0.5668	test_loss: 0.6639 test_accuracy: 0.5640
train: {'epoch': 133, 'time_epoch': 1.77705, 'eta': 118.62747, 'eta_hours': 0.03295, 'loss': 0.6591601, 'lr': 0.00041662, 'params': 203396, 'time_iter': 0.01692, 'accuracy': 0.57272, 'f1': 0.56762, 'auc': 0.60848}
val: {'epoch': 133, 'time_epoch': 0.09215, 'loss': 0.66449299, 'lr': 0, 'params': 203396, 'time_iter': 0.00838, 'accuracy': 0.56495, 'f1': 0.5636, 'auc': 0.6006}
test: {'epoch': 133, 'time_epoch': 0.09451, 'loss': 0.66381323, 'lr': 0, 'params': 203396, 'time_iter': 0.00859, 'accuracy': 0.56296, 'f1': 0.56067, 'auc': 0.59851}
> Epoch 133: took 2.2s (avg 2.2s) | Best so far: epoch 100	train_loss: 0.6617 train_accuracy: 0.5705	val_loss: 0.6641 val_accuracy: 0.5668	test_loss: 0.6639 test_accuracy: 0.5640
train: {'epoch': 134, 'time_epoch': 1.80904, 'eta': 116.83569, 'eta_hours': 0.03245, 'loss': 0.65912134, 'lr': 0.00040631, 'params': 203396, 'time_iter': 0.01723, 'accuracy': 0.5725, 'f1': 0.56723, 'auc': 0.6086}
val: {'epoch': 134, 'time_epoch': 0.09051, 'loss': 0.66426835, 'lr': 0, 'params': 203396, 'time_iter': 0.00823, 'accuracy': 0.56525, 'f1': 0.56388, 'auc': 0.60048}
test: {'epoch': 134, 'time_epoch': 0.09116, 'loss': 0.66386629, 'lr': 0, 'params': 203396, 'time_iter': 0.00829, 'accuracy': 0.56347, 'f1': 0.56152, 'auc': 0.59869}
> Epoch 134: took 2.2s (avg 2.2s) | Best so far: epoch 100	train_loss: 0.6617 train_accuracy: 0.5705	val_loss: 0.6641 val_accuracy: 0.5668	test_loss: 0.6639 test_accuracy: 0.5640
train: {'epoch': 135, 'time_epoch': 1.74588, 'eta': 115.01394, 'eta_hours': 0.03195, 'loss': 0.65910082, 'lr': 0.00039604, 'params': 203396, 'time_iter': 0.01663, 'accuracy': 0.57231, 'f1': 0.567, 'auc': 0.60804}
val: {'epoch': 135, 'time_epoch': 0.09251, 'loss': 0.66419348, 'lr': 0, 'params': 203396, 'time_iter': 0.00841, 'accuracy': 0.565, 'f1': 0.56375, 'auc': 0.60093}
test: {'epoch': 135, 'time_epoch': 0.09551, 'loss': 0.66401643, 'lr': 0, 'params': 203396, 'time_iter': 0.00868, 'accuracy': 0.56316, 'f1': 0.56145, 'auc': 0.59868}
> Epoch 135: took 2.2s (avg 2.2s) | Best so far: epoch 100	train_loss: 0.6617 train_accuracy: 0.5705	val_loss: 0.6641 val_accuracy: 0.5668	test_loss: 0.6639 test_accuracy: 0.5640
train: {'epoch': 136, 'time_epoch': 1.88744, 'eta': 113.25839, 'eta_hours': 0.03146, 'loss': 0.65916025, 'lr': 0.00038582, 'params': 203396, 'time_iter': 0.01798, 'accuracy': 0.57255, 'f1': 0.56733, 'auc': 0.60846}
val: {'epoch': 136, 'time_epoch': 0.09368, 'loss': 0.66438783, 'lr': 0, 'params': 203396, 'time_iter': 0.00852, 'accuracy': 0.56534, 'f1': 0.55442, 'auc': 0.60003}
test: {'epoch': 136, 'time_epoch': 0.09251, 'loss': 0.66383219, 'lr': 0, 'params': 203396, 'time_iter': 0.00841, 'accuracy': 0.56331, 'f1': 0.55098, 'auc': 0.59759}
> Epoch 136: took 2.3s (avg 2.2s) | Best so far: epoch 100	train_loss: 0.6617 train_accuracy: 0.5705	val_loss: 0.6641 val_accuracy: 0.5668	test_loss: 0.6639 test_accuracy: 0.5640
train: {'epoch': 137, 'time_epoch': 1.71151, 'eta': 111.4219, 'eta_hours': 0.03095, 'loss': 0.65892557, 'lr': 0.00037566, 'params': 203396, 'time_iter': 0.0163, 'accuracy': 0.57322, 'f1': 0.56779, 'auc': 0.60865}
val: {'epoch': 137, 'time_epoch': 0.09451, 'loss': 0.66454718, 'lr': 0, 'params': 203396, 'time_iter': 0.00859, 'accuracy': 0.5656, 'f1': 0.56138, 'auc': 0.60023}
test: {'epoch': 137, 'time_epoch': 0.09451, 'loss': 0.66362609, 'lr': 0, 'params': 203396, 'time_iter': 0.00859, 'accuracy': 0.56348, 'f1': 0.55882, 'auc': 0.59837}
> Epoch 137: took 2.1s (avg 2.2s) | Best so far: epoch 100	train_loss: 0.6617 train_accuracy: 0.5705	val_loss: 0.6641 val_accuracy: 0.5668	test_loss: 0.6639 test_accuracy: 0.5640
train: {'epoch': 138, 'time_epoch': 1.77254, 'eta': 109.61398, 'eta_hours': 0.03045, 'loss': 0.65878151, 'lr': 0.00036554, 'params': 203396, 'time_iter': 0.01688, 'accuracy': 0.5727, 'f1': 0.56717, 'auc': 0.60878}
val: {'epoch': 138, 'time_epoch': 0.09751, 'loss': 0.66420751, 'lr': 0, 'params': 203396, 'time_iter': 0.00886, 'accuracy': 0.56543, 'f1': 0.55966, 'auc': 0.60046}
test: {'epoch': 138, 'time_epoch': 0.09651, 'loss': 0.66393576, 'lr': 0, 'params': 203396, 'time_iter': 0.00877, 'accuracy': 0.56342, 'f1': 0.55727, 'auc': 0.59798}
> Epoch 138: took 2.2s (avg 2.2s) | Best so far: epoch 100	train_loss: 0.6617 train_accuracy: 0.5705	val_loss: 0.6641 val_accuracy: 0.5668	test_loss: 0.6639 test_accuracy: 0.5640
train: {'epoch': 139, 'time_epoch': 1.79065, 'eta': 107.81433, 'eta_hours': 0.02995, 'loss': 0.65883775, 'lr': 0.00035548, 'params': 203396, 'time_iter': 0.01705, 'accuracy': 0.57267, 'f1': 0.56745, 'auc': 0.60857}
val: {'epoch': 139, 'time_epoch': 0.09317, 'loss': 0.66411326, 'lr': 0, 'params': 203396, 'time_iter': 0.00847, 'accuracy': 0.56645, 'f1': 0.55479, 'auc': 0.60055}
test: {'epoch': 139, 'time_epoch': 0.09251, 'loss': 0.66352531, 'lr': 0, 'params': 203396, 'time_iter': 0.00841, 'accuracy': 0.56451, 'f1': 0.55129, 'auc': 0.59836}
> Epoch 139: took 2.2s (avg 2.2s) | Best so far: epoch 100	train_loss: 0.6617 train_accuracy: 0.5705	val_loss: 0.6641 val_accuracy: 0.5668	test_loss: 0.6639 test_accuracy: 0.5640
train: {'epoch': 140, 'time_epoch': 1.85466, 'eta': 106.04159, 'eta_hours': 0.02946, 'loss': 0.6587529, 'lr': 0.00034549, 'params': 203396, 'time_iter': 0.01766, 'accuracy': 0.57265, 'f1': 0.56726, 'auc': 0.60857}
val: {'epoch': 140, 'time_epoch': 0.09351, 'loss': 0.66377049, 'lr': 0, 'params': 203396, 'time_iter': 0.0085, 'accuracy': 0.5658, 'f1': 0.55743, 'auc': 0.60074}
test: {'epoch': 140, 'time_epoch': 0.09402, 'loss': 0.6635325, 'lr': 0, 'params': 203396, 'time_iter': 0.00855, 'accuracy': 0.56418, 'f1': 0.55478, 'auc': 0.59837}
> Epoch 140: took 2.3s (avg 2.2s) | Best so far: epoch 100	train_loss: 0.6617 train_accuracy: 0.5705	val_loss: 0.6641 val_accuracy: 0.5668	test_loss: 0.6639 test_accuracy: 0.5640
train: {'epoch': 141, 'time_epoch': 1.82006, 'eta': 104.25357, 'eta_hours': 0.02896, 'loss': 0.65876063, 'lr': 0.00033557, 'params': 203396, 'time_iter': 0.01733, 'accuracy': 0.57188, 'f1': 0.56629, 'auc': 0.60835}
val: {'epoch': 141, 'time_epoch': 0.09021, 'loss': 0.66446891, 'lr': 0, 'params': 203396, 'time_iter': 0.0082, 'accuracy': 0.56559, 'f1': 0.56173, 'auc': 0.60029}
test: {'epoch': 141, 'time_epoch': 0.08952, 'loss': 0.66402458, 'lr': 0, 'params': 203396, 'time_iter': 0.00814, 'accuracy': 0.56353, 'f1': 0.55929, 'auc': 0.59826}
> Epoch 141: took 2.2s (avg 2.2s) | Best so far: epoch 100	train_loss: 0.6617 train_accuracy: 0.5705	val_loss: 0.6641 val_accuracy: 0.5668	test_loss: 0.6639 test_accuracy: 0.5640
train: {'epoch': 142, 'time_epoch': 1.74295, 'eta': 102.43436, 'eta_hours': 0.02845, 'loss': 0.65868572, 'lr': 0.00032571, 'params': 203396, 'time_iter': 0.0166, 'accuracy': 0.57244, 'f1': 0.56687, 'auc': 0.60859}
val: {'epoch': 142, 'time_epoch': 0.09451, 'loss': 0.66465055, 'lr': 0, 'params': 203396, 'time_iter': 0.00859, 'accuracy': 0.56591, 'f1': 0.56136, 'auc': 0.60058}
test: {'epoch': 142, 'time_epoch': 0.09251, 'loss': 0.66431122, 'lr': 0, 'params': 203396, 'time_iter': 0.00841, 'accuracy': 0.56405, 'f1': 0.55896, 'auc': 0.59848}
> Epoch 142: took 2.2s (avg 2.2s) | Best so far: epoch 100	train_loss: 0.6617 train_accuracy: 0.5705	val_loss: 0.6641 val_accuracy: 0.5668	test_loss: 0.6639 test_accuracy: 0.5640
train: {'epoch': 143, 'time_epoch': 1.79172, 'eta': 100.63517, 'eta_hours': 0.02795, 'loss': 0.65848972, 'lr': 0.00031594, 'params': 203396, 'time_iter': 0.01706, 'accuracy': 0.57275, 'f1': 0.56728, 'auc': 0.60915}
val: {'epoch': 143, 'time_epoch': 0.09951, 'loss': 0.66470063, 'lr': 0, 'params': 203396, 'time_iter': 0.00905, 'accuracy': 0.56539, 'f1': 0.56017, 'auc': 0.60025}
test: {'epoch': 143, 'time_epoch': 0.09651, 'loss': 0.66418462, 'lr': 0, 'params': 203396, 'time_iter': 0.00877, 'accuracy': 0.5635, 'f1': 0.55772, 'auc': 0.59787}
> Epoch 143: took 2.2s (avg 2.2s) | Best so far: epoch 100	train_loss: 0.6617 train_accuracy: 0.5705	val_loss: 0.6641 val_accuracy: 0.5668	test_loss: 0.6639 test_accuracy: 0.5640
train: {'epoch': 144, 'time_epoch': 1.8055, 'eta': 98.84132, 'eta_hours': 0.02746, 'loss': 0.65841719, 'lr': 0.00030624, 'params': 203396, 'time_iter': 0.0172, 'accuracy': 0.57321, 'f1': 0.56774, 'auc': 0.60903}
val: {'epoch': 144, 'time_epoch': 0.09002, 'loss': 0.66427454, 'lr': 0, 'params': 203396, 'time_iter': 0.00818, 'accuracy': 0.56602, 'f1': 0.56231, 'auc': 0.60084}
test: {'epoch': 144, 'time_epoch': 0.09094, 'loss': 0.66382233, 'lr': 0, 'params': 203396, 'time_iter': 0.00827, 'accuracy': 0.56403, 'f1': 0.56008, 'auc': 0.59849}
> Epoch 144: took 2.2s (avg 2.2s) | Best so far: epoch 100	train_loss: 0.6617 train_accuracy: 0.5705	val_loss: 0.6641 val_accuracy: 0.5668	test_loss: 0.6639 test_accuracy: 0.5640
train: {'epoch': 145, 'time_epoch': 1.76351, 'eta': 97.03178, 'eta_hours': 0.02695, 'loss': 0.65836996, 'lr': 0.00029663, 'params': 203396, 'time_iter': 0.0168, 'accuracy': 0.57228, 'f1': 0.56679, 'auc': 0.60882}
val: {'epoch': 145, 'time_epoch': 0.09151, 'loss': 0.6642915, 'lr': 0, 'params': 203396, 'time_iter': 0.00832, 'accuracy': 0.56515, 'f1': 0.56353, 'auc': 0.60084}
test: {'epoch': 145, 'time_epoch': 0.09137, 'loss': 0.66369026, 'lr': 0, 'params': 203396, 'time_iter': 0.00831, 'accuracy': 0.56331, 'f1': 0.56135, 'auc': 0.59882}
> Epoch 145: took 2.2s (avg 2.2s) | Best so far: epoch 100	train_loss: 0.6617 train_accuracy: 0.5705	val_loss: 0.6641 val_accuracy: 0.5668	test_loss: 0.6639 test_accuracy: 0.5640
train: {'epoch': 146, 'time_epoch': 1.81256, 'eta': 95.24054, 'eta_hours': 0.02646, 'loss': 0.6581812, 'lr': 0.00028711, 'params': 203396, 'time_iter': 0.01726, 'accuracy': 0.57208, 'f1': 0.5664, 'auc': 0.60929}
val: {'epoch': 146, 'time_epoch': 0.09702, 'loss': 0.6646349, 'lr': 0, 'params': 203396, 'time_iter': 0.00882, 'accuracy': 0.56601, 'f1': 0.55732, 'auc': 0.60044}
test: {'epoch': 146, 'time_epoch': 0.09751, 'loss': 0.66421479, 'lr': 0, 'params': 203396, 'time_iter': 0.00886, 'accuracy': 0.56407, 'f1': 0.55488, 'auc': 0.59818}
> Epoch 146: took 2.2s (avg 2.2s) | Best so far: epoch 100	train_loss: 0.6617 train_accuracy: 0.5705	val_loss: 0.6641 val_accuracy: 0.5668	test_loss: 0.6639 test_accuracy: 0.5640
train: {'epoch': 147, 'time_epoch': 1.80004, 'eta': 93.44462, 'eta_hours': 0.02596, 'loss': 0.65836005, 'lr': 0.00027768, 'params': 203396, 'time_iter': 0.01714, 'accuracy': 0.57233, 'f1': 0.56685, 'auc': 0.60852}
val: {'epoch': 147, 'time_epoch': 0.09251, 'loss': 0.66446741, 'lr': 0, 'params': 203396, 'time_iter': 0.00841, 'accuracy': 0.56549, 'f1': 0.5611, 'auc': 0.60068}
test: {'epoch': 147, 'time_epoch': 0.091, 'loss': 0.66402538, 'lr': 0, 'params': 203396, 'time_iter': 0.00827, 'accuracy': 0.56334, 'f1': 0.55864, 'auc': 0.59792}
> Epoch 147: took 2.2s (avg 2.2s) | Best so far: epoch 100	train_loss: 0.6617 train_accuracy: 0.5705	val_loss: 0.6641 val_accuracy: 0.5668	test_loss: 0.6639 test_accuracy: 0.5640
train: {'epoch': 148, 'time_epoch': 1.78682, 'eta': 91.64412, 'eta_hours': 0.02546, 'loss': 0.65806079, 'lr': 0.00026835, 'params': 203396, 'time_iter': 0.01702, 'accuracy': 0.57358, 'f1': 0.56778, 'auc': 0.60937}
val: {'epoch': 148, 'time_epoch': 0.10051, 'loss': 0.66477325, 'lr': 0, 'params': 203396, 'time_iter': 0.00914, 'accuracy': 0.56531, 'f1': 0.56215, 'auc': 0.60035}
test: {'epoch': 148, 'time_epoch': 0.09449, 'loss': 0.6638975, 'lr': 0, 'params': 203396, 'time_iter': 0.00859, 'accuracy': 0.56287, 'f1': 0.5592, 'auc': 0.59803}
> Epoch 148: took 2.2s (avg 2.2s) | Best so far: epoch 100	train_loss: 0.6617 train_accuracy: 0.5705	val_loss: 0.6641 val_accuracy: 0.5668	test_loss: 0.6639 test_accuracy: 0.5640
train: {'epoch': 149, 'time_epoch': 2.06413, 'eta': 89.93624, 'eta_hours': 0.02498, 'loss': 0.65806025, 'lr': 0.00025912, 'params': 203396, 'time_iter': 0.01966, 'accuracy': 0.57329, 'f1': 0.56774, 'auc': 0.60945}
val: {'epoch': 149, 'time_epoch': 0.09451, 'loss': 0.66449759, 'lr': 0, 'params': 203396, 'time_iter': 0.00859, 'accuracy': 0.56582, 'f1': 0.56045, 'auc': 0.60048}
test: {'epoch': 149, 'time_epoch': 0.09051, 'loss': 0.66401121, 'lr': 0, 'params': 203396, 'time_iter': 0.00823, 'accuracy': 0.56332, 'f1': 0.55734, 'auc': 0.59788}
> Epoch 149: took 2.5s (avg 2.2s) | Best so far: epoch 100	train_loss: 0.6617 train_accuracy: 0.5705	val_loss: 0.6641 val_accuracy: 0.5668	test_loss: 0.6639 test_accuracy: 0.5640
train: {'epoch': 150, 'time_epoch': 1.73797, 'eta': 88.1178, 'eta_hours': 0.02448, 'loss': 0.65783448, 'lr': 0.00025, 'params': 203396, 'time_iter': 0.01655, 'accuracy': 0.57352, 'f1': 0.56765, 'auc': 0.60964}
val: {'epoch': 150, 'time_epoch': 0.09251, 'loss': 0.66488714, 'lr': 0, 'params': 203396, 'time_iter': 0.00841, 'accuracy': 0.5661, 'f1': 0.56187, 'auc': 0.60061}
test: {'epoch': 150, 'time_epoch': 0.09051, 'loss': 0.66428195, 'lr': 0, 'params': 203396, 'time_iter': 0.00823, 'accuracy': 0.56282, 'f1': 0.55815, 'auc': 0.59747}
> Epoch 150: took 2.1s (avg 2.2s) | Best so far: epoch 100	train_loss: 0.6617 train_accuracy: 0.5705	val_loss: 0.6641 val_accuracy: 0.5668	test_loss: 0.6639 test_accuracy: 0.5640
train: {'epoch': 151, 'time_epoch': 1.8076, 'eta': 86.32241, 'eta_hours': 0.02398, 'loss': 0.65780339, 'lr': 0.00024099, 'params': 203396, 'time_iter': 0.01722, 'accuracy': 0.5729, 'f1': 0.56736, 'auc': 0.60974}
val: {'epoch': 151, 'time_epoch': 0.09251, 'loss': 0.6649316, 'lr': 0, 'params': 203396, 'time_iter': 0.00841, 'accuracy': 0.56569, 'f1': 0.55823, 'auc': 0.60014}
test: {'epoch': 151, 'time_epoch': 0.09151, 'loss': 0.66432835, 'lr': 0, 'params': 203396, 'time_iter': 0.00832, 'accuracy': 0.56374, 'f1': 0.55557, 'auc': 0.59771}
> Epoch 151: took 2.2s (avg 2.2s) | Best so far: epoch 100	train_loss: 0.6617 train_accuracy: 0.5705	val_loss: 0.6641 val_accuracy: 0.5668	test_loss: 0.6639 test_accuracy: 0.5640
train: {'epoch': 152, 'time_epoch': 1.77513, 'eta': 84.51688, 'eta_hours': 0.02348, 'loss': 0.65775865, 'lr': 0.00023209, 'params': 203396, 'time_iter': 0.01691, 'accuracy': 0.57315, 'f1': 0.5672, 'auc': 0.60936}
val: {'epoch': 152, 'time_epoch': 0.09651, 'loss': 0.6647769, 'lr': 0, 'params': 203396, 'time_iter': 0.00877, 'accuracy': 0.5655, 'f1': 0.56304, 'auc': 0.60055}
test: {'epoch': 152, 'time_epoch': 0.09085, 'loss': 0.66407999, 'lr': 0, 'params': 203396, 'time_iter': 0.00826, 'accuracy': 0.56319, 'f1': 0.55962, 'auc': 0.59799}
> Epoch 152: took 2.2s (avg 2.2s) | Best so far: epoch 100	train_loss: 0.6617 train_accuracy: 0.5705	val_loss: 0.6641 val_accuracy: 0.5668	test_loss: 0.6639 test_accuracy: 0.5640
train: {'epoch': 153, 'time_epoch': 1.78493, 'eta': 82.71468, 'eta_hours': 0.02298, 'loss': 0.65775965, 'lr': 0.0002233, 'params': 203396, 'time_iter': 0.017, 'accuracy': 0.57235, 'f1': 0.5669, 'auc': 0.60948}
val: {'epoch': 153, 'time_epoch': 0.09251, 'loss': 0.6651641, 'lr': 0, 'params': 203396, 'time_iter': 0.00841, 'accuracy': 0.5651, 'f1': 0.56387, 'auc': 0.60019}
test: {'epoch': 153, 'time_epoch': 0.08951, 'loss': 0.66446773, 'lr': 0, 'params': 203396, 'time_iter': 0.00814, 'accuracy': 0.56209, 'f1': 0.56053, 'auc': 0.59766}
> Epoch 153: took 2.2s (avg 2.2s) | Best so far: epoch 100	train_loss: 0.6617 train_accuracy: 0.5705	val_loss: 0.6641 val_accuracy: 0.5668	test_loss: 0.6639 test_accuracy: 0.5640
train: {'epoch': 154, 'time_epoch': 1.90305, 'eta': 80.94699, 'eta_hours': 0.02249, 'loss': 0.65759503, 'lr': 0.00021464, 'params': 203396, 'time_iter': 0.01812, 'accuracy': 0.5731, 'f1': 0.56746, 'auc': 0.6096}
val: {'epoch': 154, 'time_epoch': 0.09251, 'loss': 0.66531702, 'lr': 0, 'params': 203396, 'time_iter': 0.00841, 'accuracy': 0.56594, 'f1': 0.56184, 'auc': 0.59986}
test: {'epoch': 154, 'time_epoch': 0.09051, 'loss': 0.66487656, 'lr': 0, 'params': 203396, 'time_iter': 0.00823, 'accuracy': 0.56319, 'f1': 0.55841, 'auc': 0.59758}
> Epoch 154: took 2.3s (avg 2.2s) | Best so far: epoch 100	train_loss: 0.6617 train_accuracy: 0.5705	val_loss: 0.6641 val_accuracy: 0.5668	test_loss: 0.6639 test_accuracy: 0.5640
train: {'epoch': 155, 'time_epoch': 1.82603, 'eta': 79.15584, 'eta_hours': 0.02199, 'loss': 0.65777947, 'lr': 0.00020611, 'params': 203396, 'time_iter': 0.01739, 'accuracy': 0.5729, 'f1': 0.56705, 'auc': 0.60964}
val: {'epoch': 155, 'time_epoch': 0.09255, 'loss': 0.66501252, 'lr': 0, 'params': 203396, 'time_iter': 0.00841, 'accuracy': 0.5654, 'f1': 0.56105, 'auc': 0.59992}
test: {'epoch': 155, 'time_epoch': 0.09151, 'loss': 0.66436075, 'lr': 0, 'params': 203396, 'time_iter': 0.00832, 'accuracy': 0.56282, 'f1': 0.55708, 'auc': 0.59775}
> Epoch 155: took 2.2s (avg 2.2s) | Best so far: epoch 100	train_loss: 0.6617 train_accuracy: 0.5705	val_loss: 0.6641 val_accuracy: 0.5668	test_loss: 0.6639 test_accuracy: 0.5640
train: {'epoch': 156, 'time_epoch': 1.81428, 'eta': 77.36103, 'eta_hours': 0.02149, 'loss': 0.6575197, 'lr': 0.0001977, 'params': 203396, 'time_iter': 0.01728, 'accuracy': 0.57341, 'f1': 0.56774, 'auc': 0.61038}
val: {'epoch': 156, 'time_epoch': 0.09251, 'loss': 0.6653614, 'lr': 0, 'params': 203396, 'time_iter': 0.00841, 'accuracy': 0.56569, 'f1': 0.56088, 'auc': 0.59995}
test: {'epoch': 156, 'time_epoch': 0.092, 'loss': 0.66466129, 'lr': 0, 'params': 203396, 'time_iter': 0.00836, 'accuracy': 0.56305, 'f1': 0.55718, 'auc': 0.59735}
> Epoch 156: took 2.2s (avg 2.2s) | Best so far: epoch 100	train_loss: 0.6617 train_accuracy: 0.5705	val_loss: 0.6641 val_accuracy: 0.5668	test_loss: 0.6639 test_accuracy: 0.5640
train: {'epoch': 157, 'time_epoch': 1.79922, 'eta': 75.56197, 'eta_hours': 0.02099, 'loss': 0.6576141, 'lr': 0.00018943, 'params': 203396, 'time_iter': 0.01714, 'accuracy': 0.57257, 'f1': 0.56669, 'auc': 0.60934}
val: {'epoch': 157, 'time_epoch': 0.09, 'loss': 0.66521272, 'lr': 0, 'params': 203396, 'time_iter': 0.00818, 'accuracy': 0.56529, 'f1': 0.56365, 'auc': 0.60025}
test: {'epoch': 157, 'time_epoch': 0.09251, 'loss': 0.66446434, 'lr': 0, 'params': 203396, 'time_iter': 0.00841, 'accuracy': 0.56295, 'f1': 0.56038, 'auc': 0.59773}
> Epoch 157: took 2.2s (avg 2.2s) | Best so far: epoch 100	train_loss: 0.6617 train_accuracy: 0.5705	val_loss: 0.6641 val_accuracy: 0.5668	test_loss: 0.6639 test_accuracy: 0.5640
train: {'epoch': 158, 'time_epoch': 1.75126, 'eta': 73.75054, 'eta_hours': 0.02049, 'loss': 0.65736331, 'lr': 0.00018129, 'params': 203396, 'time_iter': 0.01668, 'accuracy': 0.57355, 'f1': 0.56787, 'auc': 0.61045}
val: {'epoch': 158, 'time_epoch': 0.09218, 'loss': 0.66507678, 'lr': 0, 'params': 203396, 'time_iter': 0.00838, 'accuracy': 0.56511, 'f1': 0.56006, 'auc': 0.59993}
test: {'epoch': 158, 'time_epoch': 0.09508, 'loss': 0.66450124, 'lr': 0, 'params': 203396, 'time_iter': 0.00864, 'accuracy': 0.56288, 'f1': 0.55668, 'auc': 0.59731}
> Epoch 158: took 2.2s (avg 2.2s) | Best so far: epoch 100	train_loss: 0.6617 train_accuracy: 0.5705	val_loss: 0.6641 val_accuracy: 0.5668	test_loss: 0.6639 test_accuracy: 0.5640
train: {'epoch': 159, 'time_epoch': 1.76797, 'eta': 71.94404, 'eta_hours': 0.01998, 'loss': 0.65725953, 'lr': 0.00017329, 'params': 203396, 'time_iter': 0.01684, 'accuracy': 0.57299, 'f1': 0.56721, 'auc': 0.61041}
val: {'epoch': 159, 'time_epoch': 0.09202, 'loss': 0.66505423, 'lr': 0, 'params': 203396, 'time_iter': 0.00837, 'accuracy': 0.56603, 'f1': 0.55804, 'auc': 0.60002}
test: {'epoch': 159, 'time_epoch': 0.09151, 'loss': 0.66455488, 'lr': 0, 'params': 203396, 'time_iter': 0.00832, 'accuracy': 0.56374, 'f1': 0.55418, 'auc': 0.59734}
> Epoch 159: took 2.2s (avg 2.2s) | Best so far: epoch 100	train_loss: 0.6617 train_accuracy: 0.5705	val_loss: 0.6641 val_accuracy: 0.5668	test_loss: 0.6639 test_accuracy: 0.5640
train: {'epoch': 160, 'time_epoch': 1.82059, 'eta': 70.15077, 'eta_hours': 0.01949, 'loss': 0.65721679, 'lr': 0.00016543, 'params': 203396, 'time_iter': 0.01734, 'accuracy': 0.57353, 'f1': 0.56759, 'auc': 0.61014}
val: {'epoch': 160, 'time_epoch': 0.09202, 'loss': 0.66515664, 'lr': 0, 'params': 203396, 'time_iter': 0.00837, 'accuracy': 0.56492, 'f1': 0.5609, 'auc': 0.60002}
test: {'epoch': 160, 'time_epoch': 0.09, 'loss': 0.66493279, 'lr': 0, 'params': 203396, 'time_iter': 0.00818, 'accuracy': 0.56269, 'f1': 0.55771, 'auc': 0.59692}
> Epoch 160: took 2.2s (avg 2.2s) | Best so far: epoch 100	train_loss: 0.6617 train_accuracy: 0.5705	val_loss: 0.6641 val_accuracy: 0.5668	test_loss: 0.6639 test_accuracy: 0.5640
train: {'epoch': 161, 'time_epoch': 1.8071, 'eta': 68.35399, 'eta_hours': 0.01899, 'loss': 0.65725694, 'lr': 0.00015773, 'params': 203396, 'time_iter': 0.01721, 'accuracy': 0.57375, 'f1': 0.56777, 'auc': 0.61002}
val: {'epoch': 161, 'time_epoch': 0.09151, 'loss': 0.66498486, 'lr': 0, 'params': 203396, 'time_iter': 0.00832, 'accuracy': 0.56533, 'f1': 0.56126, 'auc': 0.59991}
test: {'epoch': 161, 'time_epoch': 0.09117, 'loss': 0.6644677, 'lr': 0, 'params': 203396, 'time_iter': 0.00829, 'accuracy': 0.56275, 'f1': 0.55762, 'auc': 0.59722}
> Epoch 161: took 2.2s (avg 2.2s) | Best so far: epoch 100	train_loss: 0.6617 train_accuracy: 0.5705	val_loss: 0.6641 val_accuracy: 0.5668	test_loss: 0.6639 test_accuracy: 0.5640
train: {'epoch': 162, 'time_epoch': 1.75773, 'eta': 66.54588, 'eta_hours': 0.01848, 'loss': 0.65707414, 'lr': 0.00015017, 'params': 203396, 'time_iter': 0.01674, 'accuracy': 0.57335, 'f1': 0.56757, 'auc': 0.61066}
val: {'epoch': 162, 'time_epoch': 0.09051, 'loss': 0.66533472, 'lr': 0, 'params': 203396, 'time_iter': 0.00823, 'accuracy': 0.56543, 'f1': 0.56261, 'auc': 0.59989}
test: {'epoch': 162, 'time_epoch': 0.09151, 'loss': 0.66474916, 'lr': 0, 'params': 203396, 'time_iter': 0.00832, 'accuracy': 0.56245, 'f1': 0.55888, 'auc': 0.59707}
> Epoch 162: took 2.2s (avg 2.2s) | Best so far: epoch 100	train_loss: 0.6617 train_accuracy: 0.5705	val_loss: 0.6641 val_accuracy: 0.5668	test_loss: 0.6639 test_accuracy: 0.5640
train: {'epoch': 163, 'time_epoch': 1.79947, 'eta': 64.74755, 'eta_hours': 0.01799, 'loss': 0.65708108, 'lr': 0.00014276, 'params': 203396, 'time_iter': 0.01714, 'accuracy': 0.57346, 'f1': 0.5678, 'auc': 0.6105}
val: {'epoch': 163, 'time_epoch': 0.10176, 'loss': 0.66515243, 'lr': 0, 'params': 203396, 'time_iter': 0.00925, 'accuracy': 0.56554, 'f1': 0.56185, 'auc': 0.60016}
test: {'epoch': 163, 'time_epoch': 0.09851, 'loss': 0.66456185, 'lr': 0, 'params': 203396, 'time_iter': 0.00896, 'accuracy': 0.5626, 'f1': 0.55843, 'auc': 0.59745}
> Epoch 163: took 2.2s (avg 2.2s) | Best so far: epoch 100	train_loss: 0.6617 train_accuracy: 0.5705	val_loss: 0.6641 val_accuracy: 0.5668	test_loss: 0.6639 test_accuracy: 0.5640
train: {'epoch': 164, 'time_epoch': 1.78914, 'eta': 62.94701, 'eta_hours': 0.01749, 'loss': 0.6569366, 'lr': 0.00013552, 'params': 203396, 'time_iter': 0.01704, 'accuracy': 0.57314, 'f1': 0.56722, 'auc': 0.61047}
val: {'epoch': 164, 'time_epoch': 0.09414, 'loss': 0.66498944, 'lr': 0, 'params': 203396, 'time_iter': 0.00856, 'accuracy': 0.56535, 'f1': 0.55915, 'auc': 0.59992}
test: {'epoch': 164, 'time_epoch': 0.0915, 'loss': 0.66458969, 'lr': 0, 'params': 203396, 'time_iter': 0.00832, 'accuracy': 0.56294, 'f1': 0.55597, 'auc': 0.59729}
> Epoch 164: took 2.2s (avg 2.2s) | Best so far: epoch 100	train_loss: 0.6617 train_accuracy: 0.5705	val_loss: 0.6641 val_accuracy: 0.5668	test_loss: 0.6639 test_accuracy: 0.5640
train: {'epoch': 165, 'time_epoch': 1.76548, 'eta': 61.14176, 'eta_hours': 0.01698, 'loss': 0.65704861, 'lr': 0.00012843, 'params': 203396, 'time_iter': 0.01681, 'accuracy': 0.57295, 'f1': 0.56704, 'auc': 0.61006}
val: {'epoch': 165, 'time_epoch': 0.09209, 'loss': 0.6653423, 'lr': 0, 'params': 203396, 'time_iter': 0.00837, 'accuracy': 0.56569, 'f1': 0.55975, 'auc': 0.60005}
test: {'epoch': 165, 'time_epoch': 0.091, 'loss': 0.66443976, 'lr': 0, 'params': 203396, 'time_iter': 0.00827, 'accuracy': 0.5634, 'f1': 0.55689, 'auc': 0.59758}
> Epoch 165: took 2.2s (avg 2.2s) | Best so far: epoch 100	train_loss: 0.6617 train_accuracy: 0.5705	val_loss: 0.6641 val_accuracy: 0.5668	test_loss: 0.6639 test_accuracy: 0.5640
train: {'epoch': 166, 'time_epoch': 1.83775, 'eta': 59.35128, 'eta_hours': 0.01649, 'loss': 0.65689072, 'lr': 0.0001215, 'params': 203396, 'time_iter': 0.0175, 'accuracy': 0.57331, 'f1': 0.56738, 'auc': 0.61034}
val: {'epoch': 166, 'time_epoch': 0.10121, 'loss': 0.66529597, 'lr': 0, 'params': 203396, 'time_iter': 0.0092, 'accuracy': 0.56534, 'f1': 0.56082, 'auc': 0.59969}
test: {'epoch': 166, 'time_epoch': 0.09851, 'loss': 0.66472738, 'lr': 0, 'params': 203396, 'time_iter': 0.00896, 'accuracy': 0.56294, 'f1': 0.55778, 'auc': 0.59731}
> Epoch 166: took 2.3s (avg 2.2s) | Best so far: epoch 100	train_loss: 0.6617 train_accuracy: 0.5705	val_loss: 0.6641 val_accuracy: 0.5668	test_loss: 0.6639 test_accuracy: 0.5640
train: {'epoch': 167, 'time_epoch': 1.77055, 'eta': 57.54742, 'eta_hours': 0.01599, 'loss': 0.65685322, 'lr': 0.00011474, 'params': 203396, 'time_iter': 0.01686, 'accuracy': 0.57325, 'f1': 0.56722, 'auc': 0.61061}
val: {'epoch': 167, 'time_epoch': 0.08951, 'loss': 0.66562914, 'lr': 0, 'params': 203396, 'time_iter': 0.00814, 'accuracy': 0.56541, 'f1': 0.55977, 'auc': 0.5997}
test: {'epoch': 167, 'time_epoch': 0.09202, 'loss': 0.66474896, 'lr': 0, 'params': 203396, 'time_iter': 0.00837, 'accuracy': 0.56241, 'f1': 0.55607, 'auc': 0.5969}
> Epoch 167: took 2.2s (avg 2.2s) | Best so far: epoch 100	train_loss: 0.6617 train_accuracy: 0.5705	val_loss: 0.6641 val_accuracy: 0.5668	test_loss: 0.6639 test_accuracy: 0.5640
train: {'epoch': 168, 'time_epoch': 1.84062, 'eta': 55.75682, 'eta_hours': 0.01549, 'loss': 0.65690775, 'lr': 0.00010815, 'params': 203396, 'time_iter': 0.01753, 'accuracy': 0.57354, 'f1': 0.56774, 'auc': 0.61032}
val: {'epoch': 168, 'time_epoch': 0.09251, 'loss': 0.66547743, 'lr': 0, 'params': 203396, 'time_iter': 0.00841, 'accuracy': 0.56542, 'f1': 0.56071, 'auc': 0.59996}
test: {'epoch': 168, 'time_epoch': 0.092, 'loss': 0.66490401, 'lr': 0, 'params': 203396, 'time_iter': 0.00836, 'accuracy': 0.56275, 'f1': 0.55712, 'auc': 0.5972}
> Epoch 168: took 2.3s (avg 2.2s) | Best so far: epoch 100	train_loss: 0.6617 train_accuracy: 0.5705	val_loss: 0.6641 val_accuracy: 0.5668	test_loss: 0.6639 test_accuracy: 0.5640
train: {'epoch': 169, 'time_epoch': 1.80588, 'eta': 53.9595, 'eta_hours': 0.01499, 'loss': 0.65659351, 'lr': 0.00010174, 'params': 203396, 'time_iter': 0.0172, 'accuracy': 0.57384, 'f1': 0.56801, 'auc': 0.61118}
val: {'epoch': 169, 'time_epoch': 0.09951, 'loss': 0.66547625, 'lr': 0, 'params': 203396, 'time_iter': 0.00905, 'accuracy': 0.56544, 'f1': 0.5571, 'auc': 0.59994}
test: {'epoch': 169, 'time_epoch': 0.09873, 'loss': 0.66481109, 'lr': 0, 'params': 203396, 'time_iter': 0.00898, 'accuracy': 0.5633, 'f1': 0.55416, 'auc': 0.59698}
> Epoch 169: took 2.2s (avg 2.2s) | Best so far: epoch 100	train_loss: 0.6617 train_accuracy: 0.5705	val_loss: 0.6641 val_accuracy: 0.5668	test_loss: 0.6639 test_accuracy: 0.5640
train: {'epoch': 170, 'time_epoch': 1.86393, 'eta': 52.17192, 'eta_hours': 0.01449, 'loss': 0.65681366, 'lr': 9.549e-05, 'params': 203396, 'time_iter': 0.01775, 'accuracy': 0.57305, 'f1': 0.56694, 'auc': 0.61022}
val: {'epoch': 170, 'time_epoch': 0.10151, 'loss': 0.66522297, 'lr': 0, 'params': 203396, 'time_iter': 0.00923, 'accuracy': 0.56506, 'f1': 0.55798, 'auc': 0.59989}
test: {'epoch': 170, 'time_epoch': 0.09051, 'loss': 0.66473801, 'lr': 0, 'params': 203396, 'time_iter': 0.00823, 'accuracy': 0.56304, 'f1': 0.55565, 'auc': 0.59698}
> Epoch 170: took 2.3s (avg 2.2s) | Best so far: epoch 100	train_loss: 0.6617 train_accuracy: 0.5705	val_loss: 0.6641 val_accuracy: 0.5668	test_loss: 0.6639 test_accuracy: 0.5640
train: {'epoch': 171, 'time_epoch': 1.76102, 'eta': 50.3667, 'eta_hours': 0.01399, 'loss': 0.65671367, 'lr': 8.943e-05, 'params': 203396, 'time_iter': 0.01677, 'accuracy': 0.57361, 'f1': 0.56756, 'auc': 0.61088}
val: {'epoch': 171, 'time_epoch': 0.09101, 'loss': 0.66500125, 'lr': 0, 'params': 203396, 'time_iter': 0.00827, 'accuracy': 0.56554, 'f1': 0.55892, 'auc': 0.59998}
test: {'epoch': 171, 'time_epoch': 0.092, 'loss': 0.66468806, 'lr': 0, 'params': 203396, 'time_iter': 0.00836, 'accuracy': 0.56291, 'f1': 0.55578, 'auc': 0.59704}
> Epoch 171: took 2.2s (avg 2.2s) | Best so far: epoch 100	train_loss: 0.6617 train_accuracy: 0.5705	val_loss: 0.6641 val_accuracy: 0.5668	test_loss: 0.6639 test_accuracy: 0.5640
train: {'epoch': 172, 'time_epoch': 1.77389, 'eta': 48.564, 'eta_hours': 0.01349, 'loss': 0.65652189, 'lr': 8.354e-05, 'params': 203396, 'time_iter': 0.01689, 'accuracy': 0.5739, 'f1': 0.56792, 'auc': 0.61097}
val: {'epoch': 172, 'time_epoch': 0.08951, 'loss': 0.66566279, 'lr': 0, 'params': 203396, 'time_iter': 0.00814, 'accuracy': 0.56475, 'f1': 0.56341, 'auc': 0.59979}
test: {'epoch': 172, 'time_epoch': 0.0915, 'loss': 0.66517201, 'lr': 0, 'params': 203396, 'time_iter': 0.00832, 'accuracy': 0.56209, 'f1': 0.56002, 'auc': 0.59683}
> Epoch 172: took 2.2s (avg 2.2s) | Best so far: epoch 100	train_loss: 0.6617 train_accuracy: 0.5705	val_loss: 0.6641 val_accuracy: 0.5668	test_loss: 0.6639 test_accuracy: 0.5640
train: {'epoch': 173, 'time_epoch': 1.74496, 'eta': 46.75731, 'eta_hours': 0.01299, 'loss': 0.65648318, 'lr': 7.784e-05, 'params': 203396, 'time_iter': 0.01662, 'accuracy': 0.57429, 'f1': 0.56832, 'auc': 0.61093}
val: {'epoch': 173, 'time_epoch': 0.09154, 'loss': 0.66524737, 'lr': 0, 'params': 203396, 'time_iter': 0.00832, 'accuracy': 0.56507, 'f1': 0.56283, 'auc': 0.59995}
test: {'epoch': 173, 'time_epoch': 0.09251, 'loss': 0.66486924, 'lr': 0, 'params': 203396, 'time_iter': 0.00841, 'accuracy': 0.56222, 'f1': 0.55917, 'auc': 0.59695}
> Epoch 173: took 2.2s (avg 2.2s) | Best so far: epoch 100	train_loss: 0.6617 train_accuracy: 0.5705	val_loss: 0.6641 val_accuracy: 0.5668	test_loss: 0.6639 test_accuracy: 0.5640
train: {'epoch': 174, 'time_epoch': 1.76793, 'eta': 44.9546, 'eta_hours': 0.01249, 'loss': 0.65642318, 'lr': 7.232e-05, 'params': 203396, 'time_iter': 0.01684, 'accuracy': 0.57396, 'f1': 0.56782, 'auc': 0.61098}
val: {'epoch': 174, 'time_epoch': 0.09451, 'loss': 0.66570893, 'lr': 0, 'params': 203396, 'time_iter': 0.00859, 'accuracy': 0.5652, 'f1': 0.55946, 'auc': 0.59969}
test: {'epoch': 174, 'time_epoch': 0.09351, 'loss': 0.66508936, 'lr': 0, 'params': 203396, 'time_iter': 0.0085, 'accuracy': 0.56258, 'f1': 0.55632, 'auc': 0.5967}
> Epoch 174: took 2.2s (avg 2.2s) | Best so far: epoch 100	train_loss: 0.6617 train_accuracy: 0.5705	val_loss: 0.6641 val_accuracy: 0.5668	test_loss: 0.6639 test_accuracy: 0.5640
train: {'epoch': 175, 'time_epoch': 1.7885, 'eta': 43.1551, 'eta_hours': 0.01199, 'loss': 0.65645678, 'lr': 6.699e-05, 'params': 203396, 'time_iter': 0.01703, 'accuracy': 0.57376, 'f1': 0.5675, 'auc': 0.61085}
val: {'epoch': 175, 'time_epoch': 0.08951, 'loss': 0.66543002, 'lr': 0, 'params': 203396, 'time_iter': 0.00814, 'accuracy': 0.56458, 'f1': 0.56315, 'auc': 0.59994}
test: {'epoch': 175, 'time_epoch': 0.09051, 'loss': 0.66481484, 'lr': 0, 'params': 203396, 'time_iter': 0.00823, 'accuracy': 0.56199, 'f1': 0.55995, 'auc': 0.59683}
> Epoch 175: took 2.2s (avg 2.2s) | Best so far: epoch 100	train_loss: 0.6617 train_accuracy: 0.5705	val_loss: 0.6641 val_accuracy: 0.5668	test_loss: 0.6639 test_accuracy: 0.5640
train: {'epoch': 176, 'time_epoch': 1.79004, 'eta': 41.35592, 'eta_hours': 0.01149, 'loss': 0.65645987, 'lr': 6.185e-05, 'params': 203396, 'time_iter': 0.01705, 'accuracy': 0.57356, 'f1': 0.5676, 'auc': 0.61089}
val: {'epoch': 176, 'time_epoch': 0.09051, 'loss': 0.66572281, 'lr': 0, 'params': 203396, 'time_iter': 0.00823, 'accuracy': 0.56505, 'f1': 0.56195, 'auc': 0.5999}
test: {'epoch': 176, 'time_epoch': 0.09304, 'loss': 0.66505004, 'lr': 0, 'params': 203396, 'time_iter': 0.00846, 'accuracy': 0.56214, 'f1': 0.55827, 'auc': 0.59681}
> Epoch 176: took 2.2s (avg 2.2s) | Best so far: epoch 100	train_loss: 0.6617 train_accuracy: 0.5705	val_loss: 0.6641 val_accuracy: 0.5668	test_loss: 0.6639 test_accuracy: 0.5640
train: {'epoch': 177, 'time_epoch': 1.82895, 'eta': 39.56165, 'eta_hours': 0.01099, 'loss': 0.65640629, 'lr': 5.69e-05, 'params': 203396, 'time_iter': 0.01742, 'accuracy': 0.57356, 'f1': 0.5676, 'auc': 0.61116}
val: {'epoch': 177, 'time_epoch': 0.09151, 'loss': 0.66560045, 'lr': 0, 'params': 203396, 'time_iter': 0.00832, 'accuracy': 0.56507, 'f1': 0.5612, 'auc': 0.5998}
test: {'epoch': 177, 'time_epoch': 0.09022, 'loss': 0.6650317, 'lr': 0, 'params': 203396, 'time_iter': 0.0082, 'accuracy': 0.56241, 'f1': 0.55764, 'auc': 0.59685}
> Epoch 177: took 2.2s (avg 2.2s) | Best so far: epoch 100	train_loss: 0.6617 train_accuracy: 0.5705	val_loss: 0.6641 val_accuracy: 0.5668	test_loss: 0.6639 test_accuracy: 0.5640
train: {'epoch': 178, 'time_epoch': 1.7666, 'eta': 37.75968, 'eta_hours': 0.01049, 'loss': 0.65636047, 'lr': 5.214e-05, 'params': 203396, 'time_iter': 0.01682, 'accuracy': 0.57356, 'f1': 0.5674, 'auc': 0.61114}
val: {'epoch': 178, 'time_epoch': 0.09201, 'loss': 0.66558262, 'lr': 0, 'params': 203396, 'time_iter': 0.00836, 'accuracy': 0.56509, 'f1': 0.56253, 'auc': 0.59987}
test: {'epoch': 178, 'time_epoch': 0.09351, 'loss': 0.66499033, 'lr': 0, 'params': 203396, 'time_iter': 0.0085, 'accuracy': 0.56214, 'f1': 0.55846, 'auc': 0.59671}
> Epoch 178: took 2.2s (avg 2.2s) | Best so far: epoch 100	train_loss: 0.6617 train_accuracy: 0.5705	val_loss: 0.6641 val_accuracy: 0.5668	test_loss: 0.6639 test_accuracy: 0.5640
train: {'epoch': 179, 'time_epoch': 1.79889, 'eta': 35.96169, 'eta_hours': 0.00999, 'loss': 0.65630339, 'lr': 4.759e-05, 'params': 203396, 'time_iter': 0.01713, 'accuracy': 0.5737, 'f1': 0.56787, 'auc': 0.61117}
val: {'epoch': 179, 'time_epoch': 0.09651, 'loss': 0.66554035, 'lr': 0, 'params': 203396, 'time_iter': 0.00877, 'accuracy': 0.56543, 'f1': 0.56019, 'auc': 0.59979}
test: {'epoch': 179, 'time_epoch': 0.09601, 'loss': 0.66512398, 'lr': 0, 'params': 203396, 'time_iter': 0.00873, 'accuracy': 0.56242, 'f1': 0.55645, 'auc': 0.59651}
> Epoch 179: took 2.2s (avg 2.2s) | Best so far: epoch 100	train_loss: 0.6617 train_accuracy: 0.5705	val_loss: 0.6641 val_accuracy: 0.5668	test_loss: 0.6639 test_accuracy: 0.5640
train: {'epoch': 180, 'time_epoch': 1.80049, 'eta': 34.16386, 'eta_hours': 0.00949, 'loss': 0.65640303, 'lr': 4.323e-05, 'params': 203396, 'time_iter': 0.01715, 'accuracy': 0.57438, 'f1': 0.56826, 'auc': 0.61119}
val: {'epoch': 180, 'time_epoch': 0.08954, 'loss': 0.66561667, 'lr': 0, 'params': 203396, 'time_iter': 0.00814, 'accuracy': 0.56535, 'f1': 0.56055, 'auc': 0.59977}
test: {'epoch': 180, 'time_epoch': 0.09104, 'loss': 0.66506154, 'lr': 0, 'params': 203396, 'time_iter': 0.00828, 'accuracy': 0.56274, 'f1': 0.557, 'auc': 0.59673}
> Epoch 180: took 2.2s (avg 2.2s) | Best so far: epoch 100	train_loss: 0.6617 train_accuracy: 0.5705	val_loss: 0.6641 val_accuracy: 0.5668	test_loss: 0.6639 test_accuracy: 0.5640
train: {'epoch': 181, 'time_epoch': 1.86391, 'eta': 32.37227, 'eta_hours': 0.00899, 'loss': 0.65636259, 'lr': 3.907e-05, 'params': 203396, 'time_iter': 0.01775, 'accuracy': 0.57357, 'f1': 0.56756, 'auc': 0.61109}
val: {'epoch': 181, 'time_epoch': 0.09251, 'loss': 0.66588043, 'lr': 0, 'params': 203396, 'time_iter': 0.00841, 'accuracy': 0.56496, 'f1': 0.56147, 'auc': 0.59974}
test: {'epoch': 181, 'time_epoch': 0.09151, 'loss': 0.6652469, 'lr': 0, 'params': 203396, 'time_iter': 0.00832, 'accuracy': 0.56224, 'f1': 0.5573, 'auc': 0.59666}
> Epoch 181: took 2.3s (avg 2.2s) | Best so far: epoch 100	train_loss: 0.6617 train_accuracy: 0.5705	val_loss: 0.6641 val_accuracy: 0.5668	test_loss: 0.6639 test_accuracy: 0.5640
train: {'epoch': 182, 'time_epoch': 1.82505, 'eta': 30.57628, 'eta_hours': 0.00849, 'loss': 0.65610059, 'lr': 3.511e-05, 'params': 203396, 'time_iter': 0.01738, 'accuracy': 0.57371, 'f1': 0.56768, 'auc': 0.6115}
val: {'epoch': 182, 'time_epoch': 0.09719, 'loss': 0.6661867, 'lr': 0, 'params': 203396, 'time_iter': 0.00884, 'accuracy': 0.56464, 'f1': 0.56246, 'auc': 0.59963}
test: {'epoch': 182, 'time_epoch': 0.10112, 'loss': 0.66539538, 'lr': 0, 'params': 203396, 'time_iter': 0.00919, 'accuracy': 0.56153, 'f1': 0.55835, 'auc': 0.59657}
> Epoch 182: took 2.3s (avg 2.2s) | Best so far: epoch 100	train_loss: 0.6617 train_accuracy: 0.5705	val_loss: 0.6641 val_accuracy: 0.5668	test_loss: 0.6639 test_accuracy: 0.5640
train: {'epoch': 183, 'time_epoch': 1.80693, 'eta': 28.7784, 'eta_hours': 0.00799, 'loss': 0.65622956, 'lr': 3.136e-05, 'params': 203396, 'time_iter': 0.01721, 'accuracy': 0.5738, 'f1': 0.56768, 'auc': 0.61105}
val: {'epoch': 183, 'time_epoch': 0.09301, 'loss': 0.66565299, 'lr': 0, 'params': 203396, 'time_iter': 0.00846, 'accuracy': 0.56491, 'f1': 0.56142, 'auc': 0.59976}
test: {'epoch': 183, 'time_epoch': 0.09251, 'loss': 0.6650153, 'lr': 0, 'params': 203396, 'time_iter': 0.00841, 'accuracy': 0.56255, 'f1': 0.5579, 'auc': 0.59693}
> Epoch 183: took 2.2s (avg 2.2s) | Best so far: epoch 100	train_loss: 0.6617 train_accuracy: 0.5705	val_loss: 0.6641 val_accuracy: 0.5668	test_loss: 0.6639 test_accuracy: 0.5640
train: {'epoch': 184, 'time_epoch': 1.86645, 'eta': 26.98524, 'eta_hours': 0.0075, 'loss': 0.65628975, 'lr': 2.781e-05, 'params': 203396, 'time_iter': 0.01778, 'accuracy': 0.5738, 'f1': 0.56775, 'auc': 0.61096}
val: {'epoch': 184, 'time_epoch': 0.09551, 'loss': 0.66567636, 'lr': 0, 'params': 203396, 'time_iter': 0.00868, 'accuracy': 0.56532, 'f1': 0.56109, 'auc': 0.59971}
test: {'epoch': 184, 'time_epoch': 0.09702, 'loss': 0.66512185, 'lr': 0, 'params': 203396, 'time_iter': 0.00882, 'accuracy': 0.56249, 'f1': 0.55702, 'auc': 0.59673}
> Epoch 184: took 2.3s (avg 2.2s) | Best so far: epoch 100	train_loss: 0.6617 train_accuracy: 0.5705	val_loss: 0.6641 val_accuracy: 0.5668	test_loss: 0.6639 test_accuracy: 0.5640
train: {'epoch': 185, 'time_epoch': 1.83291, 'eta': 25.18878, 'eta_hours': 0.007, 'loss': 0.65620839, 'lr': 2.447e-05, 'params': 203396, 'time_iter': 0.01746, 'accuracy': 0.57451, 'f1': 0.56844, 'auc': 0.61154}
val: {'epoch': 185, 'time_epoch': 0.09351, 'loss': 0.66584986, 'lr': 0, 'params': 203396, 'time_iter': 0.0085, 'accuracy': 0.56478, 'f1': 0.56157, 'auc': 0.59971}
test: {'epoch': 185, 'time_epoch': 0.09451, 'loss': 0.66507187, 'lr': 0, 'params': 203396, 'time_iter': 0.00859, 'accuracy': 0.56255, 'f1': 0.55807, 'auc': 0.59682}
> Epoch 185: took 2.3s (avg 2.2s) | Best so far: epoch 100	train_loss: 0.6617 train_accuracy: 0.5705	val_loss: 0.6641 val_accuracy: 0.5668	test_loss: 0.6639 test_accuracy: 0.5640
train: {'epoch': 186, 'time_epoch': 1.73596, 'eta': 23.38518, 'eta_hours': 0.0065, 'loss': 0.65622498, 'lr': 2.134e-05, 'params': 203396, 'time_iter': 0.01653, 'accuracy': 0.57408, 'f1': 0.56784, 'auc': 0.61125}
val: {'epoch': 186, 'time_epoch': 0.09251, 'loss': 0.66533864, 'lr': 0, 'params': 203396, 'time_iter': 0.00841, 'accuracy': 0.56428, 'f1': 0.5632, 'auc': 0.59992}
test: {'epoch': 186, 'time_epoch': 0.09325, 'loss': 0.66482965, 'lr': 0, 'params': 203396, 'time_iter': 0.00848, 'accuracy': 0.56207, 'f1': 0.56045, 'auc': 0.59705}
> Epoch 186: took 2.1s (avg 2.2s) | Best so far: epoch 100	train_loss: 0.6617 train_accuracy: 0.5705	val_loss: 0.6641 val_accuracy: 0.5668	test_loss: 0.6639 test_accuracy: 0.5640
train: {'epoch': 187, 'time_epoch': 1.76975, 'eta': 21.58447, 'eta_hours': 0.006, 'loss': 0.65635162, 'lr': 1.842e-05, 'params': 203396, 'time_iter': 0.01685, 'accuracy': 0.57406, 'f1': 0.56792, 'auc': 0.61066}
val: {'epoch': 187, 'time_epoch': 0.09402, 'loss': 0.66560909, 'lr': 0, 'params': 203396, 'time_iter': 0.00855, 'accuracy': 0.56493, 'f1': 0.56197, 'auc': 0.59973}
test: {'epoch': 187, 'time_epoch': 0.09551, 'loss': 0.66503933, 'lr': 0, 'params': 203396, 'time_iter': 0.00868, 'accuracy': 0.56233, 'f1': 0.55801, 'auc': 0.59678}
> Epoch 187: took 2.2s (avg 2.2s) | Best so far: epoch 100	train_loss: 0.6617 train_accuracy: 0.5705	val_loss: 0.6641 val_accuracy: 0.5668	test_loss: 0.6639 test_accuracy: 0.5640
train: {'epoch': 188, 'time_epoch': 1.80144, 'eta': 19.78592, 'eta_hours': 0.0055, 'loss': 0.65616438, 'lr': 1.571e-05, 'params': 203396, 'time_iter': 0.01716, 'accuracy': 0.57372, 'f1': 0.56761, 'auc': 0.61138}
val: {'epoch': 188, 'time_epoch': 0.09584, 'loss': 0.66559902, 'lr': 0, 'params': 203396, 'time_iter': 0.00871, 'accuracy': 0.56495, 'f1': 0.56169, 'auc': 0.59978}
test: {'epoch': 188, 'time_epoch': 0.09251, 'loss': 0.66507638, 'lr': 0, 'params': 203396, 'time_iter': 0.00841, 'accuracy': 0.56272, 'f1': 0.55845, 'auc': 0.59686}
> Epoch 188: took 2.2s (avg 2.2s) | Best so far: epoch 100	train_loss: 0.6617 train_accuracy: 0.5705	val_loss: 0.6641 val_accuracy: 0.5668	test_loss: 0.6639 test_accuracy: 0.5640
train: {'epoch': 189, 'time_epoch': 1.7431, 'eta': 17.98427, 'eta_hours': 0.005, 'loss': 0.65617073, 'lr': 1.321e-05, 'params': 203396, 'time_iter': 0.0166, 'accuracy': 0.57389, 'f1': 0.5678, 'auc': 0.61126}
val: {'epoch': 189, 'time_epoch': 0.09202, 'loss': 0.66576151, 'lr': 0, 'params': 203396, 'time_iter': 0.00837, 'accuracy': 0.56543, 'f1': 0.56163, 'auc': 0.59969}
test: {'epoch': 189, 'time_epoch': 0.09351, 'loss': 0.66515555, 'lr': 0, 'params': 203396, 'time_iter': 0.0085, 'accuracy': 0.56265, 'f1': 0.55715, 'auc': 0.59676}
> Epoch 189: took 2.2s (avg 2.2s) | Best so far: epoch 100	train_loss: 0.6617 train_accuracy: 0.5705	val_loss: 0.6641 val_accuracy: 0.5668	test_loss: 0.6639 test_accuracy: 0.5640
train: {'epoch': 190, 'time_epoch': 1.76601, 'eta': 16.18432, 'eta_hours': 0.0045, 'loss': 0.65622876, 'lr': 1.093e-05, 'params': 203396, 'time_iter': 0.01682, 'accuracy': 0.5737, 'f1': 0.56762, 'auc': 0.61128}
val: {'epoch': 190, 'time_epoch': 0.09452, 'loss': 0.66554877, 'lr': 0, 'params': 203396, 'time_iter': 0.00859, 'accuracy': 0.56473, 'f1': 0.56283, 'auc': 0.59981}
test: {'epoch': 190, 'time_epoch': 0.09017, 'loss': 0.66493261, 'lr': 0, 'params': 203396, 'time_iter': 0.0082, 'accuracy': 0.56192, 'f1': 0.55923, 'auc': 0.59699}
> Epoch 190: took 2.2s (avg 2.2s) | Best so far: epoch 100	train_loss: 0.6617 train_accuracy: 0.5705	val_loss: 0.6641 val_accuracy: 0.5668	test_loss: 0.6639 test_accuracy: 0.5640
train: {'epoch': 191, 'time_epoch': 1.73017, 'eta': 14.38322, 'eta_hours': 0.004, 'loss': 0.65610382, 'lr': 8.86e-06, 'params': 203396, 'time_iter': 0.01648, 'accuracy': 0.57331, 'f1': 0.56726, 'auc': 0.61136}
val: {'epoch': 191, 'time_epoch': 0.09251, 'loss': 0.6658691, 'lr': 0, 'params': 203396, 'time_iter': 0.00841, 'accuracy': 0.5653, 'f1': 0.56125, 'auc': 0.59963}
test: {'epoch': 191, 'time_epoch': 0.09039, 'loss': 0.6652438, 'lr': 0, 'params': 203396, 'time_iter': 0.00822, 'accuracy': 0.56244, 'f1': 0.55707, 'auc': 0.59666}
> Epoch 191: took 2.1s (avg 2.2s) | Best so far: epoch 100	train_loss: 0.6617 train_accuracy: 0.5705	val_loss: 0.6641 val_accuracy: 0.5668	test_loss: 0.6639 test_accuracy: 0.5640
train: {'epoch': 192, 'time_epoch': 1.79172, 'eta': 12.5851, 'eta_hours': 0.0035, 'loss': 0.65613248, 'lr': 7e-06, 'params': 203396, 'time_iter': 0.01706, 'accuracy': 0.57369, 'f1': 0.56767, 'auc': 0.61134}
val: {'epoch': 192, 'time_epoch': 0.10055, 'loss': 0.66550809, 'lr': 0, 'params': 203396, 'time_iter': 0.00914, 'accuracy': 0.56474, 'f1': 0.56161, 'auc': 0.59971}
test: {'epoch': 192, 'time_epoch': 0.09551, 'loss': 0.66494783, 'lr': 0, 'params': 203396, 'time_iter': 0.00868, 'accuracy': 0.56246, 'f1': 0.55809, 'auc': 0.59689}
> Epoch 192: took 2.2s (avg 2.2s) | Best so far: epoch 100	train_loss: 0.6617 train_accuracy: 0.5705	val_loss: 0.6641 val_accuracy: 0.5668	test_loss: 0.6639 test_accuracy: 0.5640
train: {'epoch': 193, 'time_epoch': 1.83244, 'eta': 10.78829, 'eta_hours': 0.003, 'loss': 0.65608477, 'lr': 5.36e-06, 'params': 203396, 'time_iter': 0.01745, 'accuracy': 0.57424, 'f1': 0.56818, 'auc': 0.61153}
val: {'epoch': 193, 'time_epoch': 0.09702, 'loss': 0.66575826, 'lr': 0, 'params': 203396, 'time_iter': 0.00882, 'accuracy': 0.56496, 'f1': 0.56175, 'auc': 0.59967}
test: {'epoch': 193, 'time_epoch': 0.09651, 'loss': 0.66517941, 'lr': 0, 'params': 203396, 'time_iter': 0.00877, 'accuracy': 0.5625, 'f1': 0.558, 'auc': 0.59675}
> Epoch 193: took 2.3s (avg 2.2s) | Best so far: epoch 100	train_loss: 0.6617 train_accuracy: 0.5705	val_loss: 0.6641 val_accuracy: 0.5668	test_loss: 0.6639 test_accuracy: 0.5640
train: {'epoch': 194, 'time_epoch': 1.80554, 'eta': 8.99044, 'eta_hours': 0.0025, 'loss': 0.65588246, 'lr': 3.94e-06, 'params': 203396, 'time_iter': 0.0172, 'accuracy': 0.57459, 'f1': 0.56858, 'auc': 0.61218}
val: {'epoch': 194, 'time_epoch': 0.09151, 'loss': 0.66557275, 'lr': 0, 'params': 203396, 'time_iter': 0.00832, 'accuracy': 0.56438, 'f1': 0.56268, 'auc': 0.59968}
test: {'epoch': 194, 'time_epoch': 0.09251, 'loss': 0.66500311, 'lr': 0, 'params': 203396, 'time_iter': 0.00841, 'accuracy': 0.56235, 'f1': 0.56014, 'auc': 0.59691}
> Epoch 194: took 2.2s (avg 2.2s) | Best so far: epoch 100	train_loss: 0.6617 train_accuracy: 0.5705	val_loss: 0.6641 val_accuracy: 0.5668	test_loss: 0.6639 test_accuracy: 0.5640
train: {'epoch': 195, 'time_epoch': 1.93502, 'eta': 7.19514, 'eta_hours': 0.002, 'loss': 0.65619205, 'lr': 2.74e-06, 'params': 203396, 'time_iter': 0.01843, 'accuracy': 0.57359, 'f1': 0.5676, 'auc': 0.61129}
val: {'epoch': 195, 'time_epoch': 0.09256, 'loss': 0.66600312, 'lr': 0, 'params': 203396, 'time_iter': 0.00841, 'accuracy': 0.56532, 'f1': 0.56181, 'auc': 0.59954}
test: {'epoch': 195, 'time_epoch': 0.093, 'loss': 0.66549008, 'lr': 0, 'params': 203396, 'time_iter': 0.00845, 'accuracy': 0.5625, 'f1': 0.55757, 'auc': 0.59651}
> Epoch 195: took 2.3s (avg 2.2s) | Best so far: epoch 100	train_loss: 0.6617 train_accuracy: 0.5705	val_loss: 0.6641 val_accuracy: 0.5668	test_loss: 0.6639 test_accuracy: 0.5640
train: {'epoch': 196, 'time_epoch': 1.75977, 'eta': 5.39576, 'eta_hours': 0.0015, 'loss': 0.65594963, 'lr': 1.75e-06, 'params': 203396, 'time_iter': 0.01676, 'accuracy': 0.57447, 'f1': 0.56835, 'auc': 0.61194}
val: {'epoch': 196, 'time_epoch': 0.09652, 'loss': 0.66553714, 'lr': 0, 'params': 203396, 'time_iter': 0.00877, 'accuracy': 0.56487, 'f1': 0.56257, 'auc': 0.5997}
test: {'epoch': 196, 'time_epoch': 0.09251, 'loss': 0.66501399, 'lr': 0, 'params': 203396, 'time_iter': 0.00841, 'accuracy': 0.56206, 'f1': 0.55881, 'auc': 0.59681}
> Epoch 196: took 2.2s (avg 2.2s) | Best so far: epoch 100	train_loss: 0.6617 train_accuracy: 0.5705	val_loss: 0.6641 val_accuracy: 0.5668	test_loss: 0.6639 test_accuracy: 0.5640
train: {'epoch': 197, 'time_epoch': 1.81032, 'eta': 3.59729, 'eta_hours': 0.001, 'loss': 0.65617313, 'lr': 9.9e-07, 'params': 203396, 'time_iter': 0.01724, 'accuracy': 0.57342, 'f1': 0.56736, 'auc': 0.61085}
val: {'epoch': 197, 'time_epoch': 0.0945, 'loss': 0.66581497, 'lr': 0, 'params': 203396, 'time_iter': 0.00859, 'accuracy': 0.56468, 'f1': 0.56224, 'auc': 0.5996}
test: {'epoch': 197, 'time_epoch': 0.10216, 'loss': 0.66524782, 'lr': 0, 'params': 203396, 'time_iter': 0.00929, 'accuracy': 0.56243, 'f1': 0.5589, 'auc': 0.59659}
> Epoch 197: took 2.2s (avg 2.2s) | Best so far: epoch 100	train_loss: 0.6617 train_accuracy: 0.5705	val_loss: 0.6641 val_accuracy: 0.5668	test_loss: 0.6639 test_accuracy: 0.5640
train: {'epoch': 198, 'time_epoch': 1.78683, 'eta': 1.79859, 'eta_hours': 0.0005, 'loss': 0.65609536, 'lr': 4.4e-07, 'params': 203396, 'time_iter': 0.01702, 'accuracy': 0.57309, 'f1': 0.56701, 'auc': 0.61094}
val: {'epoch': 198, 'time_epoch': 0.09077, 'loss': 0.6654764, 'lr': 0, 'params': 203396, 'time_iter': 0.00825, 'accuracy': 0.56481, 'f1': 0.56215, 'auc': 0.59976}
test: {'epoch': 198, 'time_epoch': 0.09051, 'loss': 0.66488046, 'lr': 0, 'params': 203396, 'time_iter': 0.00823, 'accuracy': 0.56243, 'f1': 0.55876, 'auc': 0.59693}
> Epoch 198: took 2.2s (avg 2.2s) | Best so far: epoch 100	train_loss: 0.6617 train_accuracy: 0.5705	val_loss: 0.6641 val_accuracy: 0.5668	test_loss: 0.6639 test_accuracy: 0.5640
train: {'epoch': 199, 'time_epoch': 1.76909, 'eta': 0.0, 'eta_hours': 0.0, 'loss': 0.65595141, 'lr': 1.1e-07, 'params': 203396, 'time_iter': 0.01685, 'accuracy': 0.57377, 'f1': 0.56768, 'auc': 0.61153}
val: {'epoch': 199, 'time_epoch': 0.09251, 'loss': 0.66581808, 'lr': 0, 'params': 203396, 'time_iter': 0.00841, 'accuracy': 0.56527, 'f1': 0.56148, 'auc': 0.59962}
test: {'epoch': 199, 'time_epoch': 0.09051, 'loss': 0.66525345, 'lr': 0, 'params': 203396, 'time_iter': 0.00823, 'accuracy': 0.56227, 'f1': 0.55688, 'auc': 0.59672}
> Epoch 199: took 2.2s (avg 2.2s) | Best so far: epoch 100	train_loss: 0.6617 train_accuracy: 0.5705	val_loss: 0.6641 val_accuracy: 0.5668	test_loss: 0.6639 test_accuracy: 0.5640
Avg time per epoch: 2.21s
Total train loop time: 0.12h
Task done, results saved in results\edge-tf\0
Results aggregated across runs saved in results\edge-tf\agg
[*] All done: 2026-06-06 16:38:12.690656
