[*] Run ID 0: seed=0, split_index=0
    Starting now: 2026-06-06 15:59:32.986037
[*] Loaded dataset 'subset' from 'PyG-ZINC':
  Data(x=[277864, 1], edge_index=[2, 597970], y=[1195940], complete_edge_index=[2, 1195940])
  undirected: True
  num graphs: 12000
  avg num_nodes/graph: 23
  num node features: 1
  num edge features: 0
  num classes: 2
GraphGymModule(
  (model): GPSModel(
    (encoder): FeatureEncoder(
      (node_encoder): TypeDictNodeEncoder(
        (encoder): Embedding(28, 64)
      )
    )
    (layers): Sequential(
      (0): GPSLayer(
        summary: dim_h=64, local_gnn_type=GIN, global_model_type=None, heads=4
        (local_model): GINConv(nn=Sequential(
          (0): Linear(64, 64, bias=True)
          (1): GELU(approximate='none')
          (2): Linear(64, 64, bias=True)
        ))
        (norm1_local): BatchNorm1d(64, eps=1e-05, momentum=0.1, affine=True, track_running_stats=True)
        (norm1_attn): BatchNorm1d(64, eps=1e-05, momentum=0.1, affine=True, track_running_stats=True)
        (dropout_local): Dropout(p=0.0, inplace=False)
        (dropout_attn): Dropout(p=0.0, inplace=False)
        (ff_linear1): Linear(in_features=64, out_features=128, bias=True)
        (ff_linear2): Linear(in_features=128, out_features=64, bias=True)
        (act_fn_ff): GELU(approximate='none')
        (norm2): BatchNorm1d(64, eps=1e-05, momentum=0.1, affine=True, track_running_stats=True)
        (ff_dropout1): Dropout(p=0.0, inplace=False)
        (ff_dropout2): Dropout(p=0.0, inplace=False)
      )
      (1): GPSLayer(
        summary: dim_h=64, local_gnn_type=GIN, global_model_type=None, heads=4
        (local_model): GINConv(nn=Sequential(
          (0): Linear(64, 64, bias=True)
          (1): GELU(approximate='none')
          (2): Linear(64, 64, bias=True)
        ))
        (norm1_local): BatchNorm1d(64, eps=1e-05, momentum=0.1, affine=True, track_running_stats=True)
        (norm1_attn): BatchNorm1d(64, eps=1e-05, momentum=0.1, affine=True, track_running_stats=True)
        (dropout_local): Dropout(p=0.0, inplace=False)
        (dropout_attn): Dropout(p=0.0, inplace=False)
        (ff_linear1): Linear(in_features=64, out_features=128, bias=True)
        (ff_linear2): Linear(in_features=128, out_features=64, bias=True)
        (act_fn_ff): GELU(approximate='none')
        (norm2): BatchNorm1d(64, eps=1e-05, momentum=0.1, affine=True, track_running_stats=True)
        (ff_dropout1): Dropout(p=0.0, inplace=False)
        (ff_dropout2): Dropout(p=0.0, inplace=False)
      )
      (2): GPSLayer(
        summary: dim_h=64, local_gnn_type=GIN, global_model_type=None, heads=4
        (local_model): GINConv(nn=Sequential(
          (0): Linear(64, 64, bias=True)
          (1): GELU(approximate='none')
          (2): Linear(64, 64, bias=True)
        ))
        (norm1_local): BatchNorm1d(64, eps=1e-05, momentum=0.1, affine=True, track_running_stats=True)
        (norm1_attn): BatchNorm1d(64, eps=1e-05, momentum=0.1, affine=True, track_running_stats=True)
        (dropout_local): Dropout(p=0.0, inplace=False)
        (dropout_attn): Dropout(p=0.0, inplace=False)
        (ff_linear1): Linear(in_features=64, out_features=128, bias=True)
        (ff_linear2): Linear(in_features=128, out_features=64, bias=True)
        (act_fn_ff): GELU(approximate='none')
        (norm2): BatchNorm1d(64, eps=1e-05, momentum=0.1, affine=True, track_running_stats=True)
        (ff_dropout1): Dropout(p=0.0, inplace=False)
        (ff_dropout2): Dropout(p=0.0, inplace=False)
      )
      (3): GPSLayer(
        summary: dim_h=64, local_gnn_type=GIN, global_model_type=None, heads=4
        (local_model): GINConv(nn=Sequential(
          (0): Linear(64, 64, bias=True)
          (1): GELU(approximate='none')
          (2): Linear(64, 64, bias=True)
        ))
        (norm1_local): BatchNorm1d(64, eps=1e-05, momentum=0.1, affine=True, track_running_stats=True)
        (norm1_attn): BatchNorm1d(64, eps=1e-05, momentum=0.1, affine=True, track_running_stats=True)
        (dropout_local): Dropout(p=0.0, inplace=False)
        (dropout_attn): Dropout(p=0.0, inplace=False)
        (ff_linear1): Linear(in_features=64, out_features=128, bias=True)
        (ff_linear2): Linear(in_features=128, out_features=64, bias=True)
        (act_fn_ff): GELU(approximate='none')
        (norm2): BatchNorm1d(64, eps=1e-05, momentum=0.1, affine=True, track_running_stats=True)
        (ff_dropout1): Dropout(p=0.0, inplace=False)
        (ff_dropout2): Dropout(p=0.0, inplace=False)
      )
      (4): GPSLayer(
        summary: dim_h=64, local_gnn_type=GIN, global_model_type=None, heads=4
        (local_model): GINConv(nn=Sequential(
          (0): Linear(64, 64, bias=True)
          (1): GELU(approximate='none')
          (2): Linear(64, 64, bias=True)
        ))
        (norm1_local): BatchNorm1d(64, eps=1e-05, momentum=0.1, affine=True, track_running_stats=True)
        (norm1_attn): BatchNorm1d(64, eps=1e-05, momentum=0.1, affine=True, track_running_stats=True)
        (dropout_local): Dropout(p=0.0, inplace=False)
        (dropout_attn): Dropout(p=0.0, inplace=False)
        (ff_linear1): Linear(in_features=64, out_features=128, bias=True)
        (ff_linear2): Linear(in_features=128, out_features=64, bias=True)
        (act_fn_ff): GELU(approximate='none')
        (norm2): BatchNorm1d(64, eps=1e-05, momentum=0.1, affine=True, track_running_stats=True)
        (ff_dropout1): Dropout(p=0.0, inplace=False)
        (ff_dropout2): Dropout(p=0.0, inplace=False)
      )
      (5): GPSLayer(
        summary: dim_h=64, local_gnn_type=GIN, global_model_type=None, heads=4
        (local_model): GINConv(nn=Sequential(
          (0): Linear(64, 64, bias=True)
          (1): GELU(approximate='none')
          (2): Linear(64, 64, bias=True)
        ))
        (norm1_local): BatchNorm1d(64, eps=1e-05, momentum=0.1, affine=True, track_running_stats=True)
        (norm1_attn): BatchNorm1d(64, eps=1e-05, momentum=0.1, affine=True, track_running_stats=True)
        (dropout_local): Dropout(p=0.0, inplace=False)
        (dropout_attn): Dropout(p=0.0, inplace=False)
        (ff_linear1): Linear(in_features=64, out_features=128, bias=True)
        (ff_linear2): Linear(in_features=128, out_features=64, bias=True)
        (act_fn_ff): GELU(approximate='none')
        (norm2): BatchNorm1d(64, eps=1e-05, momentum=0.1, affine=True, track_running_stats=True)
        (ff_dropout1): Dropout(p=0.0, inplace=False)
        (ff_dropout2): Dropout(p=0.0, inplace=False)
      )
    )
    (post_mp): InferLinksHead(
      (predictor): Linear(in_features=1, out_features=2, bias=True)
    )
  )
)
accelerator: cuda
benchmark: False
bn:
  eps: 1e-05
  mom: 0.1
cfg_dest: config.yaml
custom_metrics: []
dataset:
  cache_load: False
  cache_save: False
  dir: ./datasets
  edge_dim: 128
  edge_encoder: False
  edge_encoder_bn: False
  edge_encoder_name: TypeDictEdge
  edge_encoder_num_types: 4
  edge_message_ratio: 0.8
  edge_negative_sampling_ratio: 1.0
  edge_train_mode: all
  encoder: True
  encoder_bn: True
  encoder_dim: 128
  encoder_name: db
  format: PyG-ZINC
  infer_link_label: edge
  label_column: none
  label_table: none
  location: local
  name: subset
  node_encoder: True
  node_encoder_bn: False
  node_encoder_name: TypeDictNode
  node_encoder_num_types: 28
  remove_feature: False
  resample_disjoint: False
  resample_negative: False
  shuffle_split: True
  slic_compactness: 10
  split: [0.8, 0.1, 0.1]
  split_dir: ./splits
  split_index: 0
  split_mode: standard
  task: graph
  task_type: classification_multi
  to_undirected: False
  transductive: False
  transform: none
  tu_simple: True
devices: 1
example_arg: example
example_group:
  example_arg: example
gnn:
  act: gelu
  agg: mean
  att_final_linear: False
  att_final_linear_bn: False
  att_heads: 1
  batchnorm: True
  clear_feature: True
  dim_inner: 64
  dropout: 0.0
  head: infer_links
  keep_edge: 0.5
  l2norm: True
  layer_type: generalconv
  layers_mp: 2
  layers_post_mp: 3
  layers_pre_mp: 0
  msg_direction: single
  normalize_adj: False
  residual: False
  self_msg: concat
  skip_every: 1
  stage_type: stack
gpu_mem: False
graphormer:
  attention_dropout: 0.0
  dropout: 0.0
  embed_dim: 80
  input_dropout: 0.0
  mlp_dropout: 0.0
  num_heads: 4
  num_layers: 6
  use_graph_token: True
gt:
  attn_dropout: 0.1
  batch_norm: True
  bigbird:
    add_cross_attention: False
    attention_type: block_sparse
    block_size: 3
    chunk_size_feed_forward: 0
    hidden_act: relu
    is_decoder: False
    layer_norm_eps: 1e-06
    max_position_embeddings: 128
    num_random_blocks: 3
    use_bias: False
  dim_hidden: 64
  dropout: 0.0
  full_graph: True
  gamma: 1e-05
  layer_norm: False
  layer_type: GIN+None
  layers: 6
  n_heads: 4
  pna_degrees: []
  residual: True
mem:
  inplace: False
metric_agg: argmax
metric_best: accuracy
model:
  edge_decoding: dot
  graph_pooling: add
  loss_fun: cross_entropy
  match_upper: True
  size_average: mean
  thresh: 0.5
  type: GPSModel
name_tag: 
num_threads: 6
num_workers: 0
optim:
  base_lr: 0.001
  batch_accumulation: 1
  clip_grad_norm: True
  clip_grad_norm_value: 1.0
  lr_decay: 0.1
  max_epoch: 200
  min_lr: 0.0
  momentum: 0.9
  num_warmup_epochs: 50
  optimizer: adamW
  reduce_factor: 0.1
  schedule_patience: 10
  scheduler: cosine_with_warmup
  steps: [30, 60, 90]
  weight_decay: 1e-05
out_dir: results\edge-gin
posenc_ElstaticSE:
  dim_pe: 16
  enable: False
  kernel:
    times: []
    times_func: range(10)
  layers: 3
  model: none
  n_heads: 4
  pass_as_var: False
  post_layers: 0
  raw_norm_type: none
posenc_EquivStableLapPE:
  eigen:
    eigvec_norm: L2
    laplacian_norm: sym
    max_freqs: 10
  enable: False
  raw_norm_type: none
posenc_GraphormerBias:
  dim_pe: 0
  enable: False
  node_degrees_only: False
  num_in_degrees: None
  num_out_degrees: None
  num_spatial_types: None
posenc_HKdiagSE:
  dim_pe: 16
  enable: False
  kernel:
    times: []
    times_func: 
  layers: 3
  model: none
  n_heads: 4
  pass_as_var: False
  post_layers: 0
  raw_norm_type: none
posenc_LapPE:
  dim_pe: 16
  eigen:
    eigvec_norm: L2
    laplacian_norm: none
    max_freqs: 16
  enable: False
  layers: 2
  model: DeepSet
  n_heads: 4
  pass_as_var: False
  post_layers: 0
  raw_norm_type: none
posenc_RWSE:
  dim_pe: 16
  enable: False
  kernel:
    times: []
    times_func: range(1,21)
  layers: 3
  model: Linear
  n_heads: 4
  pass_as_var: False
  post_layers: 0
  raw_norm_type: BatchNorm
posenc_SignNet:
  dim_pe: 16
  eigen:
    eigvec_norm: L2
    laplacian_norm: sym
    max_freqs: 10
  enable: False
  layers: 3
  model: none
  n_heads: 4
  pass_as_var: False
  phi_hidden_dim: 64
  phi_out_dim: 4
  post_layers: 0
  raw_norm_type: none
pretrained:
  dir: 
  freeze_main: False
  reset_prediction_head: True
print: both
round: 5
run_dir: results\edge-gin\0
run_id: 0
run_multiple_splits: []
seed: 0
share:
  dim_in: 1
  dim_out: 1
  num_splits: 3
tensorboard_agg: True
tensorboard_each_run: False
train:
  auto_resume: False
  batch_size: 96
  ckpt_best: True
  ckpt_clean: True
  ckpt_period: 100
  enable_ckpt: True
  epoch_resume: -1
  eval_period: 1
  iter_per_epoch: 32
  mode: custom
  neighbor_sizes: [20, 15, 10, 5]
  node_per_graph: 32
  radius: extend
  sample_node: False
  sampler: full_batch
  skip_train_eval: False
  walk_length: 4
val:
  node_per_graph: 32
  radius: extend
  sample_node: False
  sampler: full_batch
view_emb: False
wandb:
  entity: gtransformers
  name: 
  project: Edge
  use: False
Num parameters: 153476
Start from epoch 0
train: {'epoch': 0, 'time_epoch': 1.98882, 'eta': 395.77572, 'eta_hours': 0.10994, 'loss': 7.0183083, 'lr': 0.0, 'params': 153476, 'time_iter': 0.01894, 'accuracy': 0.67807, 'f1': 0.67048, 'auc': 0.73486}
...computing epoch stats took: 0.35s
val: {'epoch': 0, 'time_epoch': 0.09551, 'loss': 7.14731871, 'lr': 0, 'params': 153476, 'time_iter': 0.00868, 'accuracy': 0.67741, 'f1': 0.66951, 'auc': 0.73378}
...computing epoch stats took: 0.02s
test: {'epoch': 0, 'time_epoch': 0.09451, 'loss': 7.25985111, 'lr': 0, 'params': 153476, 'time_iter': 0.00859, 'accuracy': 0.68041, 'f1': 0.67228, 'auc': 0.7352}
...computing epoch stats took: 0.02s
> Epoch 0: took 2.6s (avg 2.6s) | Best so far: epoch 0	train_loss: 7.0183 train_accuracy: 0.6781	val_loss: 7.1473 val_accuracy: 0.6774	test_loss: 7.2599 test_accuracy: 0.6804
train: {'epoch': 1, 'time_epoch': 1.0418, 'eta': 300.03167, 'eta_hours': 0.08334, 'loss': 5.66448299, 'lr': 2e-05, 'params': 153476, 'time_iter': 0.00992, 'accuracy': 0.7289, 'f1': 0.72035, 'auc': 0.76856}
...computing epoch stats took: 0.19s
val: {'epoch': 1, 'time_epoch': 0.0575, 'loss': 4.83180886, 'lr': 0, 'params': 153476, 'time_iter': 0.00523, 'accuracy': 0.74801, 'f1': 0.73932, 'auc': 0.78649}
...computing epoch stats took: 0.02s
test: {'epoch': 1, 'time_epoch': 0.056, 'loss': 4.94024484, 'lr': 0, 'params': 153476, 'time_iter': 0.00509, 'accuracy': 0.74827, 'f1': 0.73965, 'auc': 0.78777}
...computing epoch stats took: 0.02s
> Epoch 1: took 1.4s (avg 2.0s) | Best so far: epoch 1	train_loss: 5.6645 train_accuracy: 0.7289	val_loss: 4.8318 val_accuracy: 0.7480	test_loss: 4.9402 test_accuracy: 0.7483
train: {'epoch': 2, 'time_epoch': 1.02665, 'eta': 266.42768, 'eta_hours': 0.07401, 'loss': 4.13186139, 'lr': 4e-05, 'params': 153476, 'time_iter': 0.00978, 'accuracy': 0.77473, 'f1': 0.76882, 'auc': 0.81004}
...computing epoch stats took: 0.19s
val: {'epoch': 2, 'time_epoch': 0.056, 'loss': 3.73458428, 'lr': 0, 'params': 153476, 'time_iter': 0.00509, 'accuracy': 0.7881, 'f1': 0.78297, 'auc': 0.8251}
...computing epoch stats took: 0.02s
test: {'epoch': 2, 'time_epoch': 0.05828, 'loss': 3.93789836, 'lr': 0, 'params': 153476, 'time_iter': 0.0053, 'accuracy': 0.78758, 'f1': 0.78241, 'auc': 0.82605}
...computing epoch stats took: 0.02s
> Epoch 2: took 1.4s (avg 1.8s) | Best so far: epoch 2	train_loss: 4.1319 train_accuracy: 0.7747	val_loss: 3.7346 val_accuracy: 0.7881	test_loss: 3.9379 test_accuracy: 0.7876
train: {'epoch': 3, 'time_epoch': 0.99393, 'eta': 247.50894, 'eta_hours': 0.06875, 'loss': 3.26405837, 'lr': 6e-05, 'params': 153476, 'time_iter': 0.00947, 'accuracy': 0.80841, 'f1': 0.80464, 'auc': 0.84364}
val: {'epoch': 3, 'time_epoch': 0.15002, 'loss': 2.91906207, 'lr': 0, 'params': 153476, 'time_iter': 0.01364, 'accuracy': 0.8249, 'f1': 0.82178, 'auc': 0.85452}
test: {'epoch': 3, 'time_epoch': 0.0535, 'loss': 3.34276108, 'lr': 0, 'params': 153476, 'time_iter': 0.00486, 'accuracy': 0.82527, 'f1': 0.8222, 'auc': 0.85725}
> Epoch 3: took 1.4s (avg 1.7s) | Best so far: epoch 3	train_loss: 3.2641 train_accuracy: 0.8084	val_loss: 2.9191 val_accuracy: 0.8249	test_loss: 3.3428 test_accuracy: 0.8253
train: {'epoch': 4, 'time_epoch': 1.02095, 'eta': 236.81412, 'eta_hours': 0.06578, 'loss': 2.7196687, 'lr': 8e-05, 'params': 153476, 'time_iter': 0.00972, 'accuracy': 0.83473, 'f1': 0.83226, 'auc': 0.86748}
val: {'epoch': 4, 'time_epoch': 0.06217, 'loss': 2.35233014, 'lr': 0, 'params': 153476, 'time_iter': 0.00565, 'accuracy': 0.84924, 'f1': 0.84722, 'auc': 0.87949}
test: {'epoch': 4, 'time_epoch': 0.06151, 'loss': 3.0666225, 'lr': 0, 'params': 153476, 'time_iter': 0.00559, 'accuracy': 0.84936, 'f1': 0.84729, 'auc': 0.88076}
> Epoch 4: took 1.4s (avg 1.6s) | Best so far: epoch 4	train_loss: 2.7197 train_accuracy: 0.8347	val_loss: 2.3523 val_accuracy: 0.8492	test_loss: 3.0666 test_accuracy: 0.8494
train: {'epoch': 5, 'time_epoch': 1.07236, 'eta': 231.00596, 'eta_hours': 0.06417, 'loss': 2.35676224, 'lr': 0.0001, 'params': 153476, 'time_iter': 0.01021, 'accuracy': 0.85238, 'f1': 0.85058, 'auc': 0.88524}
val: {'epoch': 5, 'time_epoch': 0.06451, 'loss': 2.06358883, 'lr': 0, 'params': 153476, 'time_iter': 0.00586, 'accuracy': 0.85174, 'f1': 0.84968, 'auc': 0.88862}
test: {'epoch': 5, 'time_epoch': 0.061, 'loss': 2.91762692, 'lr': 0, 'params': 153476, 'time_iter': 0.00555, 'accuracy': 0.85195, 'f1': 0.84986, 'auc': 0.89038}
> Epoch 5: took 1.4s (avg 1.6s) | Best so far: epoch 5	train_loss: 2.3568 train_accuracy: 0.8524	val_loss: 2.0636 val_accuracy: 0.8517	test_loss: 2.9176 test_accuracy: 0.8519
train: {'epoch': 6, 'time_epoch': 1.04866, 'eta': 225.8974, 'eta_hours': 0.06275, 'loss': 2.12655579, 'lr': 0.00012, 'params': 153476, 'time_iter': 0.00999, 'accuracy': 0.86156, 'f1': 0.86, 'auc': 0.89856}
val: {'epoch': 6, 'time_epoch': 0.0611, 'loss': 1.79434299, 'lr': 0, 'params': 153476, 'time_iter': 0.00555, 'accuracy': 0.86859, 'f1': 0.86696, 'auc': 0.90518}
test: {'epoch': 6, 'time_epoch': 0.06551, 'loss': 2.45224529, 'lr': 0, 'params': 153476, 'time_iter': 0.00596, 'accuracy': 0.86871, 'f1': 0.86711, 'auc': 0.90649}
> Epoch 6: took 1.4s (avg 1.6s) | Best so far: epoch 6	train_loss: 2.1266 train_accuracy: 0.8616	val_loss: 1.7943 val_accuracy: 0.8686	test_loss: 2.4522 test_accuracy: 0.8687
train: {'epoch': 7, 'time_epoch': 1.09416, 'eta': 222.89602, 'eta_hours': 0.06192, 'loss': 1.92995192, 'lr': 0.00014, 'params': 153476, 'time_iter': 0.01042, 'accuracy': 0.87064, 'f1': 0.86935, 'auc': 0.90797}
val: {'epoch': 7, 'time_epoch': 0.06301, 'loss': 1.95787533, 'lr': 0, 'params': 153476, 'time_iter': 0.00573, 'accuracy': 0.87403, 'f1': 0.87255, 'auc': 0.9147}
test: {'epoch': 7, 'time_epoch': 0.058, 'loss': 2.47820639, 'lr': 0, 'params': 153476, 'time_iter': 0.00527, 'accuracy': 0.87424, 'f1': 0.87274, 'auc': 0.91524}
> Epoch 7: took 1.5s (avg 1.6s) | Best so far: epoch 7	train_loss: 1.9300 train_accuracy: 0.8706	val_loss: 1.9579 val_accuracy: 0.8740	test_loss: 2.4782 test_accuracy: 0.8742
train: {'epoch': 8, 'time_epoch': 1.05911, 'eta': 219.57459, 'eta_hours': 0.06099, 'loss': 1.74770371, 'lr': 0.00016, 'params': 153476, 'time_iter': 0.01009, 'accuracy': 0.87542, 'f1': 0.87427, 'auc': 0.91336}
val: {'epoch': 8, 'time_epoch': 0.06251, 'loss': 1.85008887, 'lr': 0, 'params': 153476, 'time_iter': 0.00568, 'accuracy': 0.88409, 'f1': 0.88288, 'auc': 0.92167}
test: {'epoch': 8, 'time_epoch': 0.07651, 'loss': 2.03090118, 'lr': 0, 'params': 153476, 'time_iter': 0.00696, 'accuracy': 0.88449, 'f1': 0.8833, 'auc': 0.92193}
> Epoch 8: took 1.4s (avg 1.5s) | Best so far: epoch 8	train_loss: 1.7477 train_accuracy: 0.8754	val_loss: 1.8501 val_accuracy: 0.8841	test_loss: 2.0309 test_accuracy: 0.8845
train: {'epoch': 9, 'time_epoch': 1.04859, 'eta': 216.50568, 'eta_hours': 0.06014, 'loss': 1.61999636, 'lr': 0.00018, 'params': 153476, 'time_iter': 0.00999, 'accuracy': 0.8832, 'f1': 0.88212, 'auc': 0.92101}
val: {'epoch': 9, 'time_epoch': 0.061, 'loss': 1.79265798, 'lr': 0, 'params': 153476, 'time_iter': 0.00555, 'accuracy': 0.88481, 'f1': 0.88348, 'auc': 0.92591}
test: {'epoch': 9, 'time_epoch': 0.065, 'loss': 1.91902452, 'lr': 0, 'params': 153476, 'time_iter': 0.00591, 'accuracy': 0.88483, 'f1': 0.88351, 'auc': 0.92577}
> Epoch 9: took 1.4s (avg 1.5s) | Best so far: epoch 9	train_loss: 1.6200 train_accuracy: 0.8832	val_loss: 1.7927 val_accuracy: 0.8848	test_loss: 1.9190 test_accuracy: 0.8848
train: {'epoch': 10, 'time_epoch': 1.05288, 'eta': 213.87778, 'eta_hours': 0.05941, 'loss': 1.47498817, 'lr': 0.0002, 'params': 153476, 'time_iter': 0.01003, 'accuracy': 0.89042, 'f1': 0.88946, 'auc': 0.92616}
val: {'epoch': 10, 'time_epoch': 0.06051, 'loss': 1.87556854, 'lr': 0, 'params': 153476, 'time_iter': 0.0055, 'accuracy': 0.89227, 'f1': 0.89122, 'auc': 0.92843}
test: {'epoch': 10, 'time_epoch': 0.05951, 'loss': 1.81947272, 'lr': 0, 'params': 153476, 'time_iter': 0.00541, 'accuracy': 0.8933, 'f1': 0.89227, 'auc': 0.92791}
> Epoch 10: took 1.4s (avg 1.5s) | Best so far: epoch 10	train_loss: 1.4750 train_accuracy: 0.8904	val_loss: 1.8756 val_accuracy: 0.8923	test_loss: 1.8195 test_accuracy: 0.8933
train: {'epoch': 11, 'time_epoch': 1.04631, 'eta': 211.40954, 'eta_hours': 0.05872, 'loss': 1.36401835, 'lr': 0.00022, 'params': 153476, 'time_iter': 0.00996, 'accuracy': 0.89178, 'f1': 0.89096, 'auc': 0.92497}
val: {'epoch': 11, 'time_epoch': 0.06051, 'loss': 1.52499812, 'lr': 0, 'params': 153476, 'time_iter': 0.0055, 'accuracy': 0.88439, 'f1': 0.88339, 'auc': 0.9241}
test: {'epoch': 11, 'time_epoch': 0.0585, 'loss': 1.32264007, 'lr': 0, 'params': 153476, 'time_iter': 0.00532, 'accuracy': 0.88574, 'f1': 0.8848, 'auc': 0.92427}
> Epoch 11: took 1.4s (avg 1.5s) | Best so far: epoch 10	train_loss: 1.4750 train_accuracy: 0.8904	val_loss: 1.8756 val_accuracy: 0.8923	test_loss: 1.8195 test_accuracy: 0.8933
train: {'epoch': 12, 'time_epoch': 1.04551, 'eta': 209.14852, 'eta_hours': 0.0581, 'loss': 1.26135644, 'lr': 0.00024, 'params': 153476, 'time_iter': 0.00996, 'accuracy': 0.89286, 'f1': 0.89203, 'auc': 0.92624}
val: {'epoch': 12, 'time_epoch': 0.061, 'loss': 1.9608883, 'lr': 0, 'params': 153476, 'time_iter': 0.00555, 'accuracy': 0.88758, 'f1': 0.88628, 'auc': 0.9311}
test: {'epoch': 12, 'time_epoch': 0.0675, 'loss': 1.55666522, 'lr': 0, 'params': 153476, 'time_iter': 0.00614, 'accuracy': 0.88671, 'f1': 0.88539, 'auc': 0.93102}
> Epoch 12: took 1.4s (avg 1.5s) | Best so far: epoch 10	train_loss: 1.4750 train_accuracy: 0.8904	val_loss: 1.8756 val_accuracy: 0.8923	test_loss: 1.8195 test_accuracy: 0.8933
train: {'epoch': 13, 'time_epoch': 1.04822, 'eta': 207.09716, 'eta_hours': 0.05753, 'loss': 1.1056479, 'lr': 0.00026, 'params': 153476, 'time_iter': 0.00998, 'accuracy': 0.88996, 'f1': 0.88925, 'auc': 0.92385}
val: {'epoch': 13, 'time_epoch': 0.063, 'loss': 2.13556839, 'lr': 0, 'params': 153476, 'time_iter': 0.00573, 'accuracy': 0.89222, 'f1': 0.89112, 'auc': 0.92658}
test: {'epoch': 13, 'time_epoch': 0.062, 'loss': 1.62334899, 'lr': 0, 'params': 153476, 'time_iter': 0.00564, 'accuracy': 0.89323, 'f1': 0.89218, 'auc': 0.92554}
> Epoch 13: took 1.4s (avg 1.5s) | Best so far: epoch 10	train_loss: 1.4750 train_accuracy: 0.8904	val_loss: 1.8756 val_accuracy: 0.8923	test_loss: 1.8195 test_accuracy: 0.8933
train: {'epoch': 14, 'time_epoch': 1.04129, 'eta': 205.09405, 'eta_hours': 0.05697, 'loss': 1.02615209, 'lr': 0.00028, 'params': 153476, 'time_iter': 0.00992, 'accuracy': 0.8924, 'f1': 0.89152, 'auc': 0.92429}
val: {'epoch': 14, 'time_epoch': 0.06252, 'loss': 1.75749869, 'lr': 0, 'params': 153476, 'time_iter': 0.00568, 'accuracy': 0.89106, 'f1': 0.88994, 'auc': 0.93083}
test: {'epoch': 14, 'time_epoch': 0.061, 'loss': 1.62892287, 'lr': 0, 'params': 153476, 'time_iter': 0.00555, 'accuracy': 0.89128, 'f1': 0.89017, 'auc': 0.93199}
> Epoch 14: took 1.4s (avg 1.5s) | Best so far: epoch 10	train_loss: 1.4750 train_accuracy: 0.8904	val_loss: 1.8756 val_accuracy: 0.8923	test_loss: 1.8195 test_accuracy: 0.8933
train: {'epoch': 15, 'time_epoch': 1.05485, 'eta': 203.36708, 'eta_hours': 0.05649, 'loss': 1.13985483, 'lr': 0.0003, 'params': 153476, 'time_iter': 0.01005, 'accuracy': 0.90275, 'f1': 0.90209, 'auc': 0.93516}
val: {'epoch': 15, 'time_epoch': 0.06406, 'loss': 0.94032332, 'lr': 0, 'params': 153476, 'time_iter': 0.00582, 'accuracy': 0.89214, 'f1': 0.89121, 'auc': 0.92358}
test: {'epoch': 15, 'time_epoch': 0.06551, 'loss': 0.83176436, 'lr': 0, 'params': 153476, 'time_iter': 0.00596, 'accuracy': 0.89114, 'f1': 0.8902, 'auc': 0.92178}
> Epoch 15: took 1.4s (avg 1.5s) | Best so far: epoch 10	train_loss: 1.4750 train_accuracy: 0.8904	val_loss: 1.8756 val_accuracy: 0.8923	test_loss: 1.8195 test_accuracy: 0.8933
train: {'epoch': 16, 'time_epoch': 1.04344, 'eta': 201.59644, 'eta_hours': 0.056, 'loss': 0.9346434, 'lr': 0.00032, 'params': 153476, 'time_iter': 0.00994, 'accuracy': 0.89443, 'f1': 0.89357, 'auc': 0.92605}
val: {'epoch': 16, 'time_epoch': 0.05951, 'loss': 1.3364236, 'lr': 0, 'params': 153476, 'time_iter': 0.00541, 'accuracy': 0.89939, 'f1': 0.89859, 'auc': 0.93366}
test: {'epoch': 16, 'time_epoch': 0.06119, 'loss': 1.0993764, 'lr': 0, 'params': 153476, 'time_iter': 0.00556, 'accuracy': 0.90051, 'f1': 0.89972, 'auc': 0.93368}
> Epoch 16: took 1.4s (avg 1.5s) | Best so far: epoch 16	train_loss: 0.9346 train_accuracy: 0.8944	val_loss: 1.3364 val_accuracy: 0.8994	test_loss: 1.0994 test_accuracy: 0.9005
train: {'epoch': 17, 'time_epoch': 1.14875, 'eta': 200.97133, 'eta_hours': 0.05583, 'loss': 1.00214524, 'lr': 0.00034, 'params': 153476, 'time_iter': 0.01094, 'accuracy': 0.9067, 'f1': 0.90599, 'auc': 0.93671}
val: {'epoch': 17, 'time_epoch': 0.061, 'loss': 0.46474524, 'lr': 0, 'params': 153476, 'time_iter': 0.00555, 'accuracy': 0.89141, 'f1': 0.89018, 'auc': 0.93421}
test: {'epoch': 17, 'time_epoch': 0.058, 'loss': 0.88426838, 'lr': 0, 'params': 153476, 'time_iter': 0.00527, 'accuracy': 0.89405, 'f1': 0.89291, 'auc': 0.93458}
> Epoch 17: took 1.5s (avg 1.5s) | Best so far: epoch 16	train_loss: 0.9346 train_accuracy: 0.8944	val_loss: 1.3364 val_accuracy: 0.8994	test_loss: 1.0994 test_accuracy: 0.9005
train: {'epoch': 18, 'time_epoch': 1.05153, 'eta': 199.36499, 'eta_hours': 0.05538, 'loss': 0.76826533, 'lr': 0.00036, 'params': 153476, 'time_iter': 0.01001, 'accuracy': 0.9095, 'f1': 0.90895, 'auc': 0.93696}
val: {'epoch': 18, 'time_epoch': 0.062, 'loss': 2.01149962, 'lr': 0, 'params': 153476, 'time_iter': 0.00564, 'accuracy': 0.89595, 'f1': 0.89485, 'auc': 0.93634}
test: {'epoch': 18, 'time_epoch': 0.064, 'loss': 2.08621189, 'lr': 0, 'params': 153476, 'time_iter': 0.00582, 'accuracy': 0.89715, 'f1': 0.8961, 'auc': 0.93636}
> Epoch 18: took 1.4s (avg 1.5s) | Best so far: epoch 16	train_loss: 0.9346 train_accuracy: 0.8944	val_loss: 1.3364 val_accuracy: 0.8994	test_loss: 1.0994 test_accuracy: 0.9005
train: {'epoch': 19, 'time_epoch': 1.07196, 'eta': 197.99799, 'eta_hours': 0.055, 'loss': 0.74359363, 'lr': 0.00038, 'params': 153476, 'time_iter': 0.01021, 'accuracy': 0.91246, 'f1': 0.91191, 'auc': 0.94051}
val: {'epoch': 19, 'time_epoch': 0.07151, 'loss': 0.95123018, 'lr': 0, 'params': 153476, 'time_iter': 0.0065, 'accuracy': 0.91085, 'f1': 0.91021, 'auc': 0.94316}
test: {'epoch': 19, 'time_epoch': 0.06951, 'loss': 0.8373376, 'lr': 0, 'params': 153476, 'time_iter': 0.00632, 'accuracy': 0.91021, 'f1': 0.90955, 'auc': 0.94311}
> Epoch 19: took 1.5s (avg 1.5s) | Best so far: epoch 19	train_loss: 0.7436 train_accuracy: 0.9125	val_loss: 0.9512 val_accuracy: 0.9109	test_loss: 0.8373 test_accuracy: 0.9102
train: {'epoch': 20, 'time_epoch': 1.14296, 'eta': 197.26431, 'eta_hours': 0.0548, 'loss': 0.6180395, 'lr': 0.0004, 'params': 153476, 'time_iter': 0.01089, 'accuracy': 0.91731, 'f1': 0.91683, 'auc': 0.94417}
val: {'epoch': 20, 'time_epoch': 0.06268, 'loss': 0.34719289, 'lr': 0, 'params': 153476, 'time_iter': 0.0057, 'accuracy': 0.9062, 'f1': 0.90549, 'auc': 0.93497}
test: {'epoch': 20, 'time_epoch': 0.063, 'loss': 0.7832883, 'lr': 0, 'params': 153476, 'time_iter': 0.00573, 'accuracy': 0.907, 'f1': 0.90631, 'auc': 0.93496}
> Epoch 20: took 1.5s (avg 1.5s) | Best so far: epoch 19	train_loss: 0.7436 train_accuracy: 0.9125	val_loss: 0.9512 val_accuracy: 0.9109	test_loss: 0.8373 test_accuracy: 0.9102
train: {'epoch': 21, 'time_epoch': 1.07587, 'eta': 195.95061, 'eta_hours': 0.05443, 'loss': 0.60123402, 'lr': 0.00042, 'params': 153476, 'time_iter': 0.01025, 'accuracy': 0.91621, 'f1': 0.91572, 'auc': 0.94034}
val: {'epoch': 21, 'time_epoch': 0.06108, 'loss': 0.33000666, 'lr': 0, 'params': 153476, 'time_iter': 0.00555, 'accuracy': 0.90981, 'f1': 0.90911, 'auc': 0.94224}
test: {'epoch': 21, 'time_epoch': 0.05805, 'loss': 1.71424076, 'lr': 0, 'params': 153476, 'time_iter': 0.00528, 'accuracy': 0.90956, 'f1': 0.90885, 'auc': 0.94269}
> Epoch 21: took 1.4s (avg 1.5s) | Best so far: epoch 19	train_loss: 0.7436 train_accuracy: 0.9125	val_loss: 0.9512 val_accuracy: 0.9109	test_loss: 0.8373 test_accuracy: 0.9102
train: {'epoch': 22, 'time_epoch': 1.09554, 'eta': 194.80889, 'eta_hours': 0.05411, 'loss': 0.66689642, 'lr': 0.00044, 'params': 153476, 'time_iter': 0.01043, 'accuracy': 0.92222, 'f1': 0.92181, 'auc': 0.94626}
val: {'epoch': 22, 'time_epoch': 0.061, 'loss': 0.29871297, 'lr': 0, 'params': 153476, 'time_iter': 0.00555, 'accuracy': 0.91649, 'f1': 0.91596, 'auc': 0.94291}
test: {'epoch': 22, 'time_epoch': 0.05871, 'loss': 1.43667942, 'lr': 0, 'params': 153476, 'time_iter': 0.00534, 'accuracy': 0.91667, 'f1': 0.91616, 'auc': 0.94319}
> Epoch 22: took 1.5s (avg 1.5s) | Best so far: epoch 22	train_loss: 0.6669 train_accuracy: 0.9222	val_loss: 0.2987 val_accuracy: 0.9165	test_loss: 1.4367 test_accuracy: 0.9167
train: {'epoch': 23, 'time_epoch': 1.10131, 'eta': 193.71341, 'eta_hours': 0.05381, 'loss': 0.61620166, 'lr': 0.00046, 'params': 153476, 'time_iter': 0.01049, 'accuracy': 0.92292, 'f1': 0.92252, 'auc': 0.94627}
val: {'epoch': 23, 'time_epoch': 0.06, 'loss': 0.36378637, 'lr': 0, 'params': 153476, 'time_iter': 0.00545, 'accuracy': 0.92401, 'f1': 0.92363, 'auc': 0.94793}
test: {'epoch': 23, 'time_epoch': 0.0575, 'loss': 0.65567181, 'lr': 0, 'params': 153476, 'time_iter': 0.00523, 'accuracy': 0.9242, 'f1': 0.92382, 'auc': 0.94783}
> Epoch 23: took 1.5s (avg 1.5s) | Best so far: epoch 23	train_loss: 0.6162 train_accuracy: 0.9229	val_loss: 0.3638 val_accuracy: 0.9240	test_loss: 0.6557 test_accuracy: 0.9242
train: {'epoch': 24, 'time_epoch': 1.14691, 'eta': 192.93663, 'eta_hours': 0.05359, 'loss': 0.46787416, 'lr': 0.00048, 'params': 153476, 'time_iter': 0.01092, 'accuracy': 0.92636, 'f1': 0.926, 'auc': 0.94744}
val: {'epoch': 24, 'time_epoch': 0.06051, 'loss': 0.28903661, 'lr': 0, 'params': 153476, 'time_iter': 0.0055, 'accuracy': 0.91918, 'f1': 0.9187, 'auc': 0.94678}
test: {'epoch': 24, 'time_epoch': 0.06, 'loss': 1.47321572, 'lr': 0, 'params': 153476, 'time_iter': 0.00545, 'accuracy': 0.91964, 'f1': 0.91916, 'auc': 0.94729}
> Epoch 24: took 1.5s (avg 1.5s) | Best so far: epoch 23	train_loss: 0.6162 train_accuracy: 0.9229	val_loss: 0.3638 val_accuracy: 0.9240	test_loss: 0.6557 test_accuracy: 0.9242
train: {'epoch': 25, 'time_epoch': 1.16393, 'eta': 192.24529, 'eta_hours': 0.0534, 'loss': 0.53827741, 'lr': 0.0005, 'params': 153476, 'time_iter': 0.01109, 'accuracy': 0.92754, 'f1': 0.92721, 'auc': 0.94861}
val: {'epoch': 25, 'time_epoch': 0.06151, 'loss': 0.28444271, 'lr': 0, 'params': 153476, 'time_iter': 0.00559, 'accuracy': 0.91902, 'f1': 0.91852, 'auc': 0.9492}
test: {'epoch': 25, 'time_epoch': 0.05951, 'loss': 2.86613445, 'lr': 0, 'params': 153476, 'time_iter': 0.00541, 'accuracy': 0.91972, 'f1': 0.91923, 'auc': 0.94949}
> Epoch 25: took 1.5s (avg 1.5s) | Best so far: epoch 23	train_loss: 0.6162 train_accuracy: 0.9229	val_loss: 0.3638 val_accuracy: 0.9240	test_loss: 0.6557 test_accuracy: 0.9242
train: {'epoch': 26, 'time_epoch': 1.12368, 'eta': 191.26103, 'eta_hours': 0.05313, 'loss': 0.47741588, 'lr': 0.00052, 'params': 153476, 'time_iter': 0.0107, 'accuracy': 0.93053, 'f1': 0.93023, 'auc': 0.95126}
val: {'epoch': 26, 'time_epoch': 0.06051, 'loss': 0.50108848, 'lr': 0, 'params': 153476, 'time_iter': 0.0055, 'accuracy': 0.92369, 'f1': 0.92327, 'auc': 0.95093}
test: {'epoch': 26, 'time_epoch': 0.058, 'loss': 2.61136727, 'lr': 0, 'params': 153476, 'time_iter': 0.00527, 'accuracy': 0.92401, 'f1': 0.9236, 'auc': 0.95177}
> Epoch 26: took 1.5s (avg 1.5s) | Best so far: epoch 23	train_loss: 0.6162 train_accuracy: 0.9229	val_loss: 0.3638 val_accuracy: 0.9240	test_loss: 0.6557 test_accuracy: 0.9242
train: {'epoch': 27, 'time_epoch': 1.13534, 'eta': 190.33841, 'eta_hours': 0.05287, 'loss': 0.41196742, 'lr': 0.00054, 'params': 153476, 'time_iter': 0.01081, 'accuracy': 0.93317, 'f1': 0.93291, 'auc': 0.95285}
val: {'epoch': 27, 'time_epoch': 0.06251, 'loss': 0.27349269, 'lr': 0, 'params': 153476, 'time_iter': 0.00568, 'accuracy': 0.92377, 'f1': 0.92335, 'auc': 0.95075}
test: {'epoch': 27, 'time_epoch': 0.06, 'loss': 1.27194137, 'lr': 0, 'params': 153476, 'time_iter': 0.00545, 'accuracy': 0.92296, 'f1': 0.92254, 'auc': 0.95094}
> Epoch 27: took 1.5s (avg 1.5s) | Best so far: epoch 23	train_loss: 0.6162 train_accuracy: 0.9229	val_loss: 0.3638 val_accuracy: 0.9240	test_loss: 0.6557 test_accuracy: 0.9242
train: {'epoch': 28, 'time_epoch': 1.13036, 'eta': 189.3718, 'eta_hours': 0.0526, 'loss': 0.43400297, 'lr': 0.00056, 'params': 153476, 'time_iter': 0.01077, 'accuracy': 0.93201, 'f1': 0.93173, 'auc': 0.95072}
val: {'epoch': 28, 'time_epoch': 0.06251, 'loss': 0.39221372, 'lr': 0, 'params': 153476, 'time_iter': 0.00568, 'accuracy': 0.91174, 'f1': 0.9111, 'auc': 0.93761}
test: {'epoch': 28, 'time_epoch': 0.06072, 'loss': 2.107636, 'lr': 0, 'params': 153476, 'time_iter': 0.00552, 'accuracy': 0.91248, 'f1': 0.91186, 'auc': 0.93829}
> Epoch 28: took 1.5s (avg 1.5s) | Best so far: epoch 23	train_loss: 0.6162 train_accuracy: 0.9229	val_loss: 0.3638 val_accuracy: 0.9240	test_loss: 0.6557 test_accuracy: 0.9242
train: {'epoch': 29, 'time_epoch': 1.17486, 'eta': 188.64641, 'eta_hours': 0.0524, 'loss': 0.40653103, 'lr': 0.00058, 'params': 153476, 'time_iter': 0.01119, 'accuracy': 0.93655, 'f1': 0.93631, 'auc': 0.95459}
val: {'epoch': 29, 'time_epoch': 0.06151, 'loss': 0.26050653, 'lr': 0, 'params': 153476, 'time_iter': 0.00559, 'accuracy': 0.93282, 'f1': 0.93253, 'auc': 0.95311}
test: {'epoch': 29, 'time_epoch': 0.06051, 'loss': 1.43470592, 'lr': 0, 'params': 153476, 'time_iter': 0.0055, 'accuracy': 0.93329, 'f1': 0.93301, 'auc': 0.9541}
> Epoch 29: took 1.5s (avg 1.5s) | Best so far: epoch 29	train_loss: 0.4065 train_accuracy: 0.9365	val_loss: 0.2605 val_accuracy: 0.9328	test_loss: 1.4347 test_accuracy: 0.9333
train: {'epoch': 30, 'time_epoch': 1.22679, 'eta': 188.17513, 'eta_hours': 0.05227, 'loss': 0.30033007, 'lr': 0.0006, 'params': 153476, 'time_iter': 0.01168, 'accuracy': 0.93909, 'f1': 0.93888, 'auc': 0.95558}
val: {'epoch': 30, 'time_epoch': 0.06051, 'loss': 0.47988148, 'lr': 0, 'params': 153476, 'time_iter': 0.0055, 'accuracy': 0.93286, 'f1': 0.93257, 'auc': 0.95205}
test: {'epoch': 30, 'time_epoch': 0.05703, 'loss': 1.66896625, 'lr': 0, 'params': 153476, 'time_iter': 0.00518, 'accuracy': 0.93267, 'f1': 0.93239, 'auc': 0.95253}
> Epoch 30: took 1.6s (avg 1.5s) | Best so far: epoch 30	train_loss: 0.3003 train_accuracy: 0.9391	val_loss: 0.4799 val_accuracy: 0.9329	test_loss: 1.6690 test_accuracy: 0.9327
train: {'epoch': 31, 'time_epoch': 1.12565, 'eta': 187.12563, 'eta_hours': 0.05198, 'loss': 0.35773306, 'lr': 0.00062, 'params': 153476, 'time_iter': 0.01072, 'accuracy': 0.9382, 'f1': 0.93799, 'auc': 0.95412}
val: {'epoch': 31, 'time_epoch': 0.06151, 'loss': 0.2613991, 'lr': 0, 'params': 153476, 'time_iter': 0.00559, 'accuracy': 0.93302, 'f1': 0.93273, 'auc': 0.95318}
test: {'epoch': 31, 'time_epoch': 0.05823, 'loss': 3.17036949, 'lr': 0, 'params': 153476, 'time_iter': 0.00529, 'accuracy': 0.93288, 'f1': 0.9326, 'auc': 0.95386}
> Epoch 31: took 1.5s (avg 1.5s) | Best so far: epoch 31	train_loss: 0.3577 train_accuracy: 0.9382	val_loss: 0.2614 val_accuracy: 0.9330	test_loss: 3.1704 test_accuracy: 0.9329
train: {'epoch': 32, 'time_epoch': 1.1237, 'eta': 186.06168, 'eta_hours': 0.05168, 'loss': 0.38796591, 'lr': 0.00064, 'params': 153476, 'time_iter': 0.0107, 'accuracy': 0.93988, 'f1': 0.93969, 'auc': 0.95524}
val: {'epoch': 32, 'time_epoch': 0.06151, 'loss': 0.24810327, 'lr': 0, 'params': 153476, 'time_iter': 0.00559, 'accuracy': 0.93997, 'f1': 0.93977, 'auc': 0.95381}
test: {'epoch': 32, 'time_epoch': 0.06451, 'loss': 1.00765674, 'lr': 0, 'params': 153476, 'time_iter': 0.00586, 'accuracy': 0.94052, 'f1': 0.94032, 'auc': 0.95489}
> Epoch 32: took 1.5s (avg 1.5s) | Best so far: epoch 32	train_loss: 0.3880 train_accuracy: 0.9399	val_loss: 0.2481 val_accuracy: 0.9400	test_loss: 1.0077 test_accuracy: 0.9405
train: {'epoch': 33, 'time_epoch': 1.14448, 'eta': 185.09565, 'eta_hours': 0.05142, 'loss': 0.27348643, 'lr': 0.00066, 'params': 153476, 'time_iter': 0.0109, 'accuracy': 0.94252, 'f1': 0.94234, 'auc': 0.9566}
val: {'epoch': 33, 'time_epoch': 0.06001, 'loss': 0.28157234, 'lr': 0, 'params': 153476, 'time_iter': 0.00546, 'accuracy': 0.92724, 'f1': 0.92688, 'auc': 0.95109}
test: {'epoch': 33, 'time_epoch': 0.058, 'loss': 2.78469427, 'lr': 0, 'params': 153476, 'time_iter': 0.00527, 'accuracy': 0.92929, 'f1': 0.92895, 'auc': 0.95199}
> Epoch 33: took 1.5s (avg 1.5s) | Best so far: epoch 32	train_loss: 0.3880 train_accuracy: 0.9399	val_loss: 0.2481 val_accuracy: 0.9400	test_loss: 1.0077 test_accuracy: 0.9405
train: {'epoch': 34, 'time_epoch': 1.14077, 'eta': 184.10192, 'eta_hours': 0.05114, 'loss': 0.51127457, 'lr': 0.00068, 'params': 153476, 'time_iter': 0.01086, 'accuracy': 0.92947, 'f1': 0.92921, 'auc': 0.94952}
val: {'epoch': 34, 'time_epoch': 0.061, 'loss': 0.82059539, 'lr': 0, 'params': 153476, 'time_iter': 0.00555, 'accuracy': 0.91122, 'f1': 0.9106, 'auc': 0.93545}
test: {'epoch': 34, 'time_epoch': 0.063, 'loss': 0.37572957, 'lr': 0, 'params': 153476, 'time_iter': 0.00573, 'accuracy': 0.91192, 'f1': 0.91133, 'auc': 0.93651}
> Epoch 34: took 1.5s (avg 1.5s) | Best so far: epoch 32	train_loss: 0.3880 train_accuracy: 0.9399	val_loss: 0.2481 val_accuracy: 0.9400	test_loss: 1.0077 test_accuracy: 0.9405
train: {'epoch': 35, 'time_epoch': 1.12548, 'eta': 183.03039, 'eta_hours': 0.05084, 'loss': 0.39690058, 'lr': 0.0007, 'params': 153476, 'time_iter': 0.01072, 'accuracy': 0.93715, 'f1': 0.93694, 'auc': 0.95348}
val: {'epoch': 35, 'time_epoch': 0.063, 'loss': 0.25539126, 'lr': 0, 'params': 153476, 'time_iter': 0.00573, 'accuracy': 0.93602, 'f1': 0.93579, 'auc': 0.95104}
test: {'epoch': 35, 'time_epoch': 0.061, 'loss': 1.17642045, 'lr': 0, 'params': 153476, 'time_iter': 0.00555, 'accuracy': 0.93721, 'f1': 0.93699, 'auc': 0.95211}
> Epoch 35: took 1.5s (avg 1.5s) | Best so far: epoch 32	train_loss: 0.3880 train_accuracy: 0.9399	val_loss: 0.2481 val_accuracy: 0.9400	test_loss: 1.0077 test_accuracy: 0.9405
train: {'epoch': 36, 'time_epoch': 1.12348, 'eta': 181.94712, 'eta_hours': 0.05054, 'loss': 0.33181161, 'lr': 0.00072, 'params': 153476, 'time_iter': 0.0107, 'accuracy': 0.94256, 'f1': 0.94239, 'auc': 0.95626}
val: {'epoch': 36, 'time_epoch': 0.06283, 'loss': 0.28018448, 'lr': 0, 'params': 153476, 'time_iter': 0.00571, 'accuracy': 0.94187, 'f1': 0.94171, 'auc': 0.9536}
test: {'epoch': 36, 'time_epoch': 0.061, 'loss': 0.71689038, 'lr': 0, 'params': 153476, 'time_iter': 0.00555, 'accuracy': 0.94256, 'f1': 0.9424, 'auc': 0.95484}
> Epoch 36: took 1.5s (avg 1.5s) | Best so far: epoch 36	train_loss: 0.3318 train_accuracy: 0.9426	val_loss: 0.2802 val_accuracy: 0.9419	test_loss: 0.7169 test_accuracy: 0.9426
train: {'epoch': 37, 'time_epoch': 1.11147, 'eta': 180.81052, 'eta_hours': 0.05023, 'loss': 0.29242298, 'lr': 0.00074, 'params': 153476, 'time_iter': 0.01059, 'accuracy': 0.94357, 'f1': 0.94341, 'auc': 0.95637}
val: {'epoch': 37, 'time_epoch': 0.061, 'loss': 0.28903882, 'lr': 0, 'params': 153476, 'time_iter': 0.00555, 'accuracy': 0.91857, 'f1': 0.91816, 'auc': 0.94059}
test: {'epoch': 37, 'time_epoch': 0.05841, 'loss': 0.98673423, 'lr': 0, 'params': 153476, 'time_iter': 0.00531, 'accuracy': 0.91988, 'f1': 0.91948, 'auc': 0.94095}
> Epoch 37: took 1.5s (avg 1.5s) | Best so far: epoch 36	train_loss: 0.3318 train_accuracy: 0.9426	val_loss: 0.2802 val_accuracy: 0.9419	test_loss: 0.7169 test_accuracy: 0.9426
train: {'epoch': 38, 'time_epoch': 1.15547, 'eta': 179.85687, 'eta_hours': 0.04996, 'loss': 0.25175902, 'lr': 0.00076, 'params': 153476, 'time_iter': 0.011, 'accuracy': 0.94214, 'f1': 0.94197, 'auc': 0.95563}
val: {'epoch': 38, 'time_epoch': 0.06201, 'loss': 0.28733712, 'lr': 0, 'params': 153476, 'time_iter': 0.00564, 'accuracy': 0.94221, 'f1': 0.94204, 'auc': 0.95557}
test: {'epoch': 38, 'time_epoch': 0.05986, 'loss': 0.38750476, 'lr': 0, 'params': 153476, 'time_iter': 0.00544, 'accuracy': 0.94314, 'f1': 0.94297, 'auc': 0.95663}
> Epoch 38: took 1.5s (avg 1.5s) | Best so far: epoch 38	train_loss: 0.2518 train_accuracy: 0.9421	val_loss: 0.2873 val_accuracy: 0.9422	test_loss: 0.3875 test_accuracy: 0.9431
train: {'epoch': 39, 'time_epoch': 1.11752, 'eta': 178.74135, 'eta_hours': 0.04965, 'loss': 0.23274725, 'lr': 0.00078, 'params': 153476, 'time_iter': 0.01064, 'accuracy': 0.94637, 'f1': 0.94623, 'auc': 0.95768}
val: {'epoch': 39, 'time_epoch': 0.06052, 'loss': 0.23153451, 'lr': 0, 'params': 153476, 'time_iter': 0.0055, 'accuracy': 0.94416, 'f1': 0.94399, 'auc': 0.95541}
test: {'epoch': 39, 'time_epoch': 0.06, 'loss': 0.23111052, 'lr': 0, 'params': 153476, 'time_iter': 0.00545, 'accuracy': 0.9454, 'f1': 0.94525, 'auc': 0.95696}
> Epoch 39: took 1.5s (avg 1.5s) | Best so far: epoch 39	train_loss: 0.2327 train_accuracy: 0.9464	val_loss: 0.2315 val_accuracy: 0.9442	test_loss: 0.2311 test_accuracy: 0.9454
train: {'epoch': 40, 'time_epoch': 1.09424, 'eta': 177.53543, 'eta_hours': 0.04932, 'loss': 0.2205605, 'lr': 0.0008, 'params': 153476, 'time_iter': 0.01042, 'accuracy': 0.94915, 'f1': 0.94902, 'auc': 0.95858}
val: {'epoch': 40, 'time_epoch': 0.0594, 'loss': 0.22993199, 'lr': 0, 'params': 153476, 'time_iter': 0.0054, 'accuracy': 0.94628, 'f1': 0.94614, 'auc': 0.9557}
test: {'epoch': 40, 'time_epoch': 0.06351, 'loss': 0.23515162, 'lr': 0, 'params': 153476, 'time_iter': 0.00577, 'accuracy': 0.94688, 'f1': 0.94674, 'auc': 0.95717}
> Epoch 40: took 1.5s (avg 1.5s) | Best so far: epoch 40	train_loss: 0.2206 train_accuracy: 0.9492	val_loss: 0.2299 val_accuracy: 0.9463	test_loss: 0.2352 test_accuracy: 0.9469
train: {'epoch': 41, 'time_epoch': 1.1022, 'eta': 176.36477, 'eta_hours': 0.04899, 'loss': 0.21795379, 'lr': 0.00082, 'params': 153476, 'time_iter': 0.0105, 'accuracy': 0.95015, 'f1': 0.95003, 'auc': 0.95895}
val: {'epoch': 41, 'time_epoch': 0.06217, 'loss': 0.23123884, 'lr': 0, 'params': 153476, 'time_iter': 0.00565, 'accuracy': 0.94388, 'f1': 0.94373, 'auc': 0.95672}
test: {'epoch': 41, 'time_epoch': 0.05651, 'loss': 0.23046015, 'lr': 0, 'params': 153476, 'time_iter': 0.00514, 'accuracy': 0.94465, 'f1': 0.94449, 'auc': 0.95787}
> Epoch 41: took 1.5s (avg 1.5s) | Best so far: epoch 40	train_loss: 0.2206 train_accuracy: 0.9492	val_loss: 0.2299 val_accuracy: 0.9463	test_loss: 0.2352 test_accuracy: 0.9469
train: {'epoch': 42, 'time_epoch': 1.1311, 'eta': 175.30282, 'eta_hours': 0.0487, 'loss': 0.21493891, 'lr': 0.00084, 'params': 153476, 'time_iter': 0.01077, 'accuracy': 0.95145, 'f1': 0.95134, 'auc': 0.95933}
val: {'epoch': 42, 'time_epoch': 0.06251, 'loss': 0.2255233, 'lr': 0, 'params': 153476, 'time_iter': 0.00568, 'accuracy': 0.94685, 'f1': 0.94671, 'auc': 0.95633}
test: {'epoch': 42, 'time_epoch': 0.09451, 'loss': 0.22405915, 'lr': 0, 'params': 153476, 'time_iter': 0.00859, 'accuracy': 0.9474, 'f1': 0.94725, 'auc': 0.95738}
> Epoch 42: took 1.5s (avg 1.5s) | Best so far: epoch 42	train_loss: 0.2149 train_accuracy: 0.9515	val_loss: 0.2255 val_accuracy: 0.9468	test_loss: 0.2241 test_accuracy: 0.9474
train: {'epoch': 43, 'time_epoch': 1.14385, 'eta': 174.28293, 'eta_hours': 0.04841, 'loss': 0.21316074, 'lr': 0.00086, 'params': 153476, 'time_iter': 0.01089, 'accuracy': 0.95225, 'f1': 0.95215, 'auc': 0.95961}
val: {'epoch': 43, 'time_epoch': 0.06151, 'loss': 0.22642737, 'lr': 0, 'params': 153476, 'time_iter': 0.00559, 'accuracy': 0.94757, 'f1': 0.94743, 'auc': 0.9557}
test: {'epoch': 43, 'time_epoch': 0.058, 'loss': 0.22271001, 'lr': 0, 'params': 153476, 'time_iter': 0.00527, 'accuracy': 0.94802, 'f1': 0.94788, 'auc': 0.95751}
> Epoch 43: took 1.5s (avg 1.5s) | Best so far: epoch 43	train_loss: 0.2132 train_accuracy: 0.9523	val_loss: 0.2264 val_accuracy: 0.9476	test_loss: 0.2227 test_accuracy: 0.9480
train: {'epoch': 44, 'time_epoch': 1.22713, 'eta': 173.54438, 'eta_hours': 0.04821, 'loss': 0.21077571, 'lr': 0.00088, 'params': 153476, 'time_iter': 0.01169, 'accuracy': 0.95304, 'f1': 0.95294, 'auc': 0.95992}
val: {'epoch': 44, 'time_epoch': 0.06051, 'loss': 0.22343634, 'lr': 0, 'params': 153476, 'time_iter': 0.0055, 'accuracy': 0.94718, 'f1': 0.94704, 'auc': 0.95642}
test: {'epoch': 44, 'time_epoch': 0.061, 'loss': 0.22313036, 'lr': 0, 'params': 153476, 'time_iter': 0.00555, 'accuracy': 0.94767, 'f1': 0.94753, 'auc': 0.95803}
> Epoch 44: took 1.6s (avg 1.5s) | Best so far: epoch 43	train_loss: 0.2132 train_accuracy: 0.9523	val_loss: 0.2264 val_accuracy: 0.9476	test_loss: 0.2227 test_accuracy: 0.9480
train: {'epoch': 45, 'time_epoch': 1.10783, 'eta': 172.38521, 'eta_hours': 0.04788, 'loss': 0.20902608, 'lr': 0.0009, 'params': 153476, 'time_iter': 0.01055, 'accuracy': 0.95375, 'f1': 0.95365, 'auc': 0.96015}
val: {'epoch': 45, 'time_epoch': 0.062, 'loss': 0.22366571, 'lr': 0, 'params': 153476, 'time_iter': 0.00564, 'accuracy': 0.94775, 'f1': 0.94762, 'auc': 0.95635}
test: {'epoch': 45, 'time_epoch': 0.058, 'loss': 0.22322363, 'lr': 0, 'params': 153476, 'time_iter': 0.00527, 'accuracy': 0.94803, 'f1': 0.9479, 'auc': 0.95757}
> Epoch 45: took 1.5s (avg 1.5s) | Best so far: epoch 45	train_loss: 0.2090 train_accuracy: 0.9537	val_loss: 0.2237 val_accuracy: 0.9477	test_loss: 0.2232 test_accuracy: 0.9480
train: {'epoch': 46, 'time_epoch': 1.14331, 'eta': 171.34372, 'eta_hours': 0.0476, 'loss': 0.2078075, 'lr': 0.00092, 'params': 153476, 'time_iter': 0.01089, 'accuracy': 0.95418, 'f1': 0.95409, 'auc': 0.96032}
val: {'epoch': 46, 'time_epoch': 0.06, 'loss': 0.22111625, 'lr': 0, 'params': 153476, 'time_iter': 0.00545, 'accuracy': 0.94976, 'f1': 0.94964, 'auc': 0.95605}
test: {'epoch': 46, 'time_epoch': 0.059, 'loss': 0.2201859, 'lr': 0, 'params': 153476, 'time_iter': 0.00536, 'accuracy': 0.95043, 'f1': 0.95032, 'auc': 0.9573}
> Epoch 46: took 1.5s (avg 1.5s) | Best so far: epoch 46	train_loss: 0.2078 train_accuracy: 0.9542	val_loss: 0.2211 val_accuracy: 0.9498	test_loss: 0.2202 test_accuracy: 0.9504
train: {'epoch': 47, 'time_epoch': 1.17432, 'eta': 170.39619, 'eta_hours': 0.04733, 'loss': 0.2056663, 'lr': 0.00094, 'params': 153476, 'time_iter': 0.01118, 'accuracy': 0.95517, 'f1': 0.95509, 'auc': 0.96054}
val: {'epoch': 47, 'time_epoch': 0.0605, 'loss': 0.21695204, 'lr': 0, 'params': 153476, 'time_iter': 0.0055, 'accuracy': 0.95073, 'f1': 0.95061, 'auc': 0.95862}
test: {'epoch': 47, 'time_epoch': 0.0615, 'loss': 0.21408917, 'lr': 0, 'params': 153476, 'time_iter': 0.00559, 'accuracy': 0.95121, 'f1': 0.95109, 'auc': 0.95976}
> Epoch 47: took 1.5s (avg 1.5s) | Best so far: epoch 47	train_loss: 0.2057 train_accuracy: 0.9552	val_loss: 0.2170 val_accuracy: 0.9507	test_loss: 0.2141 test_accuracy: 0.9512
train: {'epoch': 48, 'time_epoch': 1.14672, 'eta': 169.35432, 'eta_hours': 0.04704, 'loss': 0.20445953, 'lr': 0.00096, 'params': 153476, 'time_iter': 0.01092, 'accuracy': 0.95556, 'f1': 0.95547, 'auc': 0.96064}
val: {'epoch': 48, 'time_epoch': 0.06, 'loss': 0.21814421, 'lr': 0, 'params': 153476, 'time_iter': 0.00545, 'accuracy': 0.95026, 'f1': 0.95015, 'auc': 0.95627}
test: {'epoch': 48, 'time_epoch': 0.05851, 'loss': 0.21335093, 'lr': 0, 'params': 153476, 'time_iter': 0.00532, 'accuracy': 0.95128, 'f1': 0.95116, 'auc': 0.95817}
> Epoch 48: took 1.5s (avg 1.5s) | Best so far: epoch 47	train_loss: 0.2057 train_accuracy: 0.9552	val_loss: 0.2170 val_accuracy: 0.9507	test_loss: 0.2141 test_accuracy: 0.9512
train: {'epoch': 49, 'time_epoch': 1.12318, 'eta': 168.23766, 'eta_hours': 0.04673, 'loss': 0.20300487, 'lr': 0.00098, 'params': 153476, 'time_iter': 0.0107, 'accuracy': 0.95606, 'f1': 0.95598, 'auc': 0.96089}
val: {'epoch': 49, 'time_epoch': 0.05951, 'loss': 0.22109102, 'lr': 0, 'params': 153476, 'time_iter': 0.00541, 'accuracy': 0.94621, 'f1': 0.94606, 'auc': 0.95714}
test: {'epoch': 49, 'time_epoch': 0.05825, 'loss': 0.21814223, 'lr': 0, 'params': 153476, 'time_iter': 0.0053, 'accuracy': 0.94678, 'f1': 0.94663, 'auc': 0.9583}
> Epoch 49: took 1.5s (avg 1.5s) | Best so far: epoch 47	train_loss: 0.2057 train_accuracy: 0.9552	val_loss: 0.2170 val_accuracy: 0.9507	test_loss: 0.2141 test_accuracy: 0.9512
train: {'epoch': 50, 'time_epoch': 1.13404, 'eta': 167.15247, 'eta_hours': 0.04643, 'loss': 0.20140106, 'lr': 0.001, 'params': 153476, 'time_iter': 0.0108, 'accuracy': 0.95677, 'f1': 0.95669, 'auc': 0.96118}
val: {'epoch': 50, 'time_epoch': 0.0592, 'loss': 0.21875561, 'lr': 0, 'params': 153476, 'time_iter': 0.00538, 'accuracy': 0.94924, 'f1': 0.94911, 'auc': 0.95637}
test: {'epoch': 50, 'time_epoch': 0.06106, 'loss': 0.21528706, 'lr': 0, 'params': 153476, 'time_iter': 0.00555, 'accuracy': 0.94982, 'f1': 0.9497, 'auc': 0.95801}
> Epoch 50: took 1.5s (avg 1.5s) | Best so far: epoch 47	train_loss: 0.2057 train_accuracy: 0.9552	val_loss: 0.2170 val_accuracy: 0.9507	test_loss: 0.2141 test_accuracy: 0.9512
train: {'epoch': 51, 'time_epoch': 1.13583, 'eta': 166.07048, 'eta_hours': 0.04613, 'loss': 0.20041398, 'lr': 0.00099989, 'params': 153476, 'time_iter': 0.01082, 'accuracy': 0.95705, 'f1': 0.95697, 'auc': 0.9613}
val: {'epoch': 51, 'time_epoch': 0.06051, 'loss': 0.21908566, 'lr': 0, 'params': 153476, 'time_iter': 0.0055, 'accuracy': 0.9484, 'f1': 0.94827, 'auc': 0.95681}
test: {'epoch': 51, 'time_epoch': 0.06051, 'loss': 0.21556099, 'lr': 0, 'params': 153476, 'time_iter': 0.0055, 'accuracy': 0.94922, 'f1': 0.94909, 'auc': 0.95794}
> Epoch 51: took 1.5s (avg 1.5s) | Best so far: epoch 47	train_loss: 0.2057 train_accuracy: 0.9552	val_loss: 0.2170 val_accuracy: 0.9507	test_loss: 0.2141 test_accuracy: 0.9512
train: {'epoch': 52, 'time_epoch': 1.109, 'eta': 164.91205, 'eta_hours': 0.04581, 'loss': 0.19877702, 'lr': 0.00099956, 'params': 153476, 'time_iter': 0.01056, 'accuracy': 0.95767, 'f1': 0.9576, 'auc': 0.96149}
val: {'epoch': 52, 'time_epoch': 0.05951, 'loss': 0.21261729, 'lr': 0, 'params': 153476, 'time_iter': 0.00541, 'accuracy': 0.95333, 'f1': 0.95324, 'auc': 0.95848}
test: {'epoch': 52, 'time_epoch': 0.056, 'loss': 0.2087873, 'lr': 0, 'params': 153476, 'time_iter': 0.00509, 'accuracy': 0.95478, 'f1': 0.95469, 'auc': 0.95979}
> Epoch 52: took 1.5s (avg 1.5s) | Best so far: epoch 52	train_loss: 0.1988 train_accuracy: 0.9577	val_loss: 0.2126 val_accuracy: 0.9533	test_loss: 0.2088 test_accuracy: 0.9548
train: {'epoch': 53, 'time_epoch': 1.12789, 'eta': 163.80653, 'eta_hours': 0.0455, 'loss': 0.19762179, 'lr': 0.00099901, 'params': 153476, 'time_iter': 0.01074, 'accuracy': 0.95808, 'f1': 0.95801, 'auc': 0.96168}
val: {'epoch': 53, 'time_epoch': 0.05913, 'loss': 0.21646139, 'lr': 0, 'params': 153476, 'time_iter': 0.00538, 'accuracy': 0.94927, 'f1': 0.94914, 'auc': 0.95585}
test: {'epoch': 53, 'time_epoch': 0.059, 'loss': 0.21277946, 'lr': 0, 'params': 153476, 'time_iter': 0.00536, 'accuracy': 0.95065, 'f1': 0.95054, 'auc': 0.957}
> Epoch 53: took 1.5s (avg 1.5s) | Best so far: epoch 52	train_loss: 0.1988 train_accuracy: 0.9577	val_loss: 0.2126 val_accuracy: 0.9533	test_loss: 0.2088 test_accuracy: 0.9548
train: {'epoch': 54, 'time_epoch': 1.11186, 'eta': 162.65794, 'eta_hours': 0.04518, 'loss': 0.19656738, 'lr': 0.00099825, 'params': 153476, 'time_iter': 0.01059, 'accuracy': 0.95841, 'f1': 0.95834, 'auc': 0.96176}
val: {'epoch': 54, 'time_epoch': 0.062, 'loss': 0.21400693, 'lr': 0, 'params': 153476, 'time_iter': 0.00564, 'accuracy': 0.9533, 'f1': 0.95321, 'auc': 0.95772}
test: {'epoch': 54, 'time_epoch': 0.062, 'loss': 0.21040805, 'lr': 0, 'params': 153476, 'time_iter': 0.00564, 'accuracy': 0.95411, 'f1': 0.95402, 'auc': 0.95878}
> Epoch 54: took 1.5s (avg 1.5s) | Best so far: epoch 52	train_loss: 0.1988 train_accuracy: 0.9577	val_loss: 0.2126 val_accuracy: 0.9533	test_loss: 0.2088 test_accuracy: 0.9548
train: {'epoch': 55, 'time_epoch': 1.14312, 'eta': 161.59102, 'eta_hours': 0.04489, 'loss': 0.19570754, 'lr': 0.00099726, 'params': 153476, 'time_iter': 0.01089, 'accuracy': 0.95895, 'f1': 0.95889, 'auc': 0.96196}
val: {'epoch': 55, 'time_epoch': 0.06302, 'loss': 0.21092435, 'lr': 0, 'params': 153476, 'time_iter': 0.00573, 'accuracy': 0.95371, 'f1': 0.95362, 'auc': 0.95813}
test: {'epoch': 55, 'time_epoch': 0.06056, 'loss': 0.20613336, 'lr': 0, 'params': 153476, 'time_iter': 0.00551, 'accuracy': 0.95475, 'f1': 0.95466, 'auc': 0.95945}
> Epoch 55: took 1.5s (avg 1.5s) | Best so far: epoch 55	train_loss: 0.1957 train_accuracy: 0.9589	val_loss: 0.2109 val_accuracy: 0.9537	test_loss: 0.2061 test_accuracy: 0.9547
train: {'epoch': 56, 'time_epoch': 1.15005, 'eta': 160.53884, 'eta_hours': 0.04459, 'loss': 0.19433418, 'lr': 0.00099606, 'params': 153476, 'time_iter': 0.01095, 'accuracy': 0.95923, 'f1': 0.95917, 'auc': 0.96213}
val: {'epoch': 56, 'time_epoch': 0.06251, 'loss': 0.21211431, 'lr': 0, 'params': 153476, 'time_iter': 0.00568, 'accuracy': 0.95282, 'f1': 0.95272, 'auc': 0.95806}
test: {'epoch': 56, 'time_epoch': 0.05951, 'loss': 0.2081639, 'lr': 0, 'params': 153476, 'time_iter': 0.00541, 'accuracy': 0.95388, 'f1': 0.95379, 'auc': 0.95971}
> Epoch 56: took 1.5s (avg 1.5s) | Best so far: epoch 55	train_loss: 0.1957 train_accuracy: 0.9589	val_loss: 0.2109 val_accuracy: 0.9537	test_loss: 0.2061 test_accuracy: 0.9547
train: {'epoch': 57, 'time_epoch': 1.14413, 'eta': 159.46877, 'eta_hours': 0.0443, 'loss': 0.19349299, 'lr': 0.00099464, 'params': 153476, 'time_iter': 0.0109, 'accuracy': 0.95949, 'f1': 0.95942, 'auc': 0.96227}
val: {'epoch': 57, 'time_epoch': 0.15002, 'loss': 0.21392684, 'lr': 0, 'params': 153476, 'time_iter': 0.01364, 'accuracy': 0.95358, 'f1': 0.9535, 'auc': 0.95849}
test: {'epoch': 57, 'time_epoch': 0.06016, 'loss': 0.20889747, 'lr': 0, 'params': 153476, 'time_iter': 0.00547, 'accuracy': 0.95483, 'f1': 0.95474, 'auc': 0.96027}
> Epoch 57: took 1.6s (avg 1.5s) | Best so far: epoch 55	train_loss: 0.1957 train_accuracy: 0.9589	val_loss: 0.2109 val_accuracy: 0.9537	test_loss: 0.2061 test_accuracy: 0.9547
train: {'epoch': 58, 'time_epoch': 1.12541, 'eta': 158.35146, 'eta_hours': 0.04399, 'loss': 0.19232179, 'lr': 0.000993, 'params': 153476, 'time_iter': 0.01072, 'accuracy': 0.95994, 'f1': 0.95988, 'auc': 0.9624}
val: {'epoch': 58, 'time_epoch': 0.06251, 'loss': 0.21875998, 'lr': 0, 'params': 153476, 'time_iter': 0.00568, 'accuracy': 0.95046, 'f1': 0.95036, 'auc': 0.95783}
test: {'epoch': 58, 'time_epoch': 0.06, 'loss': 0.21420776, 'lr': 0, 'params': 153476, 'time_iter': 0.00545, 'accuracy': 0.95273, 'f1': 0.95263, 'auc': 0.95964}
> Epoch 58: took 1.5s (avg 1.5s) | Best so far: epoch 55	train_loss: 0.1957 train_accuracy: 0.9589	val_loss: 0.2109 val_accuracy: 0.9537	test_loss: 0.2061 test_accuracy: 0.9547
train: {'epoch': 59, 'time_epoch': 1.13864, 'eta': 157.26475, 'eta_hours': 0.04368, 'loss': 0.19202629, 'lr': 0.00099114, 'params': 153476, 'time_iter': 0.01084, 'accuracy': 0.95997, 'f1': 0.95991, 'auc': 0.96246}
val: {'epoch': 59, 'time_epoch': 0.06351, 'loss': 0.21015964, 'lr': 0, 'params': 153476, 'time_iter': 0.00577, 'accuracy': 0.95432, 'f1': 0.95423, 'auc': 0.95792}
test: {'epoch': 59, 'time_epoch': 0.06503, 'loss': 0.20533457, 'lr': 0, 'params': 153476, 'time_iter': 0.00591, 'accuracy': 0.95582, 'f1': 0.95574, 'auc': 0.95916}
> Epoch 59: took 1.5s (avg 1.5s) | Best so far: epoch 59	train_loss: 0.1920 train_accuracy: 0.9600	val_loss: 0.2102 val_accuracy: 0.9543	test_loss: 0.2053 test_accuracy: 0.9558
train: {'epoch': 60, 'time_epoch': 1.14523, 'eta': 156.19135, 'eta_hours': 0.04339, 'loss': 0.19139548, 'lr': 0.00098907, 'params': 153476, 'time_iter': 0.01091, 'accuracy': 0.96024, 'f1': 0.96018, 'auc': 0.96265}
val: {'epoch': 60, 'time_epoch': 0.06151, 'loss': 0.21153689, 'lr': 0, 'params': 153476, 'time_iter': 0.00559, 'accuracy': 0.95229, 'f1': 0.95218, 'auc': 0.95757}
test: {'epoch': 60, 'time_epoch': 0.05801, 'loss': 0.20592414, 'lr': 0, 'params': 153476, 'time_iter': 0.00527, 'accuracy': 0.95318, 'f1': 0.95308, 'auc': 0.95949}
> Epoch 60: took 1.5s (avg 1.5s) | Best so far: epoch 59	train_loss: 0.1920 train_accuracy: 0.9600	val_loss: 0.2102 val_accuracy: 0.9543	test_loss: 0.2053 test_accuracy: 0.9558
train: {'epoch': 61, 'time_epoch': 1.12654, 'eta': 155.07404, 'eta_hours': 0.04308, 'loss': 0.19034064, 'lr': 0.00098679, 'params': 153476, 'time_iter': 0.01073, 'accuracy': 0.96064, 'f1': 0.96058, 'auc': 0.96279}
val: {'epoch': 61, 'time_epoch': 0.06051, 'loss': 0.20773204, 'lr': 0, 'params': 153476, 'time_iter': 0.0055, 'accuracy': 0.95392, 'f1': 0.95382, 'auc': 0.95963}
test: {'epoch': 61, 'time_epoch': 0.06115, 'loss': 0.20361312, 'lr': 0, 'params': 153476, 'time_iter': 0.00556, 'accuracy': 0.9549, 'f1': 0.95481, 'auc': 0.9611}
> Epoch 61: took 1.5s (avg 1.5s) | Best so far: epoch 59	train_loss: 0.1920 train_accuracy: 0.9600	val_loss: 0.2102 val_accuracy: 0.9543	test_loss: 0.2053 test_accuracy: 0.9558
train: {'epoch': 62, 'time_epoch': 1.10053, 'eta': 153.89987, 'eta_hours': 0.04275, 'loss': 0.18981067, 'lr': 0.00098429, 'params': 153476, 'time_iter': 0.01048, 'accuracy': 0.96073, 'f1': 0.96067, 'auc': 0.96285}
val: {'epoch': 62, 'time_epoch': 0.06251, 'loss': 0.2055218, 'lr': 0, 'params': 153476, 'time_iter': 0.00568, 'accuracy': 0.95365, 'f1': 0.95356, 'auc': 0.95896}
test: {'epoch': 62, 'time_epoch': 0.059, 'loss': 0.20050604, 'lr': 0, 'params': 153476, 'time_iter': 0.00536, 'accuracy': 0.95549, 'f1': 0.9554, 'auc': 0.9606}
> Epoch 62: took 1.5s (avg 1.5s) | Best so far: epoch 59	train_loss: 0.1920 train_accuracy: 0.9600	val_loss: 0.2102 val_accuracy: 0.9543	test_loss: 0.2053 test_accuracy: 0.9558
train: {'epoch': 63, 'time_epoch': 1.08264, 'eta': 152.69, 'eta_hours': 0.04241, 'loss': 0.18891035, 'lr': 0.00098158, 'params': 153476, 'time_iter': 0.01031, 'accuracy': 0.96091, 'f1': 0.96086, 'auc': 0.96295}
val: {'epoch': 63, 'time_epoch': 0.06151, 'loss': 0.20478155, 'lr': 0, 'params': 153476, 'time_iter': 0.00559, 'accuracy': 0.95601, 'f1': 0.95593, 'auc': 0.95899}
test: {'epoch': 63, 'time_epoch': 0.06182, 'loss': 0.20019809, 'lr': 0, 'params': 153476, 'time_iter': 0.00562, 'accuracy': 0.95675, 'f1': 0.95667, 'auc': 0.96069}
> Epoch 63: took 1.4s (avg 1.5s) | Best so far: epoch 63	train_loss: 0.1889 train_accuracy: 0.9609	val_loss: 0.2048 val_accuracy: 0.9560	test_loss: 0.2002 test_accuracy: 0.9567
train: {'epoch': 64, 'time_epoch': 1.13025, 'eta': 151.58291, 'eta_hours': 0.04211, 'loss': 0.18853514, 'lr': 0.00097866, 'params': 153476, 'time_iter': 0.01076, 'accuracy': 0.96119, 'f1': 0.96113, 'auc': 0.96296}
val: {'epoch': 64, 'time_epoch': 0.061, 'loss': 0.20810088, 'lr': 0, 'params': 153476, 'time_iter': 0.00555, 'accuracy': 0.95367, 'f1': 0.95358, 'auc': 0.9582}
test: {'epoch': 64, 'time_epoch': 0.0585, 'loss': 0.20233726, 'lr': 0, 'params': 153476, 'time_iter': 0.00532, 'accuracy': 0.95448, 'f1': 0.95438, 'auc': 0.96013}
> Epoch 64: took 1.5s (avg 1.5s) | Best so far: epoch 63	train_loss: 0.1889 train_accuracy: 0.9609	val_loss: 0.2048 val_accuracy: 0.9560	test_loss: 0.2002 test_accuracy: 0.9567
train: {'epoch': 65, 'time_epoch': 1.17036, 'eta': 150.55656, 'eta_hours': 0.04182, 'loss': 0.18721045, 'lr': 0.00097553, 'params': 153476, 'time_iter': 0.01115, 'accuracy': 0.96172, 'f1': 0.96166, 'auc': 0.96326}
val: {'epoch': 65, 'time_epoch': 0.06, 'loss': 0.20761789, 'lr': 0, 'params': 153476, 'time_iter': 0.00545, 'accuracy': 0.95382, 'f1': 0.95372, 'auc': 0.95928}
test: {'epoch': 65, 'time_epoch': 0.067, 'loss': 0.20340174, 'lr': 0, 'params': 153476, 'time_iter': 0.00609, 'accuracy': 0.95487, 'f1': 0.95478, 'auc': 0.96077}
> Epoch 65: took 1.5s (avg 1.5s) | Best so far: epoch 63	train_loss: 0.1889 train_accuracy: 0.9609	val_loss: 0.2048 val_accuracy: 0.9560	test_loss: 0.2002 test_accuracy: 0.9567
train: {'epoch': 66, 'time_epoch': 1.12718, 'eta': 149.4402, 'eta_hours': 0.04151, 'loss': 0.1867346, 'lr': 0.00097219, 'params': 153476, 'time_iter': 0.01074, 'accuracy': 0.96181, 'f1': 0.96176, 'auc': 0.96335}
val: {'epoch': 66, 'time_epoch': 0.06402, 'loss': 0.20394345, 'lr': 0, 'params': 153476, 'time_iter': 0.00582, 'accuracy': 0.95497, 'f1': 0.95488, 'auc': 0.96067}
test: {'epoch': 66, 'time_epoch': 0.061, 'loss': 0.19889873, 'lr': 0, 'params': 153476, 'time_iter': 0.00555, 'accuracy': 0.95663, 'f1': 0.95655, 'auc': 0.96216}
> Epoch 66: took 1.5s (avg 1.5s) | Best so far: epoch 63	train_loss: 0.1889 train_accuracy: 0.9609	val_loss: 0.2048 val_accuracy: 0.9560	test_loss: 0.2002 test_accuracy: 0.9567
train: {'epoch': 67, 'time_epoch': 1.14189, 'eta': 148.35208, 'eta_hours': 0.04121, 'loss': 0.18611618, 'lr': 0.00096864, 'params': 153476, 'time_iter': 0.01088, 'accuracy': 0.9621, 'f1': 0.96204, 'auc': 0.96343}
val: {'epoch': 67, 'time_epoch': 0.06151, 'loss': 0.20369874, 'lr': 0, 'params': 153476, 'time_iter': 0.00559, 'accuracy': 0.9568, 'f1': 0.95673, 'auc': 0.95987}
test: {'epoch': 67, 'time_epoch': 0.059, 'loss': 0.19803921, 'lr': 0, 'params': 153476, 'time_iter': 0.00536, 'accuracy': 0.95821, 'f1': 0.95814, 'auc': 0.96159}
> Epoch 67: took 1.5s (avg 1.5s) | Best so far: epoch 67	train_loss: 0.1861 train_accuracy: 0.9621	val_loss: 0.2037 val_accuracy: 0.9568	test_loss: 0.1980 test_accuracy: 0.9582
train: {'epoch': 68, 'time_epoch': 1.13603, 'eta': 147.25128, 'eta_hours': 0.0409, 'loss': 0.18538991, 'lr': 0.00096489, 'params': 153476, 'time_iter': 0.01082, 'accuracy': 0.96215, 'f1': 0.9621, 'auc': 0.96358}
val: {'epoch': 68, 'time_epoch': 0.05902, 'loss': 0.20399154, 'lr': 0, 'params': 153476, 'time_iter': 0.00537, 'accuracy': 0.95509, 'f1': 0.95501, 'auc': 0.95877}
test: {'epoch': 68, 'time_epoch': 0.061, 'loss': 0.19785953, 'lr': 0, 'params': 153476, 'time_iter': 0.00555, 'accuracy': 0.95646, 'f1': 0.95638, 'auc': 0.96066}
> Epoch 68: took 1.5s (avg 1.5s) | Best so far: epoch 67	train_loss: 0.1861 train_accuracy: 0.9621	val_loss: 0.2037 val_accuracy: 0.9568	test_loss: 0.1980 test_accuracy: 0.9582
train: {'epoch': 69, 'time_epoch': 1.13704, 'eta': 146.15134, 'eta_hours': 0.0406, 'loss': 0.18491928, 'lr': 0.00096093, 'params': 153476, 'time_iter': 0.01083, 'accuracy': 0.96256, 'f1': 0.9625, 'auc': 0.96363}
val: {'epoch': 69, 'time_epoch': 0.06224, 'loss': 0.20307163, 'lr': 0, 'params': 153476, 'time_iter': 0.00566, 'accuracy': 0.95788, 'f1': 0.95781, 'auc': 0.95902}
test: {'epoch': 69, 'time_epoch': 0.06, 'loss': 0.1978236, 'lr': 0, 'params': 153476, 'time_iter': 0.00545, 'accuracy': 0.95851, 'f1': 0.95844, 'auc': 0.96078}
> Epoch 69: took 1.5s (avg 1.5s) | Best so far: epoch 69	train_loss: 0.1849 train_accuracy: 0.9626	val_loss: 0.2031 val_accuracy: 0.9579	test_loss: 0.1978 test_accuracy: 0.9585
train: {'epoch': 70, 'time_epoch': 1.10643, 'eta': 144.99473, 'eta_hours': 0.04028, 'loss': 0.18436216, 'lr': 0.00095677, 'params': 153476, 'time_iter': 0.01054, 'accuracy': 0.9627, 'f1': 0.96265, 'auc': 0.96372}
val: {'epoch': 70, 'time_epoch': 0.06051, 'loss': 0.2007826, 'lr': 0, 'params': 153476, 'time_iter': 0.0055, 'accuracy': 0.95688, 'f1': 0.95681, 'auc': 0.96022}
test: {'epoch': 70, 'time_epoch': 0.0615, 'loss': 0.19521296, 'lr': 0, 'params': 153476, 'time_iter': 0.00559, 'accuracy': 0.95841, 'f1': 0.95834, 'auc': 0.96203}
> Epoch 70: took 1.5s (avg 1.5s) | Best so far: epoch 69	train_loss: 0.1849 train_accuracy: 0.9626	val_loss: 0.2031 val_accuracy: 0.9579	test_loss: 0.1978 test_accuracy: 0.9585
train: {'epoch': 71, 'time_epoch': 1.25866, 'eta': 144.11015, 'eta_hours': 0.04003, 'loss': 0.18370433, 'lr': 0.00095241, 'params': 153476, 'time_iter': 0.01199, 'accuracy': 0.96279, 'f1': 0.96274, 'auc': 0.9638}
val: {'epoch': 71, 'time_epoch': 0.06051, 'loss': 0.20348283, 'lr': 0, 'params': 153476, 'time_iter': 0.0055, 'accuracy': 0.95568, 'f1': 0.95559, 'auc': 0.96027}
test: {'epoch': 71, 'time_epoch': 0.0565, 'loss': 0.19795141, 'lr': 0, 'params': 153476, 'time_iter': 0.00514, 'accuracy': 0.95649, 'f1': 0.95641, 'auc': 0.96206}
> Epoch 71: took 1.6s (avg 1.5s) | Best so far: epoch 69	train_loss: 0.1849 train_accuracy: 0.9626	val_loss: 0.2031 val_accuracy: 0.9579	test_loss: 0.1978 test_accuracy: 0.9585
train: {'epoch': 72, 'time_epoch': 1.12722, 'eta': 142.98666, 'eta_hours': 0.03972, 'loss': 0.18312679, 'lr': 0.00094786, 'params': 153476, 'time_iter': 0.01074, 'accuracy': 0.96295, 'f1': 0.9629, 'auc': 0.96398}
val: {'epoch': 72, 'time_epoch': 0.06101, 'loss': 0.20305628, 'lr': 0, 'params': 153476, 'time_iter': 0.00555, 'accuracy': 0.95641, 'f1': 0.95633, 'auc': 0.95976}
test: {'epoch': 72, 'time_epoch': 0.0605, 'loss': 0.19721949, 'lr': 0, 'params': 153476, 'time_iter': 0.0055, 'accuracy': 0.95847, 'f1': 0.9584, 'auc': 0.96137}
> Epoch 72: took 1.5s (avg 1.5s) | Best so far: epoch 69	train_loss: 0.1849 train_accuracy: 0.9626	val_loss: 0.2031 val_accuracy: 0.9579	test_loss: 0.1978 test_accuracy: 0.9585
train: {'epoch': 73, 'time_epoch': 1.12612, 'eta': 141.86119, 'eta_hours': 0.03941, 'loss': 0.18247496, 'lr': 0.0009431, 'params': 153476, 'time_iter': 0.01072, 'accuracy': 0.96332, 'f1': 0.96327, 'auc': 0.96412}
val: {'epoch': 73, 'time_epoch': 0.05951, 'loss': 0.20370542, 'lr': 0, 'params': 153476, 'time_iter': 0.00541, 'accuracy': 0.95488, 'f1': 0.95479, 'auc': 0.96003}
test: {'epoch': 73, 'time_epoch': 0.067, 'loss': 0.19862164, 'lr': 0, 'params': 153476, 'time_iter': 0.00609, 'accuracy': 0.95635, 'f1': 0.95626, 'auc': 0.96144}
> Epoch 73: took 1.5s (avg 1.5s) | Best so far: epoch 69	train_loss: 0.1849 train_accuracy: 0.9626	val_loss: 0.2031 val_accuracy: 0.9579	test_loss: 0.1978 test_accuracy: 0.9585
train: {'epoch': 74, 'time_epoch': 1.12553, 'eta': 140.73473, 'eta_hours': 0.03909, 'loss': 0.18145706, 'lr': 0.00093815, 'params': 153476, 'time_iter': 0.01072, 'accuracy': 0.96368, 'f1': 0.96363, 'auc': 0.96432}
val: {'epoch': 74, 'time_epoch': 0.06151, 'loss': 0.19941438, 'lr': 0, 'params': 153476, 'time_iter': 0.00559, 'accuracy': 0.95961, 'f1': 0.95955, 'auc': 0.95975}
test: {'epoch': 74, 'time_epoch': 0.06, 'loss': 0.19481483, 'lr': 0, 'params': 153476, 'time_iter': 0.00545, 'accuracy': 0.96008, 'f1': 0.96002, 'auc': 0.96116}
> Epoch 74: took 1.5s (avg 1.5s) | Best so far: epoch 74	train_loss: 0.1815 train_accuracy: 0.9637	val_loss: 0.1994 val_accuracy: 0.9596	test_loss: 0.1948 test_accuracy: 0.9601
train: {'epoch': 75, 'time_epoch': 1.08331, 'eta': 139.53939, 'eta_hours': 0.03876, 'loss': 0.18151417, 'lr': 0.00093301, 'params': 153476, 'time_iter': 0.01032, 'accuracy': 0.96358, 'f1': 0.96353, 'auc': 0.96415}
val: {'epoch': 75, 'time_epoch': 0.059, 'loss': 0.20071222, 'lr': 0, 'params': 153476, 'time_iter': 0.00536, 'accuracy': 0.95725, 'f1': 0.95717, 'auc': 0.95955}
test: {'epoch': 75, 'time_epoch': 0.0595, 'loss': 0.19525809, 'lr': 0, 'params': 153476, 'time_iter': 0.00541, 'accuracy': 0.95902, 'f1': 0.95896, 'auc': 0.96121}
> Epoch 75: took 1.4s (avg 1.5s) | Best so far: epoch 74	train_loss: 0.1815 train_accuracy: 0.9637	val_loss: 0.1994 val_accuracy: 0.9596	test_loss: 0.1948 test_accuracy: 0.9601
train: {'epoch': 76, 'time_epoch': 1.08177, 'eta': 138.34452, 'eta_hours': 0.03843, 'loss': 0.18064964, 'lr': 0.00092768, 'params': 153476, 'time_iter': 0.0103, 'accuracy': 0.96381, 'f1': 0.96377, 'auc': 0.96443}
val: {'epoch': 76, 'time_epoch': 0.06051, 'loss': 0.20017339, 'lr': 0, 'params': 153476, 'time_iter': 0.0055, 'accuracy': 0.95794, 'f1': 0.95787, 'auc': 0.96099}
test: {'epoch': 76, 'time_epoch': 0.057, 'loss': 0.19561232, 'lr': 0, 'params': 153476, 'time_iter': 0.00518, 'accuracy': 0.9594, 'f1': 0.95934, 'auc': 0.9624}
> Epoch 76: took 1.4s (avg 1.5s) | Best so far: epoch 74	train_loss: 0.1815 train_accuracy: 0.9637	val_loss: 0.1994 val_accuracy: 0.9596	test_loss: 0.1948 test_accuracy: 0.9601
train: {'epoch': 77, 'time_epoch': 1.11691, 'eta': 137.20751, 'eta_hours': 0.03811, 'loss': 0.18039895, 'lr': 0.00092216, 'params': 153476, 'time_iter': 0.01064, 'accuracy': 0.96391, 'f1': 0.96386, 'auc': 0.96441}
val: {'epoch': 77, 'time_epoch': 0.06251, 'loss': 0.2027874, 'lr': 0, 'params': 153476, 'time_iter': 0.00568, 'accuracy': 0.9565, 'f1': 0.95642, 'auc': 0.95915}
test: {'epoch': 77, 'time_epoch': 0.063, 'loss': 0.19621967, 'lr': 0, 'params': 153476, 'time_iter': 0.00573, 'accuracy': 0.95862, 'f1': 0.95855, 'auc': 0.96097}
> Epoch 77: took 1.5s (avg 1.5s) | Best so far: epoch 74	train_loss: 0.1815 train_accuracy: 0.9637	val_loss: 0.1994 val_accuracy: 0.9596	test_loss: 0.1948 test_accuracy: 0.9601
train: {'epoch': 78, 'time_epoch': 1.13532, 'eta': 136.0992, 'eta_hours': 0.03781, 'loss': 0.18060495, 'lr': 0.00091646, 'params': 153476, 'time_iter': 0.01081, 'accuracy': 0.9638, 'f1': 0.96375, 'auc': 0.9644}
val: {'epoch': 78, 'time_epoch': 0.06651, 'loss': 0.20951629, 'lr': 0, 'params': 153476, 'time_iter': 0.00605, 'accuracy': 0.95434, 'f1': 0.95425, 'auc': 0.95936}
test: {'epoch': 78, 'time_epoch': 0.061, 'loss': 0.20396561, 'lr': 0, 'params': 153476, 'time_iter': 0.00555, 'accuracy': 0.95601, 'f1': 0.95594, 'auc': 0.96079}
> Epoch 78: took 1.5s (avg 1.5s) | Best so far: epoch 74	train_loss: 0.1815 train_accuracy: 0.9637	val_loss: 0.1994 val_accuracy: 0.9596	test_loss: 0.1948 test_accuracy: 0.9601
train: {'epoch': 79, 'time_epoch': 1.09031, 'eta': 134.9227, 'eta_hours': 0.03748, 'loss': 0.17993622, 'lr': 0.00091057, 'params': 153476, 'time_iter': 0.01038, 'accuracy': 0.96399, 'f1': 0.96394, 'auc': 0.96454}
val: {'epoch': 79, 'time_epoch': 0.0625, 'loss': 0.20880275, 'lr': 0, 'params': 153476, 'time_iter': 0.00568, 'accuracy': 0.95184, 'f1': 0.95173, 'auc': 0.95793}
test: {'epoch': 79, 'time_epoch': 0.05921, 'loss': 0.20367935, 'lr': 0, 'params': 153476, 'time_iter': 0.00538, 'accuracy': 0.95234, 'f1': 0.95224, 'auc': 0.95949}
> Epoch 79: took 1.4s (avg 1.5s) | Best so far: epoch 74	train_loss: 0.1815 train_accuracy: 0.9637	val_loss: 0.1994 val_accuracy: 0.9596	test_loss: 0.1948 test_accuracy: 0.9601
train: {'epoch': 80, 'time_epoch': 1.14536, 'eta': 133.8292, 'eta_hours': 0.03717, 'loss': 0.17912932, 'lr': 0.00090451, 'params': 153476, 'time_iter': 0.01091, 'accuracy': 0.96442, 'f1': 0.96437, 'auc': 0.96472}
val: {'epoch': 80, 'time_epoch': 0.062, 'loss': 0.19909396, 'lr': 0, 'params': 153476, 'time_iter': 0.00564, 'accuracy': 0.95813, 'f1': 0.95806, 'auc': 0.9609}
test: {'epoch': 80, 'time_epoch': 0.063, 'loss': 0.19318507, 'lr': 0, 'params': 153476, 'time_iter': 0.00573, 'accuracy': 0.96003, 'f1': 0.95996, 'auc': 0.96237}
> Epoch 80: took 1.5s (avg 1.5s) | Best so far: epoch 74	train_loss: 0.1815 train_accuracy: 0.9637	val_loss: 0.1994 val_accuracy: 0.9596	test_loss: 0.1948 test_accuracy: 0.9601
train: {'epoch': 81, 'time_epoch': 1.14839, 'eta': 132.7388, 'eta_hours': 0.03687, 'loss': 0.17889113, 'lr': 0.00089826, 'params': 153476, 'time_iter': 0.01094, 'accuracy': 0.96438, 'f1': 0.96434, 'auc': 0.96476}
val: {'epoch': 81, 'time_epoch': 0.059, 'loss': 0.20077873, 'lr': 0, 'params': 153476, 'time_iter': 0.00536, 'accuracy': 0.95665, 'f1': 0.95657, 'auc': 0.9596}
test: {'epoch': 81, 'time_epoch': 0.057, 'loss': 0.19477036, 'lr': 0, 'params': 153476, 'time_iter': 0.00518, 'accuracy': 0.95795, 'f1': 0.95788, 'auc': 0.96116}
> Epoch 81: took 1.5s (avg 1.5s) | Best so far: epoch 74	train_loss: 0.1815 train_accuracy: 0.9637	val_loss: 0.1994 val_accuracy: 0.9596	test_loss: 0.1948 test_accuracy: 0.9601
train: {'epoch': 82, 'time_epoch': 1.12943, 'eta': 131.62027, 'eta_hours': 0.03656, 'loss': 0.17843395, 'lr': 0.00089185, 'params': 153476, 'time_iter': 0.01076, 'accuracy': 0.96449, 'f1': 0.96445, 'auc': 0.96477}
val: {'epoch': 82, 'time_epoch': 0.06202, 'loss': 0.19748642, 'lr': 0, 'params': 153476, 'time_iter': 0.00564, 'accuracy': 0.96063, 'f1': 0.96057, 'auc': 0.96064}
test: {'epoch': 82, 'time_epoch': 0.064, 'loss': 0.19183234, 'lr': 0, 'params': 153476, 'time_iter': 0.00582, 'accuracy': 0.96206, 'f1': 0.96201, 'auc': 0.96236}
> Epoch 82: took 1.5s (avg 1.5s) | Best so far: epoch 82	train_loss: 0.1784 train_accuracy: 0.9645	val_loss: 0.1975 val_accuracy: 0.9606	test_loss: 0.1918 test_accuracy: 0.9621
train: {'epoch': 83, 'time_epoch': 1.08528, 'eta': 130.44052, 'eta_hours': 0.03623, 'loss': 0.17798572, 'lr': 0.00088526, 'params': 153476, 'time_iter': 0.01034, 'accuracy': 0.96454, 'f1': 0.9645, 'auc': 0.96491}
val: {'epoch': 83, 'time_epoch': 0.06151, 'loss': 0.19875582, 'lr': 0, 'params': 153476, 'time_iter': 0.00559, 'accuracy': 0.95866, 'f1': 0.95859, 'auc': 0.96038}
test: {'epoch': 83, 'time_epoch': 0.06151, 'loss': 0.19288355, 'lr': 0, 'params': 153476, 'time_iter': 0.00559, 'accuracy': 0.95957, 'f1': 0.95951, 'auc': 0.96218}
> Epoch 83: took 1.5s (avg 1.5s) | Best so far: epoch 82	train_loss: 0.1784 train_accuracy: 0.9645	val_loss: 0.1975 val_accuracy: 0.9606	test_loss: 0.1918 test_accuracy: 0.9621
train: {'epoch': 84, 'time_epoch': 1.07861, 'eta': 129.25396, 'eta_hours': 0.0359, 'loss': 0.17752156, 'lr': 0.0008785, 'params': 153476, 'time_iter': 0.01027, 'accuracy': 0.9646, 'f1': 0.96455, 'auc': 0.9651}
val: {'epoch': 84, 'time_epoch': 0.06, 'loss': 0.20286917, 'lr': 0, 'params': 153476, 'time_iter': 0.00545, 'accuracy': 0.95503, 'f1': 0.95494, 'auc': 0.95973}
test: {'epoch': 84, 'time_epoch': 0.05751, 'loss': 0.19736451, 'lr': 0, 'params': 153476, 'time_iter': 0.00523, 'accuracy': 0.95601, 'f1': 0.95593, 'auc': 0.96124}
> Epoch 84: took 1.4s (avg 1.5s) | Best so far: epoch 82	train_loss: 0.1784 train_accuracy: 0.9645	val_loss: 0.1975 val_accuracy: 0.9606	test_loss: 0.1918 test_accuracy: 0.9621
train: {'epoch': 85, 'time_epoch': 1.18343, 'eta': 128.20886, 'eta_hours': 0.03561, 'loss': 0.17711422, 'lr': 0.00087157, 'params': 153476, 'time_iter': 0.01127, 'accuracy': 0.96479, 'f1': 0.96475, 'auc': 0.96507}
val: {'epoch': 85, 'time_epoch': 0.06151, 'loss': 0.19752553, 'lr': 0, 'params': 153476, 'time_iter': 0.00559, 'accuracy': 0.95961, 'f1': 0.95955, 'auc': 0.96113}
test: {'epoch': 85, 'time_epoch': 0.06451, 'loss': 0.19244646, 'lr': 0, 'params': 153476, 'time_iter': 0.00586, 'accuracy': 0.96079, 'f1': 0.96073, 'auc': 0.96222}
> Epoch 85: took 1.5s (avg 1.5s) | Best so far: epoch 82	train_loss: 0.1784 train_accuracy: 0.9645	val_loss: 0.1975 val_accuracy: 0.9606	test_loss: 0.1918 test_accuracy: 0.9621
train: {'epoch': 86, 'time_epoch': 1.08602, 'eta': 127.03407, 'eta_hours': 0.03529, 'loss': 0.17636585, 'lr': 0.00086448, 'params': 153476, 'time_iter': 0.01034, 'accuracy': 0.96518, 'f1': 0.96514, 'auc': 0.96534}
val: {'epoch': 86, 'time_epoch': 0.061, 'loss': 0.19752597, 'lr': 0, 'params': 153476, 'time_iter': 0.00555, 'accuracy': 0.95823, 'f1': 0.95816, 'auc': 0.96136}
test: {'epoch': 86, 'time_epoch': 0.06, 'loss': 0.19217213, 'lr': 0, 'params': 153476, 'time_iter': 0.00545, 'accuracy': 0.96038, 'f1': 0.96032, 'auc': 0.96277}
> Epoch 86: took 1.5s (avg 1.5s) | Best so far: epoch 82	train_loss: 0.1784 train_accuracy: 0.9645	val_loss: 0.1975 val_accuracy: 0.9606	test_loss: 0.1918 test_accuracy: 0.9621
train: {'epoch': 87, 'time_epoch': 1.10045, 'eta': 125.87965, 'eta_hours': 0.03497, 'loss': 0.17657587, 'lr': 0.00085724, 'params': 153476, 'time_iter': 0.01048, 'accuracy': 0.96489, 'f1': 0.96485, 'auc': 0.96525}
val: {'epoch': 87, 'time_epoch': 0.06251, 'loss': 0.20099054, 'lr': 0, 'params': 153476, 'time_iter': 0.00568, 'accuracy': 0.9569, 'f1': 0.95683, 'auc': 0.96177}
test: {'epoch': 87, 'time_epoch': 0.06051, 'loss': 0.19488532, 'lr': 0, 'params': 153476, 'time_iter': 0.0055, 'accuracy': 0.95875, 'f1': 0.95868, 'auc': 0.96306}
> Epoch 87: took 1.5s (avg 1.5s) | Best so far: epoch 82	train_loss: 0.1784 train_accuracy: 0.9645	val_loss: 0.1975 val_accuracy: 0.9606	test_loss: 0.1918 test_accuracy: 0.9621
train: {'epoch': 88, 'time_epoch': 1.08568, 'eta': 124.70802, 'eta_hours': 0.03464, 'loss': 0.17535571, 'lr': 0.00084983, 'params': 153476, 'time_iter': 0.01034, 'accuracy': 0.9653, 'f1': 0.96526, 'auc': 0.96549}
val: {'epoch': 88, 'time_epoch': 0.06051, 'loss': 0.19899763, 'lr': 0, 'params': 153476, 'time_iter': 0.0055, 'accuracy': 0.95867, 'f1': 0.9586, 'auc': 0.96062}
test: {'epoch': 88, 'time_epoch': 0.06201, 'loss': 0.19265949, 'lr': 0, 'params': 153476, 'time_iter': 0.00564, 'accuracy': 0.96074, 'f1': 0.96068, 'auc': 0.9625}
> Epoch 88: took 1.5s (avg 1.5s) | Best so far: epoch 82	train_loss: 0.1784 train_accuracy: 0.9645	val_loss: 0.1975 val_accuracy: 0.9606	test_loss: 0.1918 test_accuracy: 0.9621
train: {'epoch': 89, 'time_epoch': 1.10203, 'eta': 123.55829, 'eta_hours': 0.03432, 'loss': 0.17525041, 'lr': 0.00084227, 'params': 153476, 'time_iter': 0.0105, 'accuracy': 0.96548, 'f1': 0.96544, 'auc': 0.96553}
val: {'epoch': 89, 'time_epoch': 0.061, 'loss': 0.19863151, 'lr': 0, 'params': 153476, 'time_iter': 0.00555, 'accuracy': 0.95842, 'f1': 0.95835, 'auc': 0.96059}
test: {'epoch': 89, 'time_epoch': 0.062, 'loss': 0.19221057, 'lr': 0, 'params': 153476, 'time_iter': 0.00564, 'accuracy': 0.95973, 'f1': 0.95967, 'auc': 0.96253}
> Epoch 89: took 1.5s (avg 1.5s) | Best so far: epoch 82	train_loss: 0.1784 train_accuracy: 0.9645	val_loss: 0.1975 val_accuracy: 0.9606	test_loss: 0.1918 test_accuracy: 0.9621
train: {'epoch': 90, 'time_epoch': 1.12186, 'eta': 122.43336, 'eta_hours': 0.03401, 'loss': 0.17476382, 'lr': 0.00083457, 'params': 153476, 'time_iter': 0.01068, 'accuracy': 0.96532, 'f1': 0.96528, 'auc': 0.96575}
val: {'epoch': 90, 'time_epoch': 0.06, 'loss': 0.19937106, 'lr': 0, 'params': 153476, 'time_iter': 0.00545, 'accuracy': 0.95741, 'f1': 0.95733, 'auc': 0.9601}
test: {'epoch': 90, 'time_epoch': 0.05922, 'loss': 0.19351513, 'lr': 0, 'params': 153476, 'time_iter': 0.00538, 'accuracy': 0.95858, 'f1': 0.95851, 'auc': 0.96193}
> Epoch 90: took 1.5s (avg 1.5s) | Best so far: epoch 82	train_loss: 0.1784 train_accuracy: 0.9645	val_loss: 0.1975 val_accuracy: 0.9606	test_loss: 0.1918 test_accuracy: 0.9621
train: {'epoch': 91, 'time_epoch': 1.10214, 'eta': 121.28535, 'eta_hours': 0.03369, 'loss': 0.17430739, 'lr': 0.00082671, 'params': 153476, 'time_iter': 0.0105, 'accuracy': 0.96552, 'f1': 0.96548, 'auc': 0.96573}
val: {'epoch': 91, 'time_epoch': 0.06126, 'loss': 0.19979814, 'lr': 0, 'params': 153476, 'time_iter': 0.00557, 'accuracy': 0.95892, 'f1': 0.95885, 'auc': 0.96072}
test: {'epoch': 91, 'time_epoch': 0.05851, 'loss': 0.1938645, 'lr': 0, 'params': 153476, 'time_iter': 0.00532, 'accuracy': 0.96057, 'f1': 0.96051, 'auc': 0.96168}
> Epoch 91: took 1.5s (avg 1.5s) | Best so far: epoch 82	train_loss: 0.1784 train_accuracy: 0.9645	val_loss: 0.1975 val_accuracy: 0.9606	test_loss: 0.1918 test_accuracy: 0.9621
train: {'epoch': 92, 'time_epoch': 1.14914, 'eta': 120.1924, 'eta_hours': 0.03339, 'loss': 0.17419405, 'lr': 0.00081871, 'params': 153476, 'time_iter': 0.01094, 'accuracy': 0.96555, 'f1': 0.96551, 'auc': 0.96573}
val: {'epoch': 92, 'time_epoch': 0.06051, 'loss': 0.19783151, 'lr': 0, 'params': 153476, 'time_iter': 0.0055, 'accuracy': 0.95923, 'f1': 0.95916, 'auc': 0.96014}
test: {'epoch': 92, 'time_epoch': 0.05901, 'loss': 0.19059798, 'lr': 0, 'params': 153476, 'time_iter': 0.00536, 'accuracy': 0.96095, 'f1': 0.9609, 'auc': 0.96193}
> Epoch 92: took 1.5s (avg 1.5s) | Best so far: epoch 82	train_loss: 0.1784 train_accuracy: 0.9645	val_loss: 0.1975 val_accuracy: 0.9606	test_loss: 0.1918 test_accuracy: 0.9621
train: {'epoch': 93, 'time_epoch': 1.12153, 'eta': 119.06711, 'eta_hours': 0.03307, 'loss': 0.17346541, 'lr': 0.00081057, 'params': 153476, 'time_iter': 0.01068, 'accuracy': 0.96565, 'f1': 0.96561, 'auc': 0.96594}
val: {'epoch': 93, 'time_epoch': 0.05951, 'loss': 0.19810702, 'lr': 0, 'params': 153476, 'time_iter': 0.00541, 'accuracy': 0.95846, 'f1': 0.95839, 'auc': 0.9609}
test: {'epoch': 93, 'time_epoch': 0.05752, 'loss': 0.192345, 'lr': 0, 'params': 153476, 'time_iter': 0.00523, 'accuracy': 0.95987, 'f1': 0.9598, 'auc': 0.96259}
> Epoch 93: took 1.5s (avg 1.5s) | Best so far: epoch 82	train_loss: 0.1784 train_accuracy: 0.9645	val_loss: 0.1975 val_accuracy: 0.9606	test_loss: 0.1918 test_accuracy: 0.9621
train: {'epoch': 94, 'time_epoch': 1.10533, 'eta': 117.924, 'eta_hours': 0.03276, 'loss': 0.17322251, 'lr': 0.0008023, 'params': 153476, 'time_iter': 0.01053, 'accuracy': 0.96568, 'f1': 0.96564, 'auc': 0.96613}
val: {'epoch': 94, 'time_epoch': 0.061, 'loss': 0.19896134, 'lr': 0, 'params': 153476, 'time_iter': 0.00555, 'accuracy': 0.95914, 'f1': 0.95907, 'auc': 0.96069}
test: {'epoch': 94, 'time_epoch': 0.06, 'loss': 0.1925639, 'lr': 0, 'params': 153476, 'time_iter': 0.00545, 'accuracy': 0.96044, 'f1': 0.96038, 'auc': 0.9622}
> Epoch 94: took 1.5s (avg 1.5s) | Best so far: epoch 82	train_loss: 0.1784 train_accuracy: 0.9645	val_loss: 0.1975 val_accuracy: 0.9606	test_loss: 0.1918 test_accuracy: 0.9621
train: {'epoch': 95, 'time_epoch': 1.13204, 'eta': 116.81062, 'eta_hours': 0.03245, 'loss': 0.17283169, 'lr': 0.00079389, 'params': 153476, 'time_iter': 0.01078, 'accuracy': 0.96581, 'f1': 0.96577, 'auc': 0.96622}
val: {'epoch': 95, 'time_epoch': 0.06101, 'loss': 0.2002503, 'lr': 0, 'params': 153476, 'time_iter': 0.00555, 'accuracy': 0.95774, 'f1': 0.95767, 'auc': 0.96077}
test: {'epoch': 95, 'time_epoch': 0.059, 'loss': 0.19431481, 'lr': 0, 'params': 153476, 'time_iter': 0.00536, 'accuracy': 0.95904, 'f1': 0.95897, 'auc': 0.96213}
> Epoch 95: took 1.5s (avg 1.5s) | Best so far: epoch 82	train_loss: 0.1784 train_accuracy: 0.9645	val_loss: 0.1975 val_accuracy: 0.9606	test_loss: 0.1918 test_accuracy: 0.9621
train: {'epoch': 96, 'time_epoch': 1.15905, 'eta': 115.72553, 'eta_hours': 0.03215, 'loss': 0.17200385, 'lr': 0.00078536, 'params': 153476, 'time_iter': 0.01104, 'accuracy': 0.96591, 'f1': 0.96587, 'auc': 0.9665}
val: {'epoch': 96, 'time_epoch': 0.05901, 'loss': 0.19793841, 'lr': 0, 'params': 153476, 'time_iter': 0.00536, 'accuracy': 0.96021, 'f1': 0.96016, 'auc': 0.96159}
test: {'epoch': 96, 'time_epoch': 0.061, 'loss': 0.19233014, 'lr': 0, 'params': 153476, 'time_iter': 0.00555, 'accuracy': 0.96207, 'f1': 0.96202, 'auc': 0.96274}
> Epoch 96: took 1.5s (avg 1.5s) | Best so far: epoch 82	train_loss: 0.1784 train_accuracy: 0.9645	val_loss: 0.1975 val_accuracy: 0.9606	test_loss: 0.1918 test_accuracy: 0.9621
train: {'epoch': 97, 'time_epoch': 1.10056, 'eta': 114.57805, 'eta_hours': 0.03183, 'loss': 0.17178716, 'lr': 0.0007767, 'params': 153476, 'time_iter': 0.01048, 'accuracy': 0.96594, 'f1': 0.9659, 'auc': 0.96656}
val: {'epoch': 97, 'time_epoch': 0.06, 'loss': 0.19879421, 'lr': 0, 'params': 153476, 'time_iter': 0.00545, 'accuracy': 0.95744, 'f1': 0.95736, 'auc': 0.96144}
test: {'epoch': 97, 'time_epoch': 0.0575, 'loss': 0.19246399, 'lr': 0, 'params': 153476, 'time_iter': 0.00523, 'accuracy': 0.95856, 'f1': 0.95849, 'auc': 0.96312}
> Epoch 97: took 1.5s (avg 1.5s) | Best so far: epoch 82	train_loss: 0.1784 train_accuracy: 0.9645	val_loss: 0.1975 val_accuracy: 0.9606	test_loss: 0.1918 test_accuracy: 0.9621
train: {'epoch': 98, 'time_epoch': 1.22329, 'eta': 113.55674, 'eta_hours': 0.03154, 'loss': 0.17136415, 'lr': 0.00076791, 'params': 153476, 'time_iter': 0.01165, 'accuracy': 0.96612, 'f1': 0.96608, 'auc': 0.96668}
val: {'epoch': 98, 'time_epoch': 0.062, 'loss': 0.19697155, 'lr': 0, 'params': 153476, 'time_iter': 0.00564, 'accuracy': 0.96043, 'f1': 0.96037, 'auc': 0.96112}
test: {'epoch': 98, 'time_epoch': 0.06085, 'loss': 0.19105199, 'lr': 0, 'params': 153476, 'time_iter': 0.00553, 'accuracy': 0.96185, 'f1': 0.96179, 'auc': 0.96227}
> Epoch 98: took 1.6s (avg 1.5s) | Best so far: epoch 82	train_loss: 0.1784 train_accuracy: 0.9645	val_loss: 0.1975 val_accuracy: 0.9606	test_loss: 0.1918 test_accuracy: 0.9621
train: {'epoch': 99, 'time_epoch': 1.15352, 'eta': 112.46161, 'eta_hours': 0.03124, 'loss': 0.1710747, 'lr': 0.00075901, 'params': 153476, 'time_iter': 0.01099, 'accuracy': 0.96609, 'f1': 0.96605, 'auc': 0.96668}
val: {'epoch': 99, 'time_epoch': 0.06142, 'loss': 0.19893458, 'lr': 0, 'params': 153476, 'time_iter': 0.00558, 'accuracy': 0.95847, 'f1': 0.95841, 'auc': 0.96026}
test: {'epoch': 99, 'time_epoch': 0.057, 'loss': 0.19453538, 'lr': 0, 'params': 153476, 'time_iter': 0.00518, 'accuracy': 0.9591, 'f1': 0.95904, 'auc': 0.96164}
> Epoch 99: took 1.5s (avg 1.5s) | Best so far: epoch 82	train_loss: 0.1784 train_accuracy: 0.9645	val_loss: 0.1975 val_accuracy: 0.9606	test_loss: 0.1918 test_accuracy: 0.9621
train: {'epoch': 100, 'time_epoch': 1.1177, 'eta': 111.33021, 'eta_hours': 0.03093, 'loss': 0.17058366, 'lr': 0.00075, 'params': 153476, 'time_iter': 0.01064, 'accuracy': 0.96617, 'f1': 0.96614, 'auc': 0.96685}
val: {'epoch': 100, 'time_epoch': 0.07201, 'loss': 0.19811094, 'lr': 0, 'params': 153476, 'time_iter': 0.00655, 'accuracy': 0.9593, 'f1': 0.95923, 'auc': 0.96081}
test: {'epoch': 100, 'time_epoch': 0.06019, 'loss': 0.1931133, 'lr': 0, 'params': 153476, 'time_iter': 0.00547, 'accuracy': 0.95951, 'f1': 0.95945, 'auc': 0.96188}
> Epoch 100: took 1.5s (avg 1.5s) | Best so far: epoch 82	train_loss: 0.1784 train_accuracy: 0.9645	val_loss: 0.1975 val_accuracy: 0.9606	test_loss: 0.1918 test_accuracy: 0.9621
train: {'epoch': 101, 'time_epoch': 1.09072, 'eta': 110.17316, 'eta_hours': 0.0306, 'loss': 0.17030636, 'lr': 0.00074088, 'params': 153476, 'time_iter': 0.01039, 'accuracy': 0.96631, 'f1': 0.96628, 'auc': 0.96695}
val: {'epoch': 101, 'time_epoch': 0.06251, 'loss': 0.19562656, 'lr': 0, 'params': 153476, 'time_iter': 0.00568, 'accuracy': 0.95994, 'f1': 0.95988, 'auc': 0.96173}
test: {'epoch': 101, 'time_epoch': 0.059, 'loss': 0.19111265, 'lr': 0, 'params': 153476, 'time_iter': 0.00536, 'accuracy': 0.96096, 'f1': 0.9609, 'auc': 0.96286}
> Epoch 101: took 1.5s (avg 1.5s) | Best so far: epoch 82	train_loss: 0.1784 train_accuracy: 0.9645	val_loss: 0.1975 val_accuracy: 0.9606	test_loss: 0.1918 test_accuracy: 0.9621
train: {'epoch': 102, 'time_epoch': 1.1544, 'eta': 109.07738, 'eta_hours': 0.0303, 'loss': 0.17005347, 'lr': 0.00073165, 'params': 153476, 'time_iter': 0.01099, 'accuracy': 0.96621, 'f1': 0.96617, 'auc': 0.9671}
val: {'epoch': 102, 'time_epoch': 0.05951, 'loss': 0.20013899, 'lr': 0, 'params': 153476, 'time_iter': 0.00541, 'accuracy': 0.95832, 'f1': 0.95825, 'auc': 0.96099}
test: {'epoch': 102, 'time_epoch': 0.05901, 'loss': 0.19354194, 'lr': 0, 'params': 153476, 'time_iter': 0.00536, 'accuracy': 0.9595, 'f1': 0.95944, 'auc': 0.96249}
> Epoch 102: took 1.5s (avg 1.5s) | Best so far: epoch 82	train_loss: 0.1784 train_accuracy: 0.9645	val_loss: 0.1975 val_accuracy: 0.9606	test_loss: 0.1918 test_accuracy: 0.9621
train: {'epoch': 103, 'time_epoch': 1.15405, 'eta': 107.98014, 'eta_hours': 0.02999, 'loss': 0.16963934, 'lr': 0.00072232, 'params': 153476, 'time_iter': 0.01099, 'accuracy': 0.96617, 'f1': 0.96614, 'auc': 0.96712}
val: {'epoch': 103, 'time_epoch': 0.05951, 'loss': 0.19795358, 'lr': 0, 'params': 153476, 'time_iter': 0.00541, 'accuracy': 0.95944, 'f1': 0.95938, 'auc': 0.96223}
test: {'epoch': 103, 'time_epoch': 0.05851, 'loss': 0.19178855, 'lr': 0, 'params': 153476, 'time_iter': 0.00532, 'accuracy': 0.96023, 'f1': 0.96017, 'auc': 0.96354}
> Epoch 103: took 1.5s (avg 1.5s) | Best so far: epoch 82	train_loss: 0.1784 train_accuracy: 0.9645	val_loss: 0.1975 val_accuracy: 0.9606	test_loss: 0.1918 test_accuracy: 0.9621
train: {'epoch': 104, 'time_epoch': 1.16586, 'eta': 106.8925, 'eta_hours': 0.02969, 'loss': 0.16894854, 'lr': 0.00071289, 'params': 153476, 'time_iter': 0.0111, 'accuracy': 0.96647, 'f1': 0.96643, 'auc': 0.96728}
val: {'epoch': 104, 'time_epoch': 0.061, 'loss': 0.20020531, 'lr': 0, 'params': 153476, 'time_iter': 0.00555, 'accuracy': 0.95747, 'f1': 0.95739, 'auc': 0.96275}
test: {'epoch': 104, 'time_epoch': 0.06351, 'loss': 0.19463334, 'lr': 0, 'params': 153476, 'time_iter': 0.00577, 'accuracy': 0.95896, 'f1': 0.95889, 'auc': 0.96379}
> Epoch 104: took 1.5s (avg 1.5s) | Best so far: epoch 82	train_loss: 0.1784 train_accuracy: 0.9645	val_loss: 0.1975 val_accuracy: 0.9606	test_loss: 0.1918 test_accuracy: 0.9621
train: {'epoch': 105, 'time_epoch': 1.14286, 'eta': 105.78299, 'eta_hours': 0.02938, 'loss': 0.16846063, 'lr': 0.00070337, 'params': 153476, 'time_iter': 0.01088, 'accuracy': 0.96652, 'f1': 0.96649, 'auc': 0.96762}
val: {'epoch': 105, 'time_epoch': 0.06, 'loss': 0.20440006, 'lr': 0, 'params': 153476, 'time_iter': 0.00545, 'accuracy': 0.95626, 'f1': 0.95618, 'auc': 0.96029}
test: {'epoch': 105, 'time_epoch': 0.06, 'loss': 0.19884155, 'lr': 0, 'params': 153476, 'time_iter': 0.00545, 'accuracy': 0.95695, 'f1': 0.95687, 'auc': 0.96163}
> Epoch 105: took 1.5s (avg 1.5s) | Best so far: epoch 82	train_loss: 0.1784 train_accuracy: 0.9645	val_loss: 0.1975 val_accuracy: 0.9606	test_loss: 0.1918 test_accuracy: 0.9621
train: {'epoch': 106, 'time_epoch': 1.10985, 'eta': 104.64417, 'eta_hours': 0.02907, 'loss': 0.16849801, 'lr': 0.00069376, 'params': 153476, 'time_iter': 0.01057, 'accuracy': 0.96643, 'f1': 0.96639, 'auc': 0.96764}
val: {'epoch': 106, 'time_epoch': 0.06151, 'loss': 0.19898154, 'lr': 0, 'params': 153476, 'time_iter': 0.00559, 'accuracy': 0.95896, 'f1': 0.95889, 'auc': 0.96265}
test: {'epoch': 106, 'time_epoch': 0.05751, 'loss': 0.19247494, 'lr': 0, 'params': 153476, 'time_iter': 0.00523, 'accuracy': 0.95976, 'f1': 0.9597, 'auc': 0.96391}
> Epoch 106: took 1.5s (avg 1.5s) | Best so far: epoch 82	train_loss: 0.1784 train_accuracy: 0.9645	val_loss: 0.1975 val_accuracy: 0.9606	test_loss: 0.1918 test_accuracy: 0.9621
train: {'epoch': 107, 'time_epoch': 1.11034, 'eta': 103.5063, 'eta_hours': 0.02875, 'loss': 0.16793539, 'lr': 0.00068406, 'params': 153476, 'time_iter': 0.01057, 'accuracy': 0.96646, 'f1': 0.96642, 'auc': 0.96773}
val: {'epoch': 107, 'time_epoch': 0.06051, 'loss': 0.19609142, 'lr': 0, 'params': 153476, 'time_iter': 0.0055, 'accuracy': 0.96091, 'f1': 0.96085, 'auc': 0.9618}
test: {'epoch': 107, 'time_epoch': 0.05651, 'loss': 0.19030895, 'lr': 0, 'params': 153476, 'time_iter': 0.00514, 'accuracy': 0.96164, 'f1': 0.96158, 'auc': 0.96351}
> Epoch 107: took 1.5s (avg 1.5s) | Best so far: epoch 107	train_loss: 0.1679 train_accuracy: 0.9665	val_loss: 0.1961 val_accuracy: 0.9609	test_loss: 0.1903 test_accuracy: 0.9616
train: {'epoch': 108, 'time_epoch': 1.11761, 'eta': 102.375, 'eta_hours': 0.02844, 'loss': 0.16718035, 'lr': 0.00067429, 'params': 153476, 'time_iter': 0.01064, 'accuracy': 0.9665, 'f1': 0.96647, 'auc': 0.968}
val: {'epoch': 108, 'time_epoch': 0.06001, 'loss': 0.19697611, 'lr': 0, 'params': 153476, 'time_iter': 0.00546, 'accuracy': 0.96015, 'f1': 0.96009, 'auc': 0.96168}
test: {'epoch': 108, 'time_epoch': 0.06351, 'loss': 0.192074, 'lr': 0, 'params': 153476, 'time_iter': 0.00577, 'accuracy': 0.96094, 'f1': 0.96088, 'auc': 0.96253}
> Epoch 108: took 1.5s (avg 1.5s) | Best so far: epoch 107	train_loss: 0.1679 train_accuracy: 0.9665	val_loss: 0.1961 val_accuracy: 0.9609	test_loss: 0.1903 test_accuracy: 0.9616
train: {'epoch': 109, 'time_epoch': 1.18745, 'eta': 101.30109, 'eta_hours': 0.02814, 'loss': 0.1671061, 'lr': 0.00066443, 'params': 153476, 'time_iter': 0.01131, 'accuracy': 0.96666, 'f1': 0.96662, 'auc': 0.96801}
val: {'epoch': 109, 'time_epoch': 0.061, 'loss': 0.19735827, 'lr': 0, 'params': 153476, 'time_iter': 0.00555, 'accuracy': 0.95932, 'f1': 0.95926, 'auc': 0.96239}
test: {'epoch': 109, 'time_epoch': 0.0585, 'loss': 0.19239789, 'lr': 0, 'params': 153476, 'time_iter': 0.00532, 'accuracy': 0.96045, 'f1': 0.96039, 'auc': 0.96345}
> Epoch 109: took 1.5s (avg 1.5s) | Best so far: epoch 107	train_loss: 0.1679 train_accuracy: 0.9665	val_loss: 0.1961 val_accuracy: 0.9609	test_loss: 0.1903 test_accuracy: 0.9616
train: {'epoch': 110, 'time_epoch': 1.11996, 'eta': 100.17103, 'eta_hours': 0.02783, 'loss': 0.16668988, 'lr': 0.00065451, 'params': 153476, 'time_iter': 0.01067, 'accuracy': 0.96651, 'f1': 0.96647, 'auc': 0.96814}
val: {'epoch': 110, 'time_epoch': 0.0615, 'loss': 0.19832483, 'lr': 0, 'params': 153476, 'time_iter': 0.00559, 'accuracy': 0.96022, 'f1': 0.96017, 'auc': 0.9611}
test: {'epoch': 110, 'time_epoch': 0.06121, 'loss': 0.19256751, 'lr': 0, 'params': 153476, 'time_iter': 0.00556, 'accuracy': 0.96101, 'f1': 0.96096, 'auc': 0.96218}
> Epoch 110: took 1.5s (avg 1.5s) | Best so far: epoch 107	train_loss: 0.1679 train_accuracy: 0.9665	val_loss: 0.1961 val_accuracy: 0.9609	test_loss: 0.1903 test_accuracy: 0.9616
train: {'epoch': 111, 'time_epoch': 1.1251, 'eta': 99.04519, 'eta_hours': 0.02751, 'loss': 0.1660036, 'lr': 0.00064452, 'params': 153476, 'time_iter': 0.01072, 'accuracy': 0.9669, 'f1': 0.96686, 'auc': 0.96835}
val: {'epoch': 111, 'time_epoch': 0.05922, 'loss': 0.1966007, 'lr': 0, 'params': 153476, 'time_iter': 0.00538, 'accuracy': 0.96127, 'f1': 0.96122, 'auc': 0.96131}
test: {'epoch': 111, 'time_epoch': 0.05951, 'loss': 0.19156077, 'lr': 0, 'params': 153476, 'time_iter': 0.00541, 'accuracy': 0.96168, 'f1': 0.96162, 'auc': 0.96249}
> Epoch 111: took 1.5s (avg 1.5s) | Best so far: epoch 111	train_loss: 0.1660 train_accuracy: 0.9669	val_loss: 0.1966 val_accuracy: 0.9613	test_loss: 0.1916 test_accuracy: 0.9617
train: {'epoch': 112, 'time_epoch': 1.22849, 'eta': 97.99895, 'eta_hours': 0.02722, 'loss': 0.16587795, 'lr': 0.00063446, 'params': 153476, 'time_iter': 0.0117, 'accuracy': 0.9668, 'f1': 0.96677, 'auc': 0.96836}
val: {'epoch': 112, 'time_epoch': 0.06251, 'loss': 0.19948092, 'lr': 0, 'params': 153476, 'time_iter': 0.00568, 'accuracy': 0.95899, 'f1': 0.95892, 'auc': 0.96198}
test: {'epoch': 112, 'time_epoch': 0.06251, 'loss': 0.19353186, 'lr': 0, 'params': 153476, 'time_iter': 0.00568, 'accuracy': 0.9604, 'f1': 0.96034, 'auc': 0.96302}
> Epoch 112: took 1.6s (avg 1.5s) | Best so far: epoch 111	train_loss: 0.1660 train_accuracy: 0.9669	val_loss: 0.1966 val_accuracy: 0.9613	test_loss: 0.1916 test_accuracy: 0.9617
train: {'epoch': 113, 'time_epoch': 1.14683, 'eta': 96.88793, 'eta_hours': 0.02691, 'loss': 0.16533903, 'lr': 0.00062434, 'params': 153476, 'time_iter': 0.01092, 'accuracy': 0.96684, 'f1': 0.9668, 'auc': 0.96858}
val: {'epoch': 113, 'time_epoch': 0.05951, 'loss': 0.19861719, 'lr': 0, 'params': 153476, 'time_iter': 0.00541, 'accuracy': 0.96065, 'f1': 0.96059, 'auc': 0.96054}
test: {'epoch': 113, 'time_epoch': 0.06051, 'loss': 0.19247009, 'lr': 0, 'params': 153476, 'time_iter': 0.0055, 'accuracy': 0.96201, 'f1': 0.96196, 'auc': 0.96214}
> Epoch 113: took 1.5s (avg 1.5s) | Best so far: epoch 111	train_loss: 0.1660 train_accuracy: 0.9669	val_loss: 0.1966 val_accuracy: 0.9613	test_loss: 0.1916 test_accuracy: 0.9617
train: {'epoch': 114, 'time_epoch': 1.16825, 'eta': 95.79211, 'eta_hours': 0.02661, 'loss': 0.1648707, 'lr': 0.00061418, 'params': 153476, 'time_iter': 0.01113, 'accuracy': 0.96698, 'f1': 0.96695, 'auc': 0.96863}
val: {'epoch': 114, 'time_epoch': 0.063, 'loss': 0.19692745, 'lr': 0, 'params': 153476, 'time_iter': 0.00573, 'accuracy': 0.96024, 'f1': 0.96018, 'auc': 0.96235}
test: {'epoch': 114, 'time_epoch': 0.05773, 'loss': 0.19168384, 'lr': 0, 'params': 153476, 'time_iter': 0.00525, 'accuracy': 0.96137, 'f1': 0.96132, 'auc': 0.96351}
> Epoch 114: took 1.5s (avg 1.5s) | Best so far: epoch 111	train_loss: 0.1660 train_accuracy: 0.9669	val_loss: 0.1966 val_accuracy: 0.9613	test_loss: 0.1916 test_accuracy: 0.9617
train: {'epoch': 115, 'time_epoch': 1.14963, 'eta': 94.68155, 'eta_hours': 0.0263, 'loss': 0.1644693, 'lr': 0.00060396, 'params': 153476, 'time_iter': 0.01095, 'accuracy': 0.96687, 'f1': 0.96684, 'auc': 0.96894}
val: {'epoch': 115, 'time_epoch': 0.05951, 'loss': 0.19814244, 'lr': 0, 'params': 153476, 'time_iter': 0.00541, 'accuracy': 0.96104, 'f1': 0.96099, 'auc': 0.96169}
test: {'epoch': 115, 'time_epoch': 0.059, 'loss': 0.19226669, 'lr': 0, 'params': 153476, 'time_iter': 0.00536, 'accuracy': 0.9624, 'f1': 0.96235, 'auc': 0.96298}
> Epoch 115: took 1.5s (avg 1.5s) | Best so far: epoch 111	train_loss: 0.1660 train_accuracy: 0.9669	val_loss: 0.1966 val_accuracy: 0.9613	test_loss: 0.1916 test_accuracy: 0.9617
train: {'epoch': 116, 'time_epoch': 1.1307, 'eta': 93.5569, 'eta_hours': 0.02599, 'loss': 0.16397481, 'lr': 0.00059369, 'params': 153476, 'time_iter': 0.01077, 'accuracy': 0.96709, 'f1': 0.96705, 'auc': 0.96902}
val: {'epoch': 116, 'time_epoch': 0.05951, 'loss': 0.20065499, 'lr': 0, 'params': 153476, 'time_iter': 0.00541, 'accuracy': 0.95969, 'f1': 0.95963, 'auc': 0.96261}
test: {'epoch': 116, 'time_epoch': 0.058, 'loss': 0.19406963, 'lr': 0, 'params': 153476, 'time_iter': 0.00527, 'accuracy': 0.96079, 'f1': 0.96073, 'auc': 0.96368}
> Epoch 116: took 1.5s (avg 1.5s) | Best so far: epoch 111	train_loss: 0.1660 train_accuracy: 0.9669	val_loss: 0.1966 val_accuracy: 0.9613	test_loss: 0.1916 test_accuracy: 0.9617
train: {'epoch': 117, 'time_epoch': 1.11217, 'eta': 92.41927, 'eta_hours': 0.02567, 'loss': 0.16340187, 'lr': 0.00058338, 'params': 153476, 'time_iter': 0.01059, 'accuracy': 0.96712, 'f1': 0.96709, 'auc': 0.9693}
val: {'epoch': 117, 'time_epoch': 0.06, 'loss': 0.19885189, 'lr': 0, 'params': 153476, 'time_iter': 0.00545, 'accuracy': 0.96037, 'f1': 0.96031, 'auc': 0.96231}
test: {'epoch': 117, 'time_epoch': 0.06314, 'loss': 0.19194291, 'lr': 0, 'params': 153476, 'time_iter': 0.00574, 'accuracy': 0.96204, 'f1': 0.96199, 'auc': 0.96329}
> Epoch 117: took 1.5s (avg 1.5s) | Best so far: epoch 111	train_loss: 0.1660 train_accuracy: 0.9669	val_loss: 0.1966 val_accuracy: 0.9613	test_loss: 0.1916 test_accuracy: 0.9617
train: {'epoch': 118, 'time_epoch': 1.13719, 'eta': 91.2991, 'eta_hours': 0.02536, 'loss': 0.16311024, 'lr': 0.00057304, 'params': 153476, 'time_iter': 0.01083, 'accuracy': 0.96716, 'f1': 0.96712, 'auc': 0.96937}
val: {'epoch': 118, 'time_epoch': 0.064, 'loss': 0.19913732, 'lr': 0, 'params': 153476, 'time_iter': 0.00582, 'accuracy': 0.96008, 'f1': 0.96002, 'auc': 0.96266}
test: {'epoch': 118, 'time_epoch': 0.0575, 'loss': 0.1928372, 'lr': 0, 'params': 153476, 'time_iter': 0.00523, 'accuracy': 0.96125, 'f1': 0.9612, 'auc': 0.964}
> Epoch 118: took 1.5s (avg 1.5s) | Best so far: epoch 111	train_loss: 0.1660 train_accuracy: 0.9669	val_loss: 0.1966 val_accuracy: 0.9613	test_loss: 0.1916 test_accuracy: 0.9617
train: {'epoch': 119, 'time_epoch': 1.11384, 'eta': 90.16307, 'eta_hours': 0.02505, 'loss': 0.16294652, 'lr': 0.00056267, 'params': 153476, 'time_iter': 0.01061, 'accuracy': 0.96701, 'f1': 0.96698, 'auc': 0.96946}
val: {'epoch': 119, 'time_epoch': 0.06052, 'loss': 0.1988317, 'lr': 0, 'params': 153476, 'time_iter': 0.0055, 'accuracy': 0.96066, 'f1': 0.9606, 'auc': 0.96226}
test: {'epoch': 119, 'time_epoch': 0.05851, 'loss': 0.19257245, 'lr': 0, 'params': 153476, 'time_iter': 0.00532, 'accuracy': 0.96166, 'f1': 0.96161, 'auc': 0.96341}
> Epoch 119: took 1.5s (avg 1.5s) | Best so far: epoch 111	train_loss: 0.1660 train_accuracy: 0.9669	val_loss: 0.1966 val_accuracy: 0.9613	test_loss: 0.1916 test_accuracy: 0.9617
train: {'epoch': 120, 'time_epoch': 1.11292, 'eta': 89.02682, 'eta_hours': 0.02473, 'loss': 0.16243328, 'lr': 0.00055226, 'params': 153476, 'time_iter': 0.0106, 'accuracy': 0.96713, 'f1': 0.9671, 'auc': 0.96958}
val: {'epoch': 120, 'time_epoch': 0.06729, 'loss': 0.19852811, 'lr': 0, 'params': 153476, 'time_iter': 0.00612, 'accuracy': 0.96146, 'f1': 0.96141, 'auc': 0.96234}
test: {'epoch': 120, 'time_epoch': 0.06051, 'loss': 0.1922556, 'lr': 0, 'params': 153476, 'time_iter': 0.0055, 'accuracy': 0.96263, 'f1': 0.96258, 'auc': 0.96332}
> Epoch 120: took 1.5s (avg 1.5s) | Best so far: epoch 120	train_loss: 0.1624 train_accuracy: 0.9671	val_loss: 0.1985 val_accuracy: 0.9615	test_loss: 0.1923 test_accuracy: 0.9626
train: {'epoch': 121, 'time_epoch': 1.13504, 'eta': 87.90509, 'eta_hours': 0.02442, 'loss': 0.16180673, 'lr': 0.00054184, 'params': 153476, 'time_iter': 0.01081, 'accuracy': 0.96714, 'f1': 0.96711, 'auc': 0.96991}
val: {'epoch': 121, 'time_epoch': 0.06051, 'loss': 0.19924671, 'lr': 0, 'params': 153476, 'time_iter': 0.0055, 'accuracy': 0.96031, 'f1': 0.96025, 'auc': 0.96261}
test: {'epoch': 121, 'time_epoch': 0.05902, 'loss': 0.19290114, 'lr': 0, 'params': 153476, 'time_iter': 0.00537, 'accuracy': 0.96077, 'f1': 0.96071, 'auc': 0.96396}
> Epoch 121: took 1.5s (avg 1.5s) | Best so far: epoch 120	train_loss: 0.1624 train_accuracy: 0.9671	val_loss: 0.1985 val_accuracy: 0.9615	test_loss: 0.1923 test_accuracy: 0.9626
train: {'epoch': 122, 'time_epoch': 1.13613, 'eta': 86.78382, 'eta_hours': 0.02411, 'loss': 0.16123989, 'lr': 0.0005314, 'params': 153476, 'time_iter': 0.01082, 'accuracy': 0.96721, 'f1': 0.96718, 'auc': 0.97}
val: {'epoch': 122, 'time_epoch': 0.06016, 'loss': 0.20002563, 'lr': 0, 'params': 153476, 'time_iter': 0.00547, 'accuracy': 0.96084, 'f1': 0.96078, 'auc': 0.9616}
test: {'epoch': 122, 'time_epoch': 0.06002, 'loss': 0.19308345, 'lr': 0, 'params': 153476, 'time_iter': 0.00546, 'accuracy': 0.96245, 'f1': 0.9624, 'auc': 0.96291}
> Epoch 122: took 1.5s (avg 1.5s) | Best so far: epoch 120	train_loss: 0.1624 train_accuracy: 0.9671	val_loss: 0.1985 val_accuracy: 0.9615	test_loss: 0.1923 test_accuracy: 0.9626
train: {'epoch': 123, 'time_epoch': 1.14441, 'eta': 85.66738, 'eta_hours': 0.0238, 'loss': 0.16101769, 'lr': 0.00052094, 'params': 153476, 'time_iter': 0.0109, 'accuracy': 0.96733, 'f1': 0.96729, 'auc': 0.97007}
val: {'epoch': 123, 'time_epoch': 0.05951, 'loss': 0.19971435, 'lr': 0, 'params': 153476, 'time_iter': 0.00541, 'accuracy': 0.95939, 'f1': 0.95933, 'auc': 0.96187}
test: {'epoch': 123, 'time_epoch': 0.05951, 'loss': 0.19415196, 'lr': 0, 'params': 153476, 'time_iter': 0.00541, 'accuracy': 0.96022, 'f1': 0.96016, 'auc': 0.96281}
> Epoch 123: took 1.5s (avg 1.5s) | Best so far: epoch 120	train_loss: 0.1624 train_accuracy: 0.9671	val_loss: 0.1985 val_accuracy: 0.9615	test_loss: 0.1923 test_accuracy: 0.9626
train: {'epoch': 124, 'time_epoch': 1.13892, 'eta': 84.54722, 'eta_hours': 0.02349, 'loss': 0.16063292, 'lr': 0.00051047, 'params': 153476, 'time_iter': 0.01085, 'accuracy': 0.96709, 'f1': 0.96705, 'auc': 0.97032}
val: {'epoch': 124, 'time_epoch': 0.05851, 'loss': 0.19960316, 'lr': 0, 'params': 153476, 'time_iter': 0.00532, 'accuracy': 0.96072, 'f1': 0.96066, 'auc': 0.96276}
test: {'epoch': 124, 'time_epoch': 0.05851, 'loss': 0.19304493, 'lr': 0, 'params': 153476, 'time_iter': 0.00532, 'accuracy': 0.96172, 'f1': 0.96167, 'auc': 0.96379}
> Epoch 124: took 1.5s (avg 1.5s) | Best so far: epoch 120	train_loss: 0.1624 train_accuracy: 0.9671	val_loss: 0.1985 val_accuracy: 0.9615	test_loss: 0.1923 test_accuracy: 0.9626
train: {'epoch': 125, 'time_epoch': 1.1383, 'eta': 83.42638, 'eta_hours': 0.02317, 'loss': 0.1602331, 'lr': 0.0005, 'params': 153476, 'time_iter': 0.01084, 'accuracy': 0.96733, 'f1': 0.9673, 'auc': 0.97048}
val: {'epoch': 125, 'time_epoch': 0.06151, 'loss': 0.20003867, 'lr': 0, 'params': 153476, 'time_iter': 0.00559, 'accuracy': 0.9598, 'f1': 0.95974, 'auc': 0.96322}
test: {'epoch': 125, 'time_epoch': 0.05806, 'loss': 0.1937048, 'lr': 0, 'params': 153476, 'time_iter': 0.00528, 'accuracy': 0.96146, 'f1': 0.96141, 'auc': 0.96417}
> Epoch 125: took 1.5s (avg 1.5s) | Best so far: epoch 120	train_loss: 0.1624 train_accuracy: 0.9671	val_loss: 0.1985 val_accuracy: 0.9615	test_loss: 0.1923 test_accuracy: 0.9626
train: {'epoch': 126, 'time_epoch': 1.23732, 'eta': 82.36219, 'eta_hours': 0.02288, 'loss': 0.15935816, 'lr': 0.00048953, 'params': 153476, 'time_iter': 0.01178, 'accuracy': 0.96739, 'f1': 0.96736, 'auc': 0.97073}
val: {'epoch': 126, 'time_epoch': 0.06202, 'loss': 0.19927224, 'lr': 0, 'params': 153476, 'time_iter': 0.00564, 'accuracy': 0.9618, 'f1': 0.96175, 'auc': 0.96261}
test: {'epoch': 126, 'time_epoch': 0.0605, 'loss': 0.19248098, 'lr': 0, 'params': 153476, 'time_iter': 0.0055, 'accuracy': 0.96281, 'f1': 0.96277, 'auc': 0.96379}
> Epoch 126: took 1.6s (avg 1.5s) | Best so far: epoch 126	train_loss: 0.1594 train_accuracy: 0.9674	val_loss: 0.1993 val_accuracy: 0.9618	test_loss: 0.1925 test_accuracy: 0.9628
train: {'epoch': 127, 'time_epoch': 1.14183, 'eta': 81.24158, 'eta_hours': 0.02257, 'loss': 0.15912805, 'lr': 0.00047906, 'params': 153476, 'time_iter': 0.01087, 'accuracy': 0.96743, 'f1': 0.96739, 'auc': 0.97079}
val: {'epoch': 127, 'time_epoch': 0.058, 'loss': 0.20006508, 'lr': 0, 'params': 153476, 'time_iter': 0.00527, 'accuracy': 0.96073, 'f1': 0.96067, 'auc': 0.96309}
test: {'epoch': 127, 'time_epoch': 0.06351, 'loss': 0.1938065, 'lr': 0, 'params': 153476, 'time_iter': 0.00577, 'accuracy': 0.96134, 'f1': 0.96129, 'auc': 0.9642}
> Epoch 127: took 1.5s (avg 1.5s) | Best so far: epoch 126	train_loss: 0.1594 train_accuracy: 0.9674	val_loss: 0.1993 val_accuracy: 0.9618	test_loss: 0.1925 test_accuracy: 0.9628
train: {'epoch': 128, 'time_epoch': 1.12603, 'eta': 80.11194, 'eta_hours': 0.02225, 'loss': 0.15872635, 'lr': 0.0004686, 'params': 153476, 'time_iter': 0.01072, 'accuracy': 0.96745, 'f1': 0.96741, 'auc': 0.97104}
val: {'epoch': 128, 'time_epoch': 0.063, 'loss': 0.20122019, 'lr': 0, 'params': 153476, 'time_iter': 0.00573, 'accuracy': 0.95964, 'f1': 0.95958, 'auc': 0.96245}
test: {'epoch': 128, 'time_epoch': 0.05901, 'loss': 0.19432932, 'lr': 0, 'params': 153476, 'time_iter': 0.00536, 'accuracy': 0.96072, 'f1': 0.96066, 'auc': 0.96366}
> Epoch 128: took 1.5s (avg 1.5s) | Best so far: epoch 126	train_loss: 0.1594 train_accuracy: 0.9674	val_loss: 0.1993 val_accuracy: 0.9618	test_loss: 0.1925 test_accuracy: 0.9628
train: {'epoch': 129, 'time_epoch': 1.12247, 'eta': 78.98045, 'eta_hours': 0.02194, 'loss': 0.15828316, 'lr': 0.00045816, 'params': 153476, 'time_iter': 0.01069, 'accuracy': 0.96743, 'f1': 0.96739, 'auc': 0.97111}
val: {'epoch': 129, 'time_epoch': 0.05876, 'loss': 0.20168033, 'lr': 0, 'params': 153476, 'time_iter': 0.00534, 'accuracy': 0.96061, 'f1': 0.96055, 'auc': 0.96234}
test: {'epoch': 129, 'time_epoch': 0.05851, 'loss': 0.19417756, 'lr': 0, 'params': 153476, 'time_iter': 0.00532, 'accuracy': 0.9616, 'f1': 0.96155, 'auc': 0.96377}
> Epoch 129: took 1.5s (avg 1.5s) | Best so far: epoch 126	train_loss: 0.1594 train_accuracy: 0.9674	val_loss: 0.1993 val_accuracy: 0.9618	test_loss: 0.1925 test_accuracy: 0.9628
train: {'epoch': 130, 'time_epoch': 1.11631, 'eta': 77.84585, 'eta_hours': 0.02162, 'loss': 0.15774546, 'lr': 0.00044774, 'params': 153476, 'time_iter': 0.01063, 'accuracy': 0.96753, 'f1': 0.96749, 'auc': 0.97138}
val: {'epoch': 130, 'time_epoch': 0.05851, 'loss': 0.20265765, 'lr': 0, 'params': 153476, 'time_iter': 0.00532, 'accuracy': 0.95907, 'f1': 0.959, 'auc': 0.96314}
test: {'epoch': 130, 'time_epoch': 0.05851, 'loss': 0.19576492, 'lr': 0, 'params': 153476, 'time_iter': 0.00532, 'accuracy': 0.96026, 'f1': 0.9602, 'auc': 0.9639}
> Epoch 130: took 1.5s (avg 1.5s) | Best so far: epoch 126	train_loss: 0.1594 train_accuracy: 0.9674	val_loss: 0.1993 val_accuracy: 0.9618	test_loss: 0.1925 test_accuracy: 0.9628
train: {'epoch': 131, 'time_epoch': 1.11561, 'eta': 76.71116, 'eta_hours': 0.02131, 'loss': 0.1571903, 'lr': 0.00043733, 'params': 153476, 'time_iter': 0.01062, 'accuracy': 0.96763, 'f1': 0.9676, 'auc': 0.97152}
val: {'epoch': 131, 'time_epoch': 0.06001, 'loss': 0.20072487, 'lr': 0, 'params': 153476, 'time_iter': 0.00546, 'accuracy': 0.96076, 'f1': 0.9607, 'auc': 0.96297}
test: {'epoch': 131, 'time_epoch': 0.062, 'loss': 0.19446393, 'lr': 0, 'params': 153476, 'time_iter': 0.00564, 'accuracy': 0.96216, 'f1': 0.96211, 'auc': 0.964}
> Epoch 131: took 1.5s (avg 1.5s) | Best so far: epoch 126	train_loss: 0.1594 train_accuracy: 0.9674	val_loss: 0.1993 val_accuracy: 0.9618	test_loss: 0.1925 test_accuracy: 0.9628
train: {'epoch': 132, 'time_epoch': 1.15935, 'eta': 75.59879, 'eta_hours': 0.021, 'loss': 0.15684613, 'lr': 0.00042696, 'params': 153476, 'time_iter': 0.01104, 'accuracy': 0.96754, 'f1': 0.96751, 'auc': 0.9717}
val: {'epoch': 132, 'time_epoch': 0.06051, 'loss': 0.20218428, 'lr': 0, 'params': 153476, 'time_iter': 0.0055, 'accuracy': 0.96026, 'f1': 0.9602, 'auc': 0.96285}
test: {'epoch': 132, 'time_epoch': 0.05751, 'loss': 0.19525778, 'lr': 0, 'params': 153476, 'time_iter': 0.00523, 'accuracy': 0.96152, 'f1': 0.96147, 'auc': 0.96402}
> Epoch 132: took 1.5s (avg 1.5s) | Best so far: epoch 126	train_loss: 0.1594 train_accuracy: 0.9674	val_loss: 0.1993 val_accuracy: 0.9618	test_loss: 0.1925 test_accuracy: 0.9628
train: {'epoch': 133, 'time_epoch': 1.12012, 'eta': 74.4664, 'eta_hours': 0.02069, 'loss': 0.15645353, 'lr': 0.00041662, 'params': 153476, 'time_iter': 0.01067, 'accuracy': 0.9676, 'f1': 0.96757, 'auc': 0.97188}
val: {'epoch': 133, 'time_epoch': 0.06351, 'loss': 0.20209392, 'lr': 0, 'params': 153476, 'time_iter': 0.00577, 'accuracy': 0.95982, 'f1': 0.95977, 'auc': 0.96241}
test: {'epoch': 133, 'time_epoch': 0.06101, 'loss': 0.19609048, 'lr': 0, 'params': 153476, 'time_iter': 0.00555, 'accuracy': 0.96103, 'f1': 0.96098, 'auc': 0.96347}
> Epoch 133: took 1.5s (avg 1.5s) | Best so far: epoch 126	train_loss: 0.1594 train_accuracy: 0.9674	val_loss: 0.1993 val_accuracy: 0.9618	test_loss: 0.1925 test_accuracy: 0.9628
train: {'epoch': 134, 'time_epoch': 1.10924, 'eta': 73.32896, 'eta_hours': 0.02037, 'loss': 0.15602487, 'lr': 0.00040631, 'params': 153476, 'time_iter': 0.01056, 'accuracy': 0.96772, 'f1': 0.96768, 'auc': 0.97193}
val: {'epoch': 134, 'time_epoch': 0.059, 'loss': 0.2032078, 'lr': 0, 'params': 153476, 'time_iter': 0.00536, 'accuracy': 0.95961, 'f1': 0.95955, 'auc': 0.96301}
test: {'epoch': 134, 'time_epoch': 0.059, 'loss': 0.1968228, 'lr': 0, 'params': 153476, 'time_iter': 0.00536, 'accuracy': 0.96144, 'f1': 0.96139, 'auc': 0.96393}
> Epoch 134: took 1.5s (avg 1.5s) | Best so far: epoch 126	train_loss: 0.1594 train_accuracy: 0.9674	val_loss: 0.1993 val_accuracy: 0.9618	test_loss: 0.1925 test_accuracy: 0.9628
train: {'epoch': 135, 'time_epoch': 1.11213, 'eta': 72.19328, 'eta_hours': 0.02005, 'loss': 0.15522748, 'lr': 0.00039604, 'params': 153476, 'time_iter': 0.01059, 'accuracy': 0.96766, 'f1': 0.96763, 'auc': 0.97224}
val: {'epoch': 135, 'time_epoch': 0.063, 'loss': 0.2025957, 'lr': 0, 'params': 153476, 'time_iter': 0.00573, 'accuracy': 0.96029, 'f1': 0.96023, 'auc': 0.96306}
test: {'epoch': 135, 'time_epoch': 0.06151, 'loss': 0.19636291, 'lr': 0, 'params': 153476, 'time_iter': 0.00559, 'accuracy': 0.96134, 'f1': 0.96129, 'auc': 0.96423}
> Epoch 135: took 1.5s (avg 1.5s) | Best so far: epoch 126	train_loss: 0.1594 train_accuracy: 0.9674	val_loss: 0.1993 val_accuracy: 0.9618	test_loss: 0.1925 test_accuracy: 0.9628
train: {'epoch': 136, 'time_epoch': 1.16301, 'eta': 71.08135, 'eta_hours': 0.01974, 'loss': 0.15495149, 'lr': 0.00038582, 'params': 153476, 'time_iter': 0.01108, 'accuracy': 0.96756, 'f1': 0.96753, 'auc': 0.97235}
val: {'epoch': 136, 'time_epoch': 0.063, 'loss': 0.20300231, 'lr': 0, 'params': 153476, 'time_iter': 0.00573, 'accuracy': 0.95991, 'f1': 0.95985, 'auc': 0.96318}
test: {'epoch': 136, 'time_epoch': 0.06151, 'loss': 0.19646224, 'lr': 0, 'params': 153476, 'time_iter': 0.00559, 'accuracy': 0.96094, 'f1': 0.96089, 'auc': 0.96428}
> Epoch 136: took 1.5s (avg 1.5s) | Best so far: epoch 126	train_loss: 0.1594 train_accuracy: 0.9674	val_loss: 0.1993 val_accuracy: 0.9618	test_loss: 0.1925 test_accuracy: 0.9628
train: {'epoch': 137, 'time_epoch': 1.14837, 'eta': 69.96211, 'eta_hours': 0.01943, 'loss': 0.15450209, 'lr': 0.00037566, 'params': 153476, 'time_iter': 0.01094, 'accuracy': 0.96773, 'f1': 0.9677, 'auc': 0.97269}
val: {'epoch': 137, 'time_epoch': 0.06151, 'loss': 0.20331734, 'lr': 0, 'params': 153476, 'time_iter': 0.00559, 'accuracy': 0.96047, 'f1': 0.96041, 'auc': 0.96307}
test: {'epoch': 137, 'time_epoch': 0.06, 'loss': 0.19679123, 'lr': 0, 'params': 153476, 'time_iter': 0.00545, 'accuracy': 0.96154, 'f1': 0.96149, 'auc': 0.96415}
> Epoch 137: took 1.5s (avg 1.5s) | Best so far: epoch 126	train_loss: 0.1594 train_accuracy: 0.9674	val_loss: 0.1993 val_accuracy: 0.9618	test_loss: 0.1925 test_accuracy: 0.9628
train: {'epoch': 138, 'time_epoch': 1.13036, 'eta': 68.83454, 'eta_hours': 0.01912, 'loss': 0.15416288, 'lr': 0.00036554, 'params': 153476, 'time_iter': 0.01077, 'accuracy': 0.96759, 'f1': 0.96756, 'auc': 0.97269}
val: {'epoch': 138, 'time_epoch': 0.06051, 'loss': 0.20453009, 'lr': 0, 'params': 153476, 'time_iter': 0.0055, 'accuracy': 0.95963, 'f1': 0.95957, 'auc': 0.96319}
test: {'epoch': 138, 'time_epoch': 0.05782, 'loss': 0.19800548, 'lr': 0, 'params': 153476, 'time_iter': 0.00526, 'accuracy': 0.96129, 'f1': 0.96124, 'auc': 0.9641}
> Epoch 138: took 1.5s (avg 1.5s) | Best so far: epoch 126	train_loss: 0.1594 train_accuracy: 0.9674	val_loss: 0.1993 val_accuracy: 0.9618	test_loss: 0.1925 test_accuracy: 0.9628
train: {'epoch': 139, 'time_epoch': 1.24556, 'eta': 67.7563, 'eta_hours': 0.01882, 'loss': 0.15363851, 'lr': 0.00035548, 'params': 153476, 'time_iter': 0.01186, 'accuracy': 0.96779, 'f1': 0.96776, 'auc': 0.97293}
val: {'epoch': 139, 'time_epoch': 0.06251, 'loss': 0.20417954, 'lr': 0, 'params': 153476, 'time_iter': 0.00568, 'accuracy': 0.95945, 'f1': 0.95939, 'auc': 0.96376}
test: {'epoch': 139, 'time_epoch': 0.058, 'loss': 0.19846936, 'lr': 0, 'params': 153476, 'time_iter': 0.00527, 'accuracy': 0.96042, 'f1': 0.96036, 'auc': 0.96423}
> Epoch 139: took 1.6s (avg 1.5s) | Best so far: epoch 126	train_loss: 0.1594 train_accuracy: 0.9674	val_loss: 0.1993 val_accuracy: 0.9618	test_loss: 0.1925 test_accuracy: 0.9628
train: {'epoch': 140, 'time_epoch': 1.14911, 'eta': 66.63533, 'eta_hours': 0.01851, 'loss': 0.15337355, 'lr': 0.00034549, 'params': 153476, 'time_iter': 0.01094, 'accuracy': 0.96774, 'f1': 0.96771, 'auc': 0.97307}
val: {'epoch': 140, 'time_epoch': 0.0605, 'loss': 0.20402272, 'lr': 0, 'params': 153476, 'time_iter': 0.0055, 'accuracy': 0.9604, 'f1': 0.96034, 'auc': 0.96296}
test: {'epoch': 140, 'time_epoch': 0.06001, 'loss': 0.19795918, 'lr': 0, 'params': 153476, 'time_iter': 0.00546, 'accuracy': 0.96183, 'f1': 0.96178, 'auc': 0.9636}
> Epoch 140: took 1.5s (avg 1.5s) | Best so far: epoch 126	train_loss: 0.1594 train_accuracy: 0.9674	val_loss: 0.1993 val_accuracy: 0.9618	test_loss: 0.1925 test_accuracy: 0.9628
train: {'epoch': 141, 'time_epoch': 1.18279, 'eta': 65.52771, 'eta_hours': 0.0182, 'loss': 0.15285176, 'lr': 0.00033557, 'params': 153476, 'time_iter': 0.01126, 'accuracy': 0.9677, 'f1': 0.96767, 'auc': 0.97319}
val: {'epoch': 141, 'time_epoch': 0.061, 'loss': 0.20556445, 'lr': 0, 'params': 153476, 'time_iter': 0.00555, 'accuracy': 0.95998, 'f1': 0.95993, 'auc': 0.96291}
test: {'epoch': 141, 'time_epoch': 0.063, 'loss': 0.19867546, 'lr': 0, 'params': 153476, 'time_iter': 0.00573, 'accuracy': 0.96134, 'f1': 0.9613, 'auc': 0.96403}
> Epoch 141: took 1.6s (avg 1.5s) | Best so far: epoch 126	train_loss: 0.1594 train_accuracy: 0.9674	val_loss: 0.1993 val_accuracy: 0.9618	test_loss: 0.1925 test_accuracy: 0.9628
train: {'epoch': 142, 'time_epoch': 1.1563, 'eta': 64.4085, 'eta_hours': 0.01789, 'loss': 0.15270075, 'lr': 0.00032571, 'params': 153476, 'time_iter': 0.01101, 'accuracy': 0.96773, 'f1': 0.9677, 'auc': 0.97331}
val: {'epoch': 142, 'time_epoch': 0.06202, 'loss': 0.20831443, 'lr': 0, 'params': 153476, 'time_iter': 0.00564, 'accuracy': 0.95868, 'f1': 0.95861, 'auc': 0.96315}
test: {'epoch': 142, 'time_epoch': 0.058, 'loss': 0.19912879, 'lr': 0, 'params': 153476, 'time_iter': 0.00527, 'accuracy': 0.96, 'f1': 0.95994, 'auc': 0.96447}
> Epoch 142: took 1.5s (avg 1.5s) | Best so far: epoch 126	train_loss: 0.1594 train_accuracy: 0.9674	val_loss: 0.1993 val_accuracy: 0.9618	test_loss: 0.1925 test_accuracy: 0.9628
train: {'epoch': 143, 'time_epoch': 1.14451, 'eta': 63.28417, 'eta_hours': 0.01758, 'loss': 0.15189229, 'lr': 0.00031594, 'params': 153476, 'time_iter': 0.0109, 'accuracy': 0.96783, 'f1': 0.9678, 'auc': 0.97353}
val: {'epoch': 143, 'time_epoch': 0.06302, 'loss': 0.20459507, 'lr': 0, 'params': 153476, 'time_iter': 0.00573, 'accuracy': 0.96008, 'f1': 0.96003, 'auc': 0.96318}
test: {'epoch': 143, 'time_epoch': 0.06, 'loss': 0.19909261, 'lr': 0, 'params': 153476, 'time_iter': 0.00545, 'accuracy': 0.96095, 'f1': 0.9609, 'auc': 0.96387}
> Epoch 143: took 1.5s (avg 1.5s) | Best so far: epoch 126	train_loss: 0.1594 train_accuracy: 0.9674	val_loss: 0.1993 val_accuracy: 0.9618	test_loss: 0.1925 test_accuracy: 0.9628
train: {'epoch': 144, 'time_epoch': 1.14335, 'eta': 62.15914, 'eta_hours': 0.01727, 'loss': 0.15153548, 'lr': 0.00030624, 'params': 153476, 'time_iter': 0.01089, 'accuracy': 0.9678, 'f1': 0.96777, 'auc': 0.97375}
val: {'epoch': 144, 'time_epoch': 0.05802, 'loss': 0.20446197, 'lr': 0, 'params': 153476, 'time_iter': 0.00527, 'accuracy': 0.95945, 'f1': 0.95939, 'auc': 0.96328}
test: {'epoch': 144, 'time_epoch': 0.058, 'loss': 0.1983398, 'lr': 0, 'params': 153476, 'time_iter': 0.00527, 'accuracy': 0.96092, 'f1': 0.96087, 'auc': 0.96405}
> Epoch 144: took 1.5s (avg 1.5s) | Best so far: epoch 126	train_loss: 0.1594 train_accuracy: 0.9674	val_loss: 0.1993 val_accuracy: 0.9618	test_loss: 0.1925 test_accuracy: 0.9628
train: {'epoch': 145, 'time_epoch': 1.19396, 'eta': 61.05256, 'eta_hours': 0.01696, 'loss': 0.15109639, 'lr': 0.00029663, 'params': 153476, 'time_iter': 0.01137, 'accuracy': 0.96799, 'f1': 0.96796, 'auc': 0.97382}
val: {'epoch': 145, 'time_epoch': 0.0605, 'loss': 0.20897389, 'lr': 0, 'params': 153476, 'time_iter': 0.0055, 'accuracy': 0.9587, 'f1': 0.95863, 'auc': 0.96267}
test: {'epoch': 145, 'time_epoch': 0.0635, 'loss': 0.20171617, 'lr': 0, 'params': 153476, 'time_iter': 0.00577, 'accuracy': 0.95976, 'f1': 0.9597, 'auc': 0.96366}
> Epoch 145: took 1.5s (avg 1.5s) | Best so far: epoch 126	train_loss: 0.1594 train_accuracy: 0.9674	val_loss: 0.1993 val_accuracy: 0.9618	test_loss: 0.1925 test_accuracy: 0.9628
train: {'epoch': 146, 'time_epoch': 1.16087, 'eta': 59.93287, 'eta_hours': 0.01665, 'loss': 0.15058014, 'lr': 0.00028711, 'params': 153476, 'time_iter': 0.01106, 'accuracy': 0.96782, 'f1': 0.96779, 'auc': 0.97403}
val: {'epoch': 146, 'time_epoch': 0.061, 'loss': 0.20662108, 'lr': 0, 'params': 153476, 'time_iter': 0.00555, 'accuracy': 0.95924, 'f1': 0.95918, 'auc': 0.96362}
test: {'epoch': 146, 'time_epoch': 0.05851, 'loss': 0.19888083, 'lr': 0, 'params': 153476, 'time_iter': 0.00532, 'accuracy': 0.96087, 'f1': 0.96082, 'auc': 0.96484}
> Epoch 146: took 1.5s (avg 1.5s) | Best so far: epoch 126	train_loss: 0.1594 train_accuracy: 0.9674	val_loss: 0.1993 val_accuracy: 0.9618	test_loss: 0.1925 test_accuracy: 0.9628
train: {'epoch': 147, 'time_epoch': 1.16228, 'eta': 58.81312, 'eta_hours': 0.01634, 'loss': 0.15032279, 'lr': 0.00027768, 'params': 153476, 'time_iter': 0.01107, 'accuracy': 0.96795, 'f1': 0.96792, 'auc': 0.97417}
val: {'epoch': 147, 'time_epoch': 0.06, 'loss': 0.207443, 'lr': 0, 'params': 153476, 'time_iter': 0.00545, 'accuracy': 0.95937, 'f1': 0.95931, 'auc': 0.96339}
test: {'epoch': 147, 'time_epoch': 0.059, 'loss': 0.19980322, 'lr': 0, 'params': 153476, 'time_iter': 0.00536, 'accuracy': 0.96094, 'f1': 0.96089, 'auc': 0.96448}
> Epoch 147: took 1.5s (avg 1.5s) | Best so far: epoch 126	train_loss: 0.1594 train_accuracy: 0.9674	val_loss: 0.1993 val_accuracy: 0.9618	test_loss: 0.1925 test_accuracy: 0.9628
train: {'epoch': 148, 'time_epoch': 1.13531, 'eta': 57.68357, 'eta_hours': 0.01602, 'loss': 0.14987845, 'lr': 0.00026835, 'params': 153476, 'time_iter': 0.01081, 'accuracy': 0.96798, 'f1': 0.96795, 'auc': 0.9743}
val: {'epoch': 148, 'time_epoch': 0.059, 'loss': 0.20818817, 'lr': 0, 'params': 153476, 'time_iter': 0.00536, 'accuracy': 0.95916, 'f1': 0.9591, 'auc': 0.96248}
test: {'epoch': 148, 'time_epoch': 0.0575, 'loss': 0.20113856, 'lr': 0, 'params': 153476, 'time_iter': 0.00523, 'accuracy': 0.96055, 'f1': 0.9605, 'auc': 0.96368}
> Epoch 148: took 1.5s (avg 1.5s) | Best so far: epoch 126	train_loss: 0.1594 train_accuracy: 0.9674	val_loss: 0.1993 val_accuracy: 0.9618	test_loss: 0.1925 test_accuracy: 0.9628
train: {'epoch': 149, 'time_epoch': 1.14379, 'eta': 56.55676, 'eta_hours': 0.01571, 'loss': 0.1492785, 'lr': 0.00025912, 'params': 153476, 'time_iter': 0.01089, 'accuracy': 0.96811, 'f1': 0.96808, 'auc': 0.97452}
val: {'epoch': 149, 'time_epoch': 0.06238, 'loss': 0.20784598, 'lr': 0, 'params': 153476, 'time_iter': 0.00567, 'accuracy': 0.95992, 'f1': 0.95987, 'auc': 0.96348}
test: {'epoch': 149, 'time_epoch': 0.0595, 'loss': 0.20151887, 'lr': 0, 'params': 153476, 'time_iter': 0.00541, 'accuracy': 0.96128, 'f1': 0.96123, 'auc': 0.96436}
> Epoch 149: took 1.5s (avg 1.5s) | Best so far: epoch 126	train_loss: 0.1594 train_accuracy: 0.9674	val_loss: 0.1993 val_accuracy: 0.9618	test_loss: 0.1925 test_accuracy: 0.9628
train: {'epoch': 150, 'time_epoch': 1.11125, 'eta': 55.41917, 'eta_hours': 0.01539, 'loss': 0.14892932, 'lr': 0.00025, 'params': 153476, 'time_iter': 0.01058, 'accuracy': 0.96808, 'f1': 0.96805, 'auc': 0.97469}
val: {'epoch': 150, 'time_epoch': 0.05851, 'loss': 0.20942566, 'lr': 0, 'params': 153476, 'time_iter': 0.00532, 'accuracy': 0.95922, 'f1': 0.95916, 'auc': 0.96325}
test: {'epoch': 150, 'time_epoch': 0.06451, 'loss': 0.20183361, 'lr': 0, 'params': 153476, 'time_iter': 0.00586, 'accuracy': 0.96013, 'f1': 0.96007, 'auc': 0.9642}
> Epoch 150: took 1.5s (avg 1.5s) | Best so far: epoch 126	train_loss: 0.1594 train_accuracy: 0.9674	val_loss: 0.1993 val_accuracy: 0.9618	test_loss: 0.1925 test_accuracy: 0.9628
train: {'epoch': 151, 'time_epoch': 1.11631, 'eta': 54.28353, 'eta_hours': 0.01508, 'loss': 0.14834268, 'lr': 0.00024099, 'params': 153476, 'time_iter': 0.01063, 'accuracy': 0.96821, 'f1': 0.96818, 'auc': 0.97488}
val: {'epoch': 151, 'time_epoch': 0.06351, 'loss': 0.20806978, 'lr': 0, 'params': 153476, 'time_iter': 0.00577, 'accuracy': 0.95955, 'f1': 0.9595, 'auc': 0.96299}
test: {'epoch': 151, 'time_epoch': 0.06, 'loss': 0.20096721, 'lr': 0, 'params': 153476, 'time_iter': 0.00545, 'accuracy': 0.961, 'f1': 0.96095, 'auc': 0.96399}
> Epoch 151: took 1.5s (avg 1.5s) | Best so far: epoch 126	train_loss: 0.1594 train_accuracy: 0.9674	val_loss: 0.1993 val_accuracy: 0.9618	test_loss: 0.1925 test_accuracy: 0.9628
train: {'epoch': 152, 'time_epoch': 1.12977, 'eta': 53.15227, 'eta_hours': 0.01476, 'loss': 0.14844775, 'lr': 0.00023209, 'params': 153476, 'time_iter': 0.01076, 'accuracy': 0.96808, 'f1': 0.96806, 'auc': 0.9749}
val: {'epoch': 152, 'time_epoch': 0.058, 'loss': 0.21118679, 'lr': 0, 'params': 153476, 'time_iter': 0.00527, 'accuracy': 0.95861, 'f1': 0.95854, 'auc': 0.96345}
test: {'epoch': 152, 'time_epoch': 0.058, 'loss': 0.20424872, 'lr': 0, 'params': 153476, 'time_iter': 0.00527, 'accuracy': 0.9596, 'f1': 0.95954, 'auc': 0.96434}
> Epoch 152: took 1.5s (avg 1.5s) | Best so far: epoch 126	train_loss: 0.1594 train_accuracy: 0.9674	val_loss: 0.1993 val_accuracy: 0.9618	test_loss: 0.1925 test_accuracy: 0.9628
train: {'epoch': 153, 'time_epoch': 1.21815, 'eta': 52.04743, 'eta_hours': 0.01446, 'loss': 0.14766274, 'lr': 0.0002233, 'params': 153476, 'time_iter': 0.0116, 'accuracy': 0.96818, 'f1': 0.96815, 'auc': 0.97509}
val: {'epoch': 153, 'time_epoch': 0.059, 'loss': 0.21122261, 'lr': 0, 'params': 153476, 'time_iter': 0.00536, 'accuracy': 0.95897, 'f1': 0.95891, 'auc': 0.96371}
test: {'epoch': 153, 'time_epoch': 0.05751, 'loss': 0.20294939, 'lr': 0, 'params': 153476, 'time_iter': 0.00523, 'accuracy': 0.96078, 'f1': 0.96073, 'auc': 0.96471}
> Epoch 153: took 1.6s (avg 1.5s) | Best so far: epoch 126	train_loss: 0.1594 train_accuracy: 0.9674	val_loss: 0.1993 val_accuracy: 0.9618	test_loss: 0.1925 test_accuracy: 0.9628
train: {'epoch': 154, 'time_epoch': 1.15851, 'eta': 50.92382, 'eta_hours': 0.01415, 'loss': 0.14739493, 'lr': 0.00021464, 'params': 153476, 'time_iter': 0.01103, 'accuracy': 0.96814, 'f1': 0.96811, 'auc': 0.97529}
val: {'epoch': 154, 'time_epoch': 0.061, 'loss': 0.21242362, 'lr': 0, 'params': 153476, 'time_iter': 0.00555, 'accuracy': 0.95816, 'f1': 0.9581, 'auc': 0.963}
test: {'epoch': 154, 'time_epoch': 0.0585, 'loss': 0.20387701, 'lr': 0, 'params': 153476, 'time_iter': 0.00532, 'accuracy': 0.95966, 'f1': 0.95961, 'auc': 0.96419}
> Epoch 154: took 1.5s (avg 1.5s) | Best so far: epoch 126	train_loss: 0.1594 train_accuracy: 0.9674	val_loss: 0.1993 val_accuracy: 0.9618	test_loss: 0.1925 test_accuracy: 0.9628
train: {'epoch': 155, 'time_epoch': 1.13626, 'eta': 49.79348, 'eta_hours': 0.01383, 'loss': 0.14692802, 'lr': 0.00020611, 'params': 153476, 'time_iter': 0.01082, 'accuracy': 0.96817, 'f1': 0.96814, 'auc': 0.97551}
val: {'epoch': 155, 'time_epoch': 0.061, 'loss': 0.21028391, 'lr': 0, 'params': 153476, 'time_iter': 0.00555, 'accuracy': 0.95916, 'f1': 0.9591, 'auc': 0.96273}
test: {'epoch': 155, 'time_epoch': 0.06034, 'loss': 0.20260212, 'lr': 0, 'params': 153476, 'time_iter': 0.00549, 'accuracy': 0.96042, 'f1': 0.96037, 'auc': 0.96388}
> Epoch 155: took 1.5s (avg 1.5s) | Best so far: epoch 126	train_loss: 0.1594 train_accuracy: 0.9674	val_loss: 0.1993 val_accuracy: 0.9618	test_loss: 0.1925 test_accuracy: 0.9628
train: {'epoch': 156, 'time_epoch': 1.11584, 'eta': 48.65748, 'eta_hours': 0.01352, 'loss': 0.14654969, 'lr': 0.0001977, 'params': 153476, 'time_iter': 0.01063, 'accuracy': 0.9682, 'f1': 0.96817, 'auc': 0.97553}
val: {'epoch': 156, 'time_epoch': 0.06251, 'loss': 0.21066007, 'lr': 0, 'params': 153476, 'time_iter': 0.00568, 'accuracy': 0.95928, 'f1': 0.95923, 'auc': 0.96303}
test: {'epoch': 156, 'time_epoch': 0.06051, 'loss': 0.20331281, 'lr': 0, 'params': 153476, 'time_iter': 0.0055, 'accuracy': 0.96117, 'f1': 0.96113, 'auc': 0.96406}
> Epoch 156: took 1.5s (avg 1.5s) | Best so far: epoch 126	train_loss: 0.1594 train_accuracy: 0.9674	val_loss: 0.1993 val_accuracy: 0.9618	test_loss: 0.1925 test_accuracy: 0.9628
train: {'epoch': 157, 'time_epoch': 1.12214, 'eta': 47.5234, 'eta_hours': 0.0132, 'loss': 0.14614621, 'lr': 0.00018943, 'params': 153476, 'time_iter': 0.01069, 'accuracy': 0.96828, 'f1': 0.96825, 'auc': 0.9757}
val: {'epoch': 157, 'time_epoch': 0.06302, 'loss': 0.21343388, 'lr': 0, 'params': 153476, 'time_iter': 0.00573, 'accuracy': 0.95871, 'f1': 0.95864, 'auc': 0.96359}
test: {'epoch': 157, 'time_epoch': 0.06017, 'loss': 0.2045773, 'lr': 0, 'params': 153476, 'time_iter': 0.00547, 'accuracy': 0.96041, 'f1': 0.96035, 'auc': 0.96457}
> Epoch 157: took 1.5s (avg 1.5s) | Best so far: epoch 126	train_loss: 0.1594 train_accuracy: 0.9674	val_loss: 0.1993 val_accuracy: 0.9618	test_loss: 0.1925 test_accuracy: 0.9628
train: {'epoch': 158, 'time_epoch': 1.1751, 'eta': 46.40313, 'eta_hours': 0.01289, 'loss': 0.14589751, 'lr': 0.00018129, 'params': 153476, 'time_iter': 0.01119, 'accuracy': 0.96817, 'f1': 0.96814, 'auc': 0.97584}
val: {'epoch': 158, 'time_epoch': 0.0625, 'loss': 0.21078927, 'lr': 0, 'params': 153476, 'time_iter': 0.00568, 'accuracy': 0.95961, 'f1': 0.95956, 'auc': 0.96334}
test: {'epoch': 158, 'time_epoch': 0.05951, 'loss': 0.20307326, 'lr': 0, 'params': 153476, 'time_iter': 0.00541, 'accuracy': 0.96095, 'f1': 0.9609, 'auc': 0.96437}
> Epoch 158: took 1.5s (avg 1.5s) | Best so far: epoch 126	train_loss: 0.1594 train_accuracy: 0.9674	val_loss: 0.1993 val_accuracy: 0.9618	test_loss: 0.1925 test_accuracy: 0.9628
train: {'epoch': 159, 'time_epoch': 1.13503, 'eta': 45.27216, 'eta_hours': 0.01258, 'loss': 0.14559825, 'lr': 0.00017329, 'params': 153476, 'time_iter': 0.01081, 'accuracy': 0.96839, 'f1': 0.96836, 'auc': 0.97588}
val: {'epoch': 159, 'time_epoch': 0.06653, 'loss': 0.21190518, 'lr': 0, 'params': 153476, 'time_iter': 0.00605, 'accuracy': 0.95875, 'f1': 0.95869, 'auc': 0.96351}
test: {'epoch': 159, 'time_epoch': 0.06051, 'loss': 0.2044846, 'lr': 0, 'params': 153476, 'time_iter': 0.0055, 'accuracy': 0.96064, 'f1': 0.96059, 'auc': 0.96442}
> Epoch 159: took 1.5s (avg 1.5s) | Best so far: epoch 126	train_loss: 0.1594 train_accuracy: 0.9674	val_loss: 0.1993 val_accuracy: 0.9618	test_loss: 0.1925 test_accuracy: 0.9628
train: {'epoch': 160, 'time_epoch': 1.16364, 'eta': 44.14807, 'eta_hours': 0.01226, 'loss': 0.14523799, 'lr': 0.00016543, 'params': 153476, 'time_iter': 0.01108, 'accuracy': 0.96822, 'f1': 0.96819, 'auc': 0.97604}
val: {'epoch': 160, 'time_epoch': 0.06151, 'loss': 0.21341226, 'lr': 0, 'params': 153476, 'time_iter': 0.00559, 'accuracy': 0.95875, 'f1': 0.95868, 'auc': 0.96332}
test: {'epoch': 160, 'time_epoch': 0.062, 'loss': 0.20535075, 'lr': 0, 'params': 153476, 'time_iter': 0.00564, 'accuracy': 0.96014, 'f1': 0.96008, 'auc': 0.96443}
> Epoch 160: took 1.5s (avg 1.5s) | Best so far: epoch 126	train_loss: 0.1594 train_accuracy: 0.9674	val_loss: 0.1993 val_accuracy: 0.9618	test_loss: 0.1925 test_accuracy: 0.9628
train: {'epoch': 161, 'time_epoch': 1.12906, 'eta': 43.01538, 'eta_hours': 0.01195, 'loss': 0.14468846, 'lr': 0.00015773, 'params': 153476, 'time_iter': 0.01075, 'accuracy': 0.96837, 'f1': 0.96834, 'auc': 0.97624}
val: {'epoch': 161, 'time_epoch': 0.061, 'loss': 0.21369536, 'lr': 0, 'params': 153476, 'time_iter': 0.00555, 'accuracy': 0.95861, 'f1': 0.95854, 'auc': 0.96365}
test: {'epoch': 161, 'time_epoch': 0.059, 'loss': 0.20583076, 'lr': 0, 'params': 153476, 'time_iter': 0.00536, 'accuracy': 0.96026, 'f1': 0.9602, 'auc': 0.96467}
> Epoch 161: took 1.5s (avg 1.5s) | Best so far: epoch 126	train_loss: 0.1594 train_accuracy: 0.9674	val_loss: 0.1993 val_accuracy: 0.9618	test_loss: 0.1925 test_accuracy: 0.9628
train: {'epoch': 162, 'time_epoch': 1.11926, 'eta': 41.88051, 'eta_hours': 0.01163, 'loss': 0.14463984, 'lr': 0.00015017, 'params': 153476, 'time_iter': 0.01066, 'accuracy': 0.96838, 'f1': 0.96835, 'auc': 0.97626}
val: {'epoch': 162, 'time_epoch': 0.064, 'loss': 0.21300714, 'lr': 0, 'params': 153476, 'time_iter': 0.00582, 'accuracy': 0.95905, 'f1': 0.95899, 'auc': 0.96341}
test: {'epoch': 162, 'time_epoch': 0.05951, 'loss': 0.20439901, 'lr': 0, 'params': 153476, 'time_iter': 0.00541, 'accuracy': 0.96107, 'f1': 0.96102, 'auc': 0.9644}
> Epoch 162: took 1.5s (avg 1.5s) | Best so far: epoch 126	train_loss: 0.1594 train_accuracy: 0.9674	val_loss: 0.1993 val_accuracy: 0.9618	test_loss: 0.1925 test_accuracy: 0.9628
train: {'epoch': 163, 'time_epoch': 1.13556, 'eta': 40.7494, 'eta_hours': 0.01132, 'loss': 0.14408015, 'lr': 0.00014276, 'params': 153476, 'time_iter': 0.01081, 'accuracy': 0.96838, 'f1': 0.96836, 'auc': 0.97642}
val: {'epoch': 163, 'time_epoch': 0.06051, 'loss': 0.2158572, 'lr': 0, 'params': 153476, 'time_iter': 0.0055, 'accuracy': 0.95854, 'f1': 0.95848, 'auc': 0.96355}
test: {'epoch': 163, 'time_epoch': 0.06051, 'loss': 0.20683687, 'lr': 0, 'params': 153476, 'time_iter': 0.0055, 'accuracy': 0.96008, 'f1': 0.96002, 'auc': 0.96469}
> Epoch 163: took 1.5s (avg 1.5s) | Best so far: epoch 126	train_loss: 0.1594 train_accuracy: 0.9674	val_loss: 0.1993 val_accuracy: 0.9618	test_loss: 0.1925 test_accuracy: 0.9628
train: {'epoch': 164, 'time_epoch': 1.13312, 'eta': 39.61773, 'eta_hours': 0.011, 'loss': 0.14400178, 'lr': 0.00013552, 'params': 153476, 'time_iter': 0.01079, 'accuracy': 0.96836, 'f1': 0.96833, 'auc': 0.9765}
val: {'epoch': 164, 'time_epoch': 0.06, 'loss': 0.21490345, 'lr': 0, 'params': 153476, 'time_iter': 0.00545, 'accuracy': 0.95879, 'f1': 0.95872, 'auc': 0.96352}
test: {'epoch': 164, 'time_epoch': 0.06251, 'loss': 0.2063333, 'lr': 0, 'params': 153476, 'time_iter': 0.00568, 'accuracy': 0.96035, 'f1': 0.96029, 'auc': 0.96455}
> Epoch 164: took 1.5s (avg 1.5s) | Best so far: epoch 126	train_loss: 0.1594 train_accuracy: 0.9674	val_loss: 0.1993 val_accuracy: 0.9618	test_loss: 0.1925 test_accuracy: 0.9628
train: {'epoch': 165, 'time_epoch': 1.1415, 'eta': 38.48775, 'eta_hours': 0.01069, 'loss': 0.14347755, 'lr': 0.00012843, 'params': 153476, 'time_iter': 0.01087, 'accuracy': 0.96848, 'f1': 0.96845, 'auc': 0.97668}
val: {'epoch': 165, 'time_epoch': 0.059, 'loss': 0.21522031, 'lr': 0, 'params': 153476, 'time_iter': 0.00536, 'accuracy': 0.95882, 'f1': 0.95876, 'auc': 0.96357}
test: {'epoch': 165, 'time_epoch': 0.05951, 'loss': 0.20611441, 'lr': 0, 'params': 153476, 'time_iter': 0.00541, 'accuracy': 0.96057, 'f1': 0.96052, 'auc': 0.96465}
> Epoch 165: took 1.5s (avg 1.5s) | Best so far: epoch 126	train_loss: 0.1594 train_accuracy: 0.9674	val_loss: 0.1993 val_accuracy: 0.9618	test_loss: 0.1925 test_accuracy: 0.9628
train: {'epoch': 166, 'time_epoch': 1.12732, 'eta': 37.35483, 'eta_hours': 0.01038, 'loss': 0.14312313, 'lr': 0.0001215, 'params': 153476, 'time_iter': 0.01074, 'accuracy': 0.96852, 'f1': 0.96849, 'auc': 0.97679}
val: {'epoch': 166, 'time_epoch': 0.06, 'loss': 0.21430845, 'lr': 0, 'params': 153476, 'time_iter': 0.00545, 'accuracy': 0.95923, 'f1': 0.95917, 'auc': 0.96338}
test: {'epoch': 166, 'time_epoch': 0.05751, 'loss': 0.20583212, 'lr': 0, 'params': 153476, 'time_iter': 0.00523, 'accuracy': 0.96082, 'f1': 0.96077, 'auc': 0.96442}
> Epoch 166: took 1.5s (avg 1.5s) | Best so far: epoch 126	train_loss: 0.1594 train_accuracy: 0.9674	val_loss: 0.1993 val_accuracy: 0.9618	test_loss: 0.1925 test_accuracy: 0.9628
train: {'epoch': 167, 'time_epoch': 1.2636, 'eta': 36.24794, 'eta_hours': 0.01007, 'loss': 0.14296067, 'lr': 0.00011474, 'params': 153476, 'time_iter': 0.01203, 'accuracy': 0.96859, 'f1': 0.96856, 'auc': 0.97689}
val: {'epoch': 167, 'time_epoch': 0.061, 'loss': 0.21463909, 'lr': 0, 'params': 153476, 'time_iter': 0.00555, 'accuracy': 0.9588, 'f1': 0.95874, 'auc': 0.96321}
test: {'epoch': 167, 'time_epoch': 0.058, 'loss': 0.20569402, 'lr': 0, 'params': 153476, 'time_iter': 0.00527, 'accuracy': 0.96034, 'f1': 0.96029, 'auc': 0.96434}
> Epoch 167: took 1.6s (avg 1.5s) | Best so far: epoch 126	train_loss: 0.1594 train_accuracy: 0.9674	val_loss: 0.1993 val_accuracy: 0.9618	test_loss: 0.1925 test_accuracy: 0.9628
train: {'epoch': 168, 'time_epoch': 1.14444, 'eta': 35.11734, 'eta_hours': 0.00975, 'loss': 0.14256898, 'lr': 0.00010815, 'params': 153476, 'time_iter': 0.0109, 'accuracy': 0.96837, 'f1': 0.96834, 'auc': 0.97706}
val: {'epoch': 168, 'time_epoch': 0.06001, 'loss': 0.21605336, 'lr': 0, 'params': 153476, 'time_iter': 0.00546, 'accuracy': 0.95884, 'f1': 0.95878, 'auc': 0.96323}
test: {'epoch': 168, 'time_epoch': 0.057, 'loss': 0.2069616, 'lr': 0, 'params': 153476, 'time_iter': 0.00518, 'accuracy': 0.9604, 'f1': 0.96035, 'auc': 0.96437}
> Epoch 168: took 1.5s (avg 1.5s) | Best so far: epoch 126	train_loss: 0.1594 train_accuracy: 0.9674	val_loss: 0.1993 val_accuracy: 0.9618	test_loss: 0.1925 test_accuracy: 0.9628
train: {'epoch': 169, 'time_epoch': 1.13621, 'eta': 33.98512, 'eta_hours': 0.00944, 'loss': 0.14241158, 'lr': 0.00010174, 'params': 153476, 'time_iter': 0.01082, 'accuracy': 0.96853, 'f1': 0.9685, 'auc': 0.97706}
val: {'epoch': 169, 'time_epoch': 0.06151, 'loss': 0.21503471, 'lr': 0, 'params': 153476, 'time_iter': 0.00559, 'accuracy': 0.95893, 'f1': 0.95887, 'auc': 0.96342}
test: {'epoch': 169, 'time_epoch': 0.063, 'loss': 0.20736418, 'lr': 0, 'params': 153476, 'time_iter': 0.00573, 'accuracy': 0.96006, 'f1': 0.96, 'auc': 0.96433}
> Epoch 169: took 1.5s (avg 1.5s) | Best so far: epoch 126	train_loss: 0.1594 train_accuracy: 0.9674	val_loss: 0.1993 val_accuracy: 0.9618	test_loss: 0.1925 test_accuracy: 0.9628
train: {'epoch': 170, 'time_epoch': 1.11222, 'eta': 32.84879, 'eta_hours': 0.00912, 'loss': 0.14213398, 'lr': 9.549e-05, 'params': 153476, 'time_iter': 0.01059, 'accuracy': 0.96851, 'f1': 0.96848, 'auc': 0.97716}
val: {'epoch': 170, 'time_epoch': 0.06001, 'loss': 0.21647232, 'lr': 0, 'params': 153476, 'time_iter': 0.00546, 'accuracy': 0.95919, 'f1': 0.95913, 'auc': 0.96333}
test: {'epoch': 170, 'time_epoch': 0.063, 'loss': 0.2078184, 'lr': 0, 'params': 153476, 'time_iter': 0.00573, 'accuracy': 0.96031, 'f1': 0.96026, 'auc': 0.96445}
> Epoch 170: took 1.5s (avg 1.5s) | Best so far: epoch 126	train_loss: 0.1594 train_accuracy: 0.9674	val_loss: 0.1993 val_accuracy: 0.9618	test_loss: 0.1925 test_accuracy: 0.9628
train: {'epoch': 171, 'time_epoch': 1.13152, 'eta': 31.71588, 'eta_hours': 0.00881, 'loss': 0.14202136, 'lr': 8.943e-05, 'params': 153476, 'time_iter': 0.01078, 'accuracy': 0.96858, 'f1': 0.96855, 'auc': 0.97727}
val: {'epoch': 171, 'time_epoch': 0.059, 'loss': 0.21725707, 'lr': 0, 'params': 153476, 'time_iter': 0.00536, 'accuracy': 0.9581, 'f1': 0.95804, 'auc': 0.96333}
test: {'epoch': 171, 'time_epoch': 0.061, 'loss': 0.20763404, 'lr': 0, 'params': 153476, 'time_iter': 0.00555, 'accuracy': 0.96026, 'f1': 0.9602, 'auc': 0.96469}
> Epoch 171: took 1.5s (avg 1.5s) | Best so far: epoch 126	train_loss: 0.1594 train_accuracy: 0.9674	val_loss: 0.1993 val_accuracy: 0.9618	test_loss: 0.1925 test_accuracy: 0.9628
train: {'epoch': 172, 'time_epoch': 1.11229, 'eta': 30.57998, 'eta_hours': 0.00849, 'loss': 0.14151339, 'lr': 8.354e-05, 'params': 153476, 'time_iter': 0.01059, 'accuracy': 0.96856, 'f1': 0.96853, 'auc': 0.97736}
val: {'epoch': 172, 'time_epoch': 0.0615, 'loss': 0.21636692, 'lr': 0, 'params': 153476, 'time_iter': 0.00559, 'accuracy': 0.95889, 'f1': 0.95883, 'auc': 0.96353}
test: {'epoch': 172, 'time_epoch': 0.05851, 'loss': 0.2080502, 'lr': 0, 'params': 153476, 'time_iter': 0.00532, 'accuracy': 0.96026, 'f1': 0.9602, 'auc': 0.96461}
> Epoch 172: took 1.5s (avg 1.5s) | Best so far: epoch 126	train_loss: 0.1594 train_accuracy: 0.9674	val_loss: 0.1993 val_accuracy: 0.9618	test_loss: 0.1925 test_accuracy: 0.9628
train: {'epoch': 173, 'time_epoch': 1.10702, 'eta': 29.44357, 'eta_hours': 0.00818, 'loss': 0.14129702, 'lr': 7.784e-05, 'params': 153476, 'time_iter': 0.01054, 'accuracy': 0.96852, 'f1': 0.96849, 'auc': 0.97746}
val: {'epoch': 173, 'time_epoch': 0.06151, 'loss': 0.21660438, 'lr': 0, 'params': 153476, 'time_iter': 0.00559, 'accuracy': 0.95863, 'f1': 0.95857, 'auc': 0.96354}
test: {'epoch': 173, 'time_epoch': 0.06151, 'loss': 0.20833413, 'lr': 0, 'params': 153476, 'time_iter': 0.00559, 'accuracy': 0.96006, 'f1': 0.96, 'auc': 0.96461}
> Epoch 173: took 1.5s (avg 1.5s) | Best so far: epoch 126	train_loss: 0.1594 train_accuracy: 0.9674	val_loss: 0.1993 val_accuracy: 0.9618	test_loss: 0.1925 test_accuracy: 0.9628
train: {'epoch': 174, 'time_epoch': 1.12866, 'eta': 28.31058, 'eta_hours': 0.00786, 'loss': 0.14107018, 'lr': 7.232e-05, 'params': 153476, 'time_iter': 0.01075, 'accuracy': 0.96866, 'f1': 0.96863, 'auc': 0.9775}
val: {'epoch': 174, 'time_epoch': 0.06351, 'loss': 0.2169529, 'lr': 0, 'params': 153476, 'time_iter': 0.00577, 'accuracy': 0.95878, 'f1': 0.95872, 'auc': 0.96344}
test: {'epoch': 174, 'time_epoch': 0.05851, 'loss': 0.20833641, 'lr': 0, 'params': 153476, 'time_iter': 0.00532, 'accuracy': 0.96065, 'f1': 0.9606, 'auc': 0.96456}
> Epoch 174: took 1.5s (avg 1.5s) | Best so far: epoch 126	train_loss: 0.1594 train_accuracy: 0.9674	val_loss: 0.1993 val_accuracy: 0.9618	test_loss: 0.1925 test_accuracy: 0.9628
train: {'epoch': 175, 'time_epoch': 1.10881, 'eta': 27.17494, 'eta_hours': 0.00755, 'loss': 0.14114462, 'lr': 6.699e-05, 'params': 153476, 'time_iter': 0.01056, 'accuracy': 0.96865, 'f1': 0.96863, 'auc': 0.97754}
val: {'epoch': 175, 'time_epoch': 0.0595, 'loss': 0.21807703, 'lr': 0, 'params': 153476, 'time_iter': 0.00541, 'accuracy': 0.95814, 'f1': 0.95808, 'auc': 0.96342}
test: {'epoch': 175, 'time_epoch': 0.06, 'loss': 0.20919814, 'lr': 0, 'params': 153476, 'time_iter': 0.00545, 'accuracy': 0.95966, 'f1': 0.95961, 'auc': 0.96458}
> Epoch 175: took 1.5s (avg 1.5s) | Best so far: epoch 126	train_loss: 0.1594 train_accuracy: 0.9674	val_loss: 0.1993 val_accuracy: 0.9618	test_loss: 0.1925 test_accuracy: 0.9628
train: {'epoch': 176, 'time_epoch': 1.14178, 'eta': 26.04388, 'eta_hours': 0.00723, 'loss': 0.14073681, 'lr': 6.185e-05, 'params': 153476, 'time_iter': 0.01087, 'accuracy': 0.96887, 'f1': 0.96884, 'auc': 0.97764}
val: {'epoch': 176, 'time_epoch': 0.06051, 'loss': 0.21705529, 'lr': 0, 'params': 153476, 'time_iter': 0.0055, 'accuracy': 0.95897, 'f1': 0.95891, 'auc': 0.96333}
test: {'epoch': 176, 'time_epoch': 0.061, 'loss': 0.20831741, 'lr': 0, 'params': 153476, 'time_iter': 0.00555, 'accuracy': 0.96025, 'f1': 0.9602, 'auc': 0.96444}
> Epoch 176: took 1.5s (avg 1.5s) | Best so far: epoch 126	train_loss: 0.1594 train_accuracy: 0.9674	val_loss: 0.1993 val_accuracy: 0.9618	test_loss: 0.1925 test_accuracy: 0.9628
train: {'epoch': 177, 'time_epoch': 1.14211, 'eta': 24.91275, 'eta_hours': 0.00692, 'loss': 0.1405213, 'lr': 5.69e-05, 'params': 153476, 'time_iter': 0.01088, 'accuracy': 0.96869, 'f1': 0.96866, 'auc': 0.9777}
val: {'epoch': 177, 'time_epoch': 0.0642, 'loss': 0.21802973, 'lr': 0, 'params': 153476, 'time_iter': 0.00584, 'accuracy': 0.95846, 'f1': 0.95841, 'auc': 0.96335}
test: {'epoch': 177, 'time_epoch': 0.0625, 'loss': 0.20909091, 'lr': 0, 'params': 153476, 'time_iter': 0.00568, 'accuracy': 0.96039, 'f1': 0.96034, 'auc': 0.96454}
> Epoch 177: took 1.5s (avg 1.5s) | Best so far: epoch 126	train_loss: 0.1594 train_accuracy: 0.9674	val_loss: 0.1993 val_accuracy: 0.9618	test_loss: 0.1925 test_accuracy: 0.9628
train: {'epoch': 178, 'time_epoch': 1.12763, 'eta': 23.77979, 'eta_hours': 0.00661, 'loss': 0.14045227, 'lr': 5.214e-05, 'params': 153476, 'time_iter': 0.01074, 'accuracy': 0.96864, 'f1': 0.96861, 'auc': 0.97777}
val: {'epoch': 178, 'time_epoch': 0.06003, 'loss': 0.21895431, 'lr': 0, 'params': 153476, 'time_iter': 0.00546, 'accuracy': 0.95858, 'f1': 0.95852, 'auc': 0.9633}
test: {'epoch': 178, 'time_epoch': 0.05751, 'loss': 0.20971182, 'lr': 0, 'params': 153476, 'time_iter': 0.00523, 'accuracy': 0.95966, 'f1': 0.95961, 'auc': 0.96451}
> Epoch 178: took 1.5s (avg 1.5s) | Best so far: epoch 126	train_loss: 0.1594 train_accuracy: 0.9674	val_loss: 0.1993 val_accuracy: 0.9618	test_loss: 0.1925 test_accuracy: 0.9628
train: {'epoch': 179, 'time_epoch': 1.15014, 'eta': 22.64939, 'eta_hours': 0.00629, 'loss': 0.14011773, 'lr': 4.759e-05, 'params': 153476, 'time_iter': 0.01095, 'accuracy': 0.96863, 'f1': 0.96861, 'auc': 0.97789}
val: {'epoch': 179, 'time_epoch': 0.06151, 'loss': 0.21902593, 'lr': 0, 'params': 153476, 'time_iter': 0.00559, 'accuracy': 0.95846, 'f1': 0.9584, 'auc': 0.96344}
test: {'epoch': 179, 'time_epoch': 0.06418, 'loss': 0.20977684, 'lr': 0, 'params': 153476, 'time_iter': 0.00583, 'accuracy': 0.96006, 'f1': 0.96, 'auc': 0.96471}
> Epoch 179: took 1.5s (avg 1.5s) | Best so far: epoch 126	train_loss: 0.1594 train_accuracy: 0.9674	val_loss: 0.1993 val_accuracy: 0.9618	test_loss: 0.1925 test_accuracy: 0.9628
train: {'epoch': 180, 'time_epoch': 1.11976, 'eta': 21.51559, 'eta_hours': 0.00598, 'loss': 0.13985546, 'lr': 4.323e-05, 'params': 153476, 'time_iter': 0.01066, 'accuracy': 0.96875, 'f1': 0.96872, 'auc': 0.97791}
val: {'epoch': 180, 'time_epoch': 0.06151, 'loss': 0.21863761, 'lr': 0, 'params': 153476, 'time_iter': 0.00559, 'accuracy': 0.95838, 'f1': 0.95832, 'auc': 0.96329}
test: {'epoch': 180, 'time_epoch': 0.15051, 'loss': 0.20965416, 'lr': 0, 'params': 153476, 'time_iter': 0.01368, 'accuracy': 0.95989, 'f1': 0.95983, 'auc': 0.96445}
> Epoch 180: took 1.6s (avg 1.5s) | Best so far: epoch 126	train_loss: 0.1594 train_accuracy: 0.9674	val_loss: 0.1993 val_accuracy: 0.9618	test_loss: 0.1925 test_accuracy: 0.9628
train: {'epoch': 181, 'time_epoch': 1.08808, 'eta': 20.37881, 'eta_hours': 0.00566, 'loss': 0.13963039, 'lr': 3.907e-05, 'params': 153476, 'time_iter': 0.01036, 'accuracy': 0.96869, 'f1': 0.96866, 'auc': 0.97806}
val: {'epoch': 181, 'time_epoch': 0.06, 'loss': 0.21870001, 'lr': 0, 'params': 153476, 'time_iter': 0.00545, 'accuracy': 0.95862, 'f1': 0.95856, 'auc': 0.96347}
test: {'epoch': 181, 'time_epoch': 0.05916, 'loss': 0.20991728, 'lr': 0, 'params': 153476, 'time_iter': 0.00538, 'accuracy': 0.96009, 'f1': 0.96003, 'auc': 0.96456}
> Epoch 181: took 1.5s (avg 1.5s) | Best so far: epoch 126	train_loss: 0.1594 train_accuracy: 0.9674	val_loss: 0.1993 val_accuracy: 0.9618	test_loss: 0.1925 test_accuracy: 0.9628
train: {'epoch': 182, 'time_epoch': 1.09033, 'eta': 19.24277, 'eta_hours': 0.00535, 'loss': 0.13946899, 'lr': 3.511e-05, 'params': 153476, 'time_iter': 0.01038, 'accuracy': 0.96871, 'f1': 0.96868, 'auc': 0.97809}
val: {'epoch': 182, 'time_epoch': 0.06252, 'loss': 0.2196069, 'lr': 0, 'params': 153476, 'time_iter': 0.00568, 'accuracy': 0.95827, 'f1': 0.95821, 'auc': 0.96329}
test: {'epoch': 182, 'time_epoch': 0.06051, 'loss': 0.21057813, 'lr': 0, 'params': 153476, 'time_iter': 0.0055, 'accuracy': 0.95996, 'f1': 0.9599, 'auc': 0.96447}
> Epoch 182: took 1.5s (avg 1.5s) | Best so far: epoch 126	train_loss: 0.1594 train_accuracy: 0.9674	val_loss: 0.1993 val_accuracy: 0.9618	test_loss: 0.1925 test_accuracy: 0.9628
train: {'epoch': 183, 'time_epoch': 1.13526, 'eta': 18.11113, 'eta_hours': 0.00503, 'loss': 0.13950524, 'lr': 3.136e-05, 'params': 153476, 'time_iter': 0.01081, 'accuracy': 0.96886, 'f1': 0.96884, 'auc': 0.97807}
val: {'epoch': 183, 'time_epoch': 0.06001, 'loss': 0.21921154, 'lr': 0, 'params': 153476, 'time_iter': 0.00546, 'accuracy': 0.95826, 'f1': 0.9582, 'auc': 0.96332}
test: {'epoch': 183, 'time_epoch': 0.05882, 'loss': 0.21012926, 'lr': 0, 'params': 153476, 'time_iter': 0.00535, 'accuracy': 0.9599, 'f1': 0.95984, 'auc': 0.96454}
> Epoch 183: took 1.5s (avg 1.5s) | Best so far: epoch 126	train_loss: 0.1594 train_accuracy: 0.9674	val_loss: 0.1993 val_accuracy: 0.9618	test_loss: 0.1925 test_accuracy: 0.9628
train: {'epoch': 184, 'time_epoch': 1.13243, 'eta': 16.97922, 'eta_hours': 0.00472, 'loss': 0.13939196, 'lr': 2.781e-05, 'params': 153476, 'time_iter': 0.01079, 'accuracy': 0.96865, 'f1': 0.96862, 'auc': 0.9781}
val: {'epoch': 184, 'time_epoch': 0.06051, 'loss': 0.22017296, 'lr': 0, 'params': 153476, 'time_iter': 0.0055, 'accuracy': 0.95805, 'f1': 0.95799, 'auc': 0.96339}
test: {'epoch': 184, 'time_epoch': 0.06251, 'loss': 0.21114771, 'lr': 0, 'params': 153476, 'time_iter': 0.00568, 'accuracy': 0.95954, 'f1': 0.95949, 'auc': 0.96454}
> Epoch 184: took 1.5s (avg 1.5s) | Best so far: epoch 126	train_loss: 0.1594 train_accuracy: 0.9674	val_loss: 0.1993 val_accuracy: 0.9618	test_loss: 0.1925 test_accuracy: 0.9628
train: {'epoch': 185, 'time_epoch': 1.16407, 'eta': 15.84969, 'eta_hours': 0.0044, 'loss': 0.13938046, 'lr': 2.447e-05, 'params': 153476, 'time_iter': 0.01109, 'accuracy': 0.96879, 'f1': 0.96876, 'auc': 0.97816}
val: {'epoch': 185, 'time_epoch': 0.06351, 'loss': 0.21962656, 'lr': 0, 'params': 153476, 'time_iter': 0.00577, 'accuracy': 0.95838, 'f1': 0.95832, 'auc': 0.96335}
test: {'epoch': 185, 'time_epoch': 0.05851, 'loss': 0.21066414, 'lr': 0, 'params': 153476, 'time_iter': 0.00532, 'accuracy': 0.95987, 'f1': 0.95981, 'auc': 0.96451}
> Epoch 185: took 1.5s (avg 1.5s) | Best so far: epoch 126	train_loss: 0.1594 train_accuracy: 0.9674	val_loss: 0.1993 val_accuracy: 0.9618	test_loss: 0.1925 test_accuracy: 0.9628
train: {'epoch': 186, 'time_epoch': 1.1357, 'eta': 14.71782, 'eta_hours': 0.00409, 'loss': 0.1392356, 'lr': 2.134e-05, 'params': 153476, 'time_iter': 0.01082, 'accuracy': 0.96867, 'f1': 0.96864, 'auc': 0.97815}
val: {'epoch': 186, 'time_epoch': 0.05951, 'loss': 0.21910288, 'lr': 0, 'params': 153476, 'time_iter': 0.00541, 'accuracy': 0.95857, 'f1': 0.95852, 'auc': 0.96328}
test: {'epoch': 186, 'time_epoch': 0.0587, 'loss': 0.20989191, 'lr': 0, 'params': 153476, 'time_iter': 0.00534, 'accuracy': 0.96012, 'f1': 0.96007, 'auc': 0.96455}
> Epoch 186: took 1.5s (avg 1.5s) | Best so far: epoch 126	train_loss: 0.1594 train_accuracy: 0.9674	val_loss: 0.1993 val_accuracy: 0.9618	test_loss: 0.1925 test_accuracy: 0.9628
train: {'epoch': 187, 'time_epoch': 1.13523, 'eta': 13.58588, 'eta_hours': 0.00377, 'loss': 0.13917094, 'lr': 1.842e-05, 'params': 153476, 'time_iter': 0.01081, 'accuracy': 0.96883, 'f1': 0.9688, 'auc': 0.97817}
val: {'epoch': 187, 'time_epoch': 0.06151, 'loss': 0.21966858, 'lr': 0, 'params': 153476, 'time_iter': 0.00559, 'accuracy': 0.95829, 'f1': 0.95823, 'auc': 0.96339}
test: {'epoch': 187, 'time_epoch': 0.06051, 'loss': 0.21052975, 'lr': 0, 'params': 153476, 'time_iter': 0.0055, 'accuracy': 0.9602, 'f1': 0.96014, 'auc': 0.96457}
> Epoch 187: took 1.5s (avg 1.5s) | Best so far: epoch 126	train_loss: 0.1594 train_accuracy: 0.9674	val_loss: 0.1993 val_accuracy: 0.9618	test_loss: 0.1925 test_accuracy: 0.9628
train: {'epoch': 188, 'time_epoch': 1.17811, 'eta': 12.45639, 'eta_hours': 0.00346, 'loss': 0.13910947, 'lr': 1.571e-05, 'params': 153476, 'time_iter': 0.01122, 'accuracy': 0.96883, 'f1': 0.96881, 'auc': 0.97823}
val: {'epoch': 188, 'time_epoch': 0.06351, 'loss': 0.21965739, 'lr': 0, 'params': 153476, 'time_iter': 0.00577, 'accuracy': 0.95866, 'f1': 0.9586, 'auc': 0.9633}
test: {'epoch': 188, 'time_epoch': 0.059, 'loss': 0.21046293, 'lr': 0, 'params': 153476, 'time_iter': 0.00536, 'accuracy': 0.95991, 'f1': 0.95985, 'auc': 0.96453}
> Epoch 188: took 1.5s (avg 1.5s) | Best so far: epoch 126	train_loss: 0.1594 train_accuracy: 0.9674	val_loss: 0.1993 val_accuracy: 0.9618	test_loss: 0.1925 test_accuracy: 0.9628
train: {'epoch': 189, 'time_epoch': 1.17836, 'eta': 11.32641, 'eta_hours': 0.00315, 'loss': 0.13888985, 'lr': 1.321e-05, 'params': 153476, 'time_iter': 0.01122, 'accuracy': 0.96876, 'f1': 0.96873, 'auc': 0.97829}
val: {'epoch': 189, 'time_epoch': 0.05751, 'loss': 0.21976948, 'lr': 0, 'params': 153476, 'time_iter': 0.00523, 'accuracy': 0.9583, 'f1': 0.95824, 'auc': 0.9633}
test: {'epoch': 189, 'time_epoch': 0.05951, 'loss': 0.21066723, 'lr': 0, 'params': 153476, 'time_iter': 0.00541, 'accuracy': 0.96005, 'f1': 0.95999, 'auc': 0.96454}
> Epoch 189: took 1.5s (avg 1.5s) | Best so far: epoch 126	train_loss: 0.1594 train_accuracy: 0.9674	val_loss: 0.1993 val_accuracy: 0.9618	test_loss: 0.1925 test_accuracy: 0.9628
train: {'epoch': 190, 'time_epoch': 1.14452, 'eta': 10.19433, 'eta_hours': 0.00283, 'loss': 0.13863047, 'lr': 1.093e-05, 'params': 153476, 'time_iter': 0.0109, 'accuracy': 0.96885, 'f1': 0.96883, 'auc': 0.97833}
val: {'epoch': 190, 'time_epoch': 0.05951, 'loss': 0.22002494, 'lr': 0, 'params': 153476, 'time_iter': 0.00541, 'accuracy': 0.95832, 'f1': 0.95826, 'auc': 0.96334}
test: {'epoch': 190, 'time_epoch': 0.0585, 'loss': 0.21097147, 'lr': 0, 'params': 153476, 'time_iter': 0.00532, 'accuracy': 0.96, 'f1': 0.95994, 'auc': 0.96449}
> Epoch 190: took 1.5s (avg 1.5s) | Best so far: epoch 126	train_loss: 0.1594 train_accuracy: 0.9674	val_loss: 0.1993 val_accuracy: 0.9618	test_loss: 0.1925 test_accuracy: 0.9628
train: {'epoch': 191, 'time_epoch': 1.14272, 'eta': 9.06205, 'eta_hours': 0.00252, 'loss': 0.13871413, 'lr': 8.86e-06, 'params': 153476, 'time_iter': 0.01088, 'accuracy': 0.96885, 'f1': 0.96882, 'auc': 0.9784}
val: {'epoch': 191, 'time_epoch': 0.05851, 'loss': 0.21966613, 'lr': 0, 'params': 153476, 'time_iter': 0.00532, 'accuracy': 0.95829, 'f1': 0.95823, 'auc': 0.96328}
test: {'epoch': 191, 'time_epoch': 0.05951, 'loss': 0.21070963, 'lr': 0, 'params': 153476, 'time_iter': 0.00541, 'accuracy': 0.95961, 'f1': 0.95956, 'auc': 0.96445}
> Epoch 191: took 1.5s (avg 1.5s) | Best so far: epoch 126	train_loss: 0.1594 train_accuracy: 0.9674	val_loss: 0.1993 val_accuracy: 0.9618	test_loss: 0.1925 test_accuracy: 0.9628
train: {'epoch': 192, 'time_epoch': 1.14078, 'eta': 7.92958, 'eta_hours': 0.0022, 'loss': 0.13867388, 'lr': 7e-06, 'params': 153476, 'time_iter': 0.01086, 'accuracy': 0.96884, 'f1': 0.96881, 'auc': 0.97833}
val: {'epoch': 192, 'time_epoch': 0.05951, 'loss': 0.22033004, 'lr': 0, 'params': 153476, 'time_iter': 0.00541, 'accuracy': 0.95852, 'f1': 0.95846, 'auc': 0.96339}
test: {'epoch': 192, 'time_epoch': 0.06051, 'loss': 0.21121324, 'lr': 0, 'params': 153476, 'time_iter': 0.0055, 'accuracy': 0.96, 'f1': 0.95994, 'auc': 0.96458}
> Epoch 192: took 1.5s (avg 1.5s) | Best so far: epoch 126	train_loss: 0.1594 train_accuracy: 0.9674	val_loss: 0.1993 val_accuracy: 0.9618	test_loss: 0.1925 test_accuracy: 0.9628
train: {'epoch': 193, 'time_epoch': 1.14018, 'eta': 6.79701, 'eta_hours': 0.00189, 'loss': 0.13857851, 'lr': 5.36e-06, 'params': 153476, 'time_iter': 0.01086, 'accuracy': 0.96883, 'f1': 0.9688, 'auc': 0.97839}
val: {'epoch': 193, 'time_epoch': 0.07251, 'loss': 0.22012794, 'lr': 0, 'params': 153476, 'time_iter': 0.00659, 'accuracy': 0.95818, 'f1': 0.95812, 'auc': 0.96328}
test: {'epoch': 193, 'time_epoch': 0.0605, 'loss': 0.21088436, 'lr': 0, 'params': 153476, 'time_iter': 0.0055, 'accuracy': 0.95992, 'f1': 0.95986, 'auc': 0.96456}
> Epoch 193: took 1.5s (avg 1.5s) | Best so far: epoch 126	train_loss: 0.1594 train_accuracy: 0.9674	val_loss: 0.1993 val_accuracy: 0.9618	test_loss: 0.1925 test_accuracy: 0.9628
train: {'epoch': 194, 'time_epoch': 1.21, 'eta': 5.66616, 'eta_hours': 0.00157, 'loss': 0.13846414, 'lr': 3.94e-06, 'params': 153476, 'time_iter': 0.01152, 'accuracy': 0.96887, 'f1': 0.96885, 'auc': 0.97843}
val: {'epoch': 194, 'time_epoch': 0.06151, 'loss': 0.2202532, 'lr': 0, 'params': 153476, 'time_iter': 0.00559, 'accuracy': 0.95816, 'f1': 0.9581, 'auc': 0.96336}
test: {'epoch': 194, 'time_epoch': 0.062, 'loss': 0.2110017, 'lr': 0, 'params': 153476, 'time_iter': 0.00564, 'accuracy': 0.95977, 'f1': 0.95972, 'auc': 0.96454}
> Epoch 194: took 1.6s (avg 1.5s) | Best so far: epoch 126	train_loss: 0.1594 train_accuracy: 0.9674	val_loss: 0.1993 val_accuracy: 0.9618	test_loss: 0.1925 test_accuracy: 0.9628
train: {'epoch': 195, 'time_epoch': 1.12785, 'eta': 4.53281, 'eta_hours': 0.00126, 'loss': 0.1384784, 'lr': 2.74e-06, 'params': 153476, 'time_iter': 0.01074, 'accuracy': 0.96875, 'f1': 0.96873, 'auc': 0.97842}
val: {'epoch': 195, 'time_epoch': 0.06151, 'loss': 0.22035933, 'lr': 0, 'params': 153476, 'time_iter': 0.00559, 'accuracy': 0.95809, 'f1': 0.95803, 'auc': 0.96337}
test: {'epoch': 195, 'time_epoch': 0.06171, 'loss': 0.21124048, 'lr': 0, 'params': 153476, 'time_iter': 0.00561, 'accuracy': 0.95963, 'f1': 0.95958, 'auc': 0.96454}
> Epoch 195: took 1.5s (avg 1.5s) | Best so far: epoch 126	train_loss: 0.1594 train_accuracy: 0.9674	val_loss: 0.1993 val_accuracy: 0.9618	test_loss: 0.1925 test_accuracy: 0.9628
train: {'epoch': 196, 'time_epoch': 1.18221, 'eta': 3.40036, 'eta_hours': 0.00094, 'loss': 0.13849692, 'lr': 1.75e-06, 'params': 153476, 'time_iter': 0.01126, 'accuracy': 0.96891, 'f1': 0.96888, 'auc': 0.97844}
val: {'epoch': 196, 'time_epoch': 0.07151, 'loss': 0.2196013, 'lr': 0, 'params': 153476, 'time_iter': 0.0065, 'accuracy': 0.95867, 'f1': 0.95861, 'auc': 0.96342}
test: {'epoch': 196, 'time_epoch': 0.06251, 'loss': 0.21057551, 'lr': 0, 'params': 153476, 'time_iter': 0.00568, 'accuracy': 0.96017, 'f1': 0.96011, 'auc': 0.96463}
> Epoch 196: took 1.6s (avg 1.5s) | Best so far: epoch 126	train_loss: 0.1594 train_accuracy: 0.9674	val_loss: 0.1993 val_accuracy: 0.9618	test_loss: 0.1925 test_accuracy: 0.9628
train: {'epoch': 197, 'time_epoch': 1.16807, 'eta': 2.26725, 'eta_hours': 0.00063, 'loss': 0.13826621, 'lr': 9.9e-07, 'params': 153476, 'time_iter': 0.01112, 'accuracy': 0.96886, 'f1': 0.96883, 'auc': 0.97844}
val: {'epoch': 197, 'time_epoch': 0.06151, 'loss': 0.2198493, 'lr': 0, 'params': 153476, 'time_iter': 0.00559, 'accuracy': 0.95858, 'f1': 0.95852, 'auc': 0.96333}
test: {'epoch': 197, 'time_epoch': 0.06, 'loss': 0.21071828, 'lr': 0, 'params': 153476, 'time_iter': 0.00545, 'accuracy': 0.96004, 'f1': 0.95998, 'auc': 0.9646}
> Epoch 197: took 1.5s (avg 1.5s) | Best so far: epoch 126	train_loss: 0.1594 train_accuracy: 0.9674	val_loss: 0.1993 val_accuracy: 0.9618	test_loss: 0.1925 test_accuracy: 0.9628
train: {'epoch': 198, 'time_epoch': 1.17678, 'eta': 1.13384, 'eta_hours': 0.00031, 'loss': 0.13838532, 'lr': 4.4e-07, 'params': 153476, 'time_iter': 0.01121, 'accuracy': 0.96876, 'f1': 0.96873, 'auc': 0.97844}
val: {'epoch': 198, 'time_epoch': 0.06151, 'loss': 0.21983858, 'lr': 0, 'params': 153476, 'time_iter': 0.00559, 'accuracy': 0.95862, 'f1': 0.95856, 'auc': 0.96334}
test: {'epoch': 198, 'time_epoch': 0.06251, 'loss': 0.21058626, 'lr': 0, 'params': 153476, 'time_iter': 0.00568, 'accuracy': 0.95999, 'f1': 0.95993, 'auc': 0.96457}
> Epoch 198: took 1.5s (avg 1.5s) | Best so far: epoch 126	train_loss: 0.1594 train_accuracy: 0.9674	val_loss: 0.1993 val_accuracy: 0.9618	test_loss: 0.1925 test_accuracy: 0.9628
train: {'epoch': 199, 'time_epoch': 1.13347, 'eta': 0.0, 'eta_hours': 0.0, 'loss': 0.13842074, 'lr': 1.1e-07, 'params': 153476, 'time_iter': 0.01079, 'accuracy': 0.96885, 'f1': 0.96883, 'auc': 0.97843}
val: {'epoch': 199, 'time_epoch': 0.06051, 'loss': 0.22053494, 'lr': 0, 'params': 153476, 'time_iter': 0.0055, 'accuracy': 0.95833, 'f1': 0.95827, 'auc': 0.96334}
test: {'epoch': 199, 'time_epoch': 0.06151, 'loss': 0.21115086, 'lr': 0, 'params': 153476, 'time_iter': 0.00559, 'accuracy': 0.95981, 'f1': 0.95976, 'auc': 0.96459}
> Epoch 199: took 1.5s (avg 1.5s) | Best so far: epoch 126	train_loss: 0.1594 train_accuracy: 0.9674	val_loss: 0.1993 val_accuracy: 0.9618	test_loss: 0.1925 test_accuracy: 0.9628
Avg time per epoch: 1.50s
Total train loop time: 0.08h
Task done, results saved in results\edge-gin\0
Results aggregated across runs saved in results\edge-gin\agg
[*] All done: 2026-06-06 16:04:38.796870
