[*] Run ID 0: seed=0, split_index=0
    Starting now: 2026-06-06 16:04:43.110627
[*] Loaded dataset 'subset' from 'PyG-ZINC':
  Data(x=[277864, 1], edge_index=[2, 597970], y=[1195940], complete_edge_index=[2, 1195940])
  undirected: True
  num graphs: 12000
  avg num_nodes/graph: 23
  num node features: 1
  num edge features: 0
  num classes: 2
Precomputing Positional Encoding statistics: ['GraphormerBias'] for all graphs...
  ...estimated to be undirected: True
Done! Took 00:01:02.14
GraphGymModule(
  (model): GraphormerModel(
    (encoder): FeatureEncoder(
      (node_encoder): Concat2NodeEncoder(
        (encoder1): TypeDictNodeEncoder(
          (encoder): Embedding(28, 72)
        )
        (encoder2): GraphormerEncoder(
          (0): BiasEncoder(
            (spatial_encoder): Embedding(21, 4)
            (edge_dis_encoder): Embedding(320, 1)
            (edge_encoder): Embedding(4, 4)
          )
          (1): NodeEncoder(
            (in_degree_encoder): Embedding(64, 72)
            (out_degree_encoder): Embedding(64, 72)
            (input_dropout): Dropout(p=0.1, inplace=False)
          )
        )
      )
    )
    (layers): Sequential(
      (0): GraphormerLayer(
        (attention): MultiheadAttention(
          (out_proj): NonDynamicallyQuantizableLinear(in_features=72, out_features=72, bias=True)
        )
        (input_norm): LayerNorm((72,), eps=1e-05, elementwise_affine=True)
        (dropout): Dropout(p=0.0, inplace=False)
        (mlp): Sequential(
          (0): LayerNorm((72,), eps=1e-05, elementwise_affine=True)
          (1): Linear(in_features=72, out_features=72, bias=True)
          (2): GELU(approximate='none')
          (3): Dropout(p=0.1, inplace=False)
          (4): Linear(in_features=72, out_features=72, bias=True)
          (5): Dropout(p=0.0, inplace=False)
        )
      )
      (1): GraphormerLayer(
        (attention): MultiheadAttention(
          (out_proj): NonDynamicallyQuantizableLinear(in_features=72, out_features=72, bias=True)
        )
        (input_norm): LayerNorm((72,), eps=1e-05, elementwise_affine=True)
        (dropout): Dropout(p=0.0, inplace=False)
        (mlp): Sequential(
          (0): LayerNorm((72,), eps=1e-05, elementwise_affine=True)
          (1): Linear(in_features=72, out_features=72, bias=True)
          (2): GELU(approximate='none')
          (3): Dropout(p=0.1, inplace=False)
          (4): Linear(in_features=72, out_features=72, bias=True)
          (5): Dropout(p=0.0, inplace=False)
        )
      )
      (2): GraphormerLayer(
        (attention): MultiheadAttention(
          (out_proj): NonDynamicallyQuantizableLinear(in_features=72, out_features=72, bias=True)
        )
        (input_norm): LayerNorm((72,), eps=1e-05, elementwise_affine=True)
        (dropout): Dropout(p=0.0, inplace=False)
        (mlp): Sequential(
          (0): LayerNorm((72,), eps=1e-05, elementwise_affine=True)
          (1): Linear(in_features=72, out_features=72, bias=True)
          (2): GELU(approximate='none')
          (3): Dropout(p=0.1, inplace=False)
          (4): Linear(in_features=72, out_features=72, bias=True)
          (5): Dropout(p=0.0, inplace=False)
        )
      )
      (3): GraphormerLayer(
        (attention): MultiheadAttention(
          (out_proj): NonDynamicallyQuantizableLinear(in_features=72, out_features=72, bias=True)
        )
        (input_norm): LayerNorm((72,), eps=1e-05, elementwise_affine=True)
        (dropout): Dropout(p=0.0, inplace=False)
        (mlp): Sequential(
          (0): LayerNorm((72,), eps=1e-05, elementwise_affine=True)
          (1): Linear(in_features=72, out_features=72, bias=True)
          (2): GELU(approximate='none')
          (3): Dropout(p=0.1, inplace=False)
          (4): Linear(in_features=72, out_features=72, bias=True)
          (5): Dropout(p=0.0, inplace=False)
        )
      )
      (4): GraphormerLayer(
        (attention): MultiheadAttention(
          (out_proj): NonDynamicallyQuantizableLinear(in_features=72, out_features=72, bias=True)
        )
        (input_norm): LayerNorm((72,), eps=1e-05, elementwise_affine=True)
        (dropout): Dropout(p=0.0, inplace=False)
        (mlp): Sequential(
          (0): LayerNorm((72,), eps=1e-05, elementwise_affine=True)
          (1): Linear(in_features=72, out_features=72, bias=True)
          (2): GELU(approximate='none')
          (3): Dropout(p=0.1, inplace=False)
          (4): Linear(in_features=72, out_features=72, bias=True)
          (5): Dropout(p=0.0, inplace=False)
        )
      )
      (5): GraphormerLayer(
        (attention): MultiheadAttention(
          (out_proj): NonDynamicallyQuantizableLinear(in_features=72, out_features=72, bias=True)
        )
        (input_norm): LayerNorm((72,), eps=1e-05, elementwise_affine=True)
        (dropout): Dropout(p=0.0, inplace=False)
        (mlp): Sequential(
          (0): LayerNorm((72,), eps=1e-05, elementwise_affine=True)
          (1): Linear(in_features=72, out_features=72, bias=True)
          (2): GELU(approximate='none')
          (3): Dropout(p=0.1, inplace=False)
          (4): Linear(in_features=72, out_features=72, bias=True)
          (5): Dropout(p=0.0, inplace=False)
        )
      )
    )
    (post_mp): InferLinksHead(
      (predictor): Linear(in_features=1, out_features=2, bias=True)
    )
  )
)
accelerator: cuda
benchmark: False
bn:
  eps: 1e-05
  mom: 0.1
cfg_dest: config.yaml
custom_metrics: []
dataset:
  cache_load: False
  cache_save: False
  dir: ./datasets
  edge_dim: 128
  edge_encoder: False
  edge_encoder_bn: False
  edge_encoder_name: TypeDictEdge
  edge_encoder_num_types: 4
  edge_message_ratio: 0.8
  edge_negative_sampling_ratio: 1.0
  edge_train_mode: all
  encoder: True
  encoder_bn: True
  encoder_dim: 128
  encoder_name: db
  format: PyG-ZINC
  infer_link_label: edge
  label_column: none
  label_table: none
  location: local
  name: subset
  node_encoder: True
  node_encoder_bn: False
  node_encoder_name: TypeDictNode+GraphormerBias
  node_encoder_num_types: 28
  remove_feature: False
  resample_disjoint: False
  resample_negative: False
  shuffle_split: True
  slic_compactness: 10
  split: [0.8, 0.1, 0.1]
  split_dir: ./splits
  split_index: 0
  split_mode: standard
  task: graph
  task_type: classification_multi
  to_undirected: False
  transductive: False
  transform: none
  tu_simple: True
devices: 1
example_arg: example
example_group:
  example_arg: example
gnn:
  act: gelu
  agg: mean
  att_final_linear: False
  att_final_linear_bn: False
  att_heads: 1
  batchnorm: True
  clear_feature: True
  dim_inner: 72
  dropout: 0.0
  head: infer_links
  keep_edge: 0.5
  l2norm: True
  layer_type: generalconv
  layers_mp: 2
  layers_post_mp: 3
  layers_pre_mp: 0
  msg_direction: single
  normalize_adj: False
  residual: False
  self_msg: concat
  skip_every: 1
  stage_type: stack
gpu_mem: False
graphormer:
  attention_dropout: 0.1
  dropout: 0.0
  embed_dim: 72
  input_dropout: 0.1
  mlp_dropout: 0.1
  num_heads: 4
  num_layers: 6
  use_graph_token: False
gt:
  attn_dropout: 0.0
  batch_norm: True
  bigbird:
    add_cross_attention: False
    attention_type: block_sparse
    block_size: 3
    chunk_size_feed_forward: 0
    hidden_act: relu
    is_decoder: False
    layer_norm_eps: 1e-06
    max_position_embeddings: 128
    num_random_blocks: 3
    use_bias: False
  dim_hidden: 64
  dropout: 0.0
  full_graph: True
  gamma: 1e-05
  layer_norm: False
  layer_type: SANLayer
  layers: 3
  n_heads: 8
  pna_degrees: []
  residual: True
mem:
  inplace: False
metric_agg: argmax
metric_best: accuracy
model:
  edge_decoding: dot
  graph_pooling: graph_token
  loss_fun: cross_entropy
  match_upper: True
  size_average: mean
  thresh: 0.5
  type: Graphormer
name_tag: 
num_threads: 6
num_workers: 0
optim:
  base_lr: 0.001
  batch_accumulation: 1
  clip_grad_norm: True
  clip_grad_norm_value: 5.0
  lr_decay: 0.1
  max_epoch: 1000
  min_lr: 0.0
  momentum: 0.9
  num_warmup_epochs: 50
  optimizer: adamW
  reduce_factor: 0.1
  schedule_patience: 10
  scheduler: polynomial_with_warmup
  steps: [30, 60, 90]
  weight_decay: 0.01
out_dir: results\edge-graphormer
posenc_ElstaticSE:
  dim_pe: 16
  enable: False
  kernel:
    times: []
    times_func: range(10)
  layers: 3
  model: none
  n_heads: 4
  pass_as_var: False
  post_layers: 0
  raw_norm_type: none
posenc_EquivStableLapPE:
  eigen:
    eigvec_norm: L2
    laplacian_norm: sym
    max_freqs: 10
  enable: False
  raw_norm_type: none
posenc_GraphormerBias:
  dim_pe: 0
  enable: True
  node_degrees_only: False
  num_in_degrees: 64
  num_out_degrees: 64
  num_spatial_types: 20
posenc_HKdiagSE:
  dim_pe: 16
  enable: False
  kernel:
    times: []
    times_func: 
  layers: 3
  model: none
  n_heads: 4
  pass_as_var: False
  post_layers: 0
  raw_norm_type: none
posenc_LapPE:
  dim_pe: 16
  eigen:
    eigvec_norm: L2
    laplacian_norm: sym
    max_freqs: 10
  enable: False
  layers: 3
  model: none
  n_heads: 4
  pass_as_var: False
  post_layers: 0
  raw_norm_type: none
posenc_RWSE:
  dim_pe: 16
  enable: False
  kernel:
    times: []
    times_func: 
  layers: 3
  model: none
  n_heads: 4
  pass_as_var: False
  post_layers: 0
  raw_norm_type: none
posenc_SignNet:
  dim_pe: 16
  eigen:
    eigvec_norm: L2
    laplacian_norm: sym
    max_freqs: 10
  enable: False
  layers: 3
  model: none
  n_heads: 4
  pass_as_var: False
  phi_hidden_dim: 64
  phi_out_dim: 4
  post_layers: 0
  raw_norm_type: none
pretrained:
  dir: 
  freeze_main: False
  reset_prediction_head: True
print: both
round: 5
run_dir: results\edge-graphormer\0
run_id: 0
run_multiple_splits: []
seed: 0
share:
  dim_in: 1
  dim_out: 1
  num_splits: 3
tensorboard_agg: True
tensorboard_each_run: False
train:
  auto_resume: False
  batch_size: 256
  ckpt_best: True
  ckpt_clean: True
  ckpt_period: 100
  enable_ckpt: True
  epoch_resume: -1
  eval_period: 1
  iter_per_epoch: 32
  mode: custom
  neighbor_sizes: [20, 15, 10, 5]
  node_per_graph: 32
  radius: extend
  sample_node: False
  sampler: full_batch
  skip_train_eval: False
  walk_length: 4
val:
  node_per_graph: 32
  radius: extend
  sample_node: False
  sampler: full_batch
view_emb: False
wandb:
  entity: gtransformers
  name: 
  project: Edge
  use: False
Num parameters: 202600
Start from epoch 0
train: {'epoch': 0, 'time_epoch': 2.08214, 'eta': 2080.05711, 'eta_hours': 0.57779, 'loss': 56.32840356, 'lr': 0.0, 'params': 202600, 'time_iter': 0.05205, 'accuracy': 0.50001, 'f1': 0.33335, 'auc': 0.50305}
...computing epoch stats took: 0.19s
val: {'epoch': 0, 'time_epoch': 0.23957, 'loss': 58.92754488, 'lr': 0, 'params': 202600, 'time_iter': 0.05989, 'accuracy': 0.5, 'f1': 0.33333, 'auc': 0.5035}
...computing epoch stats took: 0.03s
test: {'epoch': 0, 'time_epoch': 0.12752, 'loss': 58.5294336, 'lr': 0, 'params': 202600, 'time_iter': 0.03188, 'accuracy': 0.5, 'f1': 0.33333, 'auc': 0.50576}
...computing epoch stats took: 0.02s
> Epoch 0: took 2.7s (avg 2.7s) | Best so far: epoch 0	train_loss: 56.3284 train_accuracy: 0.5000	val_loss: 58.9275 val_accuracy: 0.5000	test_loss: 58.5294 test_accuracy: 0.5000
train: {'epoch': 1, 'time_epoch': 1.02715, 'eta': 1551.53601, 'eta_hours': 0.43098, 'loss': 40.07404979, 'lr': 2e-05, 'params': 202600, 'time_iter': 0.02568, 'accuracy': 0.50122, 'f1': 0.34519, 'auc': 0.50126}
...computing epoch stats took: 0.17s
val: {'epoch': 1, 'time_epoch': 0.06651, 'loss': 25.07090178, 'lr': 0, 'params': 202600, 'time_iter': 0.01663, 'accuracy': 0.51042, 'f1': 0.39228, 'auc': 0.49952}
...computing epoch stats took: 0.02s
test: {'epoch': 1, 'time_epoch': 0.06551, 'loss': 24.78545572, 'lr': 0, 'params': 202600, 'time_iter': 0.01638, 'accuracy': 0.51142, 'f1': 0.39546, 'auc': 0.50568}
...computing epoch stats took: 0.02s
> Epoch 1: took 1.4s (avg 2.0s) | Best so far: epoch 1	train_loss: 40.0740 train_accuracy: 0.5012	val_loss: 25.0709 val_accuracy: 0.5104	test_loss: 24.7855 test_accuracy: 0.5114
train: {'epoch': 2, 'time_epoch': 1.03509, 'eta': 1377.31525, 'eta_hours': 0.38259, 'loss': 12.77161901, 'lr': 4e-05, 'params': 202600, 'time_iter': 0.02588, 'accuracy': 0.50295, 'f1': 0.46529, 'auc': 0.48977}
...computing epoch stats took: 0.18s
val: {'epoch': 2, 'time_epoch': 0.06656, 'loss': 4.71405332, 'lr': 0, 'params': 202600, 'time_iter': 0.01664, 'accuracy': 0.505, 'f1': 0.37401, 'auc': 0.49082}
...computing epoch stats took: 0.02s
test: {'epoch': 2, 'time_epoch': 0.0675, 'loss': 4.68436477, 'lr': 0, 'params': 202600, 'time_iter': 0.01688, 'accuracy': 0.5059, 'f1': 0.37737, 'auc': 0.49486}
...computing epoch stats took: 0.02s
> Epoch 2: took 1.4s (avg 1.8s) | Best so far: epoch 1	train_loss: 40.0740 train_accuracy: 0.5012	val_loss: 25.0709 val_accuracy: 0.5104	test_loss: 24.7855 test_accuracy: 0.5114
train: {'epoch': 3, 'time_epoch': 1.01124, 'eta': 1283.75018, 'eta_hours': 0.3566, 'loss': 3.39276656, 'lr': 6e-05, 'params': 202600, 'time_iter': 0.02528, 'accuracy': 0.50293, 'f1': 0.49026, 'auc': 0.48934}
val: {'epoch': 3, 'time_epoch': 0.06851, 'loss': 2.52706674, 'lr': 0, 'params': 202600, 'time_iter': 0.01713, 'accuracy': 0.51074, 'f1': 0.36591, 'auc': 0.51212}
test: {'epoch': 3, 'time_epoch': 0.06702, 'loss': 2.52575199, 'lr': 0, 'params': 202600, 'time_iter': 0.01675, 'accuracy': 0.51018, 'f1': 0.36651, 'auc': 0.51307}
> Epoch 3: took 1.4s (avg 1.7s) | Best so far: epoch 3	train_loss: 3.3928 train_accuracy: 0.5029	val_loss: 2.5271 val_accuracy: 0.5107	test_loss: 2.5258 test_accuracy: 0.5102
train: {'epoch': 4, 'time_epoch': 1.07676, 'eta': 1240.24474, 'eta_hours': 0.34451, 'loss': 2.0105997, 'lr': 8e-05, 'params': 202600, 'time_iter': 0.02692, 'accuracy': 0.50406, 'f1': 0.49888, 'auc': 0.49418}
val: {'epoch': 4, 'time_epoch': 0.069, 'loss': 1.48018049, 'lr': 0, 'params': 202600, 'time_iter': 0.01725, 'accuracy': 0.51302, 'f1': 0.37058, 'auc': 0.51512}
test: {'epoch': 4, 'time_epoch': 0.068, 'loss': 1.49122603, 'lr': 0, 'params': 202600, 'time_iter': 0.017, 'accuracy': 0.5131, 'f1': 0.37202, 'auc': 0.51898}
> Epoch 4: took 1.4s (avg 1.7s) | Best so far: epoch 4	train_loss: 2.0106 train_accuracy: 0.5041	val_loss: 1.4802 val_accuracy: 0.5130	test_loss: 1.4912 test_accuracy: 0.5131
train: {'epoch': 5, 'time_epoch': 1.0709, 'eta': 1209.91114, 'eta_hours': 0.33609, 'loss': 1.56562489, 'lr': 0.0001, 'params': 202600, 'time_iter': 0.02677, 'accuracy': 0.50233, 'f1': 0.49834, 'auc': 0.49243}
val: {'epoch': 5, 'time_epoch': 0.06851, 'loss': 1.14524711, 'lr': 0, 'params': 202600, 'time_iter': 0.01713, 'accuracy': 0.50876, 'f1': 0.35833, 'auc': 0.52168}
test: {'epoch': 5, 'time_epoch': 0.06851, 'loss': 1.15599876, 'lr': 0, 'params': 202600, 'time_iter': 0.01713, 'accuracy': 0.50903, 'f1': 0.36012, 'auc': 0.52589}
> Epoch 5: took 1.4s (avg 1.6s) | Best so far: epoch 4	train_loss: 2.0106 train_accuracy: 0.5041	val_loss: 1.4802 val_accuracy: 0.5130	test_loss: 1.4912 test_accuracy: 0.5131
train: {'epoch': 6, 'time_epoch': 1.14907, 'eta': 1199.02675, 'eta_hours': 0.33306, 'loss': 1.33180565, 'lr': 0.00012, 'params': 202600, 'time_iter': 0.02873, 'accuracy': 0.50315, 'f1': 0.5, 'auc': 0.49442}
val: {'epoch': 6, 'time_epoch': 0.06951, 'loss': 0.95927404, 'lr': 0, 'params': 202600, 'time_iter': 0.01738, 'accuracy': 0.5121, 'f1': 0.36746, 'auc': 0.52215}
test: {'epoch': 6, 'time_epoch': 0.06901, 'loss': 0.96719831, 'lr': 0, 'params': 202600, 'time_iter': 0.01725, 'accuracy': 0.51249, 'f1': 0.36929, 'auc': 0.52685}
> Epoch 6: took 1.5s (avg 1.6s) | Best so far: epoch 4	train_loss: 2.0106 train_accuracy: 0.5041	val_loss: 1.4802 val_accuracy: 0.5130	test_loss: 1.4912 test_accuracy: 0.5131
train: {'epoch': 7, 'time_epoch': 1.09539, 'eta': 1183.92076, 'eta_hours': 0.32887, 'loss': 1.18580802, 'lr': 0.00014, 'params': 202600, 'time_iter': 0.02738, 'accuracy': 0.50191, 'f1': 0.49967, 'auc': 0.49413}
val: {'epoch': 7, 'time_epoch': 0.06801, 'loss': 0.87209561, 'lr': 0, 'params': 202600, 'time_iter': 0.017, 'accuracy': 0.51686, 'f1': 0.37848, 'auc': 0.52721}
test: {'epoch': 7, 'time_epoch': 0.068, 'loss': 0.87802868, 'lr': 0, 'params': 202600, 'time_iter': 0.017, 'accuracy': 0.51935, 'f1': 0.38445, 'auc': 0.53204}
> Epoch 7: took 1.5s (avg 1.6s) | Best so far: epoch 7	train_loss: 1.1858 train_accuracy: 0.5019	val_loss: 0.8721 val_accuracy: 0.5169	test_loss: 0.8780 test_accuracy: 0.5193
train: {'epoch': 8, 'time_epoch': 1.09122, 'eta': 1171.4683, 'eta_hours': 0.32541, 'loss': 1.08165116, 'lr': 0.00016, 'params': 202600, 'time_iter': 0.02728, 'accuracy': 0.50313, 'f1': 0.50148, 'auc': 0.49582}
val: {'epoch': 8, 'time_epoch': 0.069, 'loss': 0.84018099, 'lr': 0, 'params': 202600, 'time_iter': 0.01725, 'accuracy': 0.52125, 'f1': 0.39308, 'auc': 0.52273}
test: {'epoch': 8, 'time_epoch': 0.067, 'loss': 0.84356024, 'lr': 0, 'params': 202600, 'time_iter': 0.01675, 'accuracy': 0.52228, 'f1': 0.39615, 'auc': 0.5277}
> Epoch 8: took 1.5s (avg 1.6s) | Best so far: epoch 8	train_loss: 1.0817 train_accuracy: 0.5031	val_loss: 0.8402 val_accuracy: 0.5212	test_loss: 0.8436 test_accuracy: 0.5223
train: {'epoch': 9, 'time_epoch': 1.20041, 'eta': 1172.09803, 'eta_hours': 0.32558, 'loss': 0.99975231, 'lr': 0.00018, 'params': 202600, 'time_iter': 0.03001, 'accuracy': 0.50333, 'f1': 0.50204, 'auc': 0.49762}
val: {'epoch': 9, 'time_epoch': 0.06944, 'loss': 0.80087597, 'lr': 0, 'params': 202600, 'time_iter': 0.01736, 'accuracy': 0.5274, 'f1': 0.42726, 'auc': 0.52343}
test: {'epoch': 9, 'time_epoch': 0.06751, 'loss': 0.80259943, 'lr': 0, 'params': 202600, 'time_iter': 0.01688, 'accuracy': 0.52735, 'f1': 0.42753, 'auc': 0.52726}
> Epoch 9: took 1.6s (avg 1.6s) | Best so far: epoch 9	train_loss: 0.9998 train_accuracy: 0.5033	val_loss: 0.8009 val_accuracy: 0.5274	test_loss: 0.8026 test_accuracy: 0.5273
train: {'epoch': 10, 'time_epoch': 1.08146, 'eta': 1161.7004, 'eta_hours': 0.32269, 'loss': 0.93750736, 'lr': 0.0002, 'params': 202600, 'time_iter': 0.02704, 'accuracy': 0.50592, 'f1': 0.50485, 'auc': 0.50033}
val: {'epoch': 10, 'time_epoch': 0.06751, 'loss': 0.79030139, 'lr': 0, 'params': 202600, 'time_iter': 0.01688, 'accuracy': 0.52032, 'f1': 0.39488, 'auc': 0.52906}
test: {'epoch': 10, 'time_epoch': 0.07251, 'loss': 0.79138387, 'lr': 0, 'params': 202600, 'time_iter': 0.01813, 'accuracy': 0.51987, 'f1': 0.39528, 'auc': 0.53342}
> Epoch 10: took 1.5s (avg 1.6s) | Best so far: epoch 9	train_loss: 0.9998 train_accuracy: 0.5033	val_loss: 0.8009 val_accuracy: 0.5274	test_loss: 0.8026 test_accuracy: 0.5273
train: {'epoch': 11, 'time_epoch': 1.09127, 'eta': 1153.66337, 'eta_hours': 0.32046, 'loss': 0.88891973, 'lr': 0.00022, 'params': 202600, 'time_iter': 0.02728, 'accuracy': 0.50793, 'f1': 0.50686, 'auc': 0.50333}
val: {'epoch': 11, 'time_epoch': 0.07, 'loss': 0.75779484, 'lr': 0, 'params': 202600, 'time_iter': 0.0175, 'accuracy': 0.5231, 'f1': 0.40083, 'auc': 0.53317}
test: {'epoch': 11, 'time_epoch': 0.067, 'loss': 0.75822432, 'lr': 0, 'params': 202600, 'time_iter': 0.01675, 'accuracy': 0.52388, 'f1': 0.40233, 'auc': 0.53846}
> Epoch 11: took 1.5s (avg 1.6s) | Best so far: epoch 9	train_loss: 0.9998 train_accuracy: 0.5033	val_loss: 0.8009 val_accuracy: 0.5274	test_loss: 0.8026 test_accuracy: 0.5273
train: {'epoch': 12, 'time_epoch': 1.09163, 'eta': 1146.72214, 'eta_hours': 0.31853, 'loss': 0.85137484, 'lr': 0.00024, 'params': 202600, 'time_iter': 0.02729, 'accuracy': 0.50955, 'f1': 0.50866, 'auc': 0.50625}
val: {'epoch': 12, 'time_epoch': 0.06832, 'loss': 0.73795982, 'lr': 0, 'params': 202600, 'time_iter': 0.01708, 'accuracy': 0.52814, 'f1': 0.42596, 'auc': 0.54373}
test: {'epoch': 12, 'time_epoch': 0.07051, 'loss': 0.73856613, 'lr': 0, 'params': 202600, 'time_iter': 0.01763, 'accuracy': 0.52853, 'f1': 0.42629, 'auc': 0.54868}
> Epoch 12: took 1.5s (avg 1.5s) | Best so far: epoch 12	train_loss: 0.8514 train_accuracy: 0.5095	val_loss: 0.7380 val_accuracy: 0.5281	test_loss: 0.7386 test_accuracy: 0.5285
train: {'epoch': 13, 'time_epoch': 1.12631, 'eta': 1143.05924, 'eta_hours': 0.31752, 'loss': 0.82065309, 'lr': 0.00026, 'params': 202600, 'time_iter': 0.02816, 'accuracy': 0.51394, 'f1': 0.51303, 'auc': 0.51141}
val: {'epoch': 13, 'time_epoch': 0.06851, 'loss': 0.73009655, 'lr': 0, 'params': 202600, 'time_iter': 0.01713, 'accuracy': 0.53039, 'f1': 0.42988, 'auc': 0.56009}
test: {'epoch': 13, 'time_epoch': 0.06851, 'loss': 0.73053345, 'lr': 0, 'params': 202600, 'time_iter': 0.01713, 'accuracy': 0.53119, 'f1': 0.43045, 'auc': 0.56527}
> Epoch 13: took 1.5s (avg 1.5s) | Best so far: epoch 13	train_loss: 0.8207 train_accuracy: 0.5139	val_loss: 0.7301 val_accuracy: 0.5304	test_loss: 0.7305 test_accuracy: 0.5312
train: {'epoch': 14, 'time_epoch': 1.12427, 'eta': 1139.60013, 'eta_hours': 0.31656, 'loss': 0.79619041, 'lr': 0.00028, 'params': 202600, 'time_iter': 0.02811, 'accuracy': 0.51836, 'f1': 0.5173, 'auc': 0.51772}
val: {'epoch': 14, 'time_epoch': 0.06951, 'loss': 0.72352328, 'lr': 0, 'params': 202600, 'time_iter': 0.01738, 'accuracy': 0.5324, 'f1': 0.43233, 'auc': 0.58104}
test: {'epoch': 14, 'time_epoch': 0.07051, 'loss': 0.72390737, 'lr': 0, 'params': 202600, 'time_iter': 0.01763, 'accuracy': 0.53291, 'f1': 0.43221, 'auc': 0.58522}
> Epoch 14: took 1.5s (avg 1.5s) | Best so far: epoch 14	train_loss: 0.7962 train_accuracy: 0.5184	val_loss: 0.7235 val_accuracy: 0.5324	test_loss: 0.7239 test_accuracy: 0.5329
train: {'epoch': 15, 'time_epoch': 1.13173, 'eta': 1136.89213, 'eta_hours': 0.3158, 'loss': 0.77539173, 'lr': 0.0003, 'params': 202600, 'time_iter': 0.02829, 'accuracy': 0.52464, 'f1': 0.52337, 'auc': 0.5264}
val: {'epoch': 15, 'time_epoch': 0.068, 'loss': 0.7093423, 'lr': 0, 'params': 202600, 'time_iter': 0.017, 'accuracy': 0.53871, 'f1': 0.45777, 'auc': 0.59158}
test: {'epoch': 15, 'time_epoch': 0.06851, 'loss': 0.70946783, 'lr': 0, 'params': 202600, 'time_iter': 0.01713, 'accuracy': 0.53815, 'f1': 0.45639, 'auc': 0.5949}
> Epoch 15: took 1.5s (avg 1.5s) | Best so far: epoch 15	train_loss: 0.7754 train_accuracy: 0.5246	val_loss: 0.7093 val_accuracy: 0.5387	test_loss: 0.7095 test_accuracy: 0.5382
train: {'epoch': 16, 'time_epoch': 1.09665, 'eta': 1132.34101, 'eta_hours': 0.31454, 'loss': 0.75937952, 'lr': 0.00032, 'params': 202600, 'time_iter': 0.02742, 'accuracy': 0.53051, 'f1': 0.52903, 'auc': 0.53447}
val: {'epoch': 16, 'time_epoch': 0.0692, 'loss': 0.70620771, 'lr': 0, 'params': 202600, 'time_iter': 0.0173, 'accuracy': 0.54132, 'f1': 0.45922, 'auc': 0.60415}
test: {'epoch': 16, 'time_epoch': 0.06651, 'loss': 0.70602255, 'lr': 0, 'params': 202600, 'time_iter': 0.01663, 'accuracy': 0.54136, 'f1': 0.45896, 'auc': 0.60722}
> Epoch 16: took 1.5s (avg 1.5s) | Best so far: epoch 16	train_loss: 0.7594 train_accuracy: 0.5305	val_loss: 0.7062 val_accuracy: 0.5413	test_loss: 0.7060 test_accuracy: 0.5414
train: {'epoch': 17, 'time_epoch': 1.09215, 'eta': 1127.92788, 'eta_hours': 0.31331, 'loss': 0.74579186, 'lr': 0.00034, 'params': 202600, 'time_iter': 0.0273, 'accuracy': 0.53842, 'f1': 0.53661, 'auc': 0.54442}
val: {'epoch': 17, 'time_epoch': 0.06851, 'loss': 0.69628115, 'lr': 0, 'params': 202600, 'time_iter': 0.01713, 'accuracy': 0.5502, 'f1': 0.48382, 'auc': 0.61309}
test: {'epoch': 17, 'time_epoch': 0.06802, 'loss': 0.69591121, 'lr': 0, 'params': 202600, 'time_iter': 0.017, 'accuracy': 0.55128, 'f1': 0.4851, 'auc': 0.61621}
> Epoch 17: took 1.5s (avg 1.5s) | Best so far: epoch 17	train_loss: 0.7458 train_accuracy: 0.5384	val_loss: 0.6963 val_accuracy: 0.5502	test_loss: 0.6959 test_accuracy: 0.5513
train: {'epoch': 18, 'time_epoch': 1.07742, 'eta': 1123.10388, 'eta_hours': 0.31197, 'loss': 0.73452247, 'lr': 0.00036, 'params': 202600, 'time_iter': 0.02694, 'accuracy': 0.54629, 'f1': 0.54429, 'auc': 0.55455}
val: {'epoch': 18, 'time_epoch': 0.06851, 'loss': 0.69930974, 'lr': 0, 'params': 202600, 'time_iter': 0.01713, 'accuracy': 0.54804, 'f1': 0.47096, 'auc': 0.61926}
test: {'epoch': 18, 'time_epoch': 0.06951, 'loss': 0.69886684, 'lr': 0, 'params': 202600, 'time_iter': 0.01738, 'accuracy': 0.54806, 'f1': 0.47117, 'auc': 0.6224}
> Epoch 18: took 1.4s (avg 1.5s) | Best so far: epoch 17	train_loss: 0.7458 train_accuracy: 0.5384	val_loss: 0.6963 val_accuracy: 0.5502	test_loss: 0.6959 test_accuracy: 0.5513
train: {'epoch': 19, 'time_epoch': 1.12439, 'eta': 1120.95604, 'eta_hours': 0.31138, 'loss': 0.72420401, 'lr': 0.00038, 'params': 202600, 'time_iter': 0.02811, 'accuracy': 0.55493, 'f1': 0.55281, 'auc': 0.56641}
val: {'epoch': 19, 'time_epoch': 0.06751, 'loss': 0.693838, 'lr': 0, 'params': 202600, 'time_iter': 0.01688, 'accuracy': 0.55133, 'f1': 0.48029, 'auc': 0.62653}
test: {'epoch': 19, 'time_epoch': 0.06651, 'loss': 0.69325874, 'lr': 0, 'params': 202600, 'time_iter': 0.01663, 'accuracy': 0.55193, 'f1': 0.48097, 'auc': 0.62879}
> Epoch 19: took 1.5s (avg 1.5s) | Best so far: epoch 19	train_loss: 0.7242 train_accuracy: 0.5549	val_loss: 0.6938 val_accuracy: 0.5513	test_loss: 0.6933 test_accuracy: 0.5519
train: {'epoch': 20, 'time_epoch': 1.17254, 'eta': 1121.15062, 'eta_hours': 0.31143, 'loss': 0.71661409, 'lr': 0.0004, 'params': 202600, 'time_iter': 0.02931, 'accuracy': 0.56225, 'f1': 0.55987, 'auc': 0.57648}
val: {'epoch': 20, 'time_epoch': 0.07818, 'loss': 0.68216504, 'lr': 0, 'params': 202600, 'time_iter': 0.01954, 'accuracy': 0.56645, 'f1': 0.52052, 'auc': 0.63423}
test: {'epoch': 20, 'time_epoch': 0.07551, 'loss': 0.6813109, 'lr': 0, 'params': 202600, 'time_iter': 0.01888, 'accuracy': 0.56698, 'f1': 0.52259, 'auc': 0.63695}
> Epoch 20: took 1.6s (avg 1.5s) | Best so far: epoch 20	train_loss: 0.7166 train_accuracy: 0.5623	val_loss: 0.6822 val_accuracy: 0.5665	test_loss: 0.6813 test_accuracy: 0.5670
train: {'epoch': 21, 'time_epoch': 1.17164, 'eta': 1121.18097, 'eta_hours': 0.31144, 'loss': 0.7081553, 'lr': 0.00042, 'params': 202600, 'time_iter': 0.02929, 'accuracy': 0.57114, 'f1': 0.56873, 'auc': 0.5884}
val: {'epoch': 21, 'time_epoch': 0.069, 'loss': 0.68036936, 'lr': 0, 'params': 202600, 'time_iter': 0.01725, 'accuracy': 0.56751, 'f1': 0.52169, 'auc': 0.64073}
test: {'epoch': 21, 'time_epoch': 0.068, 'loss': 0.67918853, 'lr': 0, 'params': 202600, 'time_iter': 0.017, 'accuracy': 0.56904, 'f1': 0.52496, 'auc': 0.64429}
> Epoch 21: took 1.5s (avg 1.5s) | Best so far: epoch 21	train_loss: 0.7082 train_accuracy: 0.5711	val_loss: 0.6804 val_accuracy: 0.5675	test_loss: 0.6792 test_accuracy: 0.5690
train: {'epoch': 22, 'time_epoch': 1.10276, 'eta': 1118.18084, 'eta_hours': 0.31061, 'loss': 0.69968486, 'lr': 0.00044, 'params': 202600, 'time_iter': 0.02757, 'accuracy': 0.58235, 'f1': 0.57992, 'auc': 0.60461}
val: {'epoch': 22, 'time_epoch': 0.06901, 'loss': 0.6737511, 'lr': 0, 'params': 202600, 'time_iter': 0.01725, 'accuracy': 0.57911, 'f1': 0.53366, 'auc': 0.65705}
test: {'epoch': 22, 'time_epoch': 0.069, 'loss': 0.67212324, 'lr': 0, 'params': 202600, 'time_iter': 0.01725, 'accuracy': 0.58029, 'f1': 0.53653, 'auc': 0.66099}
> Epoch 22: took 1.5s (avg 1.5s) | Best so far: epoch 22	train_loss: 0.6997 train_accuracy: 0.5824	val_loss: 0.6738 val_accuracy: 0.5791	test_loss: 0.6721 test_accuracy: 0.5803
train: {'epoch': 23, 'time_epoch': 1.0934, 'eta': 1114.95801, 'eta_hours': 0.30971, 'loss': 0.68632439, 'lr': 0.00046, 'params': 202600, 'time_iter': 0.02733, 'accuracy': 0.603, 'f1': 0.60097, 'auc': 0.63317}
val: {'epoch': 23, 'time_epoch': 0.06851, 'loss': 0.65175104, 'lr': 0, 'params': 202600, 'time_iter': 0.01713, 'accuracy': 0.62449, 'f1': 0.5936, 'auc': 0.7072}
test: {'epoch': 23, 'time_epoch': 0.06751, 'loss': 0.65031322, 'lr': 0, 'params': 202600, 'time_iter': 0.01688, 'accuracy': 0.62542, 'f1': 0.59475, 'auc': 0.70935}
> Epoch 23: took 1.5s (avg 1.5s) | Best so far: epoch 23	train_loss: 0.6863 train_accuracy: 0.6030	val_loss: 0.6518 val_accuracy: 0.6245	test_loss: 0.6503 test_accuracy: 0.6254
train: {'epoch': 24, 'time_epoch': 1.10081, 'eta': 1112.19445, 'eta_hours': 0.30894, 'loss': 0.66102973, 'lr': 0.00048, 'params': 202600, 'time_iter': 0.02752, 'accuracy': 0.63602, 'f1': 0.63514, 'auc': 0.6821}
val: {'epoch': 24, 'time_epoch': 0.06838, 'loss': 0.61579872, 'lr': 0, 'params': 202600, 'time_iter': 0.01709, 'accuracy': 0.67949, 'f1': 0.65874, 'auc': 0.76054}
test: {'epoch': 24, 'time_epoch': 0.06851, 'loss': 0.61264355, 'lr': 0, 'params': 202600, 'time_iter': 0.01713, 'accuracy': 0.67864, 'f1': 0.6584, 'auc': 0.76284}
> Epoch 24: took 1.5s (avg 1.5s) | Best so far: epoch 24	train_loss: 0.6610 train_accuracy: 0.6360	val_loss: 0.6158 val_accuracy: 0.6795	test_loss: 0.6126 test_accuracy: 0.6786
train: {'epoch': 25, 'time_epoch': 1.15469, 'eta': 1111.57737, 'eta_hours': 0.30877, 'loss': 0.63504675, 'lr': 0.0005, 'params': 202600, 'time_iter': 0.02887, 'accuracy': 0.66363, 'f1': 0.66308, 'auc': 0.72093}
val: {'epoch': 25, 'time_epoch': 0.069, 'loss': 0.59917651, 'lr': 0, 'params': 202600, 'time_iter': 0.01725, 'accuracy': 0.70338, 'f1': 0.68737, 'auc': 0.77825}
test: {'epoch': 25, 'time_epoch': 0.07273, 'loss': 0.5955562, 'lr': 0, 'params': 202600, 'time_iter': 0.01818, 'accuracy': 0.70376, 'f1': 0.68829, 'auc': 0.78097}
> Epoch 25: took 1.5s (avg 1.5s) | Best so far: epoch 25	train_loss: 0.6350 train_accuracy: 0.6636	val_loss: 0.5992 val_accuracy: 0.7034	test_loss: 0.5956 test_accuracy: 0.7038
train: {'epoch': 26, 'time_epoch': 1.07057, 'eta': 1107.88907, 'eta_hours': 0.30775, 'loss': 0.61374422, 'lr': 0.00052, 'params': 202600, 'time_iter': 0.02676, 'accuracy': 0.68481, 'f1': 0.68394, 'auc': 0.7468}
val: {'epoch': 26, 'time_epoch': 0.06851, 'loss': 0.57334384, 'lr': 0, 'params': 202600, 'time_iter': 0.01713, 'accuracy': 0.72246, 'f1': 0.70768, 'auc': 0.80087}
test: {'epoch': 26, 'time_epoch': 0.06651, 'loss': 0.57140236, 'lr': 0, 'params': 202600, 'time_iter': 0.01663, 'accuracy': 0.72269, 'f1': 0.7081, 'auc': 0.80216}
> Epoch 26: took 1.4s (avg 1.5s) | Best so far: epoch 26	train_loss: 0.6137 train_accuracy: 0.6848	val_loss: 0.5733 val_accuracy: 0.7225	test_loss: 0.5714 test_accuracy: 0.7227
train: {'epoch': 27, 'time_epoch': 1.08344, 'eta': 1104.83449, 'eta_hours': 0.3069, 'loss': 0.58744732, 'lr': 0.00054, 'params': 202600, 'time_iter': 0.02709, 'accuracy': 0.71279, 'f1': 0.71066, 'auc': 0.77491}
val: {'epoch': 27, 'time_epoch': 0.069, 'loss': 0.53514608, 'lr': 0, 'params': 202600, 'time_iter': 0.01725, 'accuracy': 0.75744, 'f1': 0.74502, 'auc': 0.83179}
test: {'epoch': 27, 'time_epoch': 0.06651, 'loss': 0.53314936, 'lr': 0, 'params': 202600, 'time_iter': 0.01663, 'accuracy': 0.75669, 'f1': 0.74424, 'auc': 0.83362}
> Epoch 27: took 1.5s (avg 1.5s) | Best so far: epoch 27	train_loss: 0.5874 train_accuracy: 0.7128	val_loss: 0.5351 val_accuracy: 0.7574	test_loss: 0.5331 test_accuracy: 0.7567
train: {'epoch': 28, 'time_epoch': 1.06407, 'eta': 1101.26734, 'eta_hours': 0.30591, 'loss': 0.55697062, 'lr': 0.00056, 'params': 202600, 'time_iter': 0.0266, 'accuracy': 0.74654, 'f1': 0.74296, 'auc': 0.8051}
val: {'epoch': 28, 'time_epoch': 0.06851, 'loss': 0.49582009, 'lr': 0, 'params': 202600, 'time_iter': 0.01713, 'accuracy': 0.78719, 'f1': 0.77815, 'auc': 0.86407}
test: {'epoch': 28, 'time_epoch': 0.06751, 'loss': 0.49338251, 'lr': 0, 'params': 202600, 'time_iter': 0.01688, 'accuracy': 0.78743, 'f1': 0.77845, 'auc': 0.86621}
> Epoch 28: took 1.4s (avg 1.5s) | Best so far: epoch 28	train_loss: 0.5570 train_accuracy: 0.7465	val_loss: 0.4958 val_accuracy: 0.7872	test_loss: 0.4934 test_accuracy: 0.7874
train: {'epoch': 29, 'time_epoch': 1.18628, 'eta': 1101.81839, 'eta_hours': 0.30606, 'loss': 0.5259551, 'lr': 0.00058, 'params': 202600, 'time_iter': 0.02966, 'accuracy': 0.77437, 'f1': 0.77075, 'auc': 0.8314}
val: {'epoch': 29, 'time_epoch': 0.07151, 'loss': 0.46047789, 'lr': 0, 'params': 202600, 'time_iter': 0.01788, 'accuracy': 0.81374, 'f1': 0.80773, 'auc': 0.88475}
test: {'epoch': 29, 'time_epoch': 0.06852, 'loss': 0.45843739, 'lr': 0, 'params': 202600, 'time_iter': 0.01713, 'accuracy': 0.81493, 'f1': 0.80908, 'auc': 0.88537}
> Epoch 29: took 1.6s (avg 1.5s) | Best so far: epoch 29	train_loss: 0.5260 train_accuracy: 0.7744	val_loss: 0.4605 val_accuracy: 0.8137	test_loss: 0.4584 test_accuracy: 0.8149
train: {'epoch': 30, 'time_epoch': 1.07674, 'eta': 1098.83357, 'eta_hours': 0.30523, 'loss': 0.49613603, 'lr': 0.0006, 'params': 202600, 'time_iter': 0.02692, 'accuracy': 0.7985, 'f1': 0.79531, 'auc': 0.85282}
val: {'epoch': 30, 'time_epoch': 0.068, 'loss': 0.44216337, 'lr': 0, 'params': 202600, 'time_iter': 0.017, 'accuracy': 0.82149, 'f1': 0.81589, 'auc': 0.89608}
test: {'epoch': 30, 'time_epoch': 0.0675, 'loss': 0.44092316, 'lr': 0, 'params': 202600, 'time_iter': 0.01688, 'accuracy': 0.82155, 'f1': 0.81589, 'auc': 0.89597}
> Epoch 30: took 1.4s (avg 1.5s) | Best so far: epoch 30	train_loss: 0.4961 train_accuracy: 0.7985	val_loss: 0.4422 val_accuracy: 0.8215	test_loss: 0.4409 test_accuracy: 0.8216
train: {'epoch': 31, 'time_epoch': 1.07078, 'eta': 1095.78746, 'eta_hours': 0.30439, 'loss': 0.46559613, 'lr': 0.00062, 'params': 202600, 'time_iter': 0.02677, 'accuracy': 0.82001, 'f1': 0.81732, 'auc': 0.87237}
val: {'epoch': 31, 'time_epoch': 0.07151, 'loss': 0.41114618, 'lr': 0, 'params': 202600, 'time_iter': 0.01788, 'accuracy': 0.83524, 'f1': 0.83086, 'auc': 0.91333}
test: {'epoch': 31, 'time_epoch': 0.06751, 'loss': 0.41106409, 'lr': 0, 'params': 202600, 'time_iter': 0.01688, 'accuracy': 0.83441, 'f1': 0.82994, 'auc': 0.91269}
> Epoch 31: took 1.4s (avg 1.5s) | Best so far: epoch 31	train_loss: 0.4656 train_accuracy: 0.8200	val_loss: 0.4111 val_accuracy: 0.8352	test_loss: 0.4111 test_accuracy: 0.8344
train: {'epoch': 32, 'time_epoch': 1.11456, 'eta': 1094.14406, 'eta_hours': 0.30393, 'loss': 0.44053536, 'lr': 0.00064, 'params': 202600, 'time_iter': 0.02786, 'accuracy': 0.83487, 'f1': 0.83247, 'auc': 0.886}
val: {'epoch': 32, 'time_epoch': 0.0695, 'loss': 0.39622654, 'lr': 0, 'params': 202600, 'time_iter': 0.01738, 'accuracy': 0.84388, 'f1': 0.84014, 'auc': 0.91993}
test: {'epoch': 32, 'time_epoch': 0.06651, 'loss': 0.39632086, 'lr': 0, 'params': 202600, 'time_iter': 0.01663, 'accuracy': 0.84331, 'f1': 0.83952, 'auc': 0.91927}
> Epoch 32: took 1.5s (avg 1.5s) | Best so far: epoch 32	train_loss: 0.4405 train_accuracy: 0.8349	val_loss: 0.3962 val_accuracy: 0.8439	test_loss: 0.3963 test_accuracy: 0.8433
train: {'epoch': 33, 'time_epoch': 1.11411, 'eta': 1092.51904, 'eta_hours': 0.30348, 'loss': 0.42239045, 'lr': 0.00066, 'params': 202600, 'time_iter': 0.02785, 'accuracy': 0.84463, 'f1': 0.84244, 'auc': 0.89475}
val: {'epoch': 33, 'time_epoch': 0.07051, 'loss': 0.37638163, 'lr': 0, 'params': 202600, 'time_iter': 0.01763, 'accuracy': 0.85989, 'f1': 0.85733, 'auc': 0.92463}
test: {'epoch': 33, 'time_epoch': 0.0685, 'loss': 0.37502964, 'lr': 0, 'params': 202600, 'time_iter': 0.01713, 'accuracy': 0.85891, 'f1': 0.85632, 'auc': 0.92468}
> Epoch 33: took 1.5s (avg 1.5s) | Best so far: epoch 33	train_loss: 0.4224 train_accuracy: 0.8446	val_loss: 0.3764 val_accuracy: 0.8599	test_loss: 0.3750 test_accuracy: 0.8589
train: {'epoch': 34, 'time_epoch': 1.07789, 'eta': 1089.9245, 'eta_hours': 0.30276, 'loss': 0.40556941, 'lr': 0.00068, 'params': 202600, 'time_iter': 0.02695, 'accuracy': 0.8535, 'f1': 0.85157, 'auc': 0.90204}
val: {'epoch': 34, 'time_epoch': 0.068, 'loss': 0.3611454, 'lr': 0, 'params': 202600, 'time_iter': 0.017, 'accuracy': 0.86221, 'f1': 0.85969, 'auc': 0.93077}
test: {'epoch': 34, 'time_epoch': 0.07051, 'loss': 0.35964004, 'lr': 0, 'params': 202600, 'time_iter': 0.01763, 'accuracy': 0.86131, 'f1': 0.85874, 'auc': 0.93112}
> Epoch 34: took 1.4s (avg 1.5s) | Best so far: epoch 34	train_loss: 0.4056 train_accuracy: 0.8535	val_loss: 0.3611 val_accuracy: 0.8622	test_loss: 0.3596 test_accuracy: 0.8613
train: {'epoch': 35, 'time_epoch': 1.06878, 'eta': 1087.17037, 'eta_hours': 0.30199, 'loss': 0.39101203, 'lr': 0.0007, 'params': 202600, 'time_iter': 0.02672, 'accuracy': 0.86012, 'f1': 0.85837, 'auc': 0.90832}
val: {'epoch': 35, 'time_epoch': 0.06887, 'loss': 0.36346792, 'lr': 0, 'params': 202600, 'time_iter': 0.01722, 'accuracy': 0.86108, 'f1': 0.85858, 'auc': 0.92737}
test: {'epoch': 35, 'time_epoch': 0.06751, 'loss': 0.36184556, 'lr': 0, 'params': 202600, 'time_iter': 0.01688, 'accuracy': 0.86133, 'f1': 0.85886, 'auc': 0.92764}
> Epoch 35: took 1.4s (avg 1.5s) | Best so far: epoch 34	train_loss: 0.4056 train_accuracy: 0.8535	val_loss: 0.3611 val_accuracy: 0.8622	test_loss: 0.3596 test_accuracy: 0.8613
train: {'epoch': 36, 'time_epoch': 1.05918, 'eta': 1084.25729, 'eta_hours': 0.30118, 'loss': 0.37944121, 'lr': 0.00072, 'params': 202600, 'time_iter': 0.02648, 'accuracy': 0.86535, 'f1': 0.86375, 'auc': 0.91272}
val: {'epoch': 36, 'time_epoch': 0.0675, 'loss': 0.34532435, 'lr': 0, 'params': 202600, 'time_iter': 0.01688, 'accuracy': 0.8705, 'f1': 0.8684, 'auc': 0.93543}
test: {'epoch': 36, 'time_epoch': 0.06751, 'loss': 0.34350709, 'lr': 0, 'params': 202600, 'time_iter': 0.01688, 'accuracy': 0.87075, 'f1': 0.86867, 'auc': 0.93612}
> Epoch 36: took 1.4s (avg 1.5s) | Best so far: epoch 36	train_loss: 0.3794 train_accuracy: 0.8653	val_loss: 0.3453 val_accuracy: 0.8705	test_loss: 0.3435 test_accuracy: 0.8708
train: {'epoch': 37, 'time_epoch': 1.06858, 'eta': 1081.6798, 'eta_hours': 0.30047, 'loss': 0.3678681, 'lr': 0.00074, 'params': 202600, 'time_iter': 0.02671, 'accuracy': 0.87124, 'f1': 0.86981, 'auc': 0.91757}
val: {'epoch': 37, 'time_epoch': 0.06752, 'loss': 0.33644576, 'lr': 0, 'params': 202600, 'time_iter': 0.01688, 'accuracy': 0.88241, 'f1': 0.88096, 'auc': 0.93642}
test: {'epoch': 37, 'time_epoch': 0.069, 'loss': 0.33477325, 'lr': 0, 'params': 202600, 'time_iter': 0.01725, 'accuracy': 0.88189, 'f1': 0.88044, 'auc': 0.93697}
> Epoch 37: took 1.4s (avg 1.5s) | Best so far: epoch 37	train_loss: 0.3679 train_accuracy: 0.8712	val_loss: 0.3364 val_accuracy: 0.8824	test_loss: 0.3348 test_accuracy: 0.8819
train: {'epoch': 38, 'time_epoch': 1.08876, 'eta': 1079.67691, 'eta_hours': 0.29991, 'loss': 0.35762717, 'lr': 0.00076, 'params': 202600, 'time_iter': 0.02722, 'accuracy': 0.87658, 'f1': 0.87532, 'auc': 0.92132}
val: {'epoch': 38, 'time_epoch': 0.06931, 'loss': 0.32337335, 'lr': 0, 'params': 202600, 'time_iter': 0.01733, 'accuracy': 0.88205, 'f1': 0.8805, 'auc': 0.94037}
test: {'epoch': 38, 'time_epoch': 0.06751, 'loss': 0.32171932, 'lr': 0, 'params': 202600, 'time_iter': 0.01688, 'accuracy': 0.88213, 'f1': 0.8806, 'auc': 0.94091}
> Epoch 38: took 1.5s (avg 1.5s) | Best so far: epoch 37	train_loss: 0.3679 train_accuracy: 0.8712	val_loss: 0.3364 val_accuracy: 0.8824	test_loss: 0.3348 test_accuracy: 0.8819
train: {'epoch': 39, 'time_epoch': 1.10221, 'eta': 1078.04267, 'eta_hours': 0.29946, 'loss': 0.34802402, 'lr': 0.00078, 'params': 202600, 'time_iter': 0.02756, 'accuracy': 0.88131, 'f1': 0.88017, 'auc': 0.92487}
val: {'epoch': 39, 'time_epoch': 0.17752, 'loss': 0.31200809, 'lr': 0, 'params': 202600, 'time_iter': 0.04438, 'accuracy': 0.89002, 'f1': 0.88875, 'auc': 0.94364}
test: {'epoch': 39, 'time_epoch': 0.06751, 'loss': 0.31044953, 'lr': 0, 'params': 202600, 'time_iter': 0.01688, 'accuracy': 0.89, 'f1': 0.88874, 'auc': 0.94421}
> Epoch 39: took 1.6s (avg 1.5s) | Best so far: epoch 39	train_loss: 0.3480 train_accuracy: 0.8813	val_loss: 0.3120 val_accuracy: 0.8900	test_loss: 0.3104 test_accuracy: 0.8900
train: {'epoch': 40, 'time_epoch': 1.13972, 'eta': 1077.31169, 'eta_hours': 0.29925, 'loss': 0.33997339, 'lr': 0.0008, 'params': 202600, 'time_iter': 0.02849, 'accuracy': 0.88506, 'f1': 0.88403, 'auc': 0.92744}
val: {'epoch': 40, 'time_epoch': 0.069, 'loss': 0.30640221, 'lr': 0, 'params': 202600, 'time_iter': 0.01725, 'accuracy': 0.89193, 'f1': 0.89079, 'auc': 0.94531}
test: {'epoch': 40, 'time_epoch': 0.0675, 'loss': 0.30458322, 'lr': 0, 'params': 202600, 'time_iter': 0.01688, 'accuracy': 0.89279, 'f1': 0.89168, 'auc': 0.94594}
> Epoch 40: took 1.5s (avg 1.5s) | Best so far: epoch 40	train_loss: 0.3400 train_accuracy: 0.8851	val_loss: 0.3064 val_accuracy: 0.8919	test_loss: 0.3046 test_accuracy: 0.8928
train: {'epoch': 41, 'time_epoch': 1.10618, 'eta': 1075.79616, 'eta_hours': 0.29883, 'loss': 0.33199061, 'lr': 0.00082, 'params': 202600, 'time_iter': 0.02765, 'accuracy': 0.8891, 'f1': 0.88817, 'auc': 0.93012}
val: {'epoch': 41, 'time_epoch': 0.06851, 'loss': 0.30186646, 'lr': 0, 'params': 202600, 'time_iter': 0.01713, 'accuracy': 0.89602, 'f1': 0.895, 'auc': 0.94503}
test: {'epoch': 41, 'time_epoch': 0.06851, 'loss': 0.29942252, 'lr': 0, 'params': 202600, 'time_iter': 0.01713, 'accuracy': 0.89726, 'f1': 0.89628, 'auc': 0.94624}
> Epoch 41: took 1.5s (avg 1.5s) | Best so far: epoch 41	train_loss: 0.3320 train_accuracy: 0.8891	val_loss: 0.3019 val_accuracy: 0.8960	test_loss: 0.2994 test_accuracy: 0.8973
train: {'epoch': 42, 'time_epoch': 1.08931, 'eta': 1073.92429, 'eta_hours': 0.29831, 'loss': 0.32446241, 'lr': 0.00084, 'params': 202600, 'time_iter': 0.02723, 'accuracy': 0.89272, 'f1': 0.89188, 'auc': 0.93245}
val: {'epoch': 42, 'time_epoch': 0.06851, 'loss': 0.29505566, 'lr': 0, 'params': 202600, 'time_iter': 0.01713, 'accuracy': 0.90199, 'f1': 0.90117, 'auc': 0.94664}
test: {'epoch': 42, 'time_epoch': 0.06751, 'loss': 0.29224677, 'lr': 0, 'params': 202600, 'time_iter': 0.01688, 'accuracy': 0.90244, 'f1': 0.90164, 'auc': 0.94813}
> Epoch 42: took 1.5s (avg 1.5s) | Best so far: epoch 42	train_loss: 0.3245 train_accuracy: 0.8927	val_loss: 0.2951 val_accuracy: 0.9020	test_loss: 0.2922 test_accuracy: 0.9024
train: {'epoch': 43, 'time_epoch': 1.09876, 'eta': 1072.29327, 'eta_hours': 0.29786, 'loss': 0.31810464, 'lr': 0.00086, 'params': 202600, 'time_iter': 0.02747, 'accuracy': 0.89532, 'f1': 0.89454, 'auc': 0.93437}
val: {'epoch': 43, 'time_epoch': 0.069, 'loss': 0.28580242, 'lr': 0, 'params': 202600, 'time_iter': 0.01725, 'accuracy': 0.90258, 'f1': 0.90172, 'auc': 0.94903}
test: {'epoch': 43, 'time_epoch': 0.067, 'loss': 0.2830321, 'lr': 0, 'params': 202600, 'time_iter': 0.01675, 'accuracy': 0.90258, 'f1': 0.90173, 'auc': 0.9505}
> Epoch 43: took 1.5s (avg 1.5s) | Best so far: epoch 43	train_loss: 0.3181 train_accuracy: 0.8953	val_loss: 0.2858 val_accuracy: 0.9026	test_loss: 0.2830 test_accuracy: 0.9026
train: {'epoch': 44, 'time_epoch': 1.09115, 'eta': 1070.5245, 'eta_hours': 0.29737, 'loss': 0.31136144, 'lr': 0.00088, 'params': 202600, 'time_iter': 0.02728, 'accuracy': 0.89827, 'f1': 0.89755, 'auc': 0.93647}
val: {'epoch': 44, 'time_epoch': 0.06851, 'loss': 0.28087041, 'lr': 0, 'params': 202600, 'time_iter': 0.01713, 'accuracy': 0.90448, 'f1': 0.90367, 'auc': 0.94975}
test: {'epoch': 44, 'time_epoch': 0.06616, 'loss': 0.27769847, 'lr': 0, 'params': 202600, 'time_iter': 0.01654, 'accuracy': 0.90583, 'f1': 0.90506, 'auc': 0.95123}
> Epoch 44: took 1.5s (avg 1.5s) | Best so far: epoch 44	train_loss: 0.3114 train_accuracy: 0.8983	val_loss: 0.2809 val_accuracy: 0.9045	test_loss: 0.2777 test_accuracy: 0.9058
train: {'epoch': 45, 'time_epoch': 1.10809, 'eta': 1069.13655, 'eta_hours': 0.29698, 'loss': 0.30445618, 'lr': 0.0009, 'params': 202600, 'time_iter': 0.0277, 'accuracy': 0.90209, 'f1': 0.90145, 'auc': 0.93851}
val: {'epoch': 45, 'time_epoch': 0.07007, 'loss': 0.2762935, 'lr': 0, 'params': 202600, 'time_iter': 0.01752, 'accuracy': 0.90707, 'f1': 0.9063, 'auc': 0.95146}
test: {'epoch': 45, 'time_epoch': 0.06724, 'loss': 0.27217689, 'lr': 0, 'params': 202600, 'time_iter': 0.01681, 'accuracy': 0.90785, 'f1': 0.90711, 'auc': 0.95346}
> Epoch 45: took 1.5s (avg 1.5s) | Best so far: epoch 45	train_loss: 0.3045 train_accuracy: 0.9021	val_loss: 0.2763 val_accuracy: 0.9071	test_loss: 0.2722 test_accuracy: 0.9079
train: {'epoch': 46, 'time_epoch': 1.11025, 'eta': 1067.80429, 'eta_hours': 0.29661, 'loss': 0.29961081, 'lr': 0.00092, 'params': 202600, 'time_iter': 0.02776, 'accuracy': 0.90426, 'f1': 0.90365, 'auc': 0.93976}
val: {'epoch': 46, 'time_epoch': 0.06951, 'loss': 0.27359975, 'lr': 0, 'params': 202600, 'time_iter': 0.01738, 'accuracy': 0.90816, 'f1': 0.90742, 'auc': 0.95115}
test: {'epoch': 46, 'time_epoch': 0.06851, 'loss': 0.27050225, 'lr': 0, 'params': 202600, 'time_iter': 0.01713, 'accuracy': 0.90807, 'f1': 0.90732, 'auc': 0.95264}
> Epoch 46: took 1.5s (avg 1.5s) | Best so far: epoch 46	train_loss: 0.2996 train_accuracy: 0.9043	val_loss: 0.2736 val_accuracy: 0.9082	test_loss: 0.2705 test_accuracy: 0.9081
train: {'epoch': 47, 'time_epoch': 1.10527, 'eta': 1066.38236, 'eta_hours': 0.29622, 'loss': 0.29355648, 'lr': 0.00094, 'params': 202600, 'time_iter': 0.02763, 'accuracy': 0.90697, 'f1': 0.9064, 'auc': 0.94167}
val: {'epoch': 47, 'time_epoch': 0.06851, 'loss': 0.26773284, 'lr': 0, 'params': 202600, 'time_iter': 0.01713, 'accuracy': 0.91226, 'f1': 0.91163, 'auc': 0.95259}
test: {'epoch': 47, 'time_epoch': 0.0685, 'loss': 0.26446245, 'lr': 0, 'params': 202600, 'time_iter': 0.01713, 'accuracy': 0.91223, 'f1': 0.9116, 'auc': 0.9541}
> Epoch 47: took 1.5s (avg 1.5s) | Best so far: epoch 47	train_loss: 0.2936 train_accuracy: 0.9070	val_loss: 0.2677 val_accuracy: 0.9123	test_loss: 0.2645 test_accuracy: 0.9122
train: {'epoch': 48, 'time_epoch': 1.12008, 'eta': 1065.26092, 'eta_hours': 0.29591, 'loss': 0.28939141, 'lr': 0.00096, 'params': 202600, 'time_iter': 0.028, 'accuracy': 0.90901, 'f1': 0.90848, 'auc': 0.94268}
val: {'epoch': 48, 'time_epoch': 0.06751, 'loss': 0.2681837, 'lr': 0, 'params': 202600, 'time_iter': 0.01688, 'accuracy': 0.9101, 'f1': 0.90939, 'auc': 0.95203}
test: {'epoch': 48, 'time_epoch': 0.06852, 'loss': 0.26366901, 'lr': 0, 'params': 202600, 'time_iter': 0.01713, 'accuracy': 0.91097, 'f1': 0.91029, 'auc': 0.95414}
> Epoch 48: took 1.5s (avg 1.5s) | Best so far: epoch 47	train_loss: 0.2936 train_accuracy: 0.9070	val_loss: 0.2677 val_accuracy: 0.9123	test_loss: 0.2645 test_accuracy: 0.9122
train: {'epoch': 49, 'time_epoch': 1.08365, 'eta': 1063.44734, 'eta_hours': 0.2954, 'loss': 0.28530425, 'lr': 0.00098, 'params': 202600, 'time_iter': 0.02709, 'accuracy': 0.91087, 'f1': 0.91037, 'auc': 0.94388}
val: {'epoch': 49, 'time_epoch': 0.06868, 'loss': 0.26068141, 'lr': 0, 'params': 202600, 'time_iter': 0.01717, 'accuracy': 0.91392, 'f1': 0.91332, 'auc': 0.95332}
test: {'epoch': 49, 'time_epoch': 0.0665, 'loss': 0.25696585, 'lr': 0, 'params': 202600, 'time_iter': 0.01663, 'accuracy': 0.91384, 'f1': 0.91324, 'auc': 0.95524}
> Epoch 49: took 1.4s (avg 1.5s) | Best so far: epoch 49	train_loss: 0.2853 train_accuracy: 0.9109	val_loss: 0.2607 val_accuracy: 0.9139	test_loss: 0.2570 test_accuracy: 0.9138
train: {'epoch': 50, 'time_epoch': 1.20509, 'eta': 1063.92209, 'eta_hours': 0.29553, 'loss': 0.28117147, 'lr': 0.001, 'params': 202600, 'time_iter': 0.03013, 'accuracy': 0.91267, 'f1': 0.9122, 'auc': 0.94471}
val: {'epoch': 50, 'time_epoch': 0.06901, 'loss': 0.25836847, 'lr': 0, 'params': 202600, 'time_iter': 0.01725, 'accuracy': 0.91789, 'f1': 0.91738, 'auc': 0.95513}
test: {'epoch': 50, 'time_epoch': 0.0675, 'loss': 0.25559062, 'lr': 0, 'params': 202600, 'time_iter': 0.01688, 'accuracy': 0.91902, 'f1': 0.91853, 'auc': 0.9565}
> Epoch 50: took 1.6s (avg 1.5s) | Best so far: epoch 50	train_loss: 0.2812 train_accuracy: 0.9127	val_loss: 0.2584 val_accuracy: 0.9179	test_loss: 0.2556 test_accuracy: 0.9190
train: {'epoch': 51, 'time_epoch': 1.10271, 'eta': 1062.46576, 'eta_hours': 0.29513, 'loss': 0.27661424, 'lr': 0.00099895, 'params': 202600, 'time_iter': 0.02757, 'accuracy': 0.91487, 'f1': 0.91443, 'auc': 0.94628}
val: {'epoch': 51, 'time_epoch': 0.06751, 'loss': 0.25567639, 'lr': 0, 'params': 202600, 'time_iter': 0.01688, 'accuracy': 0.91926, 'f1': 0.91881, 'auc': 0.95439}
test: {'epoch': 51, 'time_epoch': 0.06951, 'loss': 0.25240186, 'lr': 0, 'params': 202600, 'time_iter': 0.01738, 'accuracy': 0.9202, 'f1': 0.91977, 'auc': 0.95599}
> Epoch 51: took 1.5s (avg 1.5s) | Best so far: epoch 51	train_loss: 0.2766 train_accuracy: 0.9149	val_loss: 0.2557 val_accuracy: 0.9193	test_loss: 0.2524 test_accuracy: 0.9202
train: {'epoch': 52, 'time_epoch': 1.09236, 'eta': 1060.83792, 'eta_hours': 0.29468, 'loss': 0.27245314, 'lr': 0.00099789, 'params': 202600, 'time_iter': 0.02731, 'accuracy': 0.91703, 'f1': 0.91662, 'auc': 0.94737}
val: {'epoch': 52, 'time_epoch': 0.06951, 'loss': 0.24793602, 'lr': 0, 'params': 202600, 'time_iter': 0.01738, 'accuracy': 0.92448, 'f1': 0.92408, 'auc': 0.95609}
test: {'epoch': 52, 'time_epoch': 0.06851, 'loss': 0.24442924, 'lr': 0, 'params': 202600, 'time_iter': 0.01713, 'accuracy': 0.92458, 'f1': 0.92419, 'auc': 0.95771}
> Epoch 52: took 1.5s (avg 1.5s) | Best so far: epoch 52	train_loss: 0.2725 train_accuracy: 0.9170	val_loss: 0.2479 val_accuracy: 0.9245	test_loss: 0.2444 test_accuracy: 0.9246
train: {'epoch': 53, 'time_epoch': 1.07584, 'eta': 1058.94041, 'eta_hours': 0.29415, 'loss': 0.26809367, 'lr': 0.00099684, 'params': 202600, 'time_iter': 0.0269, 'accuracy': 0.91891, 'f1': 0.91852, 'auc': 0.94845}
val: {'epoch': 53, 'time_epoch': 0.068, 'loss': 0.24350266, 'lr': 0, 'params': 202600, 'time_iter': 0.017, 'accuracy': 0.92556, 'f1': 0.92517, 'auc': 0.95664}
test: {'epoch': 53, 'time_epoch': 0.0665, 'loss': 0.24000843, 'lr': 0, 'params': 202600, 'time_iter': 0.01663, 'accuracy': 0.92611, 'f1': 0.92573, 'auc': 0.95802}
> Epoch 53: took 1.4s (avg 1.5s) | Best so far: epoch 53	train_loss: 0.2681 train_accuracy: 0.9189	val_loss: 0.2435 val_accuracy: 0.9256	test_loss: 0.2400 test_accuracy: 0.9261
train: {'epoch': 54, 'time_epoch': 1.06095, 'eta': 1056.81693, 'eta_hours': 0.29356, 'loss': 0.26380982, 'lr': 0.00099579, 'params': 202600, 'time_iter': 0.02652, 'accuracy': 0.92071, 'f1': 0.92034, 'auc': 0.94961}
val: {'epoch': 54, 'time_epoch': 0.06802, 'loss': 0.24382719, 'lr': 0, 'params': 202600, 'time_iter': 0.017, 'accuracy': 0.92737, 'f1': 0.92702, 'auc': 0.9562}
test: {'epoch': 54, 'time_epoch': 0.06751, 'loss': 0.24002532, 'lr': 0, 'params': 202600, 'time_iter': 0.01688, 'accuracy': 0.92799, 'f1': 0.92765, 'auc': 0.95797}
> Epoch 54: took 1.4s (avg 1.5s) | Best so far: epoch 54	train_loss: 0.2638 train_accuracy: 0.9207	val_loss: 0.2438 val_accuracy: 0.9274	test_loss: 0.2400 test_accuracy: 0.9280
train: {'epoch': 55, 'time_epoch': 1.06046, 'eta': 1054.7232, 'eta_hours': 0.29298, 'loss': 0.26204875, 'lr': 0.00099474, 'params': 202600, 'time_iter': 0.02651, 'accuracy': 0.92197, 'f1': 0.92163, 'auc': 0.94995}
val: {'epoch': 55, 'time_epoch': 0.06851, 'loss': 0.24180182, 'lr': 0, 'params': 202600, 'time_iter': 0.01713, 'accuracy': 0.92535, 'f1': 0.92494, 'auc': 0.95696}
test: {'epoch': 55, 'time_epoch': 0.06851, 'loss': 0.23776064, 'lr': 0, 'params': 202600, 'time_iter': 0.01713, 'accuracy': 0.92579, 'f1': 0.92541, 'auc': 0.95849}
> Epoch 55: took 1.4s (avg 1.5s) | Best so far: epoch 54	train_loss: 0.2638 train_accuracy: 0.9207	val_loss: 0.2438 val_accuracy: 0.9274	test_loss: 0.2400 test_accuracy: 0.9280
train: {'epoch': 56, 'time_epoch': 1.06818, 'eta': 1052.79346, 'eta_hours': 0.29244, 'loss': 0.25937552, 'lr': 0.00099368, 'params': 202600, 'time_iter': 0.0267, 'accuracy': 0.92301, 'f1': 0.92268, 'auc': 0.95062}
val: {'epoch': 56, 'time_epoch': 0.071, 'loss': 0.23949917, 'lr': 0, 'params': 202600, 'time_iter': 0.01775, 'accuracy': 0.92722, 'f1': 0.92687, 'auc': 0.95745}
test: {'epoch': 56, 'time_epoch': 0.067, 'loss': 0.23583345, 'lr': 0, 'params': 202600, 'time_iter': 0.01675, 'accuracy': 0.92843, 'f1': 0.9281, 'auc': 0.95914}
> Epoch 56: took 1.4s (avg 1.5s) | Best so far: epoch 54	train_loss: 0.2638 train_accuracy: 0.9207	val_loss: 0.2438 val_accuracy: 0.9274	test_loss: 0.2400 test_accuracy: 0.9280
train: {'epoch': 57, 'time_epoch': 1.07068, 'eta': 1050.93401, 'eta_hours': 0.29193, 'loss': 0.25527976, 'lr': 0.00099263, 'params': 202600, 'time_iter': 0.02677, 'accuracy': 0.92507, 'f1': 0.92477, 'auc': 0.9517}
val: {'epoch': 57, 'time_epoch': 0.06751, 'loss': 0.23289022, 'lr': 0, 'params': 202600, 'time_iter': 0.01688, 'accuracy': 0.92909, 'f1': 0.92875, 'auc': 0.95877}
test: {'epoch': 57, 'time_epoch': 0.0675, 'loss': 0.22882418, 'lr': 0, 'params': 202600, 'time_iter': 0.01688, 'accuracy': 0.93037, 'f1': 0.93005, 'auc': 0.96032}
> Epoch 57: took 1.4s (avg 1.5s) | Best so far: epoch 57	train_loss: 0.2553 train_accuracy: 0.9251	val_loss: 0.2329 val_accuracy: 0.9291	test_loss: 0.2288 test_accuracy: 0.9304
train: {'epoch': 58, 'time_epoch': 1.08376, 'eta': 1049.30986, 'eta_hours': 0.29147, 'loss': 0.25212491, 'lr': 0.00099158, 'params': 202600, 'time_iter': 0.02709, 'accuracy': 0.92665, 'f1': 0.92636, 'auc': 0.95248}
val: {'epoch': 58, 'time_epoch': 0.06802, 'loss': 0.23785705, 'lr': 0, 'params': 202600, 'time_iter': 0.017, 'accuracy': 0.93647, 'f1': 0.93626, 'auc': 0.95712}
test: {'epoch': 58, 'time_epoch': 0.066, 'loss': 0.23417379, 'lr': 0, 'params': 202600, 'time_iter': 0.0165, 'accuracy': 0.9365, 'f1': 0.9363, 'auc': 0.95865}
> Epoch 58: took 1.5s (avg 1.5s) | Best so far: epoch 58	train_loss: 0.2521 train_accuracy: 0.9266	val_loss: 0.2379 val_accuracy: 0.9365	test_loss: 0.2342 test_accuracy: 0.9365
train: {'epoch': 59, 'time_epoch': 1.07317, 'eta': 1047.53784, 'eta_hours': 0.29098, 'loss': 0.24999798, 'lr': 0.00099053, 'params': 202600, 'time_iter': 0.02683, 'accuracy': 0.92788, 'f1': 0.9276, 'auc': 0.95306}
val: {'epoch': 59, 'time_epoch': 0.06751, 'loss': 0.2299252, 'lr': 0, 'params': 202600, 'time_iter': 0.01688, 'accuracy': 0.93321, 'f1': 0.93292, 'auc': 0.9582}
test: {'epoch': 59, 'time_epoch': 0.06751, 'loss': 0.22565881, 'lr': 0, 'params': 202600, 'time_iter': 0.01688, 'accuracy': 0.93418, 'f1': 0.93392, 'auc': 0.95972}
> Epoch 59: took 1.4s (avg 1.5s) | Best so far: epoch 58	train_loss: 0.2521 train_accuracy: 0.9266	val_loss: 0.2379 val_accuracy: 0.9365	test_loss: 0.2342 test_accuracy: 0.9365
train: {'epoch': 60, 'time_epoch': 1.07074, 'eta': 1045.75135, 'eta_hours': 0.29049, 'loss': 0.24604732, 'lr': 0.00098947, 'params': 202600, 'time_iter': 0.02677, 'accuracy': 0.93019, 'f1': 0.92994, 'auc': 0.95395}
val: {'epoch': 60, 'time_epoch': 0.07, 'loss': 0.22900603, 'lr': 0, 'params': 202600, 'time_iter': 0.0175, 'accuracy': 0.93554, 'f1': 0.9353, 'auc': 0.959}
test: {'epoch': 60, 'time_epoch': 0.06757, 'loss': 0.22444929, 'lr': 0, 'params': 202600, 'time_iter': 0.01689, 'accuracy': 0.93745, 'f1': 0.93723, 'auc': 0.96056}
> Epoch 60: took 1.4s (avg 1.5s) | Best so far: epoch 58	train_loss: 0.2521 train_accuracy: 0.9266	val_loss: 0.2379 val_accuracy: 0.9365	test_loss: 0.2342 test_accuracy: 0.9365
train: {'epoch': 61, 'time_epoch': 1.06208, 'eta': 1043.85697, 'eta_hours': 0.28996, 'loss': 0.24373886, 'lr': 0.00098842, 'params': 202600, 'time_iter': 0.02655, 'accuracy': 0.93153, 'f1': 0.9313, 'auc': 0.95463}
val: {'epoch': 61, 'time_epoch': 0.06851, 'loss': 0.22584906, 'lr': 0, 'params': 202600, 'time_iter': 0.01713, 'accuracy': 0.93598, 'f1': 0.93574, 'auc': 0.95961}
test: {'epoch': 61, 'time_epoch': 0.06752, 'loss': 0.22151709, 'lr': 0, 'params': 202600, 'time_iter': 0.01688, 'accuracy': 0.93655, 'f1': 0.93633, 'auc': 0.96111}
> Epoch 61: took 1.4s (avg 1.5s) | Best so far: epoch 58	train_loss: 0.2521 train_accuracy: 0.9266	val_loss: 0.2379 val_accuracy: 0.9365	test_loss: 0.2342 test_accuracy: 0.9365
train: {'epoch': 62, 'time_epoch': 1.07918, 'eta': 1042.24333, 'eta_hours': 0.28951, 'loss': 0.24076033, 'lr': 0.00098737, 'params': 202600, 'time_iter': 0.02698, 'accuracy': 0.9334, 'f1': 0.93318, 'auc': 0.95533}
val: {'epoch': 62, 'time_epoch': 0.06851, 'loss': 0.22638004, 'lr': 0, 'params': 202600, 'time_iter': 0.01713, 'accuracy': 0.93317, 'f1': 0.93288, 'auc': 0.9587}
test: {'epoch': 62, 'time_epoch': 0.06751, 'loss': 0.22154086, 'lr': 0, 'params': 202600, 'time_iter': 0.01688, 'accuracy': 0.93388, 'f1': 0.93361, 'auc': 0.96049}
> Epoch 62: took 1.4s (avg 1.5s) | Best so far: epoch 58	train_loss: 0.2521 train_accuracy: 0.9266	val_loss: 0.2379 val_accuracy: 0.9365	test_loss: 0.2342 test_accuracy: 0.9365
train: {'epoch': 63, 'time_epoch': 1.0876, 'eta': 1040.76954, 'eta_hours': 0.2891, 'loss': 0.23803725, 'lr': 0.00098632, 'params': 202600, 'time_iter': 0.02719, 'accuracy': 0.93456, 'f1': 0.93436, 'auc': 0.95591}
val: {'epoch': 63, 'time_epoch': 0.07051, 'loss': 0.22402912, 'lr': 0, 'params': 202600, 'time_iter': 0.01763, 'accuracy': 0.93981, 'f1': 0.93963, 'auc': 0.95851}
test: {'epoch': 63, 'time_epoch': 0.06751, 'loss': 0.22044372, 'lr': 0, 'params': 202600, 'time_iter': 0.01688, 'accuracy': 0.94123, 'f1': 0.94107, 'auc': 0.95981}
> Epoch 63: took 1.5s (avg 1.5s) | Best so far: epoch 63	train_loss: 0.2380 train_accuracy: 0.9346	val_loss: 0.2240 val_accuracy: 0.9398	test_loss: 0.2204 test_accuracy: 0.9412
train: {'epoch': 64, 'time_epoch': 1.14508, 'eta': 1040.13442, 'eta_hours': 0.28893, 'loss': 0.23559196, 'lr': 0.00098526, 'params': 202600, 'time_iter': 0.02863, 'accuracy': 0.93659, 'f1': 0.9364, 'auc': 0.95648}
val: {'epoch': 64, 'time_epoch': 0.0685, 'loss': 0.22030249, 'lr': 0, 'params': 202600, 'time_iter': 0.01713, 'accuracy': 0.93918, 'f1': 0.93898, 'auc': 0.95995}
test: {'epoch': 64, 'time_epoch': 0.06802, 'loss': 0.21634995, 'lr': 0, 'params': 202600, 'time_iter': 0.017, 'accuracy': 0.94028, 'f1': 0.9401, 'auc': 0.96123}
> Epoch 64: took 1.5s (avg 1.5s) | Best so far: epoch 63	train_loss: 0.2380 train_accuracy: 0.9346	val_loss: 0.2240 val_accuracy: 0.9398	test_loss: 0.2204 test_accuracy: 0.9412
train: {'epoch': 65, 'time_epoch': 1.10177, 'eta': 1038.87095, 'eta_hours': 0.28858, 'loss': 0.23258216, 'lr': 0.00098421, 'params': 202600, 'time_iter': 0.02754, 'accuracy': 0.93812, 'f1': 0.93795, 'auc': 0.95701}
val: {'epoch': 65, 'time_epoch': 0.06751, 'loss': 0.21834754, 'lr': 0, 'params': 202600, 'time_iter': 0.01688, 'accuracy': 0.94115, 'f1': 0.94097, 'auc': 0.9603}
test: {'epoch': 65, 'time_epoch': 0.06851, 'loss': 0.21441527, 'lr': 0, 'params': 202600, 'time_iter': 0.01713, 'accuracy': 0.9428, 'f1': 0.94264, 'auc': 0.96153}
> Epoch 65: took 1.5s (avg 1.5s) | Best so far: epoch 65	train_loss: 0.2326 train_accuracy: 0.9381	val_loss: 0.2183 val_accuracy: 0.9412	test_loss: 0.2144 test_accuracy: 0.9428
train: {'epoch': 66, 'time_epoch': 1.09938, 'eta': 1037.57902, 'eta_hours': 0.28822, 'loss': 0.22971675, 'lr': 0.00098316, 'params': 202600, 'time_iter': 0.02748, 'accuracy': 0.93977, 'f1': 0.93961, 'auc': 0.95774}
val: {'epoch': 66, 'time_epoch': 0.068, 'loss': 0.21672438, 'lr': 0, 'params': 202600, 'time_iter': 0.017, 'accuracy': 0.93715, 'f1': 0.93691, 'auc': 0.96075}
test: {'epoch': 66, 'time_epoch': 0.068, 'loss': 0.21249584, 'lr': 0, 'params': 202600, 'time_iter': 0.017, 'accuracy': 0.93872, 'f1': 0.9385, 'auc': 0.96192}
> Epoch 66: took 1.5s (avg 1.5s) | Best so far: epoch 65	train_loss: 0.2326 train_accuracy: 0.9381	val_loss: 0.2183 val_accuracy: 0.9412	test_loss: 0.2144 test_accuracy: 0.9428
train: {'epoch': 67, 'time_epoch': 1.10333, 'eta': 1036.34688, 'eta_hours': 0.28787, 'loss': 0.22747179, 'lr': 0.00098211, 'params': 202600, 'time_iter': 0.02758, 'accuracy': 0.94107, 'f1': 0.94092, 'auc': 0.95821}
val: {'epoch': 67, 'time_epoch': 0.06801, 'loss': 0.21573106, 'lr': 0, 'params': 202600, 'time_iter': 0.017, 'accuracy': 0.93999, 'f1': 0.93979, 'auc': 0.96108}
test: {'epoch': 67, 'time_epoch': 0.06691, 'loss': 0.21189724, 'lr': 0, 'params': 202600, 'time_iter': 0.01673, 'accuracy': 0.94204, 'f1': 0.94186, 'auc': 0.96222}
> Epoch 67: took 1.5s (avg 1.5s) | Best so far: epoch 65	train_loss: 0.2326 train_accuracy: 0.9381	val_loss: 0.2183 val_accuracy: 0.9412	test_loss: 0.2144 test_accuracy: 0.9428
train: {'epoch': 68, 'time_epoch': 1.09079, 'eta': 1034.94933, 'eta_hours': 0.28749, 'loss': 0.22565011, 'lr': 0.00098105, 'params': 202600, 'time_iter': 0.02727, 'accuracy': 0.94216, 'f1': 0.94201, 'auc': 0.95837}
val: {'epoch': 68, 'time_epoch': 0.06751, 'loss': 0.21362209, 'lr': 0, 'params': 202600, 'time_iter': 0.01688, 'accuracy': 0.94088, 'f1': 0.94068, 'auc': 0.96116}
test: {'epoch': 68, 'time_epoch': 0.06751, 'loss': 0.20929352, 'lr': 0, 'params': 202600, 'time_iter': 0.01688, 'accuracy': 0.94262, 'f1': 0.94244, 'auc': 0.96187}
> Epoch 68: took 1.5s (avg 1.5s) | Best so far: epoch 65	train_loss: 0.2326 train_accuracy: 0.9381	val_loss: 0.2183 val_accuracy: 0.9412	test_loss: 0.2144 test_accuracy: 0.9428
train: {'epoch': 69, 'time_epoch': 1.09809, 'eta': 1033.65748, 'eta_hours': 0.28713, 'loss': 0.22293208, 'lr': 0.00098, 'params': 202600, 'time_iter': 0.02745, 'accuracy': 0.94353, 'f1': 0.94339, 'auc': 0.95882}
val: {'epoch': 69, 'time_epoch': 0.068, 'loss': 0.21315022, 'lr': 0, 'params': 202600, 'time_iter': 0.017, 'accuracy': 0.94567, 'f1': 0.94556, 'auc': 0.96178}
test: {'epoch': 69, 'time_epoch': 0.067, 'loss': 0.20942121, 'lr': 0, 'params': 202600, 'time_iter': 0.01675, 'accuracy': 0.94639, 'f1': 0.9463, 'auc': 0.96296}
> Epoch 69: took 1.5s (avg 1.5s) | Best so far: epoch 69	train_loss: 0.2229 train_accuracy: 0.9435	val_loss: 0.2132 val_accuracy: 0.9457	test_loss: 0.2094 test_accuracy: 0.9464
train: {'epoch': 70, 'time_epoch': 1.22387, 'eta': 1034.01687, 'eta_hours': 0.28723, 'loss': 0.22107315, 'lr': 0.00097895, 'params': 202600, 'time_iter': 0.0306, 'accuracy': 0.94491, 'f1': 0.94479, 'auc': 0.95913}
val: {'epoch': 70, 'time_epoch': 0.069, 'loss': 0.21269742, 'lr': 0, 'params': 202600, 'time_iter': 0.01725, 'accuracy': 0.94184, 'f1': 0.94167, 'auc': 0.96165}
test: {'epoch': 70, 'time_epoch': 0.068, 'loss': 0.20823898, 'lr': 0, 'params': 202600, 'time_iter': 0.017, 'accuracy': 0.94288, 'f1': 0.94272, 'auc': 0.96275}
> Epoch 70: took 1.6s (avg 1.5s) | Best so far: epoch 69	train_loss: 0.2229 train_accuracy: 0.9435	val_loss: 0.2132 val_accuracy: 0.9457	test_loss: 0.2094 test_accuracy: 0.9464
train: {'epoch': 71, 'time_epoch': 1.15566, 'eta': 1033.45307, 'eta_hours': 0.28707, 'loss': 0.21931636, 'lr': 0.0009779, 'params': 202600, 'time_iter': 0.02889, 'accuracy': 0.94573, 'f1': 0.94561, 'auc': 0.95938}
val: {'epoch': 71, 'time_epoch': 0.06851, 'loss': 0.21086726, 'lr': 0, 'params': 202600, 'time_iter': 0.01713, 'accuracy': 0.94964, 'f1': 0.94956, 'auc': 0.96063}
test: {'epoch': 71, 'time_epoch': 0.06751, 'loss': 0.20679673, 'lr': 0, 'params': 202600, 'time_iter': 0.01688, 'accuracy': 0.95151, 'f1': 0.95144, 'auc': 0.96187}
> Epoch 71: took 1.5s (avg 1.5s) | Best so far: epoch 71	train_loss: 0.2193 train_accuracy: 0.9457	val_loss: 0.2109 val_accuracy: 0.9496	test_loss: 0.2068 test_accuracy: 0.9515
train: {'epoch': 72, 'time_epoch': 1.1145, 'eta': 1032.35037, 'eta_hours': 0.28676, 'loss': 0.21828058, 'lr': 0.00097684, 'params': 202600, 'time_iter': 0.02786, 'accuracy': 0.94674, 'f1': 0.94662, 'auc': 0.95933}
val: {'epoch': 72, 'time_epoch': 0.06751, 'loss': 0.21010704, 'lr': 0, 'params': 202600, 'time_iter': 0.01688, 'accuracy': 0.94592, 'f1': 0.94578, 'auc': 0.96085}
test: {'epoch': 72, 'time_epoch': 0.06751, 'loss': 0.20591499, 'lr': 0, 'params': 202600, 'time_iter': 0.01688, 'accuracy': 0.94797, 'f1': 0.94785, 'auc': 0.96217}
> Epoch 72: took 1.5s (avg 1.5s) | Best so far: epoch 71	train_loss: 0.2193 train_accuracy: 0.9457	val_loss: 0.2109 val_accuracy: 0.9496	test_loss: 0.2068 test_accuracy: 0.9515
train: {'epoch': 73, 'time_epoch': 1.17084, 'eta': 1031.95246, 'eta_hours': 0.28665, 'loss': 0.21603506, 'lr': 0.00097579, 'params': 202600, 'time_iter': 0.02927, 'accuracy': 0.94786, 'f1': 0.94775, 'auc': 0.9597}
val: {'epoch': 73, 'time_epoch': 0.0692, 'loss': 0.20806656, 'lr': 0, 'params': 202600, 'time_iter': 0.0173, 'accuracy': 0.94675, 'f1': 0.94662, 'auc': 0.96205}
test: {'epoch': 73, 'time_epoch': 0.07051, 'loss': 0.20401187, 'lr': 0, 'params': 202600, 'time_iter': 0.01763, 'accuracy': 0.94823, 'f1': 0.94812, 'auc': 0.96288}
> Epoch 73: took 1.6s (avg 1.5s) | Best so far: epoch 71	train_loss: 0.2193 train_accuracy: 0.9457	val_loss: 0.2109 val_accuracy: 0.9496	test_loss: 0.2068 test_accuracy: 0.9515
train: {'epoch': 74, 'time_epoch': 1.11672, 'eta': 1030.86638, 'eta_hours': 0.28635, 'loss': 0.21437887, 'lr': 0.00097474, 'params': 202600, 'time_iter': 0.02792, 'accuracy': 0.94872, 'f1': 0.94862, 'auc': 0.95986}
val: {'epoch': 74, 'time_epoch': 0.06851, 'loss': 0.20652612, 'lr': 0, 'params': 202600, 'time_iter': 0.01713, 'accuracy': 0.94941, 'f1': 0.9493, 'auc': 0.96093}
test: {'epoch': 74, 'time_epoch': 0.06751, 'loss': 0.20214118, 'lr': 0, 'params': 202600, 'time_iter': 0.01688, 'accuracy': 0.95137, 'f1': 0.95127, 'auc': 0.96212}
> Epoch 74: took 1.5s (avg 1.5s) | Best so far: epoch 71	train_loss: 0.2193 train_accuracy: 0.9457	val_loss: 0.2109 val_accuracy: 0.9496	test_loss: 0.2068 test_accuracy: 0.9515
train: {'epoch': 75, 'time_epoch': 1.1058, 'eta': 1029.64672, 'eta_hours': 0.28601, 'loss': 0.21216212, 'lr': 0.00097369, 'params': 202600, 'time_iter': 0.02764, 'accuracy': 0.95009, 'f1': 0.94999, 'auc': 0.96017}
val: {'epoch': 75, 'time_epoch': 0.06551, 'loss': 0.20714874, 'lr': 0, 'params': 202600, 'time_iter': 0.01638, 'accuracy': 0.94843, 'f1': 0.94832, 'auc': 0.96018}
test: {'epoch': 75, 'time_epoch': 0.06751, 'loss': 0.20296533, 'lr': 0, 'params': 202600, 'time_iter': 0.01688, 'accuracy': 0.95047, 'f1': 0.95037, 'auc': 0.96131}
> Epoch 75: took 1.5s (avg 1.5s) | Best so far: epoch 71	train_loss: 0.2193 train_accuracy: 0.9457	val_loss: 0.2109 val_accuracy: 0.9496	test_loss: 0.2068 test_accuracy: 0.9515
train: {'epoch': 76, 'time_epoch': 1.10319, 'eta': 1028.39874, 'eta_hours': 0.28567, 'loss': 0.21163217, 'lr': 0.00097263, 'params': 202600, 'time_iter': 0.02758, 'accuracy': 0.95045, 'f1': 0.95035, 'auc': 0.96013}
val: {'epoch': 76, 'time_epoch': 0.06851, 'loss': 0.20675443, 'lr': 0, 'params': 202600, 'time_iter': 0.01713, 'accuracy': 0.94926, 'f1': 0.94918, 'auc': 0.96157}
test: {'epoch': 76, 'time_epoch': 0.06801, 'loss': 0.20240706, 'lr': 0, 'params': 202600, 'time_iter': 0.017, 'accuracy': 0.95129, 'f1': 0.95122, 'auc': 0.96271}
> Epoch 76: took 1.5s (avg 1.5s) | Best so far: epoch 71	train_loss: 0.2193 train_accuracy: 0.9457	val_loss: 0.2109 val_accuracy: 0.9496	test_loss: 0.2068 test_accuracy: 0.9515
train: {'epoch': 77, 'time_epoch': 1.1031, 'eta': 1027.15344, 'eta_hours': 0.28532, 'loss': 0.20997078, 'lr': 0.00097158, 'params': 202600, 'time_iter': 0.02758, 'accuracy': 0.95139, 'f1': 0.9513, 'auc': 0.96038}
val: {'epoch': 77, 'time_epoch': 0.071, 'loss': 0.20512721, 'lr': 0, 'params': 202600, 'time_iter': 0.01775, 'accuracy': 0.95083, 'f1': 0.95074, 'auc': 0.96118}
test: {'epoch': 77, 'time_epoch': 0.06751, 'loss': 0.20089036, 'lr': 0, 'params': 202600, 'time_iter': 0.01688, 'accuracy': 0.95205, 'f1': 0.95197, 'auc': 0.96232}
> Epoch 77: took 1.5s (avg 1.5s) | Best so far: epoch 77	train_loss: 0.2100 train_accuracy: 0.9514	val_loss: 0.2051 val_accuracy: 0.9508	test_loss: 0.2009 test_accuracy: 0.9520
train: {'epoch': 78, 'time_epoch': 1.07733, 'eta': 1025.61131, 'eta_hours': 0.28489, 'loss': 0.20888555, 'lr': 0.00097053, 'params': 202600, 'time_iter': 0.02693, 'accuracy': 0.95211, 'f1': 0.95202, 'auc': 0.96038}
val: {'epoch': 78, 'time_epoch': 0.07151, 'loss': 0.20533293, 'lr': 0, 'params': 202600, 'time_iter': 0.01788, 'accuracy': 0.94812, 'f1': 0.94799, 'auc': 0.96019}
test: {'epoch': 78, 'time_epoch': 0.06851, 'loss': 0.20083512, 'lr': 0, 'params': 202600, 'time_iter': 0.01713, 'accuracy': 0.94917, 'f1': 0.94905, 'auc': 0.96133}
> Epoch 78: took 1.5s (avg 1.5s) | Best so far: epoch 77	train_loss: 0.2100 train_accuracy: 0.9514	val_loss: 0.2051 val_accuracy: 0.9508	test_loss: 0.2009 test_accuracy: 0.9520
train: {'epoch': 79, 'time_epoch': 1.08078, 'eta': 1024.12041, 'eta_hours': 0.28448, 'loss': 0.20748317, 'lr': 0.00096948, 'params': 202600, 'time_iter': 0.02702, 'accuracy': 0.95283, 'f1': 0.95275, 'auc': 0.96057}
val: {'epoch': 79, 'time_epoch': 0.069, 'loss': 0.20476017, 'lr': 0, 'params': 202600, 'time_iter': 0.01725, 'accuracy': 0.95185, 'f1': 0.95176, 'auc': 0.96133}
test: {'epoch': 79, 'time_epoch': 0.06635, 'loss': 0.20069654, 'lr': 0, 'params': 202600, 'time_iter': 0.01659, 'accuracy': 0.95313, 'f1': 0.95304, 'auc': 0.96235}
> Epoch 79: took 1.5s (avg 1.5s) | Best so far: epoch 79	train_loss: 0.2075 train_accuracy: 0.9528	val_loss: 0.2048 val_accuracy: 0.9518	test_loss: 0.2007 test_accuracy: 0.9531
train: {'epoch': 80, 'time_epoch': 1.07897, 'eta': 1022.61922, 'eta_hours': 0.28406, 'loss': 0.20618532, 'lr': 0.00096842, 'params': 202600, 'time_iter': 0.02697, 'accuracy': 0.95382, 'f1': 0.95374, 'auc': 0.96071}
val: {'epoch': 80, 'time_epoch': 0.0685, 'loss': 0.20498069, 'lr': 0, 'params': 202600, 'time_iter': 0.01713, 'accuracy': 0.94953, 'f1': 0.94942, 'auc': 0.96016}
test: {'epoch': 80, 'time_epoch': 0.06751, 'loss': 0.20057556, 'lr': 0, 'params': 202600, 'time_iter': 0.01688, 'accuracy': 0.95084, 'f1': 0.95074, 'auc': 0.96134}
> Epoch 80: took 1.5s (avg 1.5s) | Best so far: epoch 79	train_loss: 0.2075 train_accuracy: 0.9528	val_loss: 0.2048 val_accuracy: 0.9518	test_loss: 0.2007 test_accuracy: 0.9531
train: {'epoch': 81, 'time_epoch': 1.06383, 'eta': 1020.95881, 'eta_hours': 0.2836, 'loss': 0.20514273, 'lr': 0.00096737, 'params': 202600, 'time_iter': 0.0266, 'accuracy': 0.95435, 'f1': 0.95427, 'auc': 0.9607}
val: {'epoch': 81, 'time_epoch': 0.068, 'loss': 0.20417417, 'lr': 0, 'params': 202600, 'time_iter': 0.017, 'accuracy': 0.94967, 'f1': 0.94959, 'auc': 0.96077}
test: {'epoch': 81, 'time_epoch': 0.067, 'loss': 0.19988055, 'lr': 0, 'params': 202600, 'time_iter': 0.01675, 'accuracy': 0.95001, 'f1': 0.94994, 'auc': 0.96178}
> Epoch 81: took 1.4s (avg 1.5s) | Best so far: epoch 79	train_loss: 0.2075 train_accuracy: 0.9528	val_loss: 0.2048 val_accuracy: 0.9518	test_loss: 0.2007 test_accuracy: 0.9531
train: {'epoch': 82, 'time_epoch': 1.09848, 'eta': 1019.69552, 'eta_hours': 0.28325, 'loss': 0.20389553, 'lr': 0.00096632, 'params': 202600, 'time_iter': 0.02746, 'accuracy': 0.95522, 'f1': 0.95515, 'auc': 0.96097}
val: {'epoch': 82, 'time_epoch': 0.0675, 'loss': 0.20074236, 'lr': 0, 'params': 202600, 'time_iter': 0.01688, 'accuracy': 0.95194, 'f1': 0.95184, 'auc': 0.96062}
test: {'epoch': 82, 'time_epoch': 0.0665, 'loss': 0.19675135, 'lr': 0, 'params': 202600, 'time_iter': 0.01663, 'accuracy': 0.95233, 'f1': 0.95223, 'auc': 0.96154}
> Epoch 82: took 1.5s (avg 1.5s) | Best so far: epoch 82	train_loss: 0.2039 train_accuracy: 0.9552	val_loss: 0.2007 val_accuracy: 0.9519	test_loss: 0.1968 test_accuracy: 0.9523
train: {'epoch': 83, 'time_epoch': 1.08153, 'eta': 1018.25134, 'eta_hours': 0.28285, 'loss': 0.20232291, 'lr': 0.00096527, 'params': 202600, 'time_iter': 0.02704, 'accuracy': 0.95622, 'f1': 0.95615, 'auc': 0.96097}
val: {'epoch': 83, 'time_epoch': 0.06851, 'loss': 0.20297927, 'lr': 0, 'params': 202600, 'time_iter': 0.01713, 'accuracy': 0.94997, 'f1': 0.94989, 'auc': 0.96088}
test: {'epoch': 83, 'time_epoch': 0.06851, 'loss': 0.19926353, 'lr': 0, 'params': 202600, 'time_iter': 0.01713, 'accuracy': 0.95007, 'f1': 0.94999, 'auc': 0.96189}
> Epoch 83: took 1.5s (avg 1.5s) | Best so far: epoch 82	train_loss: 0.2039 train_accuracy: 0.9552	val_loss: 0.2007 val_accuracy: 0.9519	test_loss: 0.1968 test_accuracy: 0.9523
train: {'epoch': 84, 'time_epoch': 1.08097, 'eta': 1016.80972, 'eta_hours': 0.28245, 'loss': 0.20186708, 'lr': 0.00096421, 'params': 202600, 'time_iter': 0.02702, 'accuracy': 0.95661, 'f1': 0.95654, 'auc': 0.96099}
val: {'epoch': 84, 'time_epoch': 0.06851, 'loss': 0.19987422, 'lr': 0, 'params': 202600, 'time_iter': 0.01713, 'accuracy': 0.95401, 'f1': 0.95395, 'auc': 0.96178}
test: {'epoch': 84, 'time_epoch': 0.06651, 'loss': 0.19578067, 'lr': 0, 'params': 202600, 'time_iter': 0.01663, 'accuracy': 0.95418, 'f1': 0.95413, 'auc': 0.96288}
> Epoch 84: took 1.4s (avg 1.5s) | Best so far: epoch 84	train_loss: 0.2019 train_accuracy: 0.9566	val_loss: 0.1999 val_accuracy: 0.9540	test_loss: 0.1958 test_accuracy: 0.9542
train: {'epoch': 85, 'time_epoch': 1.07093, 'eta': 1015.26977, 'eta_hours': 0.28202, 'loss': 0.20037851, 'lr': 0.00096316, 'params': 202600, 'time_iter': 0.02677, 'accuracy': 0.95771, 'f1': 0.95764, 'auc': 0.9611}
val: {'epoch': 85, 'time_epoch': 0.06751, 'loss': 0.20119901, 'lr': 0, 'params': 202600, 'time_iter': 0.01688, 'accuracy': 0.95513, 'f1': 0.95507, 'auc': 0.96102}
test: {'epoch': 85, 'time_epoch': 0.066, 'loss': 0.19714992, 'lr': 0, 'params': 202600, 'time_iter': 0.0165, 'accuracy': 0.95645, 'f1': 0.95638, 'auc': 0.96192}
> Epoch 85: took 1.4s (avg 1.5s) | Best so far: epoch 85	train_loss: 0.2004 train_accuracy: 0.9577	val_loss: 0.2012 val_accuracy: 0.9551	test_loss: 0.1971 test_accuracy: 0.9565
train: {'epoch': 86, 'time_epoch': 1.0964, 'eta': 1014.00785, 'eta_hours': 0.28167, 'loss': 0.20045432, 'lr': 0.00096211, 'params': 202600, 'time_iter': 0.02741, 'accuracy': 0.95766, 'f1': 0.9576, 'auc': 0.96098}
val: {'epoch': 86, 'time_epoch': 0.068, 'loss': 0.2011203, 'lr': 0, 'params': 202600, 'time_iter': 0.017, 'accuracy': 0.95502, 'f1': 0.95498, 'auc': 0.96052}
test: {'epoch': 86, 'time_epoch': 0.071, 'loss': 0.19737424, 'lr': 0, 'params': 202600, 'time_iter': 0.01775, 'accuracy': 0.95576, 'f1': 0.95572, 'auc': 0.96144}
> Epoch 86: took 1.5s (avg 1.5s) | Best so far: epoch 85	train_loss: 0.2004 train_accuracy: 0.9577	val_loss: 0.2012 val_accuracy: 0.9551	test_loss: 0.1971 test_accuracy: 0.9565
train: {'epoch': 87, 'time_epoch': 1.09121, 'eta': 1012.69597, 'eta_hours': 0.2813, 'loss': 0.19900074, 'lr': 0.00096106, 'params': 202600, 'time_iter': 0.02728, 'accuracy': 0.95816, 'f1': 0.9581, 'auc': 0.96119}
val: {'epoch': 87, 'time_epoch': 0.06751, 'loss': 0.20046599, 'lr': 0, 'params': 202600, 'time_iter': 0.01688, 'accuracy': 0.95045, 'f1': 0.9504, 'auc': 0.96209}
test: {'epoch': 87, 'time_epoch': 0.06651, 'loss': 0.19614521, 'lr': 0, 'params': 202600, 'time_iter': 0.01663, 'accuracy': 0.95166, 'f1': 0.95161, 'auc': 0.96318}
> Epoch 87: took 1.5s (avg 1.5s) | Best so far: epoch 85	train_loss: 0.2004 train_accuracy: 0.9577	val_loss: 0.2012 val_accuracy: 0.9551	test_loss: 0.1971 test_accuracy: 0.9565
train: {'epoch': 88, 'time_epoch': 1.17663, 'eta': 1012.26336, 'eta_hours': 0.28118, 'loss': 0.19762572, 'lr': 0.00096, 'params': 202600, 'time_iter': 0.02942, 'accuracy': 0.95915, 'f1': 0.95909, 'auc': 0.96135}
val: {'epoch': 88, 'time_epoch': 0.0675, 'loss': 0.19891646, 'lr': 0, 'params': 202600, 'time_iter': 0.01688, 'accuracy': 0.95471, 'f1': 0.95465, 'auc': 0.96046}
test: {'epoch': 88, 'time_epoch': 0.06751, 'loss': 0.19464533, 'lr': 0, 'params': 202600, 'time_iter': 0.01688, 'accuracy': 0.95621, 'f1': 0.95615, 'auc': 0.96131}
> Epoch 88: took 1.5s (avg 1.5s) | Best so far: epoch 85	train_loss: 0.2004 train_accuracy: 0.9577	val_loss: 0.2012 val_accuracy: 0.9551	test_loss: 0.1971 test_accuracy: 0.9565
train: {'epoch': 89, 'time_epoch': 1.10825, 'eta': 1011.12279, 'eta_hours': 0.28087, 'loss': 0.19689699, 'lr': 0.00095895, 'params': 202600, 'time_iter': 0.02771, 'accuracy': 0.95928, 'f1': 0.95923, 'auc': 0.96124}
val: {'epoch': 89, 'time_epoch': 0.06851, 'loss': 0.19633101, 'lr': 0, 'params': 202600, 'time_iter': 0.01713, 'accuracy': 0.95672, 'f1': 0.95665, 'auc': 0.96071}
test: {'epoch': 89, 'time_epoch': 0.07051, 'loss': 0.19188836, 'lr': 0, 'params': 202600, 'time_iter': 0.01763, 'accuracy': 0.9577, 'f1': 0.95764, 'auc': 0.96183}
> Epoch 89: took 1.5s (avg 1.5s) | Best so far: epoch 89	train_loss: 0.1969 train_accuracy: 0.9593	val_loss: 0.1963 val_accuracy: 0.9567	test_loss: 0.1919 test_accuracy: 0.9577
train: {'epoch': 90, 'time_epoch': 1.11402, 'eta': 1010.04063, 'eta_hours': 0.28057, 'loss': 0.19597871, 'lr': 0.0009579, 'params': 202600, 'time_iter': 0.02785, 'accuracy': 0.96005, 'f1': 0.96, 'auc': 0.96139}
val: {'epoch': 90, 'time_epoch': 0.06851, 'loss': 0.19864375, 'lr': 0, 'params': 202600, 'time_iter': 0.01713, 'accuracy': 0.95189, 'f1': 0.95178, 'auc': 0.96106}
test: {'epoch': 90, 'time_epoch': 0.06851, 'loss': 0.19380483, 'lr': 0, 'params': 202600, 'time_iter': 0.01713, 'accuracy': 0.95277, 'f1': 0.95266, 'auc': 0.9621}
> Epoch 90: took 1.5s (avg 1.5s) | Best so far: epoch 89	train_loss: 0.1969 train_accuracy: 0.9593	val_loss: 0.1963 val_accuracy: 0.9567	test_loss: 0.1919 test_accuracy: 0.9577
train: {'epoch': 91, 'time_epoch': 1.10914, 'eta': 1008.90961, 'eta_hours': 0.28025, 'loss': 0.19493015, 'lr': 0.00095685, 'params': 202600, 'time_iter': 0.02773, 'accuracy': 0.96065, 'f1': 0.9606, 'auc': 0.96133}
val: {'epoch': 91, 'time_epoch': 0.06951, 'loss': 0.19652661, 'lr': 0, 'params': 202600, 'time_iter': 0.01738, 'accuracy': 0.95753, 'f1': 0.95748, 'auc': 0.96156}
test: {'epoch': 91, 'time_epoch': 0.06811, 'loss': 0.19222836, 'lr': 0, 'params': 202600, 'time_iter': 0.01703, 'accuracy': 0.9594, 'f1': 0.95936, 'auc': 0.96265}
> Epoch 91: took 1.5s (avg 1.5s) | Best so far: epoch 91	train_loss: 0.1949 train_accuracy: 0.9607	val_loss: 0.1965 val_accuracy: 0.9575	test_loss: 0.1922 test_accuracy: 0.9594
train: {'epoch': 92, 'time_epoch': 1.10479, 'eta': 1007.73657, 'eta_hours': 0.27993, 'loss': 0.19386275, 'lr': 0.00095579, 'params': 202600, 'time_iter': 0.02762, 'accuracy': 0.96104, 'f1': 0.96099, 'auc': 0.9616}
val: {'epoch': 92, 'time_epoch': 0.06851, 'loss': 0.1969935, 'lr': 0, 'params': 202600, 'time_iter': 0.01713, 'accuracy': 0.95583, 'f1': 0.95577, 'auc': 0.96047}
test: {'epoch': 92, 'time_epoch': 0.067, 'loss': 0.19242059, 'lr': 0, 'params': 202600, 'time_iter': 0.01675, 'accuracy': 0.95728, 'f1': 0.95723, 'auc': 0.96153}
> Epoch 92: took 1.5s (avg 1.5s) | Best so far: epoch 91	train_loss: 0.1949 train_accuracy: 0.9607	val_loss: 0.1965 val_accuracy: 0.9575	test_loss: 0.1922 test_accuracy: 0.9594
train: {'epoch': 93, 'time_epoch': 1.11549, 'eta': 1006.66818, 'eta_hours': 0.27963, 'loss': 0.19309473, 'lr': 0.00095474, 'params': 202600, 'time_iter': 0.02789, 'accuracy': 0.96174, 'f1': 0.96169, 'auc': 0.96163}
val: {'epoch': 93, 'time_epoch': 0.068, 'loss': 0.19562097, 'lr': 0, 'params': 202600, 'time_iter': 0.017, 'accuracy': 0.95716, 'f1': 0.9571, 'auc': 0.96064}
test: {'epoch': 93, 'time_epoch': 0.068, 'loss': 0.19100451, 'lr': 0, 'params': 202600, 'time_iter': 0.017, 'accuracy': 0.95879, 'f1': 0.95873, 'auc': 0.96174}
> Epoch 93: took 1.5s (avg 1.5s) | Best so far: epoch 91	train_loss: 0.1949 train_accuracy: 0.9607	val_loss: 0.1965 val_accuracy: 0.9575	test_loss: 0.1922 test_accuracy: 0.9594
train: {'epoch': 94, 'time_epoch': 1.08921, 'eta': 1005.34842, 'eta_hours': 0.27926, 'loss': 0.19236066, 'lr': 0.00095369, 'params': 202600, 'time_iter': 0.02723, 'accuracy': 0.96208, 'f1': 0.96203, 'auc': 0.96156}
val: {'epoch': 94, 'time_epoch': 0.07013, 'loss': 0.19636189, 'lr': 0, 'params': 202600, 'time_iter': 0.01753, 'accuracy': 0.95494, 'f1': 0.95489, 'auc': 0.96172}
test: {'epoch': 94, 'time_epoch': 0.06651, 'loss': 0.1915139, 'lr': 0, 'params': 202600, 'time_iter': 0.01663, 'accuracy': 0.95716, 'f1': 0.95711, 'auc': 0.9628}
> Epoch 94: took 1.5s (avg 1.5s) | Best so far: epoch 91	train_loss: 0.1949 train_accuracy: 0.9607	val_loss: 0.1965 val_accuracy: 0.9575	test_loss: 0.1922 test_accuracy: 0.9594
train: {'epoch': 95, 'time_epoch': 1.0905, 'eta': 1004.04561, 'eta_hours': 0.2789, 'loss': 0.1910722, 'lr': 0.00095264, 'params': 202600, 'time_iter': 0.02726, 'accuracy': 0.96311, 'f1': 0.96306, 'auc': 0.96163}
val: {'epoch': 95, 'time_epoch': 0.06651, 'loss': 0.19521962, 'lr': 0, 'params': 202600, 'time_iter': 0.01663, 'accuracy': 0.95655, 'f1': 0.95647, 'auc': 0.9602}
test: {'epoch': 95, 'time_epoch': 0.06751, 'loss': 0.19006093, 'lr': 0, 'params': 202600, 'time_iter': 0.01688, 'accuracy': 0.95722, 'f1': 0.95715, 'auc': 0.96145}
> Epoch 95: took 1.5s (avg 1.5s) | Best so far: epoch 91	train_loss: 0.1949 train_accuracy: 0.9607	val_loss: 0.1965 val_accuracy: 0.9575	test_loss: 0.1922 test_accuracy: 0.9594
train: {'epoch': 96, 'time_epoch': 1.11477, 'eta': 1002.97312, 'eta_hours': 0.2786, 'loss': 0.1904647, 'lr': 0.00095158, 'params': 202600, 'time_iter': 0.02787, 'accuracy': 0.96358, 'f1': 0.96354, 'auc': 0.96166}
val: {'epoch': 96, 'time_epoch': 0.07151, 'loss': 0.19400783, 'lr': 0, 'params': 202600, 'time_iter': 0.01788, 'accuracy': 0.95782, 'f1': 0.95776, 'auc': 0.96111}
test: {'epoch': 96, 'time_epoch': 0.06878, 'loss': 0.18924017, 'lr': 0, 'params': 202600, 'time_iter': 0.0172, 'accuracy': 0.95933, 'f1': 0.95928, 'auc': 0.96213}
> Epoch 96: took 1.5s (avg 1.5s) | Best so far: epoch 96	train_loss: 0.1905 train_accuracy: 0.9636	val_loss: 0.1940 val_accuracy: 0.9578	test_loss: 0.1892 test_accuracy: 0.9593
train: {'epoch': 97, 'time_epoch': 1.09408, 'eta': 1001.70932, 'eta_hours': 0.27825, 'loss': 0.19026884, 'lr': 0.00095053, 'params': 202600, 'time_iter': 0.02735, 'accuracy': 0.96375, 'f1': 0.96371, 'auc': 0.96174}
val: {'epoch': 97, 'time_epoch': 0.068, 'loss': 0.19474602, 'lr': 0, 'params': 202600, 'time_iter': 0.017, 'accuracy': 0.95794, 'f1': 0.9579, 'auc': 0.96184}
test: {'epoch': 97, 'time_epoch': 0.068, 'loss': 0.19018948, 'lr': 0, 'params': 202600, 'time_iter': 0.017, 'accuracy': 0.9589, 'f1': 0.95886, 'auc': 0.96332}
> Epoch 97: took 1.5s (avg 1.5s) | Best so far: epoch 97	train_loss: 0.1903 train_accuracy: 0.9637	val_loss: 0.1947 val_accuracy: 0.9579	test_loss: 0.1902 test_accuracy: 0.9589
train: {'epoch': 98, 'time_epoch': 1.10639, 'eta': 1000.561, 'eta_hours': 0.27793, 'loss': 0.18925384, 'lr': 0.00094948, 'params': 202600, 'time_iter': 0.02766, 'accuracy': 0.96402, 'f1': 0.96398, 'auc': 0.96185}
val: {'epoch': 98, 'time_epoch': 0.06869, 'loss': 0.19401512, 'lr': 0, 'params': 202600, 'time_iter': 0.01717, 'accuracy': 0.95623, 'f1': 0.95617, 'auc': 0.96228}
test: {'epoch': 98, 'time_epoch': 0.0675, 'loss': 0.18950448, 'lr': 0, 'params': 202600, 'time_iter': 0.01688, 'accuracy': 0.95779, 'f1': 0.95774, 'auc': 0.96344}
> Epoch 98: took 1.5s (avg 1.5s) | Best so far: epoch 97	train_loss: 0.1903 train_accuracy: 0.9637	val_loss: 0.1947 val_accuracy: 0.9579	test_loss: 0.1902 test_accuracy: 0.9589
train: {'epoch': 99, 'time_epoch': 1.10076, 'eta': 999.36288, 'eta_hours': 0.2776, 'loss': 0.188237, 'lr': 0.00094843, 'params': 202600, 'time_iter': 0.02752, 'accuracy': 0.96461, 'f1': 0.96457, 'auc': 0.96178}
val: {'epoch': 99, 'time_epoch': 0.06851, 'loss': 0.19273909, 'lr': 0, 'params': 202600, 'time_iter': 0.01713, 'accuracy': 0.95871, 'f1': 0.95866, 'auc': 0.9614}
test: {'epoch': 99, 'time_epoch': 0.06851, 'loss': 0.18820703, 'lr': 0, 'params': 202600, 'time_iter': 0.01713, 'accuracy': 0.95942, 'f1': 0.95938, 'auc': 0.96241}
> Epoch 99: took 1.5s (avg 1.5s) | Best so far: epoch 99	train_loss: 0.1882 train_accuracy: 0.9646	val_loss: 0.1927 val_accuracy: 0.9587	test_loss: 0.1882 test_accuracy: 0.9594
train: {'epoch': 100, 'time_epoch': 1.08845, 'eta': 998.05703, 'eta_hours': 0.27724, 'loss': 0.18742023, 'lr': 0.00094737, 'params': 202600, 'time_iter': 0.02721, 'accuracy': 0.96494, 'f1': 0.9649, 'auc': 0.96177}
val: {'epoch': 100, 'time_epoch': 0.07101, 'loss': 0.19332983, 'lr': 0, 'params': 202600, 'time_iter': 0.01775, 'accuracy': 0.95908, 'f1': 0.95904, 'auc': 0.96042}
test: {'epoch': 100, 'time_epoch': 0.069, 'loss': 0.18868553, 'lr': 0, 'params': 202600, 'time_iter': 0.01725, 'accuracy': 0.96103, 'f1': 0.961, 'auc': 0.96173}
> Epoch 100: took 1.5s (avg 1.5s) | Best so far: epoch 100	train_loss: 0.1874 train_accuracy: 0.9649	val_loss: 0.1933 val_accuracy: 0.9591	test_loss: 0.1887 test_accuracy: 0.9610
train: {'epoch': 101, 'time_epoch': 1.16203, 'eta': 997.40326, 'eta_hours': 0.27706, 'loss': 0.18714417, 'lr': 0.00094632, 'params': 202600, 'time_iter': 0.02905, 'accuracy': 0.96521, 'f1': 0.96517, 'auc': 0.96177}
val: {'epoch': 101, 'time_epoch': 0.06851, 'loss': 0.19128637, 'lr': 0, 'params': 202600, 'time_iter': 0.01713, 'accuracy': 0.95882, 'f1': 0.95877, 'auc': 0.96214}
test: {'epoch': 101, 'time_epoch': 0.06751, 'loss': 0.18676563, 'lr': 0, 'params': 202600, 'time_iter': 0.01688, 'accuracy': 0.96054, 'f1': 0.9605, 'auc': 0.96329}
> Epoch 101: took 1.5s (avg 1.5s) | Best so far: epoch 100	train_loss: 0.1874 train_accuracy: 0.9649	val_loss: 0.1933 val_accuracy: 0.9591	test_loss: 0.1887 test_accuracy: 0.9610
train: {'epoch': 102, 'time_epoch': 1.09678, 'eta': 996.17143, 'eta_hours': 0.27671, 'loss': 0.1860372, 'lr': 0.00094527, 'params': 202600, 'time_iter': 0.02742, 'accuracy': 0.96567, 'f1': 0.96564, 'auc': 0.9619}
val: {'epoch': 102, 'time_epoch': 0.06751, 'loss': 0.19298454, 'lr': 0, 'params': 202600, 'time_iter': 0.01688, 'accuracy': 0.9577, 'f1': 0.95763, 'auc': 0.96062}
test: {'epoch': 102, 'time_epoch': 0.06751, 'loss': 0.1880333, 'lr': 0, 'params': 202600, 'time_iter': 0.01688, 'accuracy': 0.95856, 'f1': 0.95849, 'auc': 0.96205}
> Epoch 102: took 1.5s (avg 1.5s) | Best so far: epoch 100	train_loss: 0.1874 train_accuracy: 0.9649	val_loss: 0.1933 val_accuracy: 0.9591	test_loss: 0.1887 test_accuracy: 0.9610
train: {'epoch': 103, 'time_epoch': 1.08045, 'eta': 994.80144, 'eta_hours': 0.27633, 'loss': 0.18586479, 'lr': 0.00094422, 'params': 202600, 'time_iter': 0.02701, 'accuracy': 0.96602, 'f1': 0.96598, 'auc': 0.96197}
val: {'epoch': 103, 'time_epoch': 0.0685, 'loss': 0.19180936, 'lr': 0, 'params': 202600, 'time_iter': 0.01713, 'accuracy': 0.95889, 'f1': 0.95882, 'auc': 0.96045}
test: {'epoch': 103, 'time_epoch': 0.06651, 'loss': 0.18735645, 'lr': 0, 'params': 202600, 'time_iter': 0.01663, 'accuracy': 0.9593, 'f1': 0.95924, 'auc': 0.96164}
> Epoch 103: took 1.4s (avg 1.5s) | Best so far: epoch 100	train_loss: 0.1874 train_accuracy: 0.9649	val_loss: 0.1933 val_accuracy: 0.9591	test_loss: 0.1887 test_accuracy: 0.9610
train: {'epoch': 104, 'time_epoch': 1.07593, 'eta': 993.39848, 'eta_hours': 0.27594, 'loss': 0.18525817, 'lr': 0.00094316, 'params': 202600, 'time_iter': 0.0269, 'accuracy': 0.96609, 'f1': 0.96605, 'auc': 0.96191}
val: {'epoch': 104, 'time_epoch': 0.06693, 'loss': 0.19181754, 'lr': 0, 'params': 202600, 'time_iter': 0.01673, 'accuracy': 0.95663, 'f1': 0.9566, 'auc': 0.96193}
test: {'epoch': 104, 'time_epoch': 0.067, 'loss': 0.18727584, 'lr': 0, 'params': 202600, 'time_iter': 0.01675, 'accuracy': 0.95763, 'f1': 0.9576, 'auc': 0.963}
> Epoch 104: took 1.4s (avg 1.5s) | Best so far: epoch 100	train_loss: 0.1874 train_accuracy: 0.9649	val_loss: 0.1933 val_accuracy: 0.9591	test_loss: 0.1887 test_accuracy: 0.9610
train: {'epoch': 105, 'time_epoch': 1.07082, 'eta': 991.9586, 'eta_hours': 0.27554, 'loss': 0.18461802, 'lr': 0.00094211, 'params': 202600, 'time_iter': 0.02677, 'accuracy': 0.9664, 'f1': 0.96636, 'auc': 0.96204}
val: {'epoch': 105, 'time_epoch': 0.0695, 'loss': 0.19064759, 'lr': 0, 'params': 202600, 'time_iter': 0.01738, 'accuracy': 0.96026, 'f1': 0.9602, 'auc': 0.96061}
test: {'epoch': 105, 'time_epoch': 0.06651, 'loss': 0.18588966, 'lr': 0, 'params': 202600, 'time_iter': 0.01663, 'accuracy': 0.9614, 'f1': 0.96136, 'auc': 0.96213}
> Epoch 105: took 1.4s (avg 1.5s) | Best so far: epoch 105	train_loss: 0.1846 train_accuracy: 0.9664	val_loss: 0.1906 val_accuracy: 0.9603	test_loss: 0.1859 test_accuracy: 0.9614
train: {'epoch': 106, 'time_epoch': 1.09467, 'eta': 990.72463, 'eta_hours': 0.2752, 'loss': 0.18436388, 'lr': 0.00094106, 'params': 202600, 'time_iter': 0.02737, 'accuracy': 0.96663, 'f1': 0.96659, 'auc': 0.96198}
val: {'epoch': 106, 'time_epoch': 0.06751, 'loss': 0.19262785, 'lr': 0, 'params': 202600, 'time_iter': 0.01688, 'accuracy': 0.96136, 'f1': 0.96132, 'auc': 0.9598}
test: {'epoch': 106, 'time_epoch': 0.17902, 'loss': 0.18805614, 'lr': 0, 'params': 202600, 'time_iter': 0.04475, 'accuracy': 0.96247, 'f1': 0.96243, 'auc': 0.96085}
> Epoch 106: took 1.6s (avg 1.5s) | Best so far: epoch 106	train_loss: 0.1844 train_accuracy: 0.9666	val_loss: 0.1926 val_accuracy: 0.9614	test_loss: 0.1881 test_accuracy: 0.9625
train: {'epoch': 107, 'time_epoch': 1.11479, 'eta': 989.6594, 'eta_hours': 0.27491, 'loss': 0.1843421, 'lr': 0.00094001, 'params': 202600, 'time_iter': 0.02787, 'accuracy': 0.96658, 'f1': 0.96655, 'auc': 0.96205}
val: {'epoch': 107, 'time_epoch': 0.06851, 'loss': 0.1905679, 'lr': 0, 'params': 202600, 'time_iter': 0.01713, 'accuracy': 0.95983, 'f1': 0.95978, 'auc': 0.96155}
test: {'epoch': 107, 'time_epoch': 0.0675, 'loss': 0.18594502, 'lr': 0, 'params': 202600, 'time_iter': 0.01688, 'accuracy': 0.96102, 'f1': 0.96098, 'auc': 0.96276}
> Epoch 107: took 1.5s (avg 1.5s) | Best so far: epoch 106	train_loss: 0.1844 train_accuracy: 0.9666	val_loss: 0.1926 val_accuracy: 0.9614	test_loss: 0.1881 test_accuracy: 0.9625
train: {'epoch': 108, 'time_epoch': 1.08803, 'eta': 988.37456, 'eta_hours': 0.27455, 'loss': 0.18290114, 'lr': 0.00093895, 'params': 202600, 'time_iter': 0.0272, 'accuracy': 0.96748, 'f1': 0.96745, 'auc': 0.96211}
val: {'epoch': 108, 'time_epoch': 0.069, 'loss': 0.19001001, 'lr': 0, 'params': 202600, 'time_iter': 0.01725, 'accuracy': 0.96082, 'f1': 0.96078, 'auc': 0.96045}
test: {'epoch': 108, 'time_epoch': 0.067, 'loss': 0.18549468, 'lr': 0, 'params': 202600, 'time_iter': 0.01675, 'accuracy': 0.96163, 'f1': 0.96159, 'auc': 0.96181}
> Epoch 108: took 1.5s (avg 1.5s) | Best so far: epoch 106	train_loss: 0.1844 train_accuracy: 0.9666	val_loss: 0.1926 val_accuracy: 0.9614	test_loss: 0.1881 test_accuracy: 0.9625
train: {'epoch': 109, 'time_epoch': 1.07699, 'eta': 987.00397, 'eta_hours': 0.27417, 'loss': 0.1827217, 'lr': 0.0009379, 'params': 202600, 'time_iter': 0.02692, 'accuracy': 0.96753, 'f1': 0.9675, 'auc': 0.96198}
val: {'epoch': 109, 'time_epoch': 0.07051, 'loss': 0.19154277, 'lr': 0, 'params': 202600, 'time_iter': 0.01763, 'accuracy': 0.95746, 'f1': 0.9574, 'auc': 0.96242}
test: {'epoch': 109, 'time_epoch': 0.06651, 'loss': 0.18678652, 'lr': 0, 'params': 202600, 'time_iter': 0.01663, 'accuracy': 0.95812, 'f1': 0.95806, 'auc': 0.96368}
> Epoch 109: took 1.4s (avg 1.5s) | Best so far: epoch 106	train_loss: 0.1844 train_accuracy: 0.9666	val_loss: 0.1926 val_accuracy: 0.9614	test_loss: 0.1881 test_accuracy: 0.9625
train: {'epoch': 110, 'time_epoch': 1.08233, 'eta': 985.68146, 'eta_hours': 0.2738, 'loss': 0.18267464, 'lr': 0.00093685, 'params': 202600, 'time_iter': 0.02706, 'accuracy': 0.96735, 'f1': 0.96732, 'auc': 0.96219}
val: {'epoch': 110, 'time_epoch': 0.06966, 'loss': 0.19171359, 'lr': 0, 'params': 202600, 'time_iter': 0.01742, 'accuracy': 0.95856, 'f1': 0.9585, 'auc': 0.95945}
test: {'epoch': 110, 'time_epoch': 0.079, 'loss': 0.18724615, 'lr': 0, 'params': 202600, 'time_iter': 0.01975, 'accuracy': 0.96006, 'f1': 0.96, 'auc': 0.96048}
> Epoch 110: took 1.5s (avg 1.5s) | Best so far: epoch 106	train_loss: 0.1844 train_accuracy: 0.9666	val_loss: 0.1926 val_accuracy: 0.9614	test_loss: 0.1881 test_accuracy: 0.9625
train: {'epoch': 111, 'time_epoch': 1.06276, 'eta': 984.20803, 'eta_hours': 0.27339, 'loss': 0.18225604, 'lr': 0.0009358, 'params': 202600, 'time_iter': 0.02657, 'accuracy': 0.9676, 'f1': 0.96757, 'auc': 0.9621}
val: {'epoch': 111, 'time_epoch': 0.06751, 'loss': 0.19111492, 'lr': 0, 'params': 202600, 'time_iter': 0.01688, 'accuracy': 0.95934, 'f1': 0.95927, 'auc': 0.95997}
test: {'epoch': 111, 'time_epoch': 0.06774, 'loss': 0.18657478, 'lr': 0, 'params': 202600, 'time_iter': 0.01694, 'accuracy': 0.96034, 'f1': 0.96028, 'auc': 0.96106}
> Epoch 111: took 1.4s (avg 1.5s) | Best so far: epoch 106	train_loss: 0.1844 train_accuracy: 0.9666	val_loss: 0.1926 val_accuracy: 0.9614	test_loss: 0.1881 test_accuracy: 0.9625
train: {'epoch': 112, 'time_epoch': 1.06109, 'eta': 982.7288, 'eta_hours': 0.27298, 'loss': 0.18128538, 'lr': 0.00093474, 'params': 202600, 'time_iter': 0.02653, 'accuracy': 0.96817, 'f1': 0.96814, 'auc': 0.96222}
val: {'epoch': 112, 'time_epoch': 0.06927, 'loss': 0.18899705, 'lr': 0, 'params': 202600, 'time_iter': 0.01732, 'accuracy': 0.96115, 'f1': 0.96111, 'auc': 0.96021}
test: {'epoch': 112, 'time_epoch': 0.06651, 'loss': 0.18431252, 'lr': 0, 'params': 202600, 'time_iter': 0.01663, 'accuracy': 0.96212, 'f1': 0.96208, 'auc': 0.96145}
> Epoch 112: took 1.4s (avg 1.5s) | Best so far: epoch 106	train_loss: 0.1844 train_accuracy: 0.9666	val_loss: 0.1926 val_accuracy: 0.9614	test_loss: 0.1881 test_accuracy: 0.9625
train: {'epoch': 113, 'time_epoch': 1.07145, 'eta': 981.33737, 'eta_hours': 0.27259, 'loss': 0.18092294, 'lr': 0.00093369, 'params': 202600, 'time_iter': 0.02679, 'accuracy': 0.96829, 'f1': 0.96826, 'auc': 0.96215}
val: {'epoch': 113, 'time_epoch': 0.06852, 'loss': 0.18891405, 'lr': 0, 'params': 202600, 'time_iter': 0.01713, 'accuracy': 0.96201, 'f1': 0.96195, 'auc': 0.96078}
test: {'epoch': 113, 'time_epoch': 0.06701, 'loss': 0.18427715, 'lr': 0, 'params': 202600, 'time_iter': 0.01675, 'accuracy': 0.96294, 'f1': 0.9629, 'auc': 0.96182}
> Epoch 113: took 1.4s (avg 1.5s) | Best so far: epoch 113	train_loss: 0.1809 train_accuracy: 0.9683	val_loss: 0.1889 val_accuracy: 0.9620	test_loss: 0.1843 test_accuracy: 0.9629
train: {'epoch': 114, 'time_epoch': 1.10103, 'eta': 980.17917, 'eta_hours': 0.27227, 'loss': 0.18058469, 'lr': 0.00093264, 'params': 202600, 'time_iter': 0.02753, 'accuracy': 0.96846, 'f1': 0.96843, 'auc': 0.96224}
val: {'epoch': 114, 'time_epoch': 0.069, 'loss': 0.19322046, 'lr': 0, 'params': 202600, 'time_iter': 0.01725, 'accuracy': 0.95647, 'f1': 0.95646, 'auc': 0.96133}
test: {'epoch': 114, 'time_epoch': 0.067, 'loss': 0.18894304, 'lr': 0, 'params': 202600, 'time_iter': 0.01675, 'accuracy': 0.95809, 'f1': 0.95807, 'auc': 0.96249}
> Epoch 114: took 1.5s (avg 1.5s) | Best so far: epoch 113	train_loss: 0.1809 train_accuracy: 0.9683	val_loss: 0.1889 val_accuracy: 0.9620	test_loss: 0.1843 test_accuracy: 0.9629
train: {'epoch': 115, 'time_epoch': 1.11439, 'eta': 979.1238, 'eta_hours': 0.27198, 'loss': 0.18076734, 'lr': 0.00093159, 'params': 202600, 'time_iter': 0.02786, 'accuracy': 0.96841, 'f1': 0.96838, 'auc': 0.96232}
val: {'epoch': 115, 'time_epoch': 0.069, 'loss': 0.18869853, 'lr': 0, 'params': 202600, 'time_iter': 0.01725, 'accuracy': 0.96146, 'f1': 0.96142, 'auc': 0.95973}
test: {'epoch': 115, 'time_epoch': 0.06801, 'loss': 0.18411158, 'lr': 0, 'params': 202600, 'time_iter': 0.017, 'accuracy': 0.96245, 'f1': 0.96241, 'auc': 0.96128}
> Epoch 115: took 1.5s (avg 1.5s) | Best so far: epoch 113	train_loss: 0.1809 train_accuracy: 0.9683	val_loss: 0.1889 val_accuracy: 0.9620	test_loss: 0.1843 test_accuracy: 0.9629
train: {'epoch': 116, 'time_epoch': 1.10805, 'eta': 978.01954, 'eta_hours': 0.27167, 'loss': 0.17979225, 'lr': 0.00093053, 'params': 202600, 'time_iter': 0.0277, 'accuracy': 0.96866, 'f1': 0.96863, 'auc': 0.96214}
val: {'epoch': 116, 'time_epoch': 0.0677, 'loss': 0.19272535, 'lr': 0, 'params': 202600, 'time_iter': 0.01692, 'accuracy': 0.95607, 'f1': 0.95603, 'auc': 0.96113}
test: {'epoch': 116, 'time_epoch': 0.06751, 'loss': 0.18716478, 'lr': 0, 'params': 202600, 'time_iter': 0.01688, 'accuracy': 0.95789, 'f1': 0.95786, 'auc': 0.963}
> Epoch 116: took 1.5s (avg 1.5s) | Best so far: epoch 113	train_loss: 0.1809 train_accuracy: 0.9683	val_loss: 0.1889 val_accuracy: 0.9620	test_loss: 0.1843 test_accuracy: 0.9629
train: {'epoch': 117, 'time_epoch': 1.10829, 'eta': 976.91704, 'eta_hours': 0.27137, 'loss': 0.18043596, 'lr': 0.00092948, 'params': 202600, 'time_iter': 0.02771, 'accuracy': 0.96857, 'f1': 0.96854, 'auc': 0.9623}
val: {'epoch': 117, 'time_epoch': 0.06814, 'loss': 0.18946597, 'lr': 0, 'params': 202600, 'time_iter': 0.01703, 'accuracy': 0.95923, 'f1': 0.95921, 'auc': 0.96041}
test: {'epoch': 117, 'time_epoch': 0.06831, 'loss': 0.1847195, 'lr': 0, 'params': 202600, 'time_iter': 0.01708, 'accuracy': 0.96101, 'f1': 0.96099, 'auc': 0.96173}
> Epoch 117: took 1.5s (avg 1.5s) | Best so far: epoch 113	train_loss: 0.1809 train_accuracy: 0.9683	val_loss: 0.1889 val_accuracy: 0.9620	test_loss: 0.1843 test_accuracy: 0.9629
train: {'epoch': 118, 'time_epoch': 1.11952, 'eta': 975.89755, 'eta_hours': 0.27108, 'loss': 0.17932559, 'lr': 0.00092843, 'params': 202600, 'time_iter': 0.02799, 'accuracy': 0.96901, 'f1': 0.96898, 'auc': 0.9621}
val: {'epoch': 118, 'time_epoch': 0.06951, 'loss': 0.18809355, 'lr': 0, 'params': 202600, 'time_iter': 0.01738, 'accuracy': 0.96306, 'f1': 0.96302, 'auc': 0.9599}
test: {'epoch': 118, 'time_epoch': 0.06851, 'loss': 0.18313537, 'lr': 0, 'params': 202600, 'time_iter': 0.01713, 'accuracy': 0.96375, 'f1': 0.9637, 'auc': 0.96111}
> Epoch 118: took 1.5s (avg 1.5s) | Best so far: epoch 118	train_loss: 0.1793 train_accuracy: 0.9690	val_loss: 0.1881 val_accuracy: 0.9631	test_loss: 0.1831 test_accuracy: 0.9637
train: {'epoch': 119, 'time_epoch': 1.10493, 'eta': 974.76938, 'eta_hours': 0.27077, 'loss': 0.17876272, 'lr': 0.00092738, 'params': 202600, 'time_iter': 0.02762, 'accuracy': 0.96931, 'f1': 0.96928, 'auc': 0.96216}
val: {'epoch': 119, 'time_epoch': 0.06851, 'loss': 0.18795158, 'lr': 0, 'params': 202600, 'time_iter': 0.01713, 'accuracy': 0.96229, 'f1': 0.96224, 'auc': 0.95959}
test: {'epoch': 119, 'time_epoch': 0.068, 'loss': 0.18284413, 'lr': 0, 'params': 202600, 'time_iter': 0.017, 'accuracy': 0.96374, 'f1': 0.96369, 'auc': 0.96089}
> Epoch 119: took 1.5s (avg 1.5s) | Best so far: epoch 118	train_loss: 0.1793 train_accuracy: 0.9690	val_loss: 0.1881 val_accuracy: 0.9631	test_loss: 0.1831 test_accuracy: 0.9637
train: {'epoch': 120, 'time_epoch': 1.10495, 'eta': 973.64178, 'eta_hours': 0.27046, 'loss': 0.17833289, 'lr': 0.00092632, 'params': 202600, 'time_iter': 0.02762, 'accuracy': 0.96915, 'f1': 0.96912, 'auc': 0.96226}
val: {'epoch': 120, 'time_epoch': 0.06851, 'loss': 0.19462062, 'lr': 0, 'params': 202600, 'time_iter': 0.01713, 'accuracy': 0.95825, 'f1': 0.95824, 'auc': 0.95909}
test: {'epoch': 120, 'time_epoch': 0.067, 'loss': 0.19000876, 'lr': 0, 'params': 202600, 'time_iter': 0.01675, 'accuracy': 0.95967, 'f1': 0.95966, 'auc': 0.96049}
> Epoch 120: took 1.5s (avg 1.5s) | Best so far: epoch 118	train_loss: 0.1793 train_accuracy: 0.9690	val_loss: 0.1881 val_accuracy: 0.9631	test_loss: 0.1831 test_accuracy: 0.9637
train: {'epoch': 121, 'time_epoch': 1.10814, 'eta': 972.53752, 'eta_hours': 0.27015, 'loss': 0.1792686, 'lr': 0.00092527, 'params': 202600, 'time_iter': 0.0277, 'accuracy': 0.96901, 'f1': 0.96899, 'auc': 0.9623}
val: {'epoch': 121, 'time_epoch': 0.06813, 'loss': 0.18844459, 'lr': 0, 'params': 202600, 'time_iter': 0.01703, 'accuracy': 0.95949, 'f1': 0.95946, 'auc': 0.96159}
test: {'epoch': 121, 'time_epoch': 0.09051, 'loss': 0.18315007, 'lr': 0, 'params': 202600, 'time_iter': 0.02263, 'accuracy': 0.96187, 'f1': 0.96184, 'auc': 0.96281}
> Epoch 121: took 1.5s (avg 1.5s) | Best so far: epoch 118	train_loss: 0.1793 train_accuracy: 0.9690	val_loss: 0.1881 val_accuracy: 0.9631	test_loss: 0.1831 test_accuracy: 0.9637
train: {'epoch': 122, 'time_epoch': 1.09629, 'eta': 971.34871, 'eta_hours': 0.26982, 'loss': 0.17830596, 'lr': 0.00092422, 'params': 202600, 'time_iter': 0.02741, 'accuracy': 0.96942, 'f1': 0.96939, 'auc': 0.96221}
val: {'epoch': 122, 'time_epoch': 0.06895, 'loss': 0.18715542, 'lr': 0, 'params': 202600, 'time_iter': 0.01724, 'accuracy': 0.961, 'f1': 0.96097, 'auc': 0.96076}
test: {'epoch': 122, 'time_epoch': 0.06751, 'loss': 0.18219449, 'lr': 0, 'params': 202600, 'time_iter': 0.01688, 'accuracy': 0.96276, 'f1': 0.96273, 'auc': 0.96201}
> Epoch 122: took 1.5s (avg 1.5s) | Best so far: epoch 118	train_loss: 0.1793 train_accuracy: 0.9690	val_loss: 0.1881 val_accuracy: 0.9631	test_loss: 0.1831 test_accuracy: 0.9637
train: {'epoch': 123, 'time_epoch': 1.10009, 'eta': 970.18821, 'eta_hours': 0.2695, 'loss': 0.17709799, 'lr': 0.00092317, 'params': 202600, 'time_iter': 0.0275, 'accuracy': 0.96996, 'f1': 0.96994, 'auc': 0.96239}
val: {'epoch': 123, 'time_epoch': 0.07051, 'loss': 0.18828905, 'lr': 0, 'params': 202600, 'time_iter': 0.01763, 'accuracy': 0.95827, 'f1': 0.95825, 'auc': 0.96126}
test: {'epoch': 123, 'time_epoch': 0.0675, 'loss': 0.18360343, 'lr': 0, 'params': 202600, 'time_iter': 0.01688, 'accuracy': 0.96002, 'f1': 0.96, 'auc': 0.9624}
> Epoch 123: took 1.5s (avg 1.5s) | Best so far: epoch 118	train_loss: 0.1793 train_accuracy: 0.9690	val_loss: 0.1881 val_accuracy: 0.9631	test_loss: 0.1831 test_accuracy: 0.9637
train: {'epoch': 124, 'time_epoch': 1.10924, 'eta': 969.09273, 'eta_hours': 0.26919, 'loss': 0.17743724, 'lr': 0.00092211, 'params': 202600, 'time_iter': 0.02773, 'accuracy': 0.96995, 'f1': 0.96992, 'auc': 0.96238}
val: {'epoch': 124, 'time_epoch': 0.06802, 'loss': 0.18865409, 'lr': 0, 'params': 202600, 'time_iter': 0.017, 'accuracy': 0.96143, 'f1': 0.96138, 'auc': 0.96032}
test: {'epoch': 124, 'time_epoch': 0.067, 'loss': 0.18360225, 'lr': 0, 'params': 202600, 'time_iter': 0.01675, 'accuracy': 0.96231, 'f1': 0.96226, 'auc': 0.96161}
> Epoch 124: took 1.5s (avg 1.5s) | Best so far: epoch 118	train_loss: 0.1793 train_accuracy: 0.9690	val_loss: 0.1881 val_accuracy: 0.9631	test_loss: 0.1831 test_accuracy: 0.9637
train: {'epoch': 125, 'time_epoch': 1.08727, 'eta': 967.84463, 'eta_hours': 0.26885, 'loss': 0.17706149, 'lr': 0.00092106, 'params': 202600, 'time_iter': 0.02718, 'accuracy': 0.96993, 'f1': 0.9699, 'auc': 0.96245}
val: {'epoch': 125, 'time_epoch': 0.06826, 'loss': 0.18785117, 'lr': 0, 'params': 202600, 'time_iter': 0.01707, 'accuracy': 0.96334, 'f1': 0.96331, 'auc': 0.96003}
test: {'epoch': 125, 'time_epoch': 0.06751, 'loss': 0.18358429, 'lr': 0, 'params': 202600, 'time_iter': 0.01688, 'accuracy': 0.96484, 'f1': 0.96482, 'auc': 0.96109}
> Epoch 125: took 1.5s (avg 1.5s) | Best so far: epoch 125	train_loss: 0.1771 train_accuracy: 0.9699	val_loss: 0.1879 val_accuracy: 0.9633	test_loss: 0.1836 test_accuracy: 0.9648
train: {'epoch': 126, 'time_epoch': 1.2083, 'eta': 967.43103, 'eta_hours': 0.26873, 'loss': 0.17678541, 'lr': 0.00092001, 'params': 202600, 'time_iter': 0.03021, 'accuracy': 0.97012, 'f1': 0.9701, 'auc': 0.96234}
val: {'epoch': 126, 'time_epoch': 0.06951, 'loss': 0.18879575, 'lr': 0, 'params': 202600, 'time_iter': 0.01738, 'accuracy': 0.95995, 'f1': 0.95991, 'auc': 0.96048}
test: {'epoch': 126, 'time_epoch': 0.06851, 'loss': 0.18415741, 'lr': 0, 'params': 202600, 'time_iter': 0.01713, 'accuracy': 0.96164, 'f1': 0.96159, 'auc': 0.96138}
> Epoch 126: took 1.6s (avg 1.5s) | Best so far: epoch 125	train_loss: 0.1771 train_accuracy: 0.9699	val_loss: 0.1879 val_accuracy: 0.9633	test_loss: 0.1836 test_accuracy: 0.9648
train: {'epoch': 127, 'time_epoch': 1.10883, 'eta': 966.3274, 'eta_hours': 0.26842, 'loss': 0.17686467, 'lr': 0.00091896, 'params': 202600, 'time_iter': 0.02772, 'accuracy': 0.9701, 'f1': 0.97007, 'auc': 0.96249}
val: {'epoch': 127, 'time_epoch': 0.06951, 'loss': 0.18710865, 'lr': 0, 'params': 202600, 'time_iter': 0.01738, 'accuracy': 0.96107, 'f1': 0.96103, 'auc': 0.96147}
test: {'epoch': 127, 'time_epoch': 0.06951, 'loss': 0.18185127, 'lr': 0, 'params': 202600, 'time_iter': 0.01738, 'accuracy': 0.96233, 'f1': 0.9623, 'auc': 0.96245}
> Epoch 127: took 1.5s (avg 1.5s) | Best so far: epoch 125	train_loss: 0.1771 train_accuracy: 0.9699	val_loss: 0.1879 val_accuracy: 0.9633	test_loss: 0.1836 test_accuracy: 0.9648
train: {'epoch': 128, 'time_epoch': 1.09806, 'eta': 965.15092, 'eta_hours': 0.2681, 'loss': 0.1759135, 'lr': 0.0009179, 'params': 202600, 'time_iter': 0.02745, 'accuracy': 0.97046, 'f1': 0.97043, 'auc': 0.96247}
val: {'epoch': 128, 'time_epoch': 0.068, 'loss': 0.18900456, 'lr': 0, 'params': 202600, 'time_iter': 0.017, 'accuracy': 0.95717, 'f1': 0.95715, 'auc': 0.96148}
test: {'epoch': 128, 'time_epoch': 0.067, 'loss': 0.18469161, 'lr': 0, 'params': 202600, 'time_iter': 0.01675, 'accuracy': 0.9584, 'f1': 0.95838, 'auc': 0.96245}
> Epoch 128: took 1.5s (avg 1.5s) | Best so far: epoch 125	train_loss: 0.1771 train_accuracy: 0.9699	val_loss: 0.1879 val_accuracy: 0.9633	test_loss: 0.1836 test_accuracy: 0.9648
train: {'epoch': 129, 'time_epoch': 1.11229, 'eta': 964.07091, 'eta_hours': 0.2678, 'loss': 0.17629533, 'lr': 0.00091685, 'params': 202600, 'time_iter': 0.02781, 'accuracy': 0.97031, 'f1': 0.97029, 'auc': 0.96245}
val: {'epoch': 129, 'time_epoch': 0.0695, 'loss': 0.18873236, 'lr': 0, 'params': 202600, 'time_iter': 0.01738, 'accuracy': 0.95856, 'f1': 0.95854, 'auc': 0.96096}
test: {'epoch': 129, 'time_epoch': 0.06651, 'loss': 0.18359286, 'lr': 0, 'params': 202600, 'time_iter': 0.01663, 'accuracy': 0.95998, 'f1': 0.95996, 'auc': 0.9624}
> Epoch 129: took 1.5s (avg 1.5s) | Best so far: epoch 125	train_loss: 0.1771 train_accuracy: 0.9699	val_loss: 0.1879 val_accuracy: 0.9633	test_loss: 0.1836 test_accuracy: 0.9648
train: {'epoch': 130, 'time_epoch': 1.07222, 'eta': 962.72456, 'eta_hours': 0.26742, 'loss': 0.17606714, 'lr': 0.0009158, 'params': 202600, 'time_iter': 0.02681, 'accuracy': 0.97048, 'f1': 0.97046, 'auc': 0.9625}
val: {'epoch': 130, 'time_epoch': 0.06922, 'loss': 0.18542555, 'lr': 0, 'params': 202600, 'time_iter': 0.0173, 'accuracy': 0.96332, 'f1': 0.96329, 'auc': 0.96137}
test: {'epoch': 130, 'time_epoch': 0.07, 'loss': 0.1810984, 'lr': 0, 'params': 202600, 'time_iter': 0.0175, 'accuracy': 0.9645, 'f1': 0.96447, 'auc': 0.96219}
> Epoch 130: took 1.4s (avg 1.5s) | Best so far: epoch 125	train_loss: 0.1771 train_accuracy: 0.9699	val_loss: 0.1879 val_accuracy: 0.9633	test_loss: 0.1836 test_accuracy: 0.9648
train: {'epoch': 131, 'time_epoch': 1.06232, 'eta': 961.31727, 'eta_hours': 0.26703, 'loss': 0.17519899, 'lr': 0.00091475, 'params': 202600, 'time_iter': 0.02656, 'accuracy': 0.97088, 'f1': 0.97086, 'auc': 0.96225}
val: {'epoch': 131, 'time_epoch': 0.06851, 'loss': 0.18713078, 'lr': 0, 'params': 202600, 'time_iter': 0.01713, 'accuracy': 0.9633, 'f1': 0.96326, 'auc': 0.96034}
test: {'epoch': 131, 'time_epoch': 0.06651, 'loss': 0.1825237, 'lr': 0, 'params': 202600, 'time_iter': 0.01663, 'accuracy': 0.96449, 'f1': 0.96445, 'auc': 0.96143}
> Epoch 131: took 1.4s (avg 1.5s) | Best so far: epoch 125	train_loss: 0.1771 train_accuracy: 0.9699	val_loss: 0.1879 val_accuracy: 0.9633	test_loss: 0.1836 test_accuracy: 0.9648
train: {'epoch': 132, 'time_epoch': 1.06459, 'eta': 959.92998, 'eta_hours': 0.26665, 'loss': 0.17586893, 'lr': 0.00091369, 'params': 202600, 'time_iter': 0.02661, 'accuracy': 0.97063, 'f1': 0.97061, 'auc': 0.96261}
val: {'epoch': 132, 'time_epoch': 0.0675, 'loss': 0.18782578, 'lr': 0, 'params': 202600, 'time_iter': 0.01688, 'accuracy': 0.96297, 'f1': 0.96294, 'auc': 0.95917}
test: {'epoch': 132, 'time_epoch': 0.06616, 'loss': 0.18347441, 'lr': 0, 'params': 202600, 'time_iter': 0.01654, 'accuracy': 0.96404, 'f1': 0.96401, 'auc': 0.96021}
> Epoch 132: took 1.4s (avg 1.5s) | Best so far: epoch 125	train_loss: 0.1771 train_accuracy: 0.9699	val_loss: 0.1879 val_accuracy: 0.9633	test_loss: 0.1836 test_accuracy: 0.9648
train: {'epoch': 133, 'time_epoch': 1.07386, 'eta': 958.60745, 'eta_hours': 0.26628, 'loss': 0.17519098, 'lr': 0.00091264, 'params': 202600, 'time_iter': 0.02685, 'accuracy': 0.97066, 'f1': 0.97063, 'auc': 0.9624}
val: {'epoch': 133, 'time_epoch': 0.06951, 'loss': 0.187128, 'lr': 0, 'params': 202600, 'time_iter': 0.01738, 'accuracy': 0.96103, 'f1': 0.961, 'auc': 0.96113}
test: {'epoch': 133, 'time_epoch': 0.066, 'loss': 0.1826249, 'lr': 0, 'params': 202600, 'time_iter': 0.0165, 'accuracy': 0.96189, 'f1': 0.96186, 'auc': 0.96222}
> Epoch 133: took 1.4s (avg 1.5s) | Best so far: epoch 125	train_loss: 0.1771 train_accuracy: 0.9699	val_loss: 0.1879 val_accuracy: 0.9633	test_loss: 0.1836 test_accuracy: 0.9648
train: {'epoch': 134, 'time_epoch': 1.07628, 'eta': 957.30409, 'eta_hours': 0.26592, 'loss': 0.17489988, 'lr': 0.00091159, 'params': 202600, 'time_iter': 0.02691, 'accuracy': 0.97095, 'f1': 0.97093, 'auc': 0.96248}
val: {'epoch': 134, 'time_epoch': 0.06751, 'loss': 0.19067911, 'lr': 0, 'params': 202600, 'time_iter': 0.01688, 'accuracy': 0.96095, 'f1': 0.96089, 'auc': 0.9587}
test: {'epoch': 134, 'time_epoch': 0.06851, 'loss': 0.18670756, 'lr': 0, 'params': 202600, 'time_iter': 0.01713, 'accuracy': 0.96171, 'f1': 0.96165, 'auc': 0.95967}
> Epoch 134: took 1.5s (avg 1.5s) | Best so far: epoch 125	train_loss: 0.1771 train_accuracy: 0.9699	val_loss: 0.1879 val_accuracy: 0.9633	test_loss: 0.1836 test_accuracy: 0.9648
train: {'epoch': 135, 'time_epoch': 1.06978, 'eta': 955.96276, 'eta_hours': 0.26555, 'loss': 0.17486168, 'lr': 0.00091054, 'params': 202600, 'time_iter': 0.02674, 'accuracy': 0.97089, 'f1': 0.97087, 'auc': 0.9626}
val: {'epoch': 135, 'time_epoch': 0.06801, 'loss': 0.18627995, 'lr': 0, 'params': 202600, 'time_iter': 0.017, 'accuracy': 0.95944, 'f1': 0.95942, 'auc': 0.9613}
test: {'epoch': 135, 'time_epoch': 0.06868, 'loss': 0.18214211, 'lr': 0, 'params': 202600, 'time_iter': 0.01717, 'accuracy': 0.95976, 'f1': 0.95975, 'auc': 0.96251}
> Epoch 135: took 1.4s (avg 1.5s) | Best so far: epoch 125	train_loss: 0.1771 train_accuracy: 0.9699	val_loss: 0.1879 val_accuracy: 0.9633	test_loss: 0.1836 test_accuracy: 0.9648
train: {'epoch': 136, 'time_epoch': 1.09309, 'eta': 954.77222, 'eta_hours': 0.26521, 'loss': 0.17445034, 'lr': 0.00090948, 'params': 202600, 'time_iter': 0.02733, 'accuracy': 0.97109, 'f1': 0.97106, 'auc': 0.9624}
val: {'epoch': 136, 'time_epoch': 0.06951, 'loss': 0.18738047, 'lr': 0, 'params': 202600, 'time_iter': 0.01738, 'accuracy': 0.96269, 'f1': 0.96264, 'auc': 0.95807}
test: {'epoch': 136, 'time_epoch': 0.06851, 'loss': 0.18316211, 'lr': 0, 'params': 202600, 'time_iter': 0.01713, 'accuracy': 0.96351, 'f1': 0.96346, 'auc': 0.95916}
> Epoch 136: took 1.5s (avg 1.5s) | Best so far: epoch 125	train_loss: 0.1771 train_accuracy: 0.9699	val_loss: 0.1879 val_accuracy: 0.9633	test_loss: 0.1836 test_accuracy: 0.9648
train: {'epoch': 137, 'time_epoch': 1.17736, 'eta': 954.10947, 'eta_hours': 0.26503, 'loss': 0.1739273, 'lr': 0.00090843, 'params': 202600, 'time_iter': 0.02943, 'accuracy': 0.97117, 'f1': 0.97114, 'auc': 0.96256}
val: {'epoch': 137, 'time_epoch': 0.06901, 'loss': 0.18487619, 'lr': 0, 'params': 202600, 'time_iter': 0.01725, 'accuracy': 0.96403, 'f1': 0.964, 'auc': 0.95986}
test: {'epoch': 137, 'time_epoch': 0.068, 'loss': 0.17992268, 'lr': 0, 'params': 202600, 'time_iter': 0.017, 'accuracy': 0.96594, 'f1': 0.96591, 'auc': 0.96119}
> Epoch 137: took 1.5s (avg 1.5s) | Best so far: epoch 137	train_loss: 0.1739 train_accuracy: 0.9712	val_loss: 0.1849 val_accuracy: 0.9640	test_loss: 0.1799 test_accuracy: 0.9659
train: {'epoch': 138, 'time_epoch': 1.06015, 'eta': 952.71332, 'eta_hours': 0.26464, 'loss': 0.17318862, 'lr': 0.00090738, 'params': 202600, 'time_iter': 0.0265, 'accuracy': 0.97148, 'f1': 0.97145, 'auc': 0.96237}
val: {'epoch': 138, 'time_epoch': 0.06851, 'loss': 0.18581314, 'lr': 0, 'params': 202600, 'time_iter': 0.01713, 'accuracy': 0.96331, 'f1': 0.96327, 'auc': 0.9603}
test: {'epoch': 138, 'time_epoch': 0.06951, 'loss': 0.18127388, 'lr': 0, 'params': 202600, 'time_iter': 0.01738, 'accuracy': 0.96443, 'f1': 0.9644, 'auc': 0.96136}
> Epoch 138: took 1.4s (avg 1.5s) | Best so far: epoch 137	train_loss: 0.1739 train_accuracy: 0.9712	val_loss: 0.1849 val_accuracy: 0.9640	test_loss: 0.1799 test_accuracy: 0.9659
train: {'epoch': 139, 'time_epoch': 1.0659, 'eta': 951.35726, 'eta_hours': 0.26427, 'loss': 0.17310569, 'lr': 0.00090633, 'params': 202600, 'time_iter': 0.02665, 'accuracy': 0.97161, 'f1': 0.97159, 'auc': 0.96258}
val: {'epoch': 139, 'time_epoch': 0.069, 'loss': 0.1866305, 'lr': 0, 'params': 202600, 'time_iter': 0.01725, 'accuracy': 0.9627, 'f1': 0.96266, 'auc': 0.95947}
test: {'epoch': 139, 'time_epoch': 0.067, 'loss': 0.18246013, 'lr': 0, 'params': 202600, 'time_iter': 0.01675, 'accuracy': 0.96373, 'f1': 0.96369, 'auc': 0.96024}
> Epoch 139: took 1.4s (avg 1.5s) | Best so far: epoch 137	train_loss: 0.1739 train_accuracy: 0.9712	val_loss: 0.1849 val_accuracy: 0.9640	test_loss: 0.1799 test_accuracy: 0.9659
train: {'epoch': 140, 'time_epoch': 1.09721, 'eta': 950.19607, 'eta_hours': 0.26394, 'loss': 0.17294457, 'lr': 0.00090527, 'params': 202600, 'time_iter': 0.02743, 'accuracy': 0.97149, 'f1': 0.97147, 'auc': 0.96257}
val: {'epoch': 140, 'time_epoch': 0.0705, 'loss': 0.18617095, 'lr': 0, 'params': 202600, 'time_iter': 0.01763, 'accuracy': 0.96208, 'f1': 0.96204, 'auc': 0.96066}
test: {'epoch': 140, 'time_epoch': 0.0662, 'loss': 0.1821921, 'lr': 0, 'params': 202600, 'time_iter': 0.01655, 'accuracy': 0.96353, 'f1': 0.9635, 'auc': 0.96152}
> Epoch 140: took 1.5s (avg 1.5s) | Best so far: epoch 137	train_loss: 0.1739 train_accuracy: 0.9712	val_loss: 0.1849 val_accuracy: 0.9640	test_loss: 0.1799 test_accuracy: 0.9659
train: {'epoch': 141, 'time_epoch': 1.10982, 'eta': 949.112, 'eta_hours': 0.26364, 'loss': 0.17284957, 'lr': 0.00090422, 'params': 202600, 'time_iter': 0.02775, 'accuracy': 0.97159, 'f1': 0.97156, 'auc': 0.9626}
val: {'epoch': 141, 'time_epoch': 0.06851, 'loss': 0.18450943, 'lr': 0, 'params': 202600, 'time_iter': 0.01713, 'accuracy': 0.96494, 'f1': 0.9649, 'auc': 0.96004}
test: {'epoch': 141, 'time_epoch': 0.06651, 'loss': 0.17957266, 'lr': 0, 'params': 202600, 'time_iter': 0.01663, 'accuracy': 0.96643, 'f1': 0.9664, 'auc': 0.96119}
> Epoch 141: took 1.5s (avg 1.5s) | Best so far: epoch 141	train_loss: 0.1728 train_accuracy: 0.9716	val_loss: 0.1845 val_accuracy: 0.9649	test_loss: 0.1796 test_accuracy: 0.9664
train: {'epoch': 142, 'time_epoch': 1.10373, 'eta': 947.99105, 'eta_hours': 0.26333, 'loss': 0.17240018, 'lr': 0.00090317, 'params': 202600, 'time_iter': 0.02759, 'accuracy': 0.97186, 'f1': 0.97184, 'auc': 0.96263}
val: {'epoch': 142, 'time_epoch': 0.06851, 'loss': 0.18681238, 'lr': 0, 'params': 202600, 'time_iter': 0.01713, 'accuracy': 0.96336, 'f1': 0.96332, 'auc': 0.95827}
test: {'epoch': 142, 'time_epoch': 0.06852, 'loss': 0.18249254, 'lr': 0, 'params': 202600, 'time_iter': 0.01713, 'accuracy': 0.96451, 'f1': 0.96447, 'auc': 0.95933}
> Epoch 142: took 1.5s (avg 1.5s) | Best so far: epoch 141	train_loss: 0.1728 train_accuracy: 0.9716	val_loss: 0.1845 val_accuracy: 0.9649	test_loss: 0.1796 test_accuracy: 0.9664
train: {'epoch': 143, 'time_epoch': 1.1058, 'eta': 946.88263, 'eta_hours': 0.26302, 'loss': 0.17248905, 'lr': 0.00090212, 'params': 202600, 'time_iter': 0.02764, 'accuracy': 0.97179, 'f1': 0.97177, 'auc': 0.96262}
val: {'epoch': 143, 'time_epoch': 0.06951, 'loss': 0.18496049, 'lr': 0, 'params': 202600, 'time_iter': 0.01738, 'accuracy': 0.96417, 'f1': 0.96413, 'auc': 0.95957}
test: {'epoch': 143, 'time_epoch': 0.068, 'loss': 0.1796279, 'lr': 0, 'params': 202600, 'time_iter': 0.017, 'accuracy': 0.96537, 'f1': 0.96533, 'auc': 0.96084}
> Epoch 143: took 1.5s (avg 1.5s) | Best so far: epoch 141	train_loss: 0.1728 train_accuracy: 0.9716	val_loss: 0.1845 val_accuracy: 0.9649	test_loss: 0.1796 test_accuracy: 0.9664
train: {'epoch': 144, 'time_epoch': 1.09304, 'eta': 945.69904, 'eta_hours': 0.26269, 'loss': 0.17168949, 'lr': 0.00090106, 'params': 202600, 'time_iter': 0.02733, 'accuracy': 0.97207, 'f1': 0.97205, 'auc': 0.96262}
val: {'epoch': 144, 'time_epoch': 0.06851, 'loss': 0.18808361, 'lr': 0, 'params': 202600, 'time_iter': 0.01713, 'accuracy': 0.95602, 'f1': 0.95601, 'auc': 0.96055}
test: {'epoch': 144, 'time_epoch': 0.0675, 'loss': 0.18282346, 'lr': 0, 'params': 202600, 'time_iter': 0.01688, 'accuracy': 0.95744, 'f1': 0.95743, 'auc': 0.96202}
> Epoch 144: took 1.5s (avg 1.5s) | Best so far: epoch 141	train_loss: 0.1728 train_accuracy: 0.9716	val_loss: 0.1845 val_accuracy: 0.9649	test_loss: 0.1796 test_accuracy: 0.9664
train: {'epoch': 145, 'time_epoch': 1.0991, 'eta': 944.55211, 'eta_hours': 0.26238, 'loss': 0.17167792, 'lr': 0.00090001, 'params': 202600, 'time_iter': 0.02748, 'accuracy': 0.97203, 'f1': 0.97201, 'auc': 0.96258}
val: {'epoch': 145, 'time_epoch': 0.06851, 'loss': 0.18431619, 'lr': 0, 'params': 202600, 'time_iter': 0.01713, 'accuracy': 0.96427, 'f1': 0.96424, 'auc': 0.9592}
test: {'epoch': 145, 'time_epoch': 0.06651, 'loss': 0.18018131, 'lr': 0, 'params': 202600, 'time_iter': 0.01663, 'accuracy': 0.96508, 'f1': 0.96505, 'auc': 0.96038}
> Epoch 145: took 1.5s (avg 1.5s) | Best so far: epoch 141	train_loss: 0.1728 train_accuracy: 0.9716	val_loss: 0.1845 val_accuracy: 0.9649	test_loss: 0.1796 test_accuracy: 0.9664
train: {'epoch': 146, 'time_epoch': 1.10637, 'eta': 943.44805, 'eta_hours': 0.26207, 'loss': 0.17106072, 'lr': 0.00089896, 'params': 202600, 'time_iter': 0.02766, 'accuracy': 0.97221, 'f1': 0.97219, 'auc': 0.96259}
val: {'epoch': 146, 'time_epoch': 0.06951, 'loss': 0.18392217, 'lr': 0, 'params': 202600, 'time_iter': 0.01738, 'accuracy': 0.96564, 'f1': 0.9656, 'auc': 0.95974}
test: {'epoch': 146, 'time_epoch': 0.06751, 'loss': 0.17863525, 'lr': 0, 'params': 202600, 'time_iter': 0.01688, 'accuracy': 0.96688, 'f1': 0.96685, 'auc': 0.96084}
> Epoch 146: took 1.5s (avg 1.5s) | Best so far: epoch 146	train_loss: 0.1711 train_accuracy: 0.9722	val_loss: 0.1839 val_accuracy: 0.9656	test_loss: 0.1786 test_accuracy: 0.9669
train: {'epoch': 147, 'time_epoch': 1.12608, 'eta': 942.45744, 'eta_hours': 0.26179, 'loss': 0.17109346, 'lr': 0.0008979, 'params': 202600, 'time_iter': 0.02815, 'accuracy': 0.97236, 'f1': 0.97234, 'auc': 0.96263}
val: {'epoch': 147, 'time_epoch': 0.06951, 'loss': 0.18454519, 'lr': 0, 'params': 202600, 'time_iter': 0.01738, 'accuracy': 0.96287, 'f1': 0.96284, 'auc': 0.96054}
test: {'epoch': 147, 'time_epoch': 0.06851, 'loss': 0.17975801, 'lr': 0, 'params': 202600, 'time_iter': 0.01713, 'accuracy': 0.96404, 'f1': 0.96401, 'auc': 0.96186}
> Epoch 147: took 1.5s (avg 1.5s) | Best so far: epoch 146	train_loss: 0.1711 train_accuracy: 0.9722	val_loss: 0.1839 val_accuracy: 0.9656	test_loss: 0.1786 test_accuracy: 0.9669
train: {'epoch': 148, 'time_epoch': 1.11099, 'eta': 941.37876, 'eta_hours': 0.26149, 'loss': 0.17074894, 'lr': 0.00089685, 'params': 202600, 'time_iter': 0.02777, 'accuracy': 0.97225, 'f1': 0.97223, 'auc': 0.96267}
val: {'epoch': 148, 'time_epoch': 0.0695, 'loss': 0.18496902, 'lr': 0, 'params': 202600, 'time_iter': 0.01738, 'accuracy': 0.96397, 'f1': 0.96393, 'auc': 0.95964}
test: {'epoch': 148, 'time_epoch': 0.067, 'loss': 0.18040746, 'lr': 0, 'params': 202600, 'time_iter': 0.01675, 'accuracy': 0.965, 'f1': 0.96497, 'auc': 0.96064}
> Epoch 148: took 1.5s (avg 1.5s) | Best so far: epoch 146	train_loss: 0.1711 train_accuracy: 0.9722	val_loss: 0.1839 val_accuracy: 0.9656	test_loss: 0.1786 test_accuracy: 0.9669
train: {'epoch': 149, 'time_epoch': 1.10718, 'eta': 940.27808, 'eta_hours': 0.26119, 'loss': 0.1710225, 'lr': 0.0008958, 'params': 202600, 'time_iter': 0.02768, 'accuracy': 0.97227, 'f1': 0.97224, 'auc': 0.96267}
val: {'epoch': 149, 'time_epoch': 0.07, 'loss': 0.18385074, 'lr': 0, 'params': 202600, 'time_iter': 0.0175, 'accuracy': 0.96338, 'f1': 0.96336, 'auc': 0.96022}
test: {'epoch': 149, 'time_epoch': 0.0681, 'loss': 0.17837259, 'lr': 0, 'params': 202600, 'time_iter': 0.01702, 'accuracy': 0.96477, 'f1': 0.96475, 'auc': 0.96184}
> Epoch 149: took 1.5s (avg 1.5s) | Best so far: epoch 146	train_loss: 0.1711 train_accuracy: 0.9722	val_loss: 0.1839 val_accuracy: 0.9656	test_loss: 0.1786 test_accuracy: 0.9669
train: {'epoch': 150, 'time_epoch': 1.09163, 'eta': 939.08989, 'eta_hours': 0.26086, 'loss': 0.17048882, 'lr': 0.00089475, 'params': 202600, 'time_iter': 0.02729, 'accuracy': 0.97239, 'f1': 0.97237, 'auc': 0.96265}
val: {'epoch': 150, 'time_epoch': 0.06751, 'loss': 0.18506516, 'lr': 0, 'params': 202600, 'time_iter': 0.01688, 'accuracy': 0.9641, 'f1': 0.96406, 'auc': 0.96033}
test: {'epoch': 150, 'time_epoch': 0.06751, 'loss': 0.17949894, 'lr': 0, 'params': 202600, 'time_iter': 0.01688, 'accuracy': 0.96561, 'f1': 0.96558, 'auc': 0.9615}
> Epoch 150: took 1.4s (avg 1.5s) | Best so far: epoch 146	train_loss: 0.1711 train_accuracy: 0.9722	val_loss: 0.1839 val_accuracy: 0.9656	test_loss: 0.1786 test_accuracy: 0.9669
train: {'epoch': 151, 'time_epoch': 1.11997, 'eta': 938.06108, 'eta_hours': 0.26057, 'loss': 0.17055121, 'lr': 0.00089369, 'params': 202600, 'time_iter': 0.028, 'accuracy': 0.97264, 'f1': 0.97262, 'auc': 0.96268}
val: {'epoch': 151, 'time_epoch': 0.07102, 'loss': 0.18496008, 'lr': 0, 'params': 202600, 'time_iter': 0.01775, 'accuracy': 0.965, 'f1': 0.96497, 'auc': 0.95833}
test: {'epoch': 151, 'time_epoch': 0.07051, 'loss': 0.18009027, 'lr': 0, 'params': 202600, 'time_iter': 0.01763, 'accuracy': 0.96564, 'f1': 0.96561, 'auc': 0.95989}
> Epoch 151: took 1.5s (avg 1.5s) | Best so far: epoch 146	train_loss: 0.1711 train_accuracy: 0.9722	val_loss: 0.1839 val_accuracy: 0.9656	test_loss: 0.1786 test_accuracy: 0.9669
train: {'epoch': 152, 'time_epoch': 1.11848, 'eta': 937.02284, 'eta_hours': 0.26028, 'loss': 0.17027474, 'lr': 0.00089264, 'params': 202600, 'time_iter': 0.02796, 'accuracy': 0.97247, 'f1': 0.97245, 'auc': 0.96274}
val: {'epoch': 152, 'time_epoch': 0.07151, 'loss': 0.1844724, 'lr': 0, 'params': 202600, 'time_iter': 0.01788, 'accuracy': 0.96008, 'f1': 0.96006, 'auc': 0.96179}
test: {'epoch': 152, 'time_epoch': 0.07051, 'loss': 0.1797157, 'lr': 0, 'params': 202600, 'time_iter': 0.01763, 'accuracy': 0.9614, 'f1': 0.96139, 'auc': 0.96306}
> Epoch 152: took 1.5s (avg 1.5s) | Best so far: epoch 146	train_loss: 0.1711 train_accuracy: 0.9722	val_loss: 0.1839 val_accuracy: 0.9656	test_loss: 0.1786 test_accuracy: 0.9669
train: {'epoch': 153, 'time_epoch': 1.13205, 'eta': 936.05809, 'eta_hours': 0.26002, 'loss': 0.16996361, 'lr': 0.00089159, 'params': 202600, 'time_iter': 0.0283, 'accuracy': 0.97272, 'f1': 0.9727, 'auc': 0.96283}
val: {'epoch': 153, 'time_epoch': 0.07029, 'loss': 0.1843858, 'lr': 0, 'params': 202600, 'time_iter': 0.01757, 'accuracy': 0.96279, 'f1': 0.96276, 'auc': 0.96054}
test: {'epoch': 153, 'time_epoch': 0.06951, 'loss': 0.18023872, 'lr': 0, 'params': 202600, 'time_iter': 0.01738, 'accuracy': 0.96434, 'f1': 0.96432, 'auc': 0.96153}
> Epoch 153: took 1.5s (avg 1.5s) | Best so far: epoch 146	train_loss: 0.1711 train_accuracy: 0.9722	val_loss: 0.1839 val_accuracy: 0.9656	test_loss: 0.1786 test_accuracy: 0.9669
train: {'epoch': 154, 'time_epoch': 1.16916, 'eta': 935.29353, 'eta_hours': 0.2598, 'loss': 0.17019747, 'lr': 0.00089054, 'params': 202600, 'time_iter': 0.02923, 'accuracy': 0.97266, 'f1': 0.97264, 'auc': 0.9628}
val: {'epoch': 154, 'time_epoch': 0.0691, 'loss': 0.18469041, 'lr': 0, 'params': 202600, 'time_iter': 0.01728, 'accuracy': 0.96253, 'f1': 0.9625, 'auc': 0.95925}
test: {'epoch': 154, 'time_epoch': 0.06651, 'loss': 0.17947356, 'lr': 0, 'params': 202600, 'time_iter': 0.01663, 'accuracy': 0.96436, 'f1': 0.96433, 'auc': 0.96051}
> Epoch 154: took 1.5s (avg 1.5s) | Best so far: epoch 146	train_loss: 0.1711 train_accuracy: 0.9722	val_loss: 0.1839 val_accuracy: 0.9656	test_loss: 0.1786 test_accuracy: 0.9669
train: {'epoch': 155, 'time_epoch': 1.08637, 'eta': 934.07583, 'eta_hours': 0.25947, 'loss': 0.17008611, 'lr': 0.00088948, 'params': 202600, 'time_iter': 0.02716, 'accuracy': 0.97275, 'f1': 0.97273, 'auc': 0.96271}
val: {'epoch': 155, 'time_epoch': 0.06851, 'loss': 0.18833542, 'lr': 0, 'params': 202600, 'time_iter': 0.01713, 'accuracy': 0.96317, 'f1': 0.96312, 'auc': 0.95882}
test: {'epoch': 155, 'time_epoch': 0.06651, 'loss': 0.1827533, 'lr': 0, 'params': 202600, 'time_iter': 0.01663, 'accuracy': 0.96441, 'f1': 0.96437, 'auc': 0.96}
> Epoch 155: took 1.5s (avg 1.5s) | Best so far: epoch 146	train_loss: 0.1711 train_accuracy: 0.9722	val_loss: 0.1839 val_accuracy: 0.9656	test_loss: 0.1786 test_accuracy: 0.9669
train: {'epoch': 156, 'time_epoch': 1.06776, 'eta': 932.75989, 'eta_hours': 0.2591, 'loss': 0.16966457, 'lr': 0.00088843, 'params': 202600, 'time_iter': 0.02669, 'accuracy': 0.97281, 'f1': 0.97279, 'auc': 0.9628}
val: {'epoch': 156, 'time_epoch': 0.06851, 'loss': 0.18495253, 'lr': 0, 'params': 202600, 'time_iter': 0.01713, 'accuracy': 0.96418, 'f1': 0.96414, 'auc': 0.9591}
test: {'epoch': 156, 'time_epoch': 0.06751, 'loss': 0.17927033, 'lr': 0, 'params': 202600, 'time_iter': 0.01688, 'accuracy': 0.96601, 'f1': 0.96598, 'auc': 0.96043}
> Epoch 156: took 1.4s (avg 1.5s) | Best so far: epoch 146	train_loss: 0.1711 train_accuracy: 0.9722	val_loss: 0.1839 val_accuracy: 0.9656	test_loss: 0.1786 test_accuracy: 0.9669
train: {'epoch': 157, 'time_epoch': 1.17245, 'eta': 932.00501, 'eta_hours': 0.25889, 'loss': 0.16953137, 'lr': 0.00088738, 'params': 202600, 'time_iter': 0.02931, 'accuracy': 0.97278, 'f1': 0.97276, 'auc': 0.96285}
val: {'epoch': 157, 'time_epoch': 0.06951, 'loss': 0.18629549, 'lr': 0, 'params': 202600, 'time_iter': 0.01738, 'accuracy': 0.96505, 'f1': 0.96502, 'auc': 0.96005}
test: {'epoch': 157, 'time_epoch': 0.068, 'loss': 0.1810271, 'lr': 0, 'params': 202600, 'time_iter': 0.017, 'accuracy': 0.96615, 'f1': 0.96612, 'auc': 0.9613}
> Epoch 157: took 1.5s (avg 1.5s) | Best so far: epoch 146	train_loss: 0.1711 train_accuracy: 0.9722	val_loss: 0.1839 val_accuracy: 0.9656	test_loss: 0.1786 test_accuracy: 0.9669
train: {'epoch': 158, 'time_epoch': 1.10017, 'eta': 930.86254, 'eta_hours': 0.25857, 'loss': 0.16952321, 'lr': 0.00088633, 'params': 202600, 'time_iter': 0.0275, 'accuracy': 0.97284, 'f1': 0.97282, 'auc': 0.96277}
val: {'epoch': 158, 'time_epoch': 0.068, 'loss': 0.18363827, 'lr': 0, 'params': 202600, 'time_iter': 0.017, 'accuracy': 0.96481, 'f1': 0.96478, 'auc': 0.95927}
test: {'epoch': 158, 'time_epoch': 0.06819, 'loss': 0.17851369, 'lr': 0, 'params': 202600, 'time_iter': 0.01705, 'accuracy': 0.9663, 'f1': 0.96627, 'auc': 0.96044}
> Epoch 158: took 1.5s (avg 1.5s) | Best so far: epoch 146	train_loss: 0.1711 train_accuracy: 0.9722	val_loss: 0.1839 val_accuracy: 0.9656	test_loss: 0.1786 test_accuracy: 0.9669
train: {'epoch': 159, 'time_epoch': 1.12452, 'eta': 929.84845, 'eta_hours': 0.25829, 'loss': 0.1691234, 'lr': 0.00088527, 'params': 202600, 'time_iter': 0.02811, 'accuracy': 0.97302, 'f1': 0.973, 'auc': 0.96273}
val: {'epoch': 159, 'time_epoch': 0.0685, 'loss': 0.18279092, 'lr': 0, 'params': 202600, 'time_iter': 0.01713, 'accuracy': 0.96449, 'f1': 0.96446, 'auc': 0.96028}
test: {'epoch': 159, 'time_epoch': 0.06751, 'loss': 0.1780304, 'lr': 0, 'params': 202600, 'time_iter': 0.01688, 'accuracy': 0.96608, 'f1': 0.96606, 'auc': 0.96169}
> Epoch 159: took 1.5s (avg 1.5s) | Best so far: epoch 146	train_loss: 0.1711 train_accuracy: 0.9722	val_loss: 0.1839 val_accuracy: 0.9656	test_loss: 0.1786 test_accuracy: 0.9669
train: {'epoch': 160, 'time_epoch': 1.07458, 'eta': 928.57273, 'eta_hours': 0.25794, 'loss': 0.1707463, 'lr': 0.00088422, 'params': 202600, 'time_iter': 0.02686, 'accuracy': 0.97241, 'f1': 0.97239, 'auc': 0.96267}
val: {'epoch': 160, 'time_epoch': 0.06951, 'loss': 0.18318053, 'lr': 0, 'params': 202600, 'time_iter': 0.01738, 'accuracy': 0.96567, 'f1': 0.96563, 'auc': 0.95999}
test: {'epoch': 160, 'time_epoch': 0.067, 'loss': 0.1776281, 'lr': 0, 'params': 202600, 'time_iter': 0.01675, 'accuracy': 0.96701, 'f1': 0.96697, 'auc': 0.96126}
> Epoch 160: took 1.4s (avg 1.5s) | Best so far: epoch 160	train_loss: 0.1707 train_accuracy: 0.9724	val_loss: 0.1832 val_accuracy: 0.9657	test_loss: 0.1776 test_accuracy: 0.9670
train: {'epoch': 161, 'time_epoch': 1.07686, 'eta': 927.31128, 'eta_hours': 0.25759, 'loss': 0.16947628, 'lr': 0.00088317, 'params': 202600, 'time_iter': 0.02692, 'accuracy': 0.97278, 'f1': 0.97277, 'auc': 0.96281}
val: {'epoch': 161, 'time_epoch': 0.0695, 'loss': 0.184176, 'lr': 0, 'params': 202600, 'time_iter': 0.01738, 'accuracy': 0.96489, 'f1': 0.96485, 'auc': 0.96046}
test: {'epoch': 161, 'time_epoch': 0.06951, 'loss': 0.17902991, 'lr': 0, 'params': 202600, 'time_iter': 0.01738, 'accuracy': 0.96597, 'f1': 0.96593, 'auc': 0.96176}
> Epoch 161: took 1.4s (avg 1.5s) | Best so far: epoch 160	train_loss: 0.1707 train_accuracy: 0.9724	val_loss: 0.1832 val_accuracy: 0.9657	test_loss: 0.1776 test_accuracy: 0.9670
train: {'epoch': 162, 'time_epoch': 1.0823, 'eta': 926.08002, 'eta_hours': 0.25724, 'loss': 0.16898586, 'lr': 0.00088212, 'params': 202600, 'time_iter': 0.02706, 'accuracy': 0.97295, 'f1': 0.97293, 'auc': 0.96283}
val: {'epoch': 162, 'time_epoch': 0.0695, 'loss': 0.18461788, 'lr': 0, 'params': 202600, 'time_iter': 0.01738, 'accuracy': 0.96218, 'f1': 0.96215, 'auc': 0.96012}
test: {'epoch': 162, 'time_epoch': 0.06751, 'loss': 0.17967996, 'lr': 0, 'params': 202600, 'time_iter': 0.01688, 'accuracy': 0.96333, 'f1': 0.96332, 'auc': 0.96137}
> Epoch 162: took 1.5s (avg 1.5s) | Best so far: epoch 160	train_loss: 0.1707 train_accuracy: 0.9724	val_loss: 0.1832 val_accuracy: 0.9657	test_loss: 0.1776 test_accuracy: 0.9670
train: {'epoch': 163, 'time_epoch': 1.06107, 'eta': 924.7424, 'eta_hours': 0.25687, 'loss': 0.16949429, 'lr': 0.00088106, 'params': 202600, 'time_iter': 0.02653, 'accuracy': 0.97281, 'f1': 0.9728, 'auc': 0.96287}
val: {'epoch': 163, 'time_epoch': 0.07351, 'loss': 0.18696338, 'lr': 0, 'params': 202600, 'time_iter': 0.01838, 'accuracy': 0.96436, 'f1': 0.96432, 'auc': 0.95839}
test: {'epoch': 163, 'time_epoch': 0.06951, 'loss': 0.18116733, 'lr': 0, 'params': 202600, 'time_iter': 0.01738, 'accuracy': 0.96562, 'f1': 0.96558, 'auc': 0.95946}
> Epoch 163: took 1.4s (avg 1.5s) | Best so far: epoch 160	train_loss: 0.1707 train_accuracy: 0.9724	val_loss: 0.1832 val_accuracy: 0.9657	test_loss: 0.1776 test_accuracy: 0.9670
train: {'epoch': 164, 'time_epoch': 1.06228, 'eta': 923.41426, 'eta_hours': 0.2565, 'loss': 0.16854782, 'lr': 0.00088001, 'params': 202600, 'time_iter': 0.02656, 'accuracy': 0.97307, 'f1': 0.97305, 'auc': 0.96279}
val: {'epoch': 164, 'time_epoch': 0.06801, 'loss': 0.1840874, 'lr': 0, 'params': 202600, 'time_iter': 0.017, 'accuracy': 0.965, 'f1': 0.96497, 'auc': 0.96116}
test: {'epoch': 164, 'time_epoch': 0.069, 'loss': 0.17854884, 'lr': 0, 'params': 202600, 'time_iter': 0.01725, 'accuracy': 0.96638, 'f1': 0.96635, 'auc': 0.96237}
> Epoch 164: took 1.4s (avg 1.5s) | Best so far: epoch 160	train_loss: 0.1707 train_accuracy: 0.9724	val_loss: 0.1832 val_accuracy: 0.9657	test_loss: 0.1776 test_accuracy: 0.9670
train: {'epoch': 165, 'time_epoch': 1.0817, 'eta': 922.18684, 'eta_hours': 0.25616, 'loss': 0.16832147, 'lr': 0.00087896, 'params': 202600, 'time_iter': 0.02704, 'accuracy': 0.97319, 'f1': 0.97317, 'auc': 0.96288}
val: {'epoch': 165, 'time_epoch': 0.06951, 'loss': 0.18420659, 'lr': 0, 'params': 202600, 'time_iter': 0.01738, 'accuracy': 0.9633, 'f1': 0.96327, 'auc': 0.96099}
test: {'epoch': 165, 'time_epoch': 0.06751, 'loss': 0.17851366, 'lr': 0, 'params': 202600, 'time_iter': 0.01688, 'accuracy': 0.96402, 'f1': 0.96399, 'auc': 0.96219}
> Epoch 165: took 1.5s (avg 1.5s) | Best so far: epoch 160	train_loss: 0.1707 train_accuracy: 0.9724	val_loss: 0.1832 val_accuracy: 0.9657	test_loss: 0.1776 test_accuracy: 0.9670
train: {'epoch': 166, 'time_epoch': 1.11676, 'eta': 921.13607, 'eta_hours': 0.25587, 'loss': 0.16829446, 'lr': 0.00087791, 'params': 202600, 'time_iter': 0.02792, 'accuracy': 0.97321, 'f1': 0.97319, 'auc': 0.9628}
val: {'epoch': 166, 'time_epoch': 0.06951, 'loss': 0.18483489, 'lr': 0, 'params': 202600, 'time_iter': 0.01738, 'accuracy': 0.9631, 'f1': 0.96307, 'auc': 0.95893}
test: {'epoch': 166, 'time_epoch': 0.06851, 'loss': 0.17964765, 'lr': 0, 'params': 202600, 'time_iter': 0.01713, 'accuracy': 0.96444, 'f1': 0.96442, 'auc': 0.96016}
> Epoch 166: took 1.5s (avg 1.5s) | Best so far: epoch 160	train_loss: 0.1707 train_accuracy: 0.9724	val_loss: 0.1832 val_accuracy: 0.9657	test_loss: 0.1776 test_accuracy: 0.9670
train: {'epoch': 167, 'time_epoch': 1.11678, 'eta': 920.0846, 'eta_hours': 0.25558, 'loss': 0.16793323, 'lr': 0.00087685, 'params': 202600, 'time_iter': 0.02792, 'accuracy': 0.97331, 'f1': 0.97329, 'auc': 0.96271}
val: {'epoch': 167, 'time_epoch': 0.06951, 'loss': 0.18534827, 'lr': 0, 'params': 202600, 'time_iter': 0.01738, 'accuracy': 0.96517, 'f1': 0.96512, 'auc': 0.9597}
test: {'epoch': 167, 'time_epoch': 0.06751, 'loss': 0.17887823, 'lr': 0, 'params': 202600, 'time_iter': 0.01688, 'accuracy': 0.96634, 'f1': 0.96631, 'auc': 0.96107}
> Epoch 167: took 1.5s (avg 1.5s) | Best so far: epoch 160	train_loss: 0.1707 train_accuracy: 0.9724	val_loss: 0.1832 val_accuracy: 0.9657	test_loss: 0.1776 test_accuracy: 0.9670
train: {'epoch': 168, 'time_epoch': 1.11387, 'eta': 919.01808, 'eta_hours': 0.25528, 'loss': 0.16806885, 'lr': 0.0008758, 'params': 202600, 'time_iter': 0.02785, 'accuracy': 0.97343, 'f1': 0.97341, 'auc': 0.96281}
val: {'epoch': 168, 'time_epoch': 0.06851, 'loss': 0.18469752, 'lr': 0, 'params': 202600, 'time_iter': 0.01713, 'accuracy': 0.96373, 'f1': 0.9637, 'auc': 0.95849}
test: {'epoch': 168, 'time_epoch': 0.067, 'loss': 0.17926204, 'lr': 0, 'params': 202600, 'time_iter': 0.01675, 'accuracy': 0.96559, 'f1': 0.96557, 'auc': 0.9601}
> Epoch 168: took 1.5s (avg 1.5s) | Best so far: epoch 160	train_loss: 0.1707 train_accuracy: 0.9724	val_loss: 0.1832 val_accuracy: 0.9657	test_loss: 0.1776 test_accuracy: 0.9670
train: {'epoch': 169, 'time_epoch': 1.09678, 'eta': 917.86753, 'eta_hours': 0.25496, 'loss': 0.1680742, 'lr': 0.00087475, 'params': 202600, 'time_iter': 0.02742, 'accuracy': 0.97333, 'f1': 0.97331, 'auc': 0.96285}
val: {'epoch': 169, 'time_epoch': 0.06751, 'loss': 0.18877673, 'lr': 0, 'params': 202600, 'time_iter': 0.01688, 'accuracy': 0.96354, 'f1': 0.96349, 'auc': 0.96024}
test: {'epoch': 169, 'time_epoch': 0.06751, 'loss': 0.18376652, 'lr': 0, 'params': 202600, 'time_iter': 0.01688, 'accuracy': 0.96393, 'f1': 0.96389, 'auc': 0.96135}
> Epoch 169: took 1.5s (avg 1.5s) | Best so far: epoch 160	train_loss: 0.1707 train_accuracy: 0.9724	val_loss: 0.1832 val_accuracy: 0.9657	test_loss: 0.1776 test_accuracy: 0.9670
train: {'epoch': 170, 'time_epoch': 1.10064, 'eta': 916.73634, 'eta_hours': 0.25465, 'loss': 0.1674198, 'lr': 0.0008737, 'params': 202600, 'time_iter': 0.02752, 'accuracy': 0.97345, 'f1': 0.97343, 'auc': 0.9628}
val: {'epoch': 170, 'time_epoch': 0.06751, 'loss': 0.18568613, 'lr': 0, 'params': 202600, 'time_iter': 0.01688, 'accuracy': 0.95839, 'f1': 0.95838, 'auc': 0.96042}
test: {'epoch': 170, 'time_epoch': 0.06751, 'loss': 0.18017472, 'lr': 0, 'params': 202600, 'time_iter': 0.01688, 'accuracy': 0.96106, 'f1': 0.96105, 'auc': 0.96165}
> Epoch 170: took 1.5s (avg 1.5s) | Best so far: epoch 160	train_loss: 0.1707 train_accuracy: 0.9724	val_loss: 0.1832 val_accuracy: 0.9657	test_loss: 0.1776 test_accuracy: 0.9670
train: {'epoch': 171, 'time_epoch': 1.10087, 'eta': 915.60658, 'eta_hours': 0.25434, 'loss': 0.1677028, 'lr': 0.00087264, 'params': 202600, 'time_iter': 0.02752, 'accuracy': 0.97341, 'f1': 0.9734, 'auc': 0.96284}
val: {'epoch': 171, 'time_epoch': 0.06952, 'loss': 0.18535511, 'lr': 0, 'params': 202600, 'time_iter': 0.01738, 'accuracy': 0.96067, 'f1': 0.96065, 'auc': 0.96225}
test: {'epoch': 171, 'time_epoch': 0.06719, 'loss': 0.1803128, 'lr': 0, 'params': 202600, 'time_iter': 0.0168, 'accuracy': 0.96193, 'f1': 0.96191, 'auc': 0.96347}
> Epoch 171: took 1.5s (avg 1.5s) | Best so far: epoch 160	train_loss: 0.1707 train_accuracy: 0.9724	val_loss: 0.1832 val_accuracy: 0.9657	test_loss: 0.1776 test_accuracy: 0.9670
train: {'epoch': 172, 'time_epoch': 1.13509, 'eta': 914.64077, 'eta_hours': 0.25407, 'loss': 0.16867704, 'lr': 0.00087159, 'params': 202600, 'time_iter': 0.02838, 'accuracy': 0.97305, 'f1': 0.97303, 'auc': 0.96305}
val: {'epoch': 172, 'time_epoch': 0.06851, 'loss': 0.18358498, 'lr': 0, 'params': 202600, 'time_iter': 0.01713, 'accuracy': 0.96524, 'f1': 0.9652, 'auc': 0.96007}
test: {'epoch': 172, 'time_epoch': 0.068, 'loss': 0.1779837, 'lr': 0, 'params': 202600, 'time_iter': 0.017, 'accuracy': 0.96591, 'f1': 0.96588, 'auc': 0.96129}
> Epoch 172: took 1.5s (avg 1.5s) | Best so far: epoch 160	train_loss: 0.1707 train_accuracy: 0.9724	val_loss: 0.1832 val_accuracy: 0.9657	test_loss: 0.1776 test_accuracy: 0.9670
train: {'epoch': 173, 'time_epoch': 1.14346, 'eta': 913.71274, 'eta_hours': 0.25381, 'loss': 0.16775176, 'lr': 0.00087054, 'params': 202600, 'time_iter': 0.02859, 'accuracy': 0.97348, 'f1': 0.97346, 'auc': 0.96275}
val: {'epoch': 173, 'time_epoch': 0.06801, 'loss': 0.18484512, 'lr': 0, 'params': 202600, 'time_iter': 0.017, 'accuracy': 0.96522, 'f1': 0.96519, 'auc': 0.95875}
test: {'epoch': 173, 'time_epoch': 0.06751, 'loss': 0.17926107, 'lr': 0, 'params': 202600, 'time_iter': 0.01688, 'accuracy': 0.96645, 'f1': 0.96643, 'auc': 0.95991}
> Epoch 173: took 1.5s (avg 1.5s) | Best so far: epoch 160	train_loss: 0.1707 train_accuracy: 0.9724	val_loss: 0.1832 val_accuracy: 0.9657	test_loss: 0.1776 test_accuracy: 0.9670
train: {'epoch': 174, 'time_epoch': 1.23502, 'eta': 913.21389, 'eta_hours': 0.25367, 'loss': 0.16702054, 'lr': 0.00086949, 'params': 202600, 'time_iter': 0.03088, 'accuracy': 0.97369, 'f1': 0.97367, 'auc': 0.96281}
val: {'epoch': 174, 'time_epoch': 0.06951, 'loss': 0.18382067, 'lr': 0, 'params': 202600, 'time_iter': 0.01738, 'accuracy': 0.96556, 'f1': 0.96552, 'auc': 0.95904}
test: {'epoch': 174, 'time_epoch': 0.06701, 'loss': 0.17820939, 'lr': 0, 'params': 202600, 'time_iter': 0.01675, 'accuracy': 0.96755, 'f1': 0.96752, 'auc': 0.96033}
> Epoch 174: took 1.6s (avg 1.5s) | Best so far: epoch 160	train_loss: 0.1707 train_accuracy: 0.9724	val_loss: 0.1832 val_accuracy: 0.9657	test_loss: 0.1776 test_accuracy: 0.9670
train: {'epoch': 175, 'time_epoch': 1.10796, 'eta': 912.11181, 'eta_hours': 0.25336, 'loss': 0.16679762, 'lr': 0.00086843, 'params': 202600, 'time_iter': 0.0277, 'accuracy': 0.97374, 'f1': 0.97372, 'auc': 0.96276}
val: {'epoch': 175, 'time_epoch': 0.06851, 'loss': 0.18271865, 'lr': 0, 'params': 202600, 'time_iter': 0.01713, 'accuracy': 0.9639, 'f1': 0.96387, 'auc': 0.96082}
test: {'epoch': 175, 'time_epoch': 0.068, 'loss': 0.17704833, 'lr': 0, 'params': 202600, 'time_iter': 0.017, 'accuracy': 0.96547, 'f1': 0.96545, 'auc': 0.96195}
> Epoch 175: took 1.5s (avg 1.5s) | Best so far: epoch 160	train_loss: 0.1707 train_accuracy: 0.9724	val_loss: 0.1832 val_accuracy: 0.9657	test_loss: 0.1776 test_accuracy: 0.9670
train: {'epoch': 176, 'time_epoch': 1.09551, 'eta': 910.95178, 'eta_hours': 0.25304, 'loss': 0.16711244, 'lr': 0.00086738, 'params': 202600, 'time_iter': 0.02739, 'accuracy': 0.97369, 'f1': 0.97368, 'auc': 0.96297}
val: {'epoch': 176, 'time_epoch': 0.067, 'loss': 0.18324913, 'lr': 0, 'params': 202600, 'time_iter': 0.01675, 'accuracy': 0.96553, 'f1': 0.9655, 'auc': 0.95996}
test: {'epoch': 176, 'time_epoch': 0.0695, 'loss': 0.17788365, 'lr': 0, 'params': 202600, 'time_iter': 0.01738, 'accuracy': 0.96712, 'f1': 0.96709, 'auc': 0.96099}
> Epoch 176: took 1.5s (avg 1.5s) | Best so far: epoch 160	train_loss: 0.1707 train_accuracy: 0.9724	val_loss: 0.1832 val_accuracy: 0.9657	test_loss: 0.1776 test_accuracy: 0.9670
train: {'epoch': 177, 'time_epoch': 1.07976, 'eta': 909.71975, 'eta_hours': 0.2527, 'loss': 0.16666992, 'lr': 0.00086633, 'params': 202600, 'time_iter': 0.02699, 'accuracy': 0.97373, 'f1': 0.97371, 'auc': 0.96286}
val: {'epoch': 177, 'time_epoch': 0.06751, 'loss': 0.1838271, 'lr': 0, 'params': 202600, 'time_iter': 0.01688, 'accuracy': 0.96365, 'f1': 0.96362, 'auc': 0.95922}
test: {'epoch': 177, 'time_epoch': 0.06751, 'loss': 0.17809302, 'lr': 0, 'params': 202600, 'time_iter': 0.01688, 'accuracy': 0.96586, 'f1': 0.96583, 'auc': 0.96065}
> Epoch 177: took 1.4s (avg 1.5s) | Best so far: epoch 160	train_loss: 0.1707 train_accuracy: 0.9724	val_loss: 0.1832 val_accuracy: 0.9657	test_loss: 0.1776 test_accuracy: 0.9670
train: {'epoch': 178, 'time_epoch': 1.12303, 'eta': 908.68786, 'eta_hours': 0.25241, 'loss': 0.16636071, 'lr': 0.00086528, 'params': 202600, 'time_iter': 0.02808, 'accuracy': 0.97384, 'f1': 0.97382, 'auc': 0.96301}
val: {'epoch': 178, 'time_epoch': 0.06751, 'loss': 0.18366632, 'lr': 0, 'params': 202600, 'time_iter': 0.01688, 'accuracy': 0.9643, 'f1': 0.96427, 'auc': 0.96001}
test: {'epoch': 178, 'time_epoch': 0.068, 'loss': 0.17733648, 'lr': 0, 'params': 202600, 'time_iter': 0.017, 'accuracy': 0.96559, 'f1': 0.96556, 'auc': 0.9614}
> Epoch 178: took 1.5s (avg 1.5s) | Best so far: epoch 160	train_loss: 0.1707 train_accuracy: 0.9724	val_loss: 0.1832 val_accuracy: 0.9657	test_loss: 0.1776 test_accuracy: 0.9670
train: {'epoch': 179, 'time_epoch': 1.12324, 'eta': 907.65593, 'eta_hours': 0.25213, 'loss': 0.16637633, 'lr': 0.00086422, 'params': 202600, 'time_iter': 0.02808, 'accuracy': 0.97396, 'f1': 0.97394, 'auc': 0.96295}
val: {'epoch': 179, 'time_epoch': 0.07051, 'loss': 0.18405735, 'lr': 0, 'params': 202600, 'time_iter': 0.01763, 'accuracy': 0.96378, 'f1': 0.96375, 'auc': 0.96081}
test: {'epoch': 179, 'time_epoch': 0.06701, 'loss': 0.17776141, 'lr': 0, 'params': 202600, 'time_iter': 0.01675, 'accuracy': 0.96506, 'f1': 0.96504, 'auc': 0.96212}
> Epoch 179: took 1.5s (avg 1.5s) | Best so far: epoch 160	train_loss: 0.1707 train_accuracy: 0.9724	val_loss: 0.1832 val_accuracy: 0.9657	test_loss: 0.1776 test_accuracy: 0.9670
train: {'epoch': 180, 'time_epoch': 1.0909, 'eta': 906.47663, 'eta_hours': 0.2518, 'loss': 0.16589054, 'lr': 0.00086317, 'params': 202600, 'time_iter': 0.02727, 'accuracy': 0.97407, 'f1': 0.97405, 'auc': 0.96295}
val: {'epoch': 180, 'time_epoch': 0.069, 'loss': 0.18537062, 'lr': 0, 'params': 202600, 'time_iter': 0.01725, 'accuracy': 0.96473, 'f1': 0.96469, 'auc': 0.95917}
test: {'epoch': 180, 'time_epoch': 0.06651, 'loss': 0.17926203, 'lr': 0, 'params': 202600, 'time_iter': 0.01663, 'accuracy': 0.9661, 'f1': 0.96607, 'auc': 0.96058}
> Epoch 180: took 1.5s (avg 1.5s) | Best so far: epoch 160	train_loss: 0.1707 train_accuracy: 0.9724	val_loss: 0.1832 val_accuracy: 0.9657	test_loss: 0.1776 test_accuracy: 0.9670
train: {'epoch': 181, 'time_epoch': 1.06079, 'eta': 905.16297, 'eta_hours': 0.25143, 'loss': 0.16613014, 'lr': 0.00086212, 'params': 202600, 'time_iter': 0.02652, 'accuracy': 0.97393, 'f1': 0.97391, 'auc': 0.96303}
val: {'epoch': 181, 'time_epoch': 0.06879, 'loss': 0.1837529, 'lr': 0, 'params': 202600, 'time_iter': 0.0172, 'accuracy': 0.96372, 'f1': 0.96369, 'auc': 0.95973}
test: {'epoch': 181, 'time_epoch': 0.067, 'loss': 0.17817455, 'lr': 0, 'params': 202600, 'time_iter': 0.01675, 'accuracy': 0.96524, 'f1': 0.96521, 'auc': 0.96109}
> Epoch 181: took 1.4s (avg 1.5s) | Best so far: epoch 160	train_loss: 0.1707 train_accuracy: 0.9724	val_loss: 0.1832 val_accuracy: 0.9657	test_loss: 0.1776 test_accuracy: 0.9670
train: {'epoch': 182, 'time_epoch': 1.05392, 'eta': 903.82141, 'eta_hours': 0.25106, 'loss': 0.16600828, 'lr': 0.00086107, 'params': 202600, 'time_iter': 0.02635, 'accuracy': 0.97407, 'f1': 0.97406, 'auc': 0.96307}
val: {'epoch': 182, 'time_epoch': 0.07651, 'loss': 0.18510879, 'lr': 0, 'params': 202600, 'time_iter': 0.01913, 'accuracy': 0.96509, 'f1': 0.96506, 'auc': 0.95872}
test: {'epoch': 182, 'time_epoch': 0.07821, 'loss': 0.17889208, 'lr': 0, 'params': 202600, 'time_iter': 0.01955, 'accuracy': 0.9667, 'f1': 0.96667, 'auc': 0.9602}
> Epoch 182: took 1.5s (avg 1.5s) | Best so far: epoch 160	train_loss: 0.1707 train_accuracy: 0.9724	val_loss: 0.1832 val_accuracy: 0.9657	test_loss: 0.1776 test_accuracy: 0.9670
train: {'epoch': 183, 'time_epoch': 1.22098, 'eta': 903.22385, 'eta_hours': 0.2509, 'loss': 0.16587358, 'lr': 0.00086001, 'params': 202600, 'time_iter': 0.03052, 'accuracy': 0.97395, 'f1': 0.97394, 'auc': 0.96282}
val: {'epoch': 183, 'time_epoch': 0.07351, 'loss': 0.18307777, 'lr': 0, 'params': 202600, 'time_iter': 0.01838, 'accuracy': 0.96257, 'f1': 0.96255, 'auc': 0.96086}
test: {'epoch': 183, 'time_epoch': 0.07302, 'loss': 0.17726396, 'lr': 0, 'params': 202600, 'time_iter': 0.01825, 'accuracy': 0.96433, 'f1': 0.96431, 'auc': 0.96228}
> Epoch 183: took 1.6s (avg 1.5s) | Best so far: epoch 160	train_loss: 0.1707 train_accuracy: 0.9724	val_loss: 0.1832 val_accuracy: 0.9657	test_loss: 0.1776 test_accuracy: 0.9670
train: {'epoch': 184, 'time_epoch': 1.17563, 'eta': 902.41976, 'eta_hours': 0.25067, 'loss': 0.16612139, 'lr': 0.00085896, 'params': 202600, 'time_iter': 0.02939, 'accuracy': 0.97387, 'f1': 0.97386, 'auc': 0.96301}
val: {'epoch': 184, 'time_epoch': 0.07051, 'loss': 0.1811846, 'lr': 0, 'params': 202600, 'time_iter': 0.01763, 'accuracy': 0.96604, 'f1': 0.96601, 'auc': 0.96068}
test: {'epoch': 184, 'time_epoch': 0.068, 'loss': 0.17552623, 'lr': 0, 'params': 202600, 'time_iter': 0.017, 'accuracy': 0.96776, 'f1': 0.96773, 'auc': 0.9616}
> Epoch 184: took 1.5s (avg 1.5s) | Best so far: epoch 184	train_loss: 0.1661 train_accuracy: 0.9739	val_loss: 0.1812 val_accuracy: 0.9660	test_loss: 0.1755 test_accuracy: 0.9678
train: {'epoch': 185, 'time_epoch': 1.21204, 'eta': 901.77103, 'eta_hours': 0.25049, 'loss': 0.16583251, 'lr': 0.00085791, 'params': 202600, 'time_iter': 0.0303, 'accuracy': 0.97421, 'f1': 0.97419, 'auc': 0.96297}
val: {'epoch': 185, 'time_epoch': 0.06851, 'loss': 0.18361927, 'lr': 0, 'params': 202600, 'time_iter': 0.01713, 'accuracy': 0.96529, 'f1': 0.96525, 'auc': 0.95931}
test: {'epoch': 185, 'time_epoch': 0.068, 'loss': 0.17784547, 'lr': 0, 'params': 202600, 'time_iter': 0.017, 'accuracy': 0.96683, 'f1': 0.9668, 'auc': 0.96046}
> Epoch 185: took 1.6s (avg 1.5s) | Best so far: epoch 184	train_loss: 0.1661 train_accuracy: 0.9739	val_loss: 0.1812 val_accuracy: 0.9660	test_loss: 0.1755 test_accuracy: 0.9678
train: {'epoch': 186, 'time_epoch': 1.10278, 'eta': 900.64124, 'eta_hours': 0.25018, 'loss': 0.16567743, 'lr': 0.00085686, 'params': 202600, 'time_iter': 0.02757, 'accuracy': 0.97395, 'f1': 0.97394, 'auc': 0.9629}
val: {'epoch': 186, 'time_epoch': 0.06875, 'loss': 0.1827852, 'lr': 0, 'params': 202600, 'time_iter': 0.01719, 'accuracy': 0.96499, 'f1': 0.96497, 'auc': 0.95837}
test: {'epoch': 186, 'time_epoch': 0.07151, 'loss': 0.17784639, 'lr': 0, 'params': 202600, 'time_iter': 0.01788, 'accuracy': 0.96725, 'f1': 0.96722, 'auc': 0.95949}
> Epoch 186: took 1.5s (avg 1.5s) | Best so far: epoch 184	train_loss: 0.1661 train_accuracy: 0.9739	val_loss: 0.1812 val_accuracy: 0.9660	test_loss: 0.1755 test_accuracy: 0.9678
train: {'epoch': 187, 'time_epoch': 1.13256, 'eta': 899.64039, 'eta_hours': 0.2499, 'loss': 0.16547496, 'lr': 0.0008558, 'params': 202600, 'time_iter': 0.02831, 'accuracy': 0.97421, 'f1': 0.97419, 'auc': 0.9631}
val: {'epoch': 187, 'time_epoch': 0.069, 'loss': 0.18645057, 'lr': 0, 'params': 202600, 'time_iter': 0.01725, 'accuracy': 0.96478, 'f1': 0.96474, 'auc': 0.95883}
test: {'epoch': 187, 'time_epoch': 0.071, 'loss': 0.18064574, 'lr': 0, 'params': 202600, 'time_iter': 0.01775, 'accuracy': 0.96547, 'f1': 0.96543, 'auc': 0.96006}
> Epoch 187: took 1.5s (avg 1.5s) | Best so far: epoch 184	train_loss: 0.1661 train_accuracy: 0.9739	val_loss: 0.1812 val_accuracy: 0.9660	test_loss: 0.1755 test_accuracy: 0.9678
train: {'epoch': 188, 'time_epoch': 1.07102, 'eta': 898.37405, 'eta_hours': 0.24955, 'loss': 0.16549027, 'lr': 0.00085475, 'params': 202600, 'time_iter': 0.02678, 'accuracy': 0.97414, 'f1': 0.97412, 'auc': 0.96304}
val: {'epoch': 188, 'time_epoch': 0.06851, 'loss': 0.18658141, 'lr': 0, 'params': 202600, 'time_iter': 0.01713, 'accuracy': 0.9611, 'f1': 0.96109, 'auc': 0.95935}
test: {'epoch': 188, 'time_epoch': 0.0675, 'loss': 0.18134066, 'lr': 0, 'params': 202600, 'time_iter': 0.01688, 'accuracy': 0.96219, 'f1': 0.96218, 'auc': 0.9606}
> Epoch 188: took 1.4s (avg 1.5s) | Best so far: epoch 184	train_loss: 0.1661 train_accuracy: 0.9739	val_loss: 0.1812 val_accuracy: 0.9660	test_loss: 0.1755 test_accuracy: 0.9678
train: {'epoch': 189, 'time_epoch': 1.06471, 'eta': 897.08291, 'eta_hours': 0.24919, 'loss': 0.16612923, 'lr': 0.0008537, 'params': 202600, 'time_iter': 0.02662, 'accuracy': 0.97394, 'f1': 0.97393, 'auc': 0.96318}
val: {'epoch': 189, 'time_epoch': 0.0685, 'loss': 0.1829365, 'lr': 0, 'params': 202600, 'time_iter': 0.01713, 'accuracy': 0.96706, 'f1': 0.96702, 'auc': 0.95819}
test: {'epoch': 189, 'time_epoch': 0.06851, 'loss': 0.17688915, 'lr': 0, 'params': 202600, 'time_iter': 0.01713, 'accuracy': 0.96854, 'f1': 0.96851, 'auc': 0.95963}
> Epoch 189: took 1.4s (avg 1.5s) | Best so far: epoch 189	train_loss: 0.1661 train_accuracy: 0.9739	val_loss: 0.1829 val_accuracy: 0.9671	test_loss: 0.1769 test_accuracy: 0.9685
train: {'epoch': 190, 'time_epoch': 1.07386, 'eta': 895.83289, 'eta_hours': 0.24884, 'loss': 0.16513442, 'lr': 0.00085265, 'params': 202600, 'time_iter': 0.02685, 'accuracy': 0.97421, 'f1': 0.97419, 'auc': 0.963}
val: {'epoch': 190, 'time_epoch': 0.07101, 'loss': 0.18555323, 'lr': 0, 'params': 202600, 'time_iter': 0.01775, 'accuracy': 0.9654, 'f1': 0.96536, 'auc': 0.95892}
test: {'epoch': 190, 'time_epoch': 0.06651, 'loss': 0.17929122, 'lr': 0, 'params': 202600, 'time_iter': 0.01663, 'accuracy': 0.9668, 'f1': 0.96677, 'auc': 0.96022}
> Epoch 190: took 1.4s (avg 1.5s) | Best so far: epoch 189	train_loss: 0.1661 train_accuracy: 0.9739	val_loss: 0.1829 val_accuracy: 0.9671	test_loss: 0.1769 test_accuracy: 0.9685
train: {'epoch': 191, 'time_epoch': 1.09609, 'eta': 894.67823, 'eta_hours': 0.24852, 'loss': 0.16529244, 'lr': 0.00085159, 'params': 202600, 'time_iter': 0.0274, 'accuracy': 0.97426, 'f1': 0.97425, 'auc': 0.96301}
val: {'epoch': 191, 'time_epoch': 0.07, 'loss': 0.18399544, 'lr': 0, 'params': 202600, 'time_iter': 0.0175, 'accuracy': 0.96604, 'f1': 0.96601, 'auc': 0.95927}
test: {'epoch': 191, 'time_epoch': 0.067, 'loss': 0.17764322, 'lr': 0, 'params': 202600, 'time_iter': 0.01675, 'accuracy': 0.96748, 'f1': 0.96745, 'auc': 0.96062}
> Epoch 191: took 1.5s (avg 1.5s) | Best so far: epoch 189	train_loss: 0.1661 train_accuracy: 0.9739	val_loss: 0.1829 val_accuracy: 0.9671	test_loss: 0.1769 test_accuracy: 0.9685
train: {'epoch': 192, 'time_epoch': 1.11777, 'eta': 893.61484, 'eta_hours': 0.24823, 'loss': 0.16544068, 'lr': 0.00085054, 'params': 202600, 'time_iter': 0.02794, 'accuracy': 0.97425, 'f1': 0.97424, 'auc': 0.96305}
val: {'epoch': 192, 'time_epoch': 0.069, 'loss': 0.18285066, 'lr': 0, 'params': 202600, 'time_iter': 0.01725, 'accuracy': 0.96546, 'f1': 0.96543, 'auc': 0.95836}
test: {'epoch': 192, 'time_epoch': 0.067, 'loss': 0.17658344, 'lr': 0, 'params': 202600, 'time_iter': 0.01675, 'accuracy': 0.96729, 'f1': 0.96726, 'auc': 0.95975}
> Epoch 192: took 1.5s (avg 1.5s) | Best so far: epoch 189	train_loss: 0.1661 train_accuracy: 0.9739	val_loss: 0.1829 val_accuracy: 0.9671	test_loss: 0.1769 test_accuracy: 0.9685
train: {'epoch': 193, 'time_epoch': 1.10374, 'eta': 892.4926, 'eta_hours': 0.24791, 'loss': 0.1653704, 'lr': 0.00084949, 'params': 202600, 'time_iter': 0.02759, 'accuracy': 0.97411, 'f1': 0.97409, 'auc': 0.96282}
val: {'epoch': 193, 'time_epoch': 0.06751, 'loss': 0.18459923, 'lr': 0, 'params': 202600, 'time_iter': 0.01688, 'accuracy': 0.95968, 'f1': 0.95966, 'auc': 0.95981}
test: {'epoch': 193, 'time_epoch': 0.07651, 'loss': 0.17869922, 'lr': 0, 'params': 202600, 'time_iter': 0.01913, 'accuracy': 0.96204, 'f1': 0.96202, 'auc': 0.96106}
> Epoch 193: took 1.5s (avg 1.5s) | Best so far: epoch 189	train_loss: 0.1661 train_accuracy: 0.9739	val_loss: 0.1829 val_accuracy: 0.9671	test_loss: 0.1769 test_accuracy: 0.9685
train: {'epoch': 194, 'time_epoch': 1.09188, 'eta': 891.32159, 'eta_hours': 0.24759, 'loss': 0.16504273, 'lr': 0.00084844, 'params': 202600, 'time_iter': 0.0273, 'accuracy': 0.97432, 'f1': 0.9743, 'auc': 0.96297}
val: {'epoch': 194, 'time_epoch': 0.07751, 'loss': 0.18283104, 'lr': 0, 'params': 202600, 'time_iter': 0.01938, 'accuracy': 0.96608, 'f1': 0.96605, 'auc': 0.9581}
test: {'epoch': 194, 'time_epoch': 0.06851, 'loss': 0.17698778, 'lr': 0, 'params': 202600, 'time_iter': 0.01713, 'accuracy': 0.96766, 'f1': 0.96763, 'auc': 0.95945}
> Epoch 194: took 1.5s (avg 1.5s) | Best so far: epoch 189	train_loss: 0.1661 train_accuracy: 0.9739	val_loss: 0.1829 val_accuracy: 0.9671	test_loss: 0.1769 test_accuracy: 0.9685
train: {'epoch': 195, 'time_epoch': 1.10205, 'eta': 890.19311, 'eta_hours': 0.24728, 'loss': 0.16443568, 'lr': 0.00084738, 'params': 202600, 'time_iter': 0.02755, 'accuracy': 0.97455, 'f1': 0.97454, 'auc': 0.96295}
val: {'epoch': 195, 'time_epoch': 0.06851, 'loss': 0.1817388, 'lr': 0, 'params': 202600, 'time_iter': 0.01713, 'accuracy': 0.96722, 'f1': 0.96718, 'auc': 0.9584}
test: {'epoch': 195, 'time_epoch': 0.06851, 'loss': 0.17606142, 'lr': 0, 'params': 202600, 'time_iter': 0.01713, 'accuracy': 0.96821, 'f1': 0.96818, 'auc': 0.9595}
> Epoch 195: took 1.5s (avg 1.5s) | Best so far: epoch 195	train_loss: 0.1644 train_accuracy: 0.9746	val_loss: 0.1817 val_accuracy: 0.9672	test_loss: 0.1761 test_accuracy: 0.9682
train: {'epoch': 196, 'time_epoch': 1.08141, 'eta': 888.98075, 'eta_hours': 0.24694, 'loss': 0.16450356, 'lr': 0.00084633, 'params': 202600, 'time_iter': 0.02704, 'accuracy': 0.9744, 'f1': 0.97438, 'auc': 0.96303}
val: {'epoch': 196, 'time_epoch': 0.06951, 'loss': 0.18191424, 'lr': 0, 'params': 202600, 'time_iter': 0.01738, 'accuracy': 0.96685, 'f1': 0.96681, 'auc': 0.95962}
test: {'epoch': 196, 'time_epoch': 0.068, 'loss': 0.1760181, 'lr': 0, 'params': 202600, 'time_iter': 0.017, 'accuracy': 0.96806, 'f1': 0.96803, 'auc': 0.96093}
> Epoch 196: took 1.5s (avg 1.5s) | Best so far: epoch 195	train_loss: 0.1644 train_accuracy: 0.9746	val_loss: 0.1817 val_accuracy: 0.9672	test_loss: 0.1761 test_accuracy: 0.9682
train: {'epoch': 197, 'time_epoch': 1.1108, 'eta': 887.88878, 'eta_hours': 0.24664, 'loss': 0.1647211, 'lr': 0.00084528, 'params': 202600, 'time_iter': 0.02777, 'accuracy': 0.97431, 'f1': 0.9743, 'auc': 0.96292}
val: {'epoch': 197, 'time_epoch': 0.06751, 'loss': 0.18299317, 'lr': 0, 'params': 202600, 'time_iter': 0.01688, 'accuracy': 0.9647, 'f1': 0.96468, 'auc': 0.95954}
test: {'epoch': 197, 'time_epoch': 0.06901, 'loss': 0.17725824, 'lr': 0, 'params': 202600, 'time_iter': 0.01725, 'accuracy': 0.96652, 'f1': 0.9665, 'auc': 0.96098}
> Epoch 197: took 1.5s (avg 1.5s) | Best so far: epoch 195	train_loss: 0.1644 train_accuracy: 0.9746	val_loss: 0.1817 val_accuracy: 0.9672	test_loss: 0.1761 test_accuracy: 0.9682
train: {'epoch': 198, 'time_epoch': 1.09814, 'eta': 886.74567, 'eta_hours': 0.24632, 'loss': 0.16444441, 'lr': 0.00084423, 'params': 202600, 'time_iter': 0.02745, 'accuracy': 0.97448, 'f1': 0.97446, 'auc': 0.96284}
val: {'epoch': 198, 'time_epoch': 0.06931, 'loss': 0.18368898, 'lr': 0, 'params': 202600, 'time_iter': 0.01733, 'accuracy': 0.96655, 'f1': 0.96652, 'auc': 0.95803}
test: {'epoch': 198, 'time_epoch': 0.06751, 'loss': 0.17880469, 'lr': 0, 'params': 202600, 'time_iter': 0.01688, 'accuracy': 0.96787, 'f1': 0.96784, 'auc': 0.95928}
> Epoch 198: took 1.5s (avg 1.5s) | Best so far: epoch 195	train_loss: 0.1644 train_accuracy: 0.9746	val_loss: 0.1817 val_accuracy: 0.9672	test_loss: 0.1761 test_accuracy: 0.9682
train: {'epoch': 199, 'time_epoch': 1.10757, 'eta': 885.64073, 'eta_hours': 0.24601, 'loss': 0.16461912, 'lr': 0.00084317, 'params': 202600, 'time_iter': 0.02769, 'accuracy': 0.9744, 'f1': 0.97438, 'auc': 0.96301}
val: {'epoch': 199, 'time_epoch': 0.06851, 'loss': 0.18336026, 'lr': 0, 'params': 202600, 'time_iter': 0.01713, 'accuracy': 0.96319, 'f1': 0.96316, 'auc': 0.96129}
test: {'epoch': 199, 'time_epoch': 0.067, 'loss': 0.17830834, 'lr': 0, 'params': 202600, 'time_iter': 0.01675, 'accuracy': 0.96506, 'f1': 0.96504, 'auc': 0.96227}
> Epoch 199: took 1.5s (avg 1.5s) | Best so far: epoch 195	train_loss: 0.1644 train_accuracy: 0.9746	val_loss: 0.1817 val_accuracy: 0.9672	test_loss: 0.1761 test_accuracy: 0.9682
train: {'epoch': 200, 'time_epoch': 1.12337, 'eta': 884.59856, 'eta_hours': 0.24572, 'loss': 0.16444501, 'lr': 0.00084212, 'params': 202600, 'time_iter': 0.02808, 'accuracy': 0.97442, 'f1': 0.9744, 'auc': 0.96304}
val: {'epoch': 200, 'time_epoch': 0.069, 'loss': 0.18334138, 'lr': 0, 'params': 202600, 'time_iter': 0.01725, 'accuracy': 0.96705, 'f1': 0.96701, 'auc': 0.95767}
test: {'epoch': 200, 'time_epoch': 0.07, 'loss': 0.17777564, 'lr': 0, 'params': 202600, 'time_iter': 0.0175, 'accuracy': 0.96847, 'f1': 0.96844, 'auc': 0.95902}
> Epoch 200: took 1.5s (avg 1.5s) | Best so far: epoch 195	train_loss: 0.1644 train_accuracy: 0.9746	val_loss: 0.1817 val_accuracy: 0.9672	test_loss: 0.1761 test_accuracy: 0.9682
train: {'epoch': 201, 'time_epoch': 1.2363, 'eta': 884.00169, 'eta_hours': 0.24556, 'loss': 0.16383173, 'lr': 0.00084107, 'params': 202600, 'time_iter': 0.03091, 'accuracy': 0.97458, 'f1': 0.97456, 'auc': 0.96295}
val: {'epoch': 201, 'time_epoch': 0.06852, 'loss': 0.18214464, 'lr': 0, 'params': 202600, 'time_iter': 0.01713, 'accuracy': 0.96688, 'f1': 0.96684, 'auc': 0.95974}
test: {'epoch': 201, 'time_epoch': 0.068, 'loss': 0.17706181, 'lr': 0, 'params': 202600, 'time_iter': 0.017, 'accuracy': 0.96808, 'f1': 0.96805, 'auc': 0.96095}
> Epoch 201: took 1.6s (avg 1.5s) | Best so far: epoch 195	train_loss: 0.1644 train_accuracy: 0.9746	val_loss: 0.1817 val_accuracy: 0.9672	test_loss: 0.1761 test_accuracy: 0.9682
train: {'epoch': 202, 'time_epoch': 1.10868, 'eta': 882.8975, 'eta_hours': 0.24525, 'loss': 0.16391411, 'lr': 0.00084002, 'params': 202600, 'time_iter': 0.02772, 'accuracy': 0.97452, 'f1': 0.9745, 'auc': 0.96309}
val: {'epoch': 202, 'time_epoch': 0.068, 'loss': 0.18405881, 'lr': 0, 'params': 202600, 'time_iter': 0.017, 'accuracy': 0.96364, 'f1': 0.96361, 'auc': 0.95871}
test: {'epoch': 202, 'time_epoch': 0.067, 'loss': 0.17899466, 'lr': 0, 'params': 202600, 'time_iter': 0.01675, 'accuracy': 0.96466, 'f1': 0.96464, 'auc': 0.95986}
> Epoch 202: took 1.5s (avg 1.5s) | Best so far: epoch 195	train_loss: 0.1644 train_accuracy: 0.9746	val_loss: 0.1817 val_accuracy: 0.9672	test_loss: 0.1761 test_accuracy: 0.9682
train: {'epoch': 203, 'time_epoch': 1.09755, 'eta': 881.74983, 'eta_hours': 0.24493, 'loss': 0.16410582, 'lr': 0.00083896, 'params': 202600, 'time_iter': 0.02744, 'accuracy': 0.97439, 'f1': 0.97438, 'auc': 0.96301}
val: {'epoch': 203, 'time_epoch': 0.06951, 'loss': 0.1816217, 'lr': 0, 'params': 202600, 'time_iter': 0.01738, 'accuracy': 0.96616, 'f1': 0.96614, 'auc': 0.96072}
test: {'epoch': 203, 'time_epoch': 0.06751, 'loss': 0.17588039, 'lr': 0, 'params': 202600, 'time_iter': 0.01688, 'accuracy': 0.96742, 'f1': 0.96739, 'auc': 0.9619}
> Epoch 203: took 1.5s (avg 1.5s) | Best so far: epoch 195	train_loss: 0.1644 train_accuracy: 0.9746	val_loss: 0.1817 val_accuracy: 0.9672	test_loss: 0.1761 test_accuracy: 0.9682
train: {'epoch': 204, 'time_epoch': 1.10528, 'eta': 880.63263, 'eta_hours': 0.24462, 'loss': 0.16375429, 'lr': 0.00083791, 'params': 202600, 'time_iter': 0.02763, 'accuracy': 0.97454, 'f1': 0.97453, 'auc': 0.96313}
val: {'epoch': 204, 'time_epoch': 0.06951, 'loss': 0.18432797, 'lr': 0, 'params': 202600, 'time_iter': 0.01738, 'accuracy': 0.96668, 'f1': 0.96665, 'auc': 0.9589}
test: {'epoch': 204, 'time_epoch': 0.06851, 'loss': 0.17801774, 'lr': 0, 'params': 202600, 'time_iter': 0.01713, 'accuracy': 0.96746, 'f1': 0.96743, 'auc': 0.96036}
> Epoch 204: took 1.5s (avg 1.5s) | Best so far: epoch 195	train_loss: 0.1644 train_accuracy: 0.9746	val_loss: 0.1817 val_accuracy: 0.9672	test_loss: 0.1761 test_accuracy: 0.9682
train: {'epoch': 205, 'time_epoch': 1.09099, 'eta': 879.46046, 'eta_hours': 0.24429, 'loss': 0.16369922, 'lr': 0.00083686, 'params': 202600, 'time_iter': 0.02727, 'accuracy': 0.9747, 'f1': 0.97468, 'auc': 0.96298}
val: {'epoch': 205, 'time_epoch': 0.07, 'loss': 0.18256761, 'lr': 0, 'params': 202600, 'time_iter': 0.0175, 'accuracy': 0.96611, 'f1': 0.96608, 'auc': 0.95974}
test: {'epoch': 205, 'time_epoch': 0.06601, 'loss': 0.17630982, 'lr': 0, 'params': 202600, 'time_iter': 0.0165, 'accuracy': 0.96735, 'f1': 0.96732, 'auc': 0.96102}
> Epoch 205: took 1.5s (avg 1.5s) | Best so far: epoch 195	train_loss: 0.1644 train_accuracy: 0.9746	val_loss: 0.1817 val_accuracy: 0.9672	test_loss: 0.1761 test_accuracy: 0.9682
train: {'epoch': 206, 'time_epoch': 1.06878, 'eta': 878.20397, 'eta_hours': 0.24395, 'loss': 0.16323876, 'lr': 0.00083581, 'params': 202600, 'time_iter': 0.02672, 'accuracy': 0.97469, 'f1': 0.97468, 'auc': 0.96309}
val: {'epoch': 206, 'time_epoch': 0.06851, 'loss': 0.18218395, 'lr': 0, 'params': 202600, 'time_iter': 0.01713, 'accuracy': 0.96532, 'f1': 0.96529, 'auc': 0.9593}
test: {'epoch': 206, 'time_epoch': 0.06701, 'loss': 0.17572865, 'lr': 0, 'params': 202600, 'time_iter': 0.01675, 'accuracy': 0.96693, 'f1': 0.96691, 'auc': 0.96087}
> Epoch 206: took 1.4s (avg 1.5s) | Best so far: epoch 195	train_loss: 0.1644 train_accuracy: 0.9746	val_loss: 0.1817 val_accuracy: 0.9672	test_loss: 0.1761 test_accuracy: 0.9682
train: {'epoch': 207, 'time_epoch': 1.06026, 'eta': 876.91685, 'eta_hours': 0.24359, 'loss': 0.16322409, 'lr': 0.00083475, 'params': 202600, 'time_iter': 0.02651, 'accuracy': 0.97486, 'f1': 0.97485, 'auc': 0.96303}
val: {'epoch': 207, 'time_epoch': 0.06751, 'loss': 0.18383112, 'lr': 0, 'params': 202600, 'time_iter': 0.01688, 'accuracy': 0.96576, 'f1': 0.96572, 'auc': 0.95873}
test: {'epoch': 207, 'time_epoch': 0.06751, 'loss': 0.17734456, 'lr': 0, 'params': 202600, 'time_iter': 0.01688, 'accuracy': 0.967, 'f1': 0.96696, 'auc': 0.96023}
> Epoch 207: took 1.4s (avg 1.5s) | Best so far: epoch 195	train_loss: 0.1644 train_accuracy: 0.9746	val_loss: 0.1817 val_accuracy: 0.9672	test_loss: 0.1761 test_accuracy: 0.9682
train: {'epoch': 208, 'time_epoch': 1.06857, 'eta': 875.66335, 'eta_hours': 0.24324, 'loss': 0.16341642, 'lr': 0.0008337, 'params': 202600, 'time_iter': 0.02671, 'accuracy': 0.97481, 'f1': 0.97479, 'auc': 0.96303}
val: {'epoch': 208, 'time_epoch': 0.0689, 'loss': 0.18164575, 'lr': 0, 'params': 202600, 'time_iter': 0.01722, 'accuracy': 0.96377, 'f1': 0.96375, 'auc': 0.96038}
test: {'epoch': 208, 'time_epoch': 0.06651, 'loss': 0.17619458, 'lr': 0, 'params': 202600, 'time_iter': 0.01663, 'accuracy': 0.96588, 'f1': 0.96586, 'auc': 0.96176}
> Epoch 208: took 1.4s (avg 1.5s) | Best so far: epoch 195	train_loss: 0.1644 train_accuracy: 0.9746	val_loss: 0.1817 val_accuracy: 0.9672	test_loss: 0.1761 test_accuracy: 0.9682
train: {'epoch': 209, 'time_epoch': 1.09709, 'eta': 874.51892, 'eta_hours': 0.24292, 'loss': 0.16397187, 'lr': 0.00083265, 'params': 202600, 'time_iter': 0.02743, 'accuracy': 0.97447, 'f1': 0.97446, 'auc': 0.96309}
val: {'epoch': 209, 'time_epoch': 0.06802, 'loss': 0.18359407, 'lr': 0, 'params': 202600, 'time_iter': 0.017, 'accuracy': 0.96665, 'f1': 0.96662, 'auc': 0.95843}
test: {'epoch': 209, 'time_epoch': 0.06651, 'loss': 0.17735511, 'lr': 0, 'params': 202600, 'time_iter': 0.01663, 'accuracy': 0.96787, 'f1': 0.96784, 'auc': 0.95966}
> Epoch 209: took 1.5s (avg 1.5s) | Best so far: epoch 195	train_loss: 0.1644 train_accuracy: 0.9746	val_loss: 0.1817 val_accuracy: 0.9672	test_loss: 0.1761 test_accuracy: 0.9682
train: {'epoch': 210, 'time_epoch': 1.07877, 'eta': 873.30642, 'eta_hours': 0.24259, 'loss': 0.16329749, 'lr': 0.0008316, 'params': 202600, 'time_iter': 0.02697, 'accuracy': 0.9748, 'f1': 0.97478, 'auc': 0.96313}
val: {'epoch': 210, 'time_epoch': 0.067, 'loss': 0.18212558, 'lr': 0, 'params': 202600, 'time_iter': 0.01675, 'accuracy': 0.96312, 'f1': 0.9631, 'auc': 0.96152}
test: {'epoch': 210, 'time_epoch': 0.0665, 'loss': 0.17611394, 'lr': 0, 'params': 202600, 'time_iter': 0.01663, 'accuracy': 0.96453, 'f1': 0.96451, 'auc': 0.96293}
> Epoch 210: took 1.4s (avg 1.5s) | Best so far: epoch 195	train_loss: 0.1644 train_accuracy: 0.9746	val_loss: 0.1817 val_accuracy: 0.9672	test_loss: 0.1761 test_accuracy: 0.9682
train: {'epoch': 211, 'time_epoch': 1.07899, 'eta': 872.096, 'eta_hours': 0.24225, 'loss': 0.16326781, 'lr': 0.00083054, 'params': 202600, 'time_iter': 0.02697, 'accuracy': 0.97466, 'f1': 0.97464, 'auc': 0.96295}
val: {'epoch': 211, 'time_epoch': 0.07051, 'loss': 0.1844726, 'lr': 0, 'params': 202600, 'time_iter': 0.01763, 'accuracy': 0.9656, 'f1': 0.96557, 'auc': 0.95858}
test: {'epoch': 211, 'time_epoch': 0.06751, 'loss': 0.17838061, 'lr': 0, 'params': 202600, 'time_iter': 0.01688, 'accuracy': 0.96701, 'f1': 0.96698, 'auc': 0.96007}
> Epoch 211: took 1.4s (avg 1.5s) | Best so far: epoch 195	train_loss: 0.1644 train_accuracy: 0.9746	val_loss: 0.1817 val_accuracy: 0.9672	test_loss: 0.1761 test_accuracy: 0.9682
train: {'epoch': 212, 'time_epoch': 1.17891, 'eta': 871.25602, 'eta_hours': 0.24202, 'loss': 0.16295964, 'lr': 0.00082949, 'params': 202600, 'time_iter': 0.02947, 'accuracy': 0.97496, 'f1': 0.97495, 'auc': 0.96298}
val: {'epoch': 212, 'time_epoch': 0.0675, 'loss': 0.18144027, 'lr': 0, 'params': 202600, 'time_iter': 0.01688, 'accuracy': 0.96642, 'f1': 0.96639, 'auc': 0.9591}
test: {'epoch': 212, 'time_epoch': 0.06651, 'loss': 0.1767912, 'lr': 0, 'params': 202600, 'time_iter': 0.01663, 'accuracy': 0.96743, 'f1': 0.9674, 'auc': 0.96028}
> Epoch 212: took 1.5s (avg 1.5s) | Best so far: epoch 195	train_loss: 0.1644 train_accuracy: 0.9746	val_loss: 0.1817 val_accuracy: 0.9672	test_loss: 0.1761 test_accuracy: 0.9682
train: {'epoch': 213, 'time_epoch': 1.06678, 'eta': 870.00102, 'eta_hours': 0.24167, 'loss': 0.16287743, 'lr': 0.00082844, 'params': 202600, 'time_iter': 0.02667, 'accuracy': 0.97494, 'f1': 0.97492, 'auc': 0.96311}
val: {'epoch': 213, 'time_epoch': 0.06951, 'loss': 0.18266685, 'lr': 0, 'params': 202600, 'time_iter': 0.01738, 'accuracy': 0.96688, 'f1': 0.96684, 'auc': 0.959}
test: {'epoch': 213, 'time_epoch': 0.07, 'loss': 0.17590528, 'lr': 0, 'params': 202600, 'time_iter': 0.0175, 'accuracy': 0.96808, 'f1': 0.96805, 'auc': 0.9605}
> Epoch 213: took 1.4s (avg 1.5s) | Best so far: epoch 195	train_loss: 0.1644 train_accuracy: 0.9746	val_loss: 0.1817 val_accuracy: 0.9672	test_loss: 0.1761 test_accuracy: 0.9682
train: {'epoch': 214, 'time_epoch': 1.06091, 'eta': 868.72633, 'eta_hours': 0.24131, 'loss': 0.16289484, 'lr': 0.00082739, 'params': 202600, 'time_iter': 0.02652, 'accuracy': 0.97493, 'f1': 0.97491, 'auc': 0.96311}
val: {'epoch': 214, 'time_epoch': 0.06951, 'loss': 0.18351146, 'lr': 0, 'params': 202600, 'time_iter': 0.01738, 'accuracy': 0.96592, 'f1': 0.96588, 'auc': 0.96029}
test: {'epoch': 214, 'time_epoch': 0.06651, 'loss': 0.17705785, 'lr': 0, 'params': 202600, 'time_iter': 0.01663, 'accuracy': 0.96724, 'f1': 0.96721, 'auc': 0.96178}
> Epoch 214: took 1.4s (avg 1.5s) | Best so far: epoch 195	train_loss: 0.1644 train_accuracy: 0.9746	val_loss: 0.1817 val_accuracy: 0.9672	test_loss: 0.1761 test_accuracy: 0.9682
train: {'epoch': 215, 'time_epoch': 1.06059, 'eta': 867.45246, 'eta_hours': 0.24096, 'loss': 0.16320934, 'lr': 0.00082633, 'params': 202600, 'time_iter': 0.02651, 'accuracy': 0.97477, 'f1': 0.97476, 'auc': 0.96319}
val: {'epoch': 215, 'time_epoch': 0.069, 'loss': 0.18247615, 'lr': 0, 'params': 202600, 'time_iter': 0.01725, 'accuracy': 0.96641, 'f1': 0.96638, 'auc': 0.96004}
test: {'epoch': 215, 'time_epoch': 0.0685, 'loss': 0.17691209, 'lr': 0, 'params': 202600, 'time_iter': 0.01713, 'accuracy': 0.96725, 'f1': 0.96722, 'auc': 0.96142}
> Epoch 215: took 1.4s (avg 1.5s) | Best so far: epoch 195	train_loss: 0.1644 train_accuracy: 0.9746	val_loss: 0.1817 val_accuracy: 0.9672	test_loss: 0.1761 test_accuracy: 0.9682
train: {'epoch': 216, 'time_epoch': 1.12584, 'eta': 866.41601, 'eta_hours': 0.24067, 'loss': 0.16309737, 'lr': 0.00082528, 'params': 202600, 'time_iter': 0.02815, 'accuracy': 0.9747, 'f1': 0.97469, 'auc': 0.96313}
val: {'epoch': 216, 'time_epoch': 0.07004, 'loss': 0.18427458, 'lr': 0, 'params': 202600, 'time_iter': 0.01751, 'accuracy': 0.95806, 'f1': 0.95805, 'auc': 0.96066}
test: {'epoch': 216, 'time_epoch': 0.0685, 'loss': 0.17861942, 'lr': 0, 'params': 202600, 'time_iter': 0.01713, 'accuracy': 0.95919, 'f1': 0.95918, 'auc': 0.96206}
> Epoch 216: took 1.5s (avg 1.5s) | Best so far: epoch 195	train_loss: 0.1644 train_accuracy: 0.9746	val_loss: 0.1817 val_accuracy: 0.9672	test_loss: 0.1761 test_accuracy: 0.9682
train: {'epoch': 217, 'time_epoch': 1.09861, 'eta': 865.28104, 'eta_hours': 0.24036, 'loss': 0.16292285, 'lr': 0.00082423, 'params': 202600, 'time_iter': 0.02747, 'accuracy': 0.975, 'f1': 0.97499, 'auc': 0.96318}
val: {'epoch': 217, 'time_epoch': 0.06851, 'loss': 0.18594672, 'lr': 0, 'params': 202600, 'time_iter': 0.01713, 'accuracy': 0.96564, 'f1': 0.9656, 'auc': 0.95942}
test: {'epoch': 217, 'time_epoch': 0.06718, 'loss': 0.17947958, 'lr': 0, 'params': 202600, 'time_iter': 0.0168, 'accuracy': 0.96688, 'f1': 0.96685, 'auc': 0.9609}
> Epoch 217: took 1.5s (avg 1.5s) | Best so far: epoch 195	train_loss: 0.1644 train_accuracy: 0.9746	val_loss: 0.1817 val_accuracy: 0.9672	test_loss: 0.1761 test_accuracy: 0.9682
train: {'epoch': 218, 'time_epoch': 1.09309, 'eta': 864.12674, 'eta_hours': 0.24004, 'loss': 0.16341262, 'lr': 0.00082318, 'params': 202600, 'time_iter': 0.02733, 'accuracy': 0.97479, 'f1': 0.97477, 'auc': 0.96333}
val: {'epoch': 218, 'time_epoch': 0.06951, 'loss': 0.18219726, 'lr': 0, 'params': 202600, 'time_iter': 0.01738, 'accuracy': 0.96521, 'f1': 0.96518, 'auc': 0.95991}
test: {'epoch': 218, 'time_epoch': 0.0705, 'loss': 0.17604562, 'lr': 0, 'params': 202600, 'time_iter': 0.01763, 'accuracy': 0.9668, 'f1': 0.96678, 'auc': 0.96129}
> Epoch 218: took 1.5s (avg 1.5s) | Best so far: epoch 195	train_loss: 0.1644 train_accuracy: 0.9746	val_loss: 0.1817 val_accuracy: 0.9672	test_loss: 0.1761 test_accuracy: 0.9682
train: {'epoch': 219, 'time_epoch': 1.11169, 'eta': 863.03892, 'eta_hours': 0.23973, 'loss': 0.16251328, 'lr': 0.00082212, 'params': 202600, 'time_iter': 0.02779, 'accuracy': 0.975, 'f1': 0.97498, 'auc': 0.96317}
val: {'epoch': 219, 'time_epoch': 0.068, 'loss': 0.18210318, 'lr': 0, 'params': 202600, 'time_iter': 0.017, 'accuracy': 0.96498, 'f1': 0.96496, 'auc': 0.95857}
test: {'epoch': 219, 'time_epoch': 0.06751, 'loss': 0.17574991, 'lr': 0, 'params': 202600, 'time_iter': 0.01688, 'accuracy': 0.96619, 'f1': 0.96617, 'auc': 0.96012}
> Epoch 219: took 1.5s (avg 1.5s) | Best so far: epoch 195	train_loss: 0.1644 train_accuracy: 0.9746	val_loss: 0.1817 val_accuracy: 0.9672	test_loss: 0.1761 test_accuracy: 0.9682
train: {'epoch': 220, 'time_epoch': 1.10203, 'eta': 861.91682, 'eta_hours': 0.23942, 'loss': 0.16258804, 'lr': 0.00082107, 'params': 202600, 'time_iter': 0.02755, 'accuracy': 0.9749, 'f1': 0.97488, 'auc': 0.96301}
val: {'epoch': 220, 'time_epoch': 0.06855, 'loss': 0.18210292, 'lr': 0, 'params': 202600, 'time_iter': 0.01714, 'accuracy': 0.9664, 'f1': 0.96637, 'auc': 0.95858}
test: {'epoch': 220, 'time_epoch': 0.06751, 'loss': 0.17577494, 'lr': 0, 'params': 202600, 'time_iter': 0.01688, 'accuracy': 0.968, 'f1': 0.96797, 'auc': 0.95999}
> Epoch 220: took 1.5s (avg 1.5s) | Best so far: epoch 195	train_loss: 0.1644 train_accuracy: 0.9746	val_loss: 0.1817 val_accuracy: 0.9672	test_loss: 0.1761 test_accuracy: 0.9682
train: {'epoch': 221, 'time_epoch': 1.08626, 'eta': 860.73967, 'eta_hours': 0.23909, 'loss': 0.16253106, 'lr': 0.00082002, 'params': 202600, 'time_iter': 0.02716, 'accuracy': 0.97504, 'f1': 0.97502, 'auc': 0.96319}
val: {'epoch': 221, 'time_epoch': 0.06851, 'loss': 0.18607721, 'lr': 0, 'params': 202600, 'time_iter': 0.01713, 'accuracy': 0.96593, 'f1': 0.96589, 'auc': 0.95781}
test: {'epoch': 221, 'time_epoch': 0.06651, 'loss': 0.18012727, 'lr': 0, 'params': 202600, 'time_iter': 0.01663, 'accuracy': 0.96699, 'f1': 0.96695, 'auc': 0.95934}
> Epoch 221: took 1.5s (avg 1.5s) | Best so far: epoch 195	train_loss: 0.1644 train_accuracy: 0.9746	val_loss: 0.1817 val_accuracy: 0.9672	test_loss: 0.1761 test_accuracy: 0.9682
train: {'epoch': 222, 'time_epoch': 1.09835, 'eta': 859.60543, 'eta_hours': 0.23878, 'loss': 0.162764, 'lr': 0.00081897, 'params': 202600, 'time_iter': 0.02746, 'accuracy': 0.97491, 'f1': 0.9749, 'auc': 0.96314}
val: {'epoch': 222, 'time_epoch': 0.067, 'loss': 0.18329637, 'lr': 0, 'params': 202600, 'time_iter': 0.01675, 'accuracy': 0.96644, 'f1': 0.96641, 'auc': 0.95899}
test: {'epoch': 222, 'time_epoch': 0.07, 'loss': 0.17707945, 'lr': 0, 'params': 202600, 'time_iter': 0.0175, 'accuracy': 0.96819, 'f1': 0.96816, 'auc': 0.96027}
> Epoch 222: took 1.5s (avg 1.5s) | Best so far: epoch 195	train_loss: 0.1644 train_accuracy: 0.9746	val_loss: 0.1817 val_accuracy: 0.9672	test_loss: 0.1761 test_accuracy: 0.9682
train: {'epoch': 223, 'time_epoch': 1.13229, 'eta': 858.58911, 'eta_hours': 0.2385, 'loss': 0.16210691, 'lr': 0.00081791, 'params': 202600, 'time_iter': 0.02831, 'accuracy': 0.97503, 'f1': 0.97501, 'auc': 0.96314}
val: {'epoch': 223, 'time_epoch': 0.071, 'loss': 0.184345, 'lr': 0, 'params': 202600, 'time_iter': 0.01775, 'accuracy': 0.95904, 'f1': 0.95903, 'auc': 0.96108}
test: {'epoch': 223, 'time_epoch': 0.069, 'loss': 0.1783132, 'lr': 0, 'params': 202600, 'time_iter': 0.01725, 'accuracy': 0.9611, 'f1': 0.96109, 'auc': 0.96235}
> Epoch 223: took 1.5s (avg 1.5s) | Best so far: epoch 195	train_loss: 0.1644 train_accuracy: 0.9746	val_loss: 0.1817 val_accuracy: 0.9672	test_loss: 0.1761 test_accuracy: 0.9682
train: {'epoch': 224, 'time_epoch': 1.12659, 'eta': 857.55212, 'eta_hours': 0.23821, 'loss': 0.16219237, 'lr': 0.00081686, 'params': 202600, 'time_iter': 0.02816, 'accuracy': 0.97501, 'f1': 0.975, 'auc': 0.9633}
val: {'epoch': 224, 'time_epoch': 0.067, 'loss': 0.18316788, 'lr': 0, 'params': 202600, 'time_iter': 0.01675, 'accuracy': 0.96598, 'f1': 0.96596, 'auc': 0.95862}
test: {'epoch': 224, 'time_epoch': 0.068, 'loss': 0.17742225, 'lr': 0, 'params': 202600, 'time_iter': 0.017, 'accuracy': 0.96691, 'f1': 0.9669, 'auc': 0.9599}
> Epoch 224: took 1.5s (avg 1.5s) | Best so far: epoch 195	train_loss: 0.1644 train_accuracy: 0.9746	val_loss: 0.1817 val_accuracy: 0.9672	test_loss: 0.1761 test_accuracy: 0.9682
train: {'epoch': 225, 'time_epoch': 1.11109, 'eta': 856.46127, 'eta_hours': 0.23791, 'loss': 0.16218047, 'lr': 0.00081581, 'params': 202600, 'time_iter': 0.02778, 'accuracy': 0.97511, 'f1': 0.9751, 'auc': 0.96306}
val: {'epoch': 225, 'time_epoch': 0.06875, 'loss': 0.18094579, 'lr': 0, 'params': 202600, 'time_iter': 0.01719, 'accuracy': 0.96687, 'f1': 0.96684, 'auc': 0.95944}
test: {'epoch': 225, 'time_epoch': 0.06751, 'loss': 0.17478887, 'lr': 0, 'params': 202600, 'time_iter': 0.01688, 'accuracy': 0.96837, 'f1': 0.96835, 'auc': 0.96099}
> Epoch 225: took 1.5s (avg 1.5s) | Best so far: epoch 195	train_loss: 0.1644 train_accuracy: 0.9746	val_loss: 0.1817 val_accuracy: 0.9672	test_loss: 0.1761 test_accuracy: 0.9682
train: {'epoch': 226, 'time_epoch': 1.0999, 'eta': 855.33211, 'eta_hours': 0.23759, 'loss': 0.16217139, 'lr': 0.00081476, 'params': 202600, 'time_iter': 0.0275, 'accuracy': 0.975, 'f1': 0.97499, 'auc': 0.96316}
val: {'epoch': 226, 'time_epoch': 0.06851, 'loss': 0.18121978, 'lr': 0, 'params': 202600, 'time_iter': 0.01713, 'accuracy': 0.96409, 'f1': 0.96407, 'auc': 0.96094}
test: {'epoch': 226, 'time_epoch': 0.06651, 'loss': 0.17535341, 'lr': 0, 'params': 202600, 'time_iter': 0.01663, 'accuracy': 0.96644, 'f1': 0.96642, 'auc': 0.96227}
> Epoch 226: took 1.5s (avg 1.5s) | Best so far: epoch 195	train_loss: 0.1644 train_accuracy: 0.9746	val_loss: 0.1817 val_accuracy: 0.9672	test_loss: 0.1761 test_accuracy: 0.9682
train: {'epoch': 227, 'time_epoch': 1.08677, 'eta': 854.15876, 'eta_hours': 0.23727, 'loss': 0.16190914, 'lr': 0.0008137, 'params': 202600, 'time_iter': 0.02717, 'accuracy': 0.97515, 'f1': 0.97514, 'auc': 0.96313}
val: {'epoch': 227, 'time_epoch': 0.068, 'loss': 0.18104528, 'lr': 0, 'params': 202600, 'time_iter': 0.017, 'accuracy': 0.9652, 'f1': 0.96517, 'auc': 0.9592}
test: {'epoch': 227, 'time_epoch': 0.06951, 'loss': 0.17519603, 'lr': 0, 'params': 202600, 'time_iter': 0.01738, 'accuracy': 0.96616, 'f1': 0.96614, 'auc': 0.96058}
> Epoch 227: took 1.5s (avg 1.5s) | Best so far: epoch 195	train_loss: 0.1644 train_accuracy: 0.9746	val_loss: 0.1817 val_accuracy: 0.9672	test_loss: 0.1761 test_accuracy: 0.9682
train: {'epoch': 228, 'time_epoch': 1.09359, 'eta': 853.00915, 'eta_hours': 0.23695, 'loss': 0.16187013, 'lr': 0.00081265, 'params': 202600, 'time_iter': 0.02734, 'accuracy': 0.97508, 'f1': 0.97506, 'auc': 0.96313}
val: {'epoch': 228, 'time_epoch': 0.0685, 'loss': 0.18438056, 'lr': 0, 'params': 202600, 'time_iter': 0.01713, 'accuracy': 0.96633, 'f1': 0.9663, 'auc': 0.95783}
test: {'epoch': 228, 'time_epoch': 0.06751, 'loss': 0.177843, 'lr': 0, 'params': 202600, 'time_iter': 0.01688, 'accuracy': 0.96811, 'f1': 0.96808, 'auc': 0.95928}
> Epoch 228: took 1.5s (avg 1.5s) | Best so far: epoch 195	train_loss: 0.1644 train_accuracy: 0.9746	val_loss: 0.1817 val_accuracy: 0.9672	test_loss: 0.1761 test_accuracy: 0.9682
train: {'epoch': 229, 'time_epoch': 1.10633, 'eta': 851.90266, 'eta_hours': 0.23664, 'loss': 0.16198044, 'lr': 0.0008116, 'params': 202600, 'time_iter': 0.02766, 'accuracy': 0.97523, 'f1': 0.97521, 'auc': 0.96312}
val: {'epoch': 229, 'time_epoch': 0.06902, 'loss': 0.18314271, 'lr': 0, 'params': 202600, 'time_iter': 0.01725, 'accuracy': 0.9606, 'f1': 0.96058, 'auc': 0.96068}
test: {'epoch': 229, 'time_epoch': 0.06814, 'loss': 0.17755156, 'lr': 0, 'params': 202600, 'time_iter': 0.01703, 'accuracy': 0.96142, 'f1': 0.96141, 'auc': 0.96206}
> Epoch 229: took 1.5s (avg 1.5s) | Best so far: epoch 195	train_loss: 0.1644 train_accuracy: 0.9746	val_loss: 0.1817 val_accuracy: 0.9672	test_loss: 0.1761 test_accuracy: 0.9682
train: {'epoch': 230, 'time_epoch': 1.1171, 'eta': 850.83202, 'eta_hours': 0.23634, 'loss': 0.16206643, 'lr': 0.00081055, 'params': 202600, 'time_iter': 0.02793, 'accuracy': 0.97501, 'f1': 0.975, 'auc': 0.96313}
val: {'epoch': 230, 'time_epoch': 0.06851, 'loss': 0.18309123, 'lr': 0, 'params': 202600, 'time_iter': 0.01713, 'accuracy': 0.96246, 'f1': 0.96244, 'auc': 0.96027}
test: {'epoch': 230, 'time_epoch': 0.067, 'loss': 0.17740659, 'lr': 0, 'params': 202600, 'time_iter': 0.01675, 'accuracy': 0.96424, 'f1': 0.96422, 'auc': 0.96144}
> Epoch 230: took 1.5s (avg 1.5s) | Best so far: epoch 195	train_loss: 0.1644 train_accuracy: 0.9746	val_loss: 0.1817 val_accuracy: 0.9672	test_loss: 0.1761 test_accuracy: 0.9682
train: {'epoch': 231, 'time_epoch': 1.07758, 'eta': 849.63017, 'eta_hours': 0.23601, 'loss': 0.16209374, 'lr': 0.00080949, 'params': 202600, 'time_iter': 0.02694, 'accuracy': 0.97505, 'f1': 0.97503, 'auc': 0.9631}
val: {'epoch': 231, 'time_epoch': 0.06751, 'loss': 0.18132693, 'lr': 0, 'params': 202600, 'time_iter': 0.01688, 'accuracy': 0.96708, 'f1': 0.96705, 'auc': 0.95994}
test: {'epoch': 231, 'time_epoch': 0.06751, 'loss': 0.17602678, 'lr': 0, 'params': 202600, 'time_iter': 0.01688, 'accuracy': 0.96812, 'f1': 0.9681, 'auc': 0.96118}
> Epoch 231: took 1.4s (avg 1.5s) | Best so far: epoch 195	train_loss: 0.1644 train_accuracy: 0.9746	val_loss: 0.1817 val_accuracy: 0.9672	test_loss: 0.1761 test_accuracy: 0.9682
train: {'epoch': 232, 'time_epoch': 1.17633, 'eta': 848.75446, 'eta_hours': 0.23577, 'loss': 0.1617029, 'lr': 0.00080844, 'params': 202600, 'time_iter': 0.02941, 'accuracy': 0.9752, 'f1': 0.97518, 'auc': 0.96311}
val: {'epoch': 232, 'time_epoch': 0.068, 'loss': 0.18145502, 'lr': 0, 'params': 202600, 'time_iter': 0.017, 'accuracy': 0.96726, 'f1': 0.96722, 'auc': 0.95855}
test: {'epoch': 232, 'time_epoch': 0.068, 'loss': 0.17537267, 'lr': 0, 'params': 202600, 'time_iter': 0.017, 'accuracy': 0.96872, 'f1': 0.9687, 'auc': 0.95985}
> Epoch 232: took 1.5s (avg 1.5s) | Best so far: epoch 232	train_loss: 0.1617 train_accuracy: 0.9752	val_loss: 0.1815 val_accuracy: 0.9673	test_loss: 0.1754 test_accuracy: 0.9687
train: {'epoch': 233, 'time_epoch': 1.069, 'eta': 847.52482, 'eta_hours': 0.23542, 'loss': 0.16126957, 'lr': 0.00080739, 'params': 202600, 'time_iter': 0.02673, 'accuracy': 0.97527, 'f1': 0.97526, 'auc': 0.96319}
val: {'epoch': 233, 'time_epoch': 0.06751, 'loss': 0.18234545, 'lr': 0, 'params': 202600, 'time_iter': 0.01688, 'accuracy': 0.96452, 'f1': 0.96449, 'auc': 0.95915}
test: {'epoch': 233, 'time_epoch': 0.06651, 'loss': 0.17618272, 'lr': 0, 'params': 202600, 'time_iter': 0.01663, 'accuracy': 0.96632, 'f1': 0.9663, 'auc': 0.9603}
> Epoch 233: took 1.4s (avg 1.5s) | Best so far: epoch 232	train_loss: 0.1617 train_accuracy: 0.9752	val_loss: 0.1815 val_accuracy: 0.9673	test_loss: 0.1754 test_accuracy: 0.9687
train: {'epoch': 234, 'time_epoch': 1.06701, 'eta': 846.29007, 'eta_hours': 0.23508, 'loss': 0.16413631, 'lr': 0.00080634, 'params': 202600, 'time_iter': 0.02668, 'accuracy': 0.97442, 'f1': 0.97441, 'auc': 0.96291}
val: {'epoch': 234, 'time_epoch': 0.067, 'loss': 0.18323221, 'lr': 0, 'params': 202600, 'time_iter': 0.01675, 'accuracy': 0.96306, 'f1': 0.96304, 'auc': 0.9599}
test: {'epoch': 234, 'time_epoch': 0.06651, 'loss': 0.1773864, 'lr': 0, 'params': 202600, 'time_iter': 0.01663, 'accuracy': 0.96497, 'f1': 0.96496, 'auc': 0.96125}
> Epoch 234: took 1.4s (avg 1.5s) | Best so far: epoch 232	train_loss: 0.1617 train_accuracy: 0.9752	val_loss: 0.1815 val_accuracy: 0.9673	test_loss: 0.1754 test_accuracy: 0.9687
train: {'epoch': 235, 'time_epoch': 1.1066, 'eta': 845.18489, 'eta_hours': 0.23477, 'loss': 0.16270064, 'lr': 0.00080528, 'params': 202600, 'time_iter': 0.02766, 'accuracy': 0.97494, 'f1': 0.97493, 'auc': 0.96317}
val: {'epoch': 235, 'time_epoch': 0.07402, 'loss': 0.18141184, 'lr': 0, 'params': 202600, 'time_iter': 0.01851, 'accuracy': 0.96513, 'f1': 0.9651, 'auc': 0.96021}
test: {'epoch': 235, 'time_epoch': 0.07051, 'loss': 0.17616, 'lr': 0, 'params': 202600, 'time_iter': 0.01763, 'accuracy': 0.96656, 'f1': 0.96654, 'auc': 0.96151}
> Epoch 235: took 1.5s (avg 1.5s) | Best so far: epoch 232	train_loss: 0.1617 train_accuracy: 0.9752	val_loss: 0.1815 val_accuracy: 0.9673	test_loss: 0.1754 test_accuracy: 0.9687
train: {'epoch': 236, 'time_epoch': 1.06427, 'eta': 843.94343, 'eta_hours': 0.23443, 'loss': 0.16220974, 'lr': 0.00080423, 'params': 202600, 'time_iter': 0.02661, 'accuracy': 0.97492, 'f1': 0.9749, 'auc': 0.9631}
val: {'epoch': 236, 'time_epoch': 0.071, 'loss': 0.18192127, 'lr': 0, 'params': 202600, 'time_iter': 0.01775, 'accuracy': 0.96673, 'f1': 0.9667, 'auc': 0.95929}
test: {'epoch': 236, 'time_epoch': 0.067, 'loss': 0.17554484, 'lr': 0, 'params': 202600, 'time_iter': 0.01675, 'accuracy': 0.96817, 'f1': 0.96815, 'auc': 0.96072}
> Epoch 236: took 1.4s (avg 1.5s) | Best so far: epoch 232	train_loss: 0.1617 train_accuracy: 0.9752	val_loss: 0.1815 val_accuracy: 0.9673	test_loss: 0.1754 test_accuracy: 0.9687
train: {'epoch': 237, 'time_epoch': 1.07619, 'eta': 842.74162, 'eta_hours': 0.23409, 'loss': 0.16170939, 'lr': 0.00080318, 'params': 202600, 'time_iter': 0.0269, 'accuracy': 0.97517, 'f1': 0.97515, 'auc': 0.9631}
val: {'epoch': 237, 'time_epoch': 0.09551, 'loss': 0.18342086, 'lr': 0, 'params': 202600, 'time_iter': 0.02388, 'accuracy': 0.9638, 'f1': 0.96378, 'auc': 0.95911}
test: {'epoch': 237, 'time_epoch': 0.06901, 'loss': 0.17726998, 'lr': 0, 'params': 202600, 'time_iter': 0.01725, 'accuracy': 0.96517, 'f1': 0.96516, 'auc': 0.96075}
> Epoch 237: took 1.5s (avg 1.5s) | Best so far: epoch 232	train_loss: 0.1617 train_accuracy: 0.9752	val_loss: 0.1815 val_accuracy: 0.9673	test_loss: 0.1754 test_accuracy: 0.9687
train: {'epoch': 238, 'time_epoch': 1.08077, 'eta': 841.55544, 'eta_hours': 0.23377, 'loss': 0.16211133, 'lr': 0.00080213, 'params': 202600, 'time_iter': 0.02702, 'accuracy': 0.97512, 'f1': 0.9751, 'auc': 0.9633}
val: {'epoch': 238, 'time_epoch': 0.06751, 'loss': 0.18081451, 'lr': 0, 'params': 202600, 'time_iter': 0.01688, 'accuracy': 0.96661, 'f1': 0.96658, 'auc': 0.95935}
test: {'epoch': 238, 'time_epoch': 0.06651, 'loss': 0.17465301, 'lr': 0, 'params': 202600, 'time_iter': 0.01663, 'accuracy': 0.96784, 'f1': 0.96781, 'auc': 0.96084}
> Epoch 238: took 1.5s (avg 1.5s) | Best so far: epoch 232	train_loss: 0.1617 train_accuracy: 0.9752	val_loss: 0.1815 val_accuracy: 0.9673	test_loss: 0.1754 test_accuracy: 0.9687
train: {'epoch': 239, 'time_epoch': 1.06726, 'eta': 840.32738, 'eta_hours': 0.23342, 'loss': 0.16170966, 'lr': 0.00080107, 'params': 202600, 'time_iter': 0.02668, 'accuracy': 0.97519, 'f1': 0.97517, 'auc': 0.96311}
val: {'epoch': 239, 'time_epoch': 0.06901, 'loss': 0.18465479, 'lr': 0, 'params': 202600, 'time_iter': 0.01725, 'accuracy': 0.95495, 'f1': 0.95495, 'auc': 0.96198}
test: {'epoch': 239, 'time_epoch': 0.06751, 'loss': 0.17907387, 'lr': 0, 'params': 202600, 'time_iter': 0.01688, 'accuracy': 0.95619, 'f1': 0.95619, 'auc': 0.96337}
> Epoch 239: took 1.4s (avg 1.5s) | Best so far: epoch 232	train_loss: 0.1617 train_accuracy: 0.9752	val_loss: 0.1815 val_accuracy: 0.9673	test_loss: 0.1754 test_accuracy: 0.9687
train: {'epoch': 240, 'time_epoch': 1.09406, 'eta': 839.18503, 'eta_hours': 0.23311, 'loss': 0.16188422, 'lr': 0.00080002, 'params': 202600, 'time_iter': 0.02735, 'accuracy': 0.97513, 'f1': 0.97511, 'auc': 0.9633}
val: {'epoch': 240, 'time_epoch': 0.06851, 'loss': 0.18079939, 'lr': 0, 'params': 202600, 'time_iter': 0.01713, 'accuracy': 0.96712, 'f1': 0.96709, 'auc': 0.95882}
test: {'epoch': 240, 'time_epoch': 0.06851, 'loss': 0.17472822, 'lr': 0, 'params': 202600, 'time_iter': 0.01713, 'accuracy': 0.96805, 'f1': 0.96803, 'auc': 0.96033}
> Epoch 240: took 1.5s (avg 1.5s) | Best so far: epoch 232	train_loss: 0.1617 train_accuracy: 0.9752	val_loss: 0.1815 val_accuracy: 0.9673	test_loss: 0.1754 test_accuracy: 0.9687
train: {'epoch': 241, 'time_epoch': 1.07542, 'eta': 837.9847, 'eta_hours': 0.23277, 'loss': 0.16130933, 'lr': 0.00079897, 'params': 202600, 'time_iter': 0.02689, 'accuracy': 0.97517, 'f1': 0.97516, 'auc': 0.96311}
val: {'epoch': 241, 'time_epoch': 0.069, 'loss': 0.18266853, 'lr': 0, 'params': 202600, 'time_iter': 0.01725, 'accuracy': 0.96565, 'f1': 0.96562, 'auc': 0.9583}
test: {'epoch': 241, 'time_epoch': 0.06651, 'loss': 0.17690291, 'lr': 0, 'params': 202600, 'time_iter': 0.01663, 'accuracy': 0.96723, 'f1': 0.9672, 'auc': 0.95976}
> Epoch 241: took 1.4s (avg 1.5s) | Best so far: epoch 232	train_loss: 0.1617 train_accuracy: 0.9752	val_loss: 0.1815 val_accuracy: 0.9673	test_loss: 0.1754 test_accuracy: 0.9687
train: {'epoch': 242, 'time_epoch': 1.09635, 'eta': 836.85061, 'eta_hours': 0.23246, 'loss': 0.1614525, 'lr': 0.00079791, 'params': 202600, 'time_iter': 0.02741, 'accuracy': 0.97522, 'f1': 0.9752, 'auc': 0.96303}
val: {'epoch': 242, 'time_epoch': 0.07151, 'loss': 0.18085954, 'lr': 0, 'params': 202600, 'time_iter': 0.01788, 'accuracy': 0.96444, 'f1': 0.96442, 'auc': 0.96058}
test: {'epoch': 242, 'time_epoch': 0.06951, 'loss': 0.17541521, 'lr': 0, 'params': 202600, 'time_iter': 0.01738, 'accuracy': 0.96622, 'f1': 0.9662, 'auc': 0.96185}
> Epoch 242: took 1.5s (avg 1.5s) | Best so far: epoch 232	train_loss: 0.1617 train_accuracy: 0.9752	val_loss: 0.1815 val_accuracy: 0.9673	test_loss: 0.1754 test_accuracy: 0.9687
train: {'epoch': 243, 'time_epoch': 1.27741, 'eta': 836.27782, 'eta_hours': 0.2323, 'loss': 0.16125551, 'lr': 0.00079686, 'params': 202600, 'time_iter': 0.03194, 'accuracy': 0.97534, 'f1': 0.97532, 'auc': 0.96322}
val: {'epoch': 243, 'time_epoch': 0.069, 'loss': 0.18571724, 'lr': 0, 'params': 202600, 'time_iter': 0.01725, 'accuracy': 0.96564, 'f1': 0.9656, 'auc': 0.95912}
test: {'epoch': 243, 'time_epoch': 0.072, 'loss': 0.17947397, 'lr': 0, 'params': 202600, 'time_iter': 0.018, 'accuracy': 0.96715, 'f1': 0.96711, 'auc': 0.96056}
> Epoch 243: took 1.7s (avg 1.5s) | Best so far: epoch 232	train_loss: 0.1617 train_accuracy: 0.9752	val_loss: 0.1815 val_accuracy: 0.9673	test_loss: 0.1754 test_accuracy: 0.9687
train: {'epoch': 244, 'time_epoch': 1.11268, 'eta': 835.19164, 'eta_hours': 0.232, 'loss': 0.16139481, 'lr': 0.00079581, 'params': 202600, 'time_iter': 0.02782, 'accuracy': 0.97523, 'f1': 0.97521, 'auc': 0.96316}
val: {'epoch': 244, 'time_epoch': 0.06906, 'loss': 0.18214682, 'lr': 0, 'params': 202600, 'time_iter': 0.01727, 'accuracy': 0.96688, 'f1': 0.96685, 'auc': 0.96012}
test: {'epoch': 244, 'time_epoch': 0.066, 'loss': 0.17666505, 'lr': 0, 'params': 202600, 'time_iter': 0.0165, 'accuracy': 0.96873, 'f1': 0.96871, 'auc': 0.96146}
> Epoch 244: took 1.5s (avg 1.5s) | Best so far: epoch 232	train_loss: 0.1617 train_accuracy: 0.9752	val_loss: 0.1815 val_accuracy: 0.9673	test_loss: 0.1754 test_accuracy: 0.9687
train: {'epoch': 245, 'time_epoch': 1.11334, 'eta': 834.10726, 'eta_hours': 0.2317, 'loss': 0.16100559, 'lr': 0.00079476, 'params': 202600, 'time_iter': 0.02783, 'accuracy': 0.97537, 'f1': 0.97536, 'auc': 0.9632}
val: {'epoch': 245, 'time_epoch': 0.07302, 'loss': 0.18134463, 'lr': 0, 'params': 202600, 'time_iter': 0.01825, 'accuracy': 0.9676, 'f1': 0.96757, 'auc': 0.9591}
test: {'epoch': 245, 'time_epoch': 0.06804, 'loss': 0.17601522, 'lr': 0, 'params': 202600, 'time_iter': 0.01701, 'accuracy': 0.96893, 'f1': 0.9689, 'auc': 0.96045}
> Epoch 245: took 1.5s (avg 1.5s) | Best so far: epoch 245	train_loss: 0.1610 train_accuracy: 0.9754	val_loss: 0.1813 val_accuracy: 0.9676	test_loss: 0.1760 test_accuracy: 0.9689
train: {'epoch': 246, 'time_epoch': 1.0893, 'eta': 832.94937, 'eta_hours': 0.23137, 'loss': 0.16077157, 'lr': 0.0007937, 'params': 202600, 'time_iter': 0.02723, 'accuracy': 0.97553, 'f1': 0.97552, 'auc': 0.96317}
val: {'epoch': 246, 'time_epoch': 0.06933, 'loss': 0.18072701, 'lr': 0, 'params': 202600, 'time_iter': 0.01733, 'accuracy': 0.96513, 'f1': 0.9651, 'auc': 0.96093}
test: {'epoch': 246, 'time_epoch': 0.07251, 'loss': 0.17469936, 'lr': 0, 'params': 202600, 'time_iter': 0.01813, 'accuracy': 0.96652, 'f1': 0.9665, 'auc': 0.96264}
> Epoch 246: took 1.5s (avg 1.5s) | Best so far: epoch 245	train_loss: 0.1610 train_accuracy: 0.9754	val_loss: 0.1813 val_accuracy: 0.9676	test_loss: 0.1760 test_accuracy: 0.9689
train: {'epoch': 247, 'time_epoch': 1.11445, 'eta': 831.8683, 'eta_hours': 0.23107, 'loss': 0.16092473, 'lr': 0.00079265, 'params': 202600, 'time_iter': 0.02786, 'accuracy': 0.9754, 'f1': 0.97539, 'auc': 0.9632}
val: {'epoch': 247, 'time_epoch': 0.06917, 'loss': 0.18131868, 'lr': 0, 'params': 202600, 'time_iter': 0.01729, 'accuracy': 0.966, 'f1': 0.96597, 'auc': 0.96045}
test: {'epoch': 247, 'time_epoch': 0.07151, 'loss': 0.17565972, 'lr': 0, 'params': 202600, 'time_iter': 0.01788, 'accuracy': 0.96777, 'f1': 0.96775, 'auc': 0.96162}
> Epoch 247: took 1.5s (avg 1.5s) | Best so far: epoch 245	train_loss: 0.1610 train_accuracy: 0.9754	val_loss: 0.1813 val_accuracy: 0.9676	test_loss: 0.1760 test_accuracy: 0.9689
train: {'epoch': 248, 'time_epoch': 1.09702, 'eta': 830.73439, 'eta_hours': 0.23076, 'loss': 0.16080756, 'lr': 0.0007916, 'params': 202600, 'time_iter': 0.02743, 'accuracy': 0.97548, 'f1': 0.97547, 'auc': 0.96332}
val: {'epoch': 248, 'time_epoch': 0.071, 'loss': 0.18103087, 'lr': 0, 'params': 202600, 'time_iter': 0.01775, 'accuracy': 0.96773, 'f1': 0.9677, 'auc': 0.95909}
test: {'epoch': 248, 'time_epoch': 0.077, 'loss': 0.17489093, 'lr': 0, 'params': 202600, 'time_iter': 0.01925, 'accuracy': 0.9691, 'f1': 0.96907, 'auc': 0.96044}
> Epoch 248: took 1.5s (avg 1.5s) | Best so far: epoch 248	train_loss: 0.1608 train_accuracy: 0.9755	val_loss: 0.1810 val_accuracy: 0.9677	test_loss: 0.1749 test_accuracy: 0.9691
train: {'epoch': 249, 'time_epoch': 1.11888, 'eta': 829.66635, 'eta_hours': 0.23046, 'loss': 0.16052354, 'lr': 0.00079055, 'params': 202600, 'time_iter': 0.02797, 'accuracy': 0.97548, 'f1': 0.97546, 'auc': 0.96315}
val: {'epoch': 249, 'time_epoch': 0.0745, 'loss': 0.18038113, 'lr': 0, 'params': 202600, 'time_iter': 0.01863, 'accuracy': 0.96666, 'f1': 0.96664, 'auc': 0.95958}
test: {'epoch': 249, 'time_epoch': 0.07, 'loss': 0.17501682, 'lr': 0, 'params': 202600, 'time_iter': 0.0175, 'accuracy': 0.96831, 'f1': 0.96829, 'auc': 0.96073}
> Epoch 249: took 1.5s (avg 1.5s) | Best so far: epoch 248	train_loss: 0.1608 train_accuracy: 0.9755	val_loss: 0.1810 val_accuracy: 0.9677	test_loss: 0.1749 test_accuracy: 0.9691
train: {'epoch': 250, 'time_epoch': 1.12072, 'eta': 828.60339, 'eta_hours': 0.23017, 'loss': 0.160301, 'lr': 0.00078949, 'params': 202600, 'time_iter': 0.02802, 'accuracy': 0.97554, 'f1': 0.97552, 'auc': 0.96304}
val: {'epoch': 250, 'time_epoch': 0.068, 'loss': 0.18086288, 'lr': 0, 'params': 202600, 'time_iter': 0.017, 'accuracy': 0.96701, 'f1': 0.96698, 'auc': 0.95932}
test: {'epoch': 250, 'time_epoch': 0.076, 'loss': 0.17527763, 'lr': 0, 'params': 202600, 'time_iter': 0.019, 'accuracy': 0.96879, 'f1': 0.96876, 'auc': 0.96054}
> Epoch 250: took 1.5s (avg 1.5s) | Best so far: epoch 248	train_loss: 0.1608 train_accuracy: 0.9755	val_loss: 0.1810 val_accuracy: 0.9677	test_loss: 0.1749 test_accuracy: 0.9691
train: {'epoch': 251, 'time_epoch': 1.11819, 'eta': 827.53245, 'eta_hours': 0.22987, 'loss': 0.1605031, 'lr': 0.00078844, 'params': 202600, 'time_iter': 0.02795, 'accuracy': 0.97553, 'f1': 0.97551, 'auc': 0.96316}
val: {'epoch': 251, 'time_epoch': 0.075, 'loss': 0.18157337, 'lr': 0, 'params': 202600, 'time_iter': 0.01875, 'accuracy': 0.96731, 'f1': 0.96728, 'auc': 0.95888}
test: {'epoch': 251, 'time_epoch': 0.07251, 'loss': 0.17558775, 'lr': 0, 'params': 202600, 'time_iter': 0.01813, 'accuracy': 0.9684, 'f1': 0.96837, 'auc': 0.96039}
> Epoch 251: took 1.5s (avg 1.5s) | Best so far: epoch 248	train_loss: 0.1608 train_accuracy: 0.9755	val_loss: 0.1810 val_accuracy: 0.9677	test_loss: 0.1749 test_accuracy: 0.9691
train: {'epoch': 252, 'time_epoch': 1.12379, 'eta': 826.47768, 'eta_hours': 0.22958, 'loss': 0.16049061, 'lr': 0.00078739, 'params': 202600, 'time_iter': 0.02809, 'accuracy': 0.97553, 'f1': 0.97552, 'auc': 0.96333}
val: {'epoch': 252, 'time_epoch': 0.069, 'loss': 0.18157488, 'lr': 0, 'params': 202600, 'time_iter': 0.01725, 'accuracy': 0.96186, 'f1': 0.96184, 'auc': 0.96078}
test: {'epoch': 252, 'time_epoch': 0.06951, 'loss': 0.17583088, 'lr': 0, 'params': 202600, 'time_iter': 0.01738, 'accuracy': 0.96299, 'f1': 0.96298, 'auc': 0.96234}
> Epoch 252: took 1.5s (avg 1.5s) | Best so far: epoch 248	train_loss: 0.1608 train_accuracy: 0.9755	val_loss: 0.1810 val_accuracy: 0.9677	test_loss: 0.1749 test_accuracy: 0.9691
train: {'epoch': 253, 'time_epoch': 1.10973, 'eta': 825.38109, 'eta_hours': 0.22927, 'loss': 0.16025183, 'lr': 0.00078634, 'params': 202600, 'time_iter': 0.02774, 'accuracy': 0.97549, 'f1': 0.97547, 'auc': 0.96307}
val: {'epoch': 253, 'time_epoch': 0.07451, 'loss': 0.18008403, 'lr': 0, 'params': 202600, 'time_iter': 0.01863, 'accuracy': 0.96381, 'f1': 0.96378, 'auc': 0.96152}
test: {'epoch': 253, 'time_epoch': 0.06818, 'loss': 0.17421954, 'lr': 0, 'params': 202600, 'time_iter': 0.01704, 'accuracy': 0.96592, 'f1': 0.9659, 'auc': 0.96298}
> Epoch 253: took 1.5s (avg 1.5s) | Best so far: epoch 248	train_loss: 0.1608 train_accuracy: 0.9755	val_loss: 0.1810 val_accuracy: 0.9677	test_loss: 0.1749 test_accuracy: 0.9691
train: {'epoch': 254, 'time_epoch': 1.13891, 'eta': 824.36964, 'eta_hours': 0.22899, 'loss': 0.16006762, 'lr': 0.00078528, 'params': 202600, 'time_iter': 0.02847, 'accuracy': 0.9756, 'f1': 0.97559, 'auc': 0.96324}
val: {'epoch': 254, 'time_epoch': 0.07751, 'loss': 0.18208397, 'lr': 0, 'params': 202600, 'time_iter': 0.01938, 'accuracy': 0.96596, 'f1': 0.96593, 'auc': 0.95903}
test: {'epoch': 254, 'time_epoch': 0.06802, 'loss': 0.1761195, 'lr': 0, 'params': 202600, 'time_iter': 0.01701, 'accuracy': 0.96768, 'f1': 0.96766, 'auc': 0.96043}
> Epoch 254: took 1.5s (avg 1.5s) | Best so far: epoch 248	train_loss: 0.1608 train_accuracy: 0.9755	val_loss: 0.1810 val_accuracy: 0.9677	test_loss: 0.1749 test_accuracy: 0.9691
train: {'epoch': 255, 'time_epoch': 1.09591, 'eta': 823.23221, 'eta_hours': 0.22868, 'loss': 0.16018347, 'lr': 0.00078423, 'params': 202600, 'time_iter': 0.0274, 'accuracy': 0.97561, 'f1': 0.97559, 'auc': 0.96315}
val: {'epoch': 255, 'time_epoch': 0.06851, 'loss': 0.18158171, 'lr': 0, 'params': 202600, 'time_iter': 0.01713, 'accuracy': 0.96505, 'f1': 0.96503, 'auc': 0.9599}
test: {'epoch': 255, 'time_epoch': 0.06857, 'loss': 0.17595259, 'lr': 0, 'params': 202600, 'time_iter': 0.01714, 'accuracy': 0.96714, 'f1': 0.96711, 'auc': 0.96117}
> Epoch 255: took 1.5s (avg 1.5s) | Best so far: epoch 248	train_loss: 0.1608 train_accuracy: 0.9755	val_loss: 0.1810 val_accuracy: 0.9677	test_loss: 0.1749 test_accuracy: 0.9691
train: {'epoch': 256, 'time_epoch': 1.086, 'eta': 822.06646, 'eta_hours': 0.22835, 'loss': 0.16032285, 'lr': 0.00078318, 'params': 202600, 'time_iter': 0.02715, 'accuracy': 0.97549, 'f1': 0.97547, 'auc': 0.96318}
val: {'epoch': 256, 'time_epoch': 0.07251, 'loss': 0.18255664, 'lr': 0, 'params': 202600, 'time_iter': 0.01813, 'accuracy': 0.9665, 'f1': 0.96647, 'auc': 0.9585}
test: {'epoch': 256, 'time_epoch': 0.07212, 'loss': 0.17579372, 'lr': 0, 'params': 202600, 'time_iter': 0.01803, 'accuracy': 0.96815, 'f1': 0.96812, 'auc': 0.9602}
> Epoch 256: took 1.5s (avg 1.5s) | Best so far: epoch 248	train_loss: 0.1608 train_accuracy: 0.9755	val_loss: 0.1810 val_accuracy: 0.9677	test_loss: 0.1749 test_accuracy: 0.9691
train: {'epoch': 257, 'time_epoch': 1.09994, 'eta': 820.94142, 'eta_hours': 0.22804, 'loss': 0.16010782, 'lr': 0.00078213, 'params': 202600, 'time_iter': 0.0275, 'accuracy': 0.9757, 'f1': 0.97569, 'auc': 0.96328}
val: {'epoch': 257, 'time_epoch': 0.07602, 'loss': 0.1813181, 'lr': 0, 'params': 202600, 'time_iter': 0.019, 'accuracy': 0.96718, 'f1': 0.96715, 'auc': 0.9601}
test: {'epoch': 257, 'time_epoch': 0.07251, 'loss': 0.17565389, 'lr': 0, 'params': 202600, 'time_iter': 0.01813, 'accuracy': 0.96898, 'f1': 0.96895, 'auc': 0.96125}
> Epoch 257: took 1.5s (avg 1.5s) | Best so far: epoch 248	train_loss: 0.1608 train_accuracy: 0.9755	val_loss: 0.1810 val_accuracy: 0.9677	test_loss: 0.1749 test_accuracy: 0.9691
train: {'epoch': 258, 'time_epoch': 1.10334, 'eta': 819.82631, 'eta_hours': 0.22773, 'loss': 0.15999448, 'lr': 0.00078107, 'params': 202600, 'time_iter': 0.02758, 'accuracy': 0.97566, 'f1': 0.97564, 'auc': 0.96319}
val: {'epoch': 258, 'time_epoch': 0.07009, 'loss': 0.18115848, 'lr': 0, 'params': 202600, 'time_iter': 0.01752, 'accuracy': 0.96484, 'f1': 0.96482, 'auc': 0.96056}
test: {'epoch': 258, 'time_epoch': 0.06929, 'loss': 0.17580229, 'lr': 0, 'params': 202600, 'time_iter': 0.01732, 'accuracy': 0.96649, 'f1': 0.96647, 'auc': 0.96185}
> Epoch 258: took 1.5s (avg 1.5s) | Best so far: epoch 248	train_loss: 0.1608 train_accuracy: 0.9755	val_loss: 0.1810 val_accuracy: 0.9677	test_loss: 0.1749 test_accuracy: 0.9691
train: {'epoch': 259, 'time_epoch': 1.13779, 'eta': 818.80932, 'eta_hours': 0.22745, 'loss': 0.15982833, 'lr': 0.00078002, 'params': 202600, 'time_iter': 0.02844, 'accuracy': 0.97569, 'f1': 0.97567, 'auc': 0.96322}
val: {'epoch': 259, 'time_epoch': 0.07169, 'loss': 0.1806631, 'lr': 0, 'params': 202600, 'time_iter': 0.01792, 'accuracy': 0.96714, 'f1': 0.96711, 'auc': 0.95961}
test: {'epoch': 259, 'time_epoch': 0.069, 'loss': 0.17494721, 'lr': 0, 'params': 202600, 'time_iter': 0.01725, 'accuracy': 0.96888, 'f1': 0.96885, 'auc': 0.96094}
> Epoch 259: took 1.5s (avg 1.5s) | Best so far: epoch 248	train_loss: 0.1608 train_accuracy: 0.9755	val_loss: 0.1810 val_accuracy: 0.9677	test_loss: 0.1749 test_accuracy: 0.9691
train: {'epoch': 260, 'time_epoch': 1.23416, 'eta': 818.06429, 'eta_hours': 0.22724, 'loss': 0.15994864, 'lr': 0.00077897, 'params': 202600, 'time_iter': 0.03085, 'accuracy': 0.97573, 'f1': 0.97572, 'auc': 0.96333}
val: {'epoch': 260, 'time_epoch': 0.07051, 'loss': 0.18133788, 'lr': 0, 'params': 202600, 'time_iter': 0.01763, 'accuracy': 0.96082, 'f1': 0.9608, 'auc': 0.96044}
test: {'epoch': 260, 'time_epoch': 0.07651, 'loss': 0.17552171, 'lr': 0, 'params': 202600, 'time_iter': 0.01913, 'accuracy': 0.96244, 'f1': 0.96243, 'auc': 0.96187}
> Epoch 260: took 1.6s (avg 1.5s) | Best so far: epoch 248	train_loss: 0.1608 train_accuracy: 0.9755	val_loss: 0.1810 val_accuracy: 0.9677	test_loss: 0.1749 test_accuracy: 0.9691
train: {'epoch': 261, 'time_epoch': 1.09647, 'eta': 816.92767, 'eta_hours': 0.22692, 'loss': 0.16011385, 'lr': 0.00077792, 'params': 202600, 'time_iter': 0.02741, 'accuracy': 0.97567, 'f1': 0.97566, 'auc': 0.96342}
val: {'epoch': 261, 'time_epoch': 0.075, 'loss': 0.18234439, 'lr': 0, 'params': 202600, 'time_iter': 0.01875, 'accuracy': 0.96719, 'f1': 0.96715, 'auc': 0.95764}
test: {'epoch': 261, 'time_epoch': 0.069, 'loss': 0.17666573, 'lr': 0, 'params': 202600, 'time_iter': 0.01725, 'accuracy': 0.96855, 'f1': 0.96852, 'auc': 0.95902}
> Epoch 261: took 1.5s (avg 1.5s) | Best so far: epoch 248	train_loss: 0.1608 train_accuracy: 0.9755	val_loss: 0.1810 val_accuracy: 0.9677	test_loss: 0.1749 test_accuracy: 0.9691
train: {'epoch': 262, 'time_epoch': 1.0851, 'eta': 815.7595, 'eta_hours': 0.2266, 'loss': 0.15982831, 'lr': 0.00077686, 'params': 202600, 'time_iter': 0.02713, 'accuracy': 0.9756, 'f1': 0.97559, 'auc': 0.96319}
val: {'epoch': 262, 'time_epoch': 0.06951, 'loss': 0.18228882, 'lr': 0, 'params': 202600, 'time_iter': 0.01738, 'accuracy': 0.96395, 'f1': 0.96392, 'auc': 0.96103}
test: {'epoch': 262, 'time_epoch': 0.06901, 'loss': 0.17618182, 'lr': 0, 'params': 202600, 'time_iter': 0.01725, 'accuracy': 0.96574, 'f1': 0.96572, 'auc': 0.9623}
> Epoch 262: took 1.4s (avg 1.5s) | Best so far: epoch 248	train_loss: 0.1608 train_accuracy: 0.9755	val_loss: 0.1810 val_accuracy: 0.9677	test_loss: 0.1749 test_accuracy: 0.9691
train: {'epoch': 263, 'time_epoch': 1.11095, 'eta': 814.66401, 'eta_hours': 0.2263, 'loss': 0.15976514, 'lr': 0.00077581, 'params': 202600, 'time_iter': 0.02777, 'accuracy': 0.97567, 'f1': 0.97565, 'auc': 0.96322}
val: {'epoch': 263, 'time_epoch': 0.07451, 'loss': 0.18174039, 'lr': 0, 'params': 202600, 'time_iter': 0.01863, 'accuracy': 0.96766, 'f1': 0.96763, 'auc': 0.95812}
test: {'epoch': 263, 'time_epoch': 0.07243, 'loss': 0.17589451, 'lr': 0, 'params': 202600, 'time_iter': 0.01811, 'accuracy': 0.96924, 'f1': 0.96921, 'auc': 0.95963}
> Epoch 263: took 1.5s (avg 1.5s) | Best so far: epoch 248	train_loss: 0.1608 train_accuracy: 0.9755	val_loss: 0.1810 val_accuracy: 0.9677	test_loss: 0.1749 test_accuracy: 0.9691
train: {'epoch': 264, 'time_epoch': 1.1363, 'eta': 813.63874, 'eta_hours': 0.22601, 'loss': 0.15966181, 'lr': 0.00077476, 'params': 202600, 'time_iter': 0.02841, 'accuracy': 0.97569, 'f1': 0.97568, 'auc': 0.96311}
val: {'epoch': 264, 'time_epoch': 0.06951, 'loss': 0.18308784, 'lr': 0, 'params': 202600, 'time_iter': 0.01738, 'accuracy': 0.96487, 'f1': 0.96485, 'auc': 0.95995}
test: {'epoch': 264, 'time_epoch': 0.06951, 'loss': 0.17672437, 'lr': 0, 'params': 202600, 'time_iter': 0.01738, 'accuracy': 0.9664, 'f1': 0.96638, 'auc': 0.96141}
> Epoch 264: took 1.5s (avg 1.5s) | Best so far: epoch 248	train_loss: 0.1608 train_accuracy: 0.9755	val_loss: 0.1810 val_accuracy: 0.9677	test_loss: 0.1749 test_accuracy: 0.9691
train: {'epoch': 265, 'time_epoch': 1.14454, 'eta': 812.63535, 'eta_hours': 0.22573, 'loss': 0.15979098, 'lr': 0.00077371, 'params': 202600, 'time_iter': 0.02861, 'accuracy': 0.97583, 'f1': 0.97582, 'auc': 0.96335}
val: {'epoch': 265, 'time_epoch': 0.06832, 'loss': 0.18034919, 'lr': 0, 'params': 202600, 'time_iter': 0.01708, 'accuracy': 0.96614, 'f1': 0.96612, 'auc': 0.95985}
test: {'epoch': 265, 'time_epoch': 0.07061, 'loss': 0.17498592, 'lr': 0, 'params': 202600, 'time_iter': 0.01765, 'accuracy': 0.96732, 'f1': 0.96729, 'auc': 0.96121}
> Epoch 265: took 1.5s (avg 1.5s) | Best so far: epoch 248	train_loss: 0.1608 train_accuracy: 0.9755	val_loss: 0.1810 val_accuracy: 0.9677	test_loss: 0.1749 test_accuracy: 0.9691
train: {'epoch': 266, 'time_epoch': 1.09753, 'eta': 811.50186, 'eta_hours': 0.22542, 'loss': 0.15960646, 'lr': 0.00077265, 'params': 202600, 'time_iter': 0.02744, 'accuracy': 0.97572, 'f1': 0.97571, 'auc': 0.96324}
val: {'epoch': 266, 'time_epoch': 0.068, 'loss': 0.18140622, 'lr': 0, 'params': 202600, 'time_iter': 0.017, 'accuracy': 0.96599, 'f1': 0.96596, 'auc': 0.95995}
test: {'epoch': 266, 'time_epoch': 0.07451, 'loss': 0.17519319, 'lr': 0, 'params': 202600, 'time_iter': 0.01863, 'accuracy': 0.96776, 'f1': 0.96773, 'auc': 0.96137}
> Epoch 266: took 1.5s (avg 1.5s) | Best so far: epoch 248	train_loss: 0.1608 train_accuracy: 0.9755	val_loss: 0.1810 val_accuracy: 0.9677	test_loss: 0.1749 test_accuracy: 0.9691
train: {'epoch': 267, 'time_epoch': 1.10426, 'eta': 810.38701, 'eta_hours': 0.22511, 'loss': 0.15930438, 'lr': 0.0007716, 'params': 202600, 'time_iter': 0.02761, 'accuracy': 0.97581, 'f1': 0.9758, 'auc': 0.96325}
val: {'epoch': 267, 'time_epoch': 0.07251, 'loss': 0.17985443, 'lr': 0, 'params': 202600, 'time_iter': 0.01813, 'accuracy': 0.96742, 'f1': 0.96739, 'auc': 0.95932}
test: {'epoch': 267, 'time_epoch': 0.07501, 'loss': 0.17359069, 'lr': 0, 'params': 202600, 'time_iter': 0.01875, 'accuracy': 0.96885, 'f1': 0.96882, 'auc': 0.96082}
> Epoch 267: took 1.5s (avg 1.5s) | Best so far: epoch 248	train_loss: 0.1608 train_accuracy: 0.9755	val_loss: 0.1810 val_accuracy: 0.9677	test_loss: 0.1749 test_accuracy: 0.9691
train: {'epoch': 268, 'time_epoch': 1.15424, 'eta': 809.40806, 'eta_hours': 0.22484, 'loss': 0.15945225, 'lr': 0.00077055, 'params': 202600, 'time_iter': 0.02886, 'accuracy': 0.97573, 'f1': 0.97572, 'auc': 0.96332}
val: {'epoch': 268, 'time_epoch': 0.073, 'loss': 0.18199294, 'lr': 0, 'params': 202600, 'time_iter': 0.01825, 'accuracy': 0.96645, 'f1': 0.96642, 'auc': 0.9599}
test: {'epoch': 268, 'time_epoch': 0.072, 'loss': 0.17640819, 'lr': 0, 'params': 202600, 'time_iter': 0.018, 'accuracy': 0.96837, 'f1': 0.96835, 'auc': 0.96125}
> Epoch 268: took 1.5s (avg 1.5s) | Best so far: epoch 248	train_loss: 0.1608 train_accuracy: 0.9755	val_loss: 0.1810 val_accuracy: 0.9677	test_loss: 0.1749 test_accuracy: 0.9691
train: {'epoch': 269, 'time_epoch': 1.14317, 'eta': 808.39787, 'eta_hours': 0.22455, 'loss': 0.15949285, 'lr': 0.0007695, 'params': 202600, 'time_iter': 0.02858, 'accuracy': 0.97573, 'f1': 0.97571, 'auc': 0.96332}
val: {'epoch': 269, 'time_epoch': 0.075, 'loss': 0.18226758, 'lr': 0, 'params': 202600, 'time_iter': 0.01875, 'accuracy': 0.95872, 'f1': 0.9587, 'auc': 0.96071}
test: {'epoch': 269, 'time_epoch': 0.073, 'loss': 0.17620006, 'lr': 0, 'params': 202600, 'time_iter': 0.01825, 'accuracy': 0.96132, 'f1': 0.96131, 'auc': 0.96208}
> Epoch 269: took 1.5s (avg 1.5s) | Best so far: epoch 248	train_loss: 0.1608 train_accuracy: 0.9755	val_loss: 0.1810 val_accuracy: 0.9677	test_loss: 0.1749 test_accuracy: 0.9691
train: {'epoch': 270, 'time_epoch': -0.02251, 'eta': 804.251, 'eta_hours': 0.2234, 'loss': 0.15955123, 'lr': 0.00076844, 'params': 202600, 'time_iter': -0.00056, 'accuracy': 0.9758, 'f1': 0.97578, 'auc': 0.96323}
val: {'epoch': 270, 'time_epoch': 0.072, 'loss': 0.18256869, 'lr': 0, 'params': 202600, 'time_iter': 0.018, 'accuracy': 0.95789, 'f1': 0.95788, 'auc': 0.96159}
test: {'epoch': 270, 'time_epoch': 0.068, 'loss': 0.17647258, 'lr': 0, 'params': 202600, 'time_iter': 0.017, 'accuracy': 0.95874, 'f1': 0.95873, 'auc': 0.963}
> Epoch 270: took 1.5s (avg 1.5s) | Best so far: epoch 248	train_loss: 0.1608 train_accuracy: 0.9755	val_loss: 0.1810 val_accuracy: 0.9677	test_loss: 0.1749 test_accuracy: 0.9691
train: {'epoch': 271, 'time_epoch': 1.22175, 'eta': 803.46502, 'eta_hours': 0.22318, 'loss': 0.1596285, 'lr': 0.00076739, 'params': 202600, 'time_iter': 0.03054, 'accuracy': 0.9757, 'f1': 0.97568, 'auc': 0.96341}
val: {'epoch': 271, 'time_epoch': 0.0708, 'loss': 0.1816981, 'lr': 0, 'params': 202600, 'time_iter': 0.0177, 'accuracy': 0.96493, 'f1': 0.96491, 'auc': 0.95893}
test: {'epoch': 271, 'time_epoch': 0.07351, 'loss': 0.17513374, 'lr': 0, 'params': 202600, 'time_iter': 0.01838, 'accuracy': 0.96664, 'f1': 0.96662, 'auc': 0.96039}
> Epoch 271: took 1.6s (avg 1.5s) | Best so far: epoch 248	train_loss: 0.1608 train_accuracy: 0.9755	val_loss: 0.1810 val_accuracy: 0.9677	test_loss: 0.1749 test_accuracy: 0.9691
train: {'epoch': 272, 'time_epoch': 1.12316, 'eta': 802.41328, 'eta_hours': 0.22289, 'loss': 0.15947897, 'lr': 0.00076634, 'params': 202600, 'time_iter': 0.02808, 'accuracy': 0.9758, 'f1': 0.97578, 'auc': 0.96336}
val: {'epoch': 272, 'time_epoch': 0.07251, 'loss': 0.18047859, 'lr': 0, 'params': 202600, 'time_iter': 0.01813, 'accuracy': 0.96698, 'f1': 0.96695, 'auc': 0.95949}
test: {'epoch': 272, 'time_epoch': 0.07051, 'loss': 0.17509873, 'lr': 0, 'params': 202600, 'time_iter': 0.01763, 'accuracy': 0.96849, 'f1': 0.96847, 'auc': 0.96079}
> Epoch 272: took 1.5s (avg 1.5s) | Best so far: epoch 248	train_loss: 0.1608 train_accuracy: 0.9755	val_loss: 0.1810 val_accuracy: 0.9677	test_loss: 0.1749 test_accuracy: 0.9691
train: {'epoch': 273, 'time_epoch': 1.1361, 'eta': 801.39531, 'eta_hours': 0.22261, 'loss': 0.15909163, 'lr': 0.00076529, 'params': 202600, 'time_iter': 0.0284, 'accuracy': 0.97585, 'f1': 0.97583, 'auc': 0.96319}
val: {'epoch': 273, 'time_epoch': 0.07, 'loss': 0.18025085, 'lr': 0, 'params': 202600, 'time_iter': 0.0175, 'accuracy': 0.96776, 'f1': 0.96773, 'auc': 0.95995}
test: {'epoch': 273, 'time_epoch': 0.06728, 'loss': 0.17429198, 'lr': 0, 'params': 202600, 'time_iter': 0.01682, 'accuracy': 0.9694, 'f1': 0.96937, 'auc': 0.96133}
> Epoch 273: took 1.5s (avg 1.5s) | Best so far: epoch 273	train_loss: 0.1591 train_accuracy: 0.9758	val_loss: 0.1803 val_accuracy: 0.9678	test_loss: 0.1743 test_accuracy: 0.9694
train: {'epoch': 274, 'time_epoch': 1.109, 'eta': 800.30504, 'eta_hours': 0.22231, 'loss': 0.1591329, 'lr': 0.00076423, 'params': 202600, 'time_iter': 0.02773, 'accuracy': 0.9758, 'f1': 0.97578, 'auc': 0.96356}
val: {'epoch': 274, 'time_epoch': 0.07051, 'loss': 0.18022324, 'lr': 0, 'params': 202600, 'time_iter': 0.01763, 'accuracy': 0.96747, 'f1': 0.96744, 'auc': 0.95827}
test: {'epoch': 274, 'time_epoch': 0.06751, 'loss': 0.17339654, 'lr': 0, 'params': 202600, 'time_iter': 0.01688, 'accuracy': 0.96928, 'f1': 0.96925, 'auc': 0.95999}
> Epoch 274: took 1.5s (avg 1.5s) | Best so far: epoch 273	train_loss: 0.1591 train_accuracy: 0.9758	val_loss: 0.1803 val_accuracy: 0.9678	test_loss: 0.1743 test_accuracy: 0.9694
train: {'epoch': 275, 'time_epoch': 1.14665, 'eta': 799.31339, 'eta_hours': 0.22203, 'loss': 0.15913701, 'lr': 0.00076318, 'params': 202600, 'time_iter': 0.02867, 'accuracy': 0.97579, 'f1': 0.97577, 'auc': 0.96337}
val: {'epoch': 275, 'time_epoch': 0.07751, 'loss': 0.18022689, 'lr': 0, 'params': 202600, 'time_iter': 0.01938, 'accuracy': 0.96614, 'f1': 0.96612, 'auc': 0.96122}
test: {'epoch': 275, 'time_epoch': 0.08051, 'loss': 0.17378435, 'lr': 0, 'params': 202600, 'time_iter': 0.02013, 'accuracy': 0.96803, 'f1': 0.96801, 'auc': 0.96286}
> Epoch 275: took 1.5s (avg 1.5s) | Best so far: epoch 273	train_loss: 0.1591 train_accuracy: 0.9758	val_loss: 0.1803 val_accuracy: 0.9678	test_loss: 0.1743 test_accuracy: 0.9694
train: {'epoch': 276, 'time_epoch': 1.15948, 'eta': 798.3541, 'eta_hours': 0.22177, 'loss': 0.15943273, 'lr': 0.00076213, 'params': 202600, 'time_iter': 0.02899, 'accuracy': 0.97586, 'f1': 0.97585, 'auc': 0.96345}
val: {'epoch': 276, 'time_epoch': 0.07251, 'loss': 0.18136658, 'lr': 0, 'params': 202600, 'time_iter': 0.01813, 'accuracy': 0.96153, 'f1': 0.96151, 'auc': 0.96041}
test: {'epoch': 276, 'time_epoch': 0.06851, 'loss': 0.1755355, 'lr': 0, 'params': 202600, 'time_iter': 0.01713, 'accuracy': 0.96325, 'f1': 0.96324, 'auc': 0.96161}
> Epoch 276: took 1.5s (avg 1.5s) | Best so far: epoch 273	train_loss: 0.1591 train_accuracy: 0.9758	val_loss: 0.1803 val_accuracy: 0.9678	test_loss: 0.1743 test_accuracy: 0.9694
train: {'epoch': 277, 'time_epoch': 1.12782, 'eta': 797.31116, 'eta_hours': 0.22148, 'loss': 0.15912333, 'lr': 0.00076108, 'params': 202600, 'time_iter': 0.0282, 'accuracy': 0.97587, 'f1': 0.97586, 'auc': 0.96333}
val: {'epoch': 277, 'time_epoch': 0.07051, 'loss': 0.18288353, 'lr': 0, 'params': 202600, 'time_iter': 0.01763, 'accuracy': 0.96745, 'f1': 0.96742, 'auc': 0.95888}
test: {'epoch': 277, 'time_epoch': 0.06951, 'loss': 0.17682376, 'lr': 0, 'params': 202600, 'time_iter': 0.01738, 'accuracy': 0.96908, 'f1': 0.96905, 'auc': 0.96022}
> Epoch 277: took 1.5s (avg 1.5s) | Best so far: epoch 273	train_loss: 0.1591 train_accuracy: 0.9758	val_loss: 0.1803 val_accuracy: 0.9678	test_loss: 0.1743 test_accuracy: 0.9694
train: {'epoch': 278, 'time_epoch': 1.14792, 'eta': 796.31956, 'eta_hours': 0.2212, 'loss': 0.15875763, 'lr': 0.00076002, 'params': 202600, 'time_iter': 0.0287, 'accuracy': 0.97601, 'f1': 0.976, 'auc': 0.96338}
val: {'epoch': 278, 'time_epoch': 0.07051, 'loss': 0.1820838, 'lr': 0, 'params': 202600, 'time_iter': 0.01763, 'accuracy': 0.96771, 'f1': 0.96768, 'auc': 0.96074}
test: {'epoch': 278, 'time_epoch': 0.07051, 'loss': 0.17582204, 'lr': 0, 'params': 202600, 'time_iter': 0.01763, 'accuracy': 0.96909, 'f1': 0.96906, 'auc': 0.96205}
> Epoch 278: took 1.5s (avg 1.5s) | Best so far: epoch 273	train_loss: 0.1591 train_accuracy: 0.9758	val_loss: 0.1803 val_accuracy: 0.9678	test_loss: 0.1743 test_accuracy: 0.9694
train: {'epoch': 279, 'time_epoch': 1.11183, 'eta': 795.23402, 'eta_hours': 0.2209, 'loss': 0.15903186, 'lr': 0.00075897, 'params': 202600, 'time_iter': 0.0278, 'accuracy': 0.97594, 'f1': 0.97593, 'auc': 0.96339}
val: {'epoch': 279, 'time_epoch': 0.07051, 'loss': 0.17996604, 'lr': 0, 'params': 202600, 'time_iter': 0.01763, 'accuracy': 0.96762, 'f1': 0.96759, 'auc': 0.95896}
test: {'epoch': 279, 'time_epoch': 0.07151, 'loss': 0.17454794, 'lr': 0, 'params': 202600, 'time_iter': 0.01788, 'accuracy': 0.96924, 'f1': 0.96921, 'auc': 0.9604}
> Epoch 279: took 1.5s (avg 1.5s) | Best so far: epoch 273	train_loss: 0.1591 train_accuracy: 0.9758	val_loss: 0.1803 val_accuracy: 0.9678	test_loss: 0.1743 test_accuracy: 0.9694
train: {'epoch': 280, 'time_epoch': 1.11914, 'eta': 794.16702, 'eta_hours': 0.2206, 'loss': 0.15895202, 'lr': 0.00075792, 'params': 202600, 'time_iter': 0.02798, 'accuracy': 0.97591, 'f1': 0.97589, 'auc': 0.96326}
val: {'epoch': 280, 'time_epoch': 0.08251, 'loss': 0.18168464, 'lr': 0, 'params': 202600, 'time_iter': 0.02063, 'accuracy': 0.96126, 'f1': 0.96124, 'auc': 0.96069}
test: {'epoch': 280, 'time_epoch': 0.07151, 'loss': 0.17532678, 'lr': 0, 'params': 202600, 'time_iter': 0.01788, 'accuracy': 0.96338, 'f1': 0.96337, 'auc': 0.96212}
> Epoch 280: took 1.5s (avg 1.5s) | Best so far: epoch 273	train_loss: 0.1591 train_accuracy: 0.9758	val_loss: 0.1803 val_accuracy: 0.9678	test_loss: 0.1743 test_accuracy: 0.9694
train: {'epoch': 281, 'time_epoch': 1.1123, 'eta': 793.08223, 'eta_hours': 0.2203, 'loss': 0.1589593, 'lr': 0.00075687, 'params': 202600, 'time_iter': 0.02781, 'accuracy': 0.97591, 'f1': 0.9759, 'auc': 0.96328}
val: {'epoch': 281, 'time_epoch': 0.06951, 'loss': 0.18322569, 'lr': 0, 'params': 202600, 'time_iter': 0.01738, 'accuracy': 0.96546, 'f1': 0.96543, 'auc': 0.96043}
test: {'epoch': 281, 'time_epoch': 0.06951, 'loss': 0.1770322, 'lr': 0, 'params': 202600, 'time_iter': 0.01738, 'accuracy': 0.96707, 'f1': 0.96704, 'auc': 0.96182}
> Epoch 281: took 1.5s (avg 1.5s) | Best so far: epoch 273	train_loss: 0.1591 train_accuracy: 0.9758	val_loss: 0.1803 val_accuracy: 0.9678	test_loss: 0.1743 test_accuracy: 0.9694
train: {'epoch': 282, 'time_epoch': 1.08301, 'eta': 791.92302, 'eta_hours': 0.21998, 'loss': 0.15888922, 'lr': 0.00075581, 'params': 202600, 'time_iter': 0.02708, 'accuracy': 0.97593, 'f1': 0.97591, 'auc': 0.96334}
val: {'epoch': 282, 'time_epoch': 0.073, 'loss': 0.18121164, 'lr': 0, 'params': 202600, 'time_iter': 0.01825, 'accuracy': 0.9597, 'f1': 0.95969, 'auc': 0.96033}
test: {'epoch': 282, 'time_epoch': 0.07043, 'loss': 0.17494858, 'lr': 0, 'params': 202600, 'time_iter': 0.01761, 'accuracy': 0.96227, 'f1': 0.96226, 'auc': 0.96197}
> Epoch 282: took 1.5s (avg 1.5s) | Best so far: epoch 273	train_loss: 0.1591 train_accuracy: 0.9758	val_loss: 0.1803 val_accuracy: 0.9678	test_loss: 0.1743 test_accuracy: 0.9694
train: {'epoch': 283, 'time_epoch': 1.25438, 'eta': 791.19641, 'eta_hours': 0.21978, 'loss': 0.15906517, 'lr': 0.00075476, 'params': 202600, 'time_iter': 0.03136, 'accuracy': 0.97594, 'f1': 0.97592, 'auc': 0.96347}
val: {'epoch': 283, 'time_epoch': 0.07151, 'loss': 0.18011345, 'lr': 0, 'params': 202600, 'time_iter': 0.01788, 'accuracy': 0.96489, 'f1': 0.96487, 'auc': 0.96082}
test: {'epoch': 283, 'time_epoch': 0.07351, 'loss': 0.1739508, 'lr': 0, 'params': 202600, 'time_iter': 0.01838, 'accuracy': 0.96601, 'f1': 0.96599, 'auc': 0.96248}
> Epoch 283: took 1.6s (avg 1.5s) | Best so far: epoch 273	train_loss: 0.1591 train_accuracy: 0.9758	val_loss: 0.1803 val_accuracy: 0.9678	test_loss: 0.1743 test_accuracy: 0.9694
train: {'epoch': 284, 'time_epoch': 1.09233, 'eta': 790.05953, 'eta_hours': 0.21946, 'loss': 0.15906798, 'lr': 0.00075371, 'params': 202600, 'time_iter': 0.02731, 'accuracy': 0.97585, 'f1': 0.97584, 'auc': 0.96335}
val: {'epoch': 284, 'time_epoch': 0.07, 'loss': 0.18008834, 'lr': 0, 'params': 202600, 'time_iter': 0.0175, 'accuracy': 0.96701, 'f1': 0.96698, 'auc': 0.95993}
test: {'epoch': 284, 'time_epoch': 0.09651, 'loss': 0.1736009, 'lr': 0, 'params': 202600, 'time_iter': 0.02413, 'accuracy': 0.96871, 'f1': 0.96869, 'auc': 0.96155}
> Epoch 284: took 1.5s (avg 1.5s) | Best so far: epoch 273	train_loss: 0.1591 train_accuracy: 0.9758	val_loss: 0.1803 val_accuracy: 0.9678	test_loss: 0.1743 test_accuracy: 0.9694
train: {'epoch': 285, 'time_epoch': 1.07016, 'eta': 788.86764, 'eta_hours': 0.21913, 'loss': 0.15893424, 'lr': 0.00075266, 'params': 202600, 'time_iter': 0.02675, 'accuracy': 0.97579, 'f1': 0.97578, 'auc': 0.96336}
val: {'epoch': 285, 'time_epoch': 0.07151, 'loss': 0.18269617, 'lr': 0, 'params': 202600, 'time_iter': 0.01788, 'accuracy': 0.96496, 'f1': 0.96494, 'auc': 0.96057}
test: {'epoch': 285, 'time_epoch': 0.06902, 'loss': 0.17706514, 'lr': 0, 'params': 202600, 'time_iter': 0.01725, 'accuracy': 0.96664, 'f1': 0.96662, 'auc': 0.96181}
> Epoch 285: took 1.4s (avg 1.5s) | Best so far: epoch 273	train_loss: 0.1591 train_accuracy: 0.9758	val_loss: 0.1803 val_accuracy: 0.9678	test_loss: 0.1743 test_accuracy: 0.9694
train: {'epoch': 286, 'time_epoch': 1.10868, 'eta': 787.77228, 'eta_hours': 0.21883, 'loss': 0.15878305, 'lr': 0.0007516, 'params': 202600, 'time_iter': 0.02772, 'accuracy': 0.97597, 'f1': 0.97596, 'auc': 0.96329}
val: {'epoch': 286, 'time_epoch': 0.07451, 'loss': 0.18079219, 'lr': 0, 'params': 202600, 'time_iter': 0.01863, 'accuracy': 0.96485, 'f1': 0.96483, 'auc': 0.96016}
test: {'epoch': 286, 'time_epoch': 0.07302, 'loss': 0.17470393, 'lr': 0, 'params': 202600, 'time_iter': 0.01825, 'accuracy': 0.96712, 'f1': 0.96709, 'auc': 0.96163}
> Epoch 286: took 1.5s (avg 1.5s) | Best so far: epoch 273	train_loss: 0.1591 train_accuracy: 0.9758	val_loss: 0.1803 val_accuracy: 0.9678	test_loss: 0.1743 test_accuracy: 0.9694
train: {'epoch': 287, 'time_epoch': 1.1375, 'eta': 786.74808, 'eta_hours': 0.21854, 'loss': 0.15866672, 'lr': 0.00075055, 'params': 202600, 'time_iter': 0.02844, 'accuracy': 0.97597, 'f1': 0.97595, 'auc': 0.96341}
val: {'epoch': 287, 'time_epoch': 0.06951, 'loss': 0.18101138, 'lr': 0, 'params': 202600, 'time_iter': 0.01738, 'accuracy': 0.95861, 'f1': 0.95859, 'auc': 0.96149}
test: {'epoch': 287, 'time_epoch': 0.06951, 'loss': 0.17626691, 'lr': 0, 'params': 202600, 'time_iter': 0.01738, 'accuracy': 0.96072, 'f1': 0.96071, 'auc': 0.96246}
> Epoch 287: took 1.5s (avg 1.5s) | Best so far: epoch 273	train_loss: 0.1591 train_accuracy: 0.9758	val_loss: 0.1803 val_accuracy: 0.9678	test_loss: 0.1743 test_accuracy: 0.9694
train: {'epoch': 288, 'time_epoch': 1.07242, 'eta': 785.56298, 'eta_hours': 0.21821, 'loss': 0.15899002, 'lr': 0.0007495, 'params': 202600, 'time_iter': 0.02681, 'accuracy': 0.97593, 'f1': 0.97592, 'auc': 0.96337}
val: {'epoch': 288, 'time_epoch': 0.069, 'loss': 0.18139254, 'lr': 0, 'params': 202600, 'time_iter': 0.01725, 'accuracy': 0.96642, 'f1': 0.96639, 'auc': 0.96034}
test: {'epoch': 288, 'time_epoch': 0.069, 'loss': 0.17486619, 'lr': 0, 'params': 202600, 'time_iter': 0.01725, 'accuracy': 0.96773, 'f1': 0.9677, 'auc': 0.96184}
> Epoch 288: took 1.4s (avg 1.5s) | Best so far: epoch 273	train_loss: 0.1591 train_accuracy: 0.9758	val_loss: 0.1803 val_accuracy: 0.9678	test_loss: 0.1743 test_accuracy: 0.9694
train: {'epoch': 289, 'time_epoch': 1.08001, 'eta': 784.39724, 'eta_hours': 0.21789, 'loss': 0.1584624, 'lr': 0.00074845, 'params': 202600, 'time_iter': 0.027, 'accuracy': 0.97602, 'f1': 0.97601, 'auc': 0.96339}
val: {'epoch': 289, 'time_epoch': 0.07073, 'loss': 0.18185592, 'lr': 0, 'params': 202600, 'time_iter': 0.01768, 'accuracy': 0.96697, 'f1': 0.96694, 'auc': 0.95874}
test: {'epoch': 289, 'time_epoch': 0.07151, 'loss': 0.17526186, 'lr': 0, 'params': 202600, 'time_iter': 0.01788, 'accuracy': 0.96805, 'f1': 0.96802, 'auc': 0.96005}
> Epoch 289: took 1.5s (avg 1.5s) | Best so far: epoch 273	train_loss: 0.1591 train_accuracy: 0.9758	val_loss: 0.1803 val_accuracy: 0.9678	test_loss: 0.1743 test_accuracy: 0.9694
train: {'epoch': 290, 'time_epoch': 1.07542, 'eta': 783.22091, 'eta_hours': 0.21756, 'loss': 0.15893887, 'lr': 0.00074739, 'params': 202600, 'time_iter': 0.02689, 'accuracy': 0.97594, 'f1': 0.97592, 'auc': 0.96334}
val: {'epoch': 290, 'time_epoch': 0.072, 'loss': 0.18068817, 'lr': 0, 'params': 202600, 'time_iter': 0.018, 'accuracy': 0.96644, 'f1': 0.96641, 'auc': 0.96007}
test: {'epoch': 290, 'time_epoch': 0.071, 'loss': 0.17498631, 'lr': 0, 'params': 202600, 'time_iter': 0.01775, 'accuracy': 0.96795, 'f1': 0.96793, 'auc': 0.96134}
> Epoch 290: took 1.5s (avg 1.5s) | Best so far: epoch 273	train_loss: 0.1591 train_accuracy: 0.9758	val_loss: 0.1803 val_accuracy: 0.9678	test_loss: 0.1743 test_accuracy: 0.9694
train: {'epoch': 291, 'time_epoch': 1.12068, 'eta': 782.155, 'eta_hours': 0.21727, 'loss': 0.15857218, 'lr': 0.00074634, 'params': 202600, 'time_iter': 0.02802, 'accuracy': 0.97592, 'f1': 0.9759, 'auc': 0.96358}
val: {'epoch': 291, 'time_epoch': 0.07, 'loss': 0.179549, 'lr': 0, 'params': 202600, 'time_iter': 0.0175, 'accuracy': 0.96643, 'f1': 0.96641, 'auc': 0.9598}
test: {'epoch': 291, 'time_epoch': 0.069, 'loss': 0.17378233, 'lr': 0, 'params': 202600, 'time_iter': 0.01725, 'accuracy': 0.96682, 'f1': 0.96681, 'auc': 0.96113}
> Epoch 291: took 1.5s (avg 1.5s) | Best so far: epoch 273	train_loss: 0.1591 train_accuracy: 0.9758	val_loss: 0.1803 val_accuracy: 0.9678	test_loss: 0.1743 test_accuracy: 0.9694
train: {'epoch': 292, 'time_epoch': 1.07704, 'eta': 780.98343, 'eta_hours': 0.21694, 'loss': 0.15839493, 'lr': 0.00074529, 'params': 202600, 'time_iter': 0.02693, 'accuracy': 0.97608, 'f1': 0.97606, 'auc': 0.96315}
val: {'epoch': 292, 'time_epoch': 0.07051, 'loss': 0.18002544, 'lr': 0, 'params': 202600, 'time_iter': 0.01763, 'accuracy': 0.96651, 'f1': 0.96649, 'auc': 0.96113}
test: {'epoch': 292, 'time_epoch': 0.07051, 'loss': 0.17353019, 'lr': 0, 'params': 202600, 'time_iter': 0.01763, 'accuracy': 0.96834, 'f1': 0.96832, 'auc': 0.9627}
> Epoch 292: took 1.4s (avg 1.5s) | Best so far: epoch 273	train_loss: 0.1591 train_accuracy: 0.9758	val_loss: 0.1803 val_accuracy: 0.9678	test_loss: 0.1743 test_accuracy: 0.9694
train: {'epoch': 293, 'time_epoch': 1.0977, 'eta': 779.86212, 'eta_hours': 0.21663, 'loss': 0.15826172, 'lr': 0.00074424, 'params': 202600, 'time_iter': 0.02744, 'accuracy': 0.97609, 'f1': 0.97608, 'auc': 0.96338}
val: {'epoch': 293, 'time_epoch': 0.07051, 'loss': 0.18101721, 'lr': 0, 'params': 202600, 'time_iter': 0.01763, 'accuracy': 0.96656, 'f1': 0.96653, 'auc': 0.95973}
test: {'epoch': 293, 'time_epoch': 0.06951, 'loss': 0.17461164, 'lr': 0, 'params': 202600, 'time_iter': 0.01738, 'accuracy': 0.96865, 'f1': 0.96863, 'auc': 0.96124}
> Epoch 293: took 1.5s (avg 1.5s) | Best so far: epoch 273	train_loss: 0.1591 train_accuracy: 0.9758	val_loss: 0.1803 val_accuracy: 0.9678	test_loss: 0.1743 test_accuracy: 0.9694
train: {'epoch': 294, 'time_epoch': 1.12037, 'eta': 778.79514, 'eta_hours': 0.21633, 'loss': 0.15826935, 'lr': 0.00074318, 'params': 202600, 'time_iter': 0.02801, 'accuracy': 0.97614, 'f1': 0.97612, 'auc': 0.96326}
val: {'epoch': 294, 'time_epoch': 0.07151, 'loss': 0.18407739, 'lr': 0, 'params': 202600, 'time_iter': 0.01788, 'accuracy': 0.96735, 'f1': 0.96731, 'auc': 0.95882}
test: {'epoch': 294, 'time_epoch': 0.07071, 'loss': 0.17809114, 'lr': 0, 'params': 202600, 'time_iter': 0.01768, 'accuracy': 0.96908, 'f1': 0.96905, 'auc': 0.9602}
> Epoch 294: took 1.5s (avg 1.5s) | Best so far: epoch 273	train_loss: 0.1591 train_accuracy: 0.9758	val_loss: 0.1803 val_accuracy: 0.9678	test_loss: 0.1743 test_accuracy: 0.9694
train: {'epoch': 295, 'time_epoch': 1.12988, 'eta': 777.75042, 'eta_hours': 0.21604, 'loss': 0.15819051, 'lr': 0.00074213, 'params': 202600, 'time_iter': 0.02825, 'accuracy': 0.97608, 'f1': 0.97606, 'auc': 0.96346}
val: {'epoch': 295, 'time_epoch': 0.06919, 'loss': 0.17974319, 'lr': 0, 'params': 202600, 'time_iter': 0.0173, 'accuracy': 0.96683, 'f1': 0.9668, 'auc': 0.96014}
test: {'epoch': 295, 'time_epoch': 0.068, 'loss': 0.17418998, 'lr': 0, 'params': 202600, 'time_iter': 0.017, 'accuracy': 0.96842, 'f1': 0.9684, 'auc': 0.96137}
> Epoch 295: took 1.5s (avg 1.5s) | Best so far: epoch 273	train_loss: 0.1591 train_accuracy: 0.9758	val_loss: 0.1803 val_accuracy: 0.9678	test_loss: 0.1743 test_accuracy: 0.9694
train: {'epoch': 296, 'time_epoch': 1.10226, 'eta': 776.63975, 'eta_hours': 0.21573, 'loss': 0.15794191, 'lr': 0.00074108, 'params': 202600, 'time_iter': 0.02756, 'accuracy': 0.97612, 'f1': 0.97611, 'auc': 0.96345}
val: {'epoch': 296, 'time_epoch': 0.069, 'loss': 0.18269564, 'lr': 0, 'params': 202600, 'time_iter': 0.01725, 'accuracy': 0.9675, 'f1': 0.96747, 'auc': 0.95913}
test: {'epoch': 296, 'time_epoch': 0.06901, 'loss': 0.17735929, 'lr': 0, 'params': 202600, 'time_iter': 0.01725, 'accuracy': 0.96894, 'f1': 0.96891, 'auc': 0.96045}
> Epoch 296: took 1.5s (avg 1.5s) | Best so far: epoch 273	train_loss: 0.1591 train_accuracy: 0.9758	val_loss: 0.1803 val_accuracy: 0.9678	test_loss: 0.1743 test_accuracy: 0.9694
train: {'epoch': 297, 'time_epoch': 1.10545, 'eta': 775.53664, 'eta_hours': 0.21543, 'loss': 0.1581225, 'lr': 0.00074003, 'params': 202600, 'time_iter': 0.02764, 'accuracy': 0.97616, 'f1': 0.97615, 'auc': 0.96335}
val: {'epoch': 297, 'time_epoch': 0.06851, 'loss': 0.18100348, 'lr': 0, 'params': 202600, 'time_iter': 0.01713, 'accuracy': 0.9599, 'f1': 0.95989, 'auc': 0.96096}
test: {'epoch': 297, 'time_epoch': 0.07051, 'loss': 0.17473628, 'lr': 0, 'params': 202600, 'time_iter': 0.01763, 'accuracy': 0.96323, 'f1': 0.96322, 'auc': 0.96258}
> Epoch 297: took 1.5s (avg 1.5s) | Best so far: epoch 273	train_loss: 0.1591 train_accuracy: 0.9758	val_loss: 0.1803 val_accuracy: 0.9678	test_loss: 0.1743 test_accuracy: 0.9694
train: {'epoch': 298, 'time_epoch': 1.12484, 'eta': 774.47898, 'eta_hours': 0.21513, 'loss': 0.15830905, 'lr': 0.00073897, 'params': 202600, 'time_iter': 0.02812, 'accuracy': 0.97604, 'f1': 0.97603, 'auc': 0.96347}
val: {'epoch': 298, 'time_epoch': 0.06951, 'loss': 0.18006406, 'lr': 0, 'params': 202600, 'time_iter': 0.01738, 'accuracy': 0.9677, 'f1': 0.96767, 'auc': 0.95865}
test: {'epoch': 298, 'time_epoch': 0.06751, 'loss': 0.17460379, 'lr': 0, 'params': 202600, 'time_iter': 0.01688, 'accuracy': 0.9694, 'f1': 0.96937, 'auc': 0.95981}
> Epoch 298: took 1.5s (avg 1.5s) | Best so far: epoch 273	train_loss: 0.1591 train_accuracy: 0.9758	val_loss: 0.1803 val_accuracy: 0.9678	test_loss: 0.1743 test_accuracy: 0.9694
train: {'epoch': 299, 'time_epoch': 1.07396, 'eta': 773.30214, 'eta_hours': 0.21481, 'loss': 0.15830497, 'lr': 0.00073792, 'params': 202600, 'time_iter': 0.02685, 'accuracy': 0.97609, 'f1': 0.97608, 'auc': 0.96324}
val: {'epoch': 299, 'time_epoch': 0.071, 'loss': 0.1803906, 'lr': 0, 'params': 202600, 'time_iter': 0.01775, 'accuracy': 0.96766, 'f1': 0.96763, 'auc': 0.95963}
test: {'epoch': 299, 'time_epoch': 0.07101, 'loss': 0.17469004, 'lr': 0, 'params': 202600, 'time_iter': 0.01775, 'accuracy': 0.96962, 'f1': 0.96959, 'auc': 0.96081}
> Epoch 299: took 1.5s (avg 1.5s) | Best so far: epoch 273	train_loss: 0.1591 train_accuracy: 0.9758	val_loss: 0.1803 val_accuracy: 0.9678	test_loss: 0.1743 test_accuracy: 0.9694
train: {'epoch': 300, 'time_epoch': 1.11459, 'eta': 772.22035, 'eta_hours': 0.21451, 'loss': 0.1579761, 'lr': 0.00073687, 'params': 202600, 'time_iter': 0.02786, 'accuracy': 0.97619, 'f1': 0.97618, 'auc': 0.96334}
val: {'epoch': 300, 'time_epoch': 0.07134, 'loss': 0.18174325, 'lr': 0, 'params': 202600, 'time_iter': 0.01784, 'accuracy': 0.96565, 'f1': 0.96562, 'auc': 0.96027}
test: {'epoch': 300, 'time_epoch': 0.07, 'loss': 0.17544385, 'lr': 0, 'params': 202600, 'time_iter': 0.0175, 'accuracy': 0.96763, 'f1': 0.96761, 'auc': 0.96138}
> Epoch 300: took 1.5s (avg 1.5s) | Best so far: epoch 273	train_loss: 0.1591 train_accuracy: 0.9758	val_loss: 0.1803 val_accuracy: 0.9678	test_loss: 0.1743 test_accuracy: 0.9694
train: {'epoch': 301, 'time_epoch': 1.1415, 'eta': 771.20053, 'eta_hours': 0.21422, 'loss': 0.15807349, 'lr': 0.00073582, 'params': 202600, 'time_iter': 0.02854, 'accuracy': 0.97618, 'f1': 0.97617, 'auc': 0.96348}
val: {'epoch': 301, 'time_epoch': 0.07, 'loss': 0.18264879, 'lr': 0, 'params': 202600, 'time_iter': 0.0175, 'accuracy': 0.9654, 'f1': 0.96537, 'auc': 0.96161}
test: {'epoch': 301, 'time_epoch': 0.069, 'loss': 0.17648996, 'lr': 0, 'params': 202600, 'time_iter': 0.01725, 'accuracy': 0.96711, 'f1': 0.96708, 'auc': 0.96271}
> Epoch 301: took 1.5s (avg 1.5s) | Best so far: epoch 273	train_loss: 0.1591 train_accuracy: 0.9758	val_loss: 0.1803 val_accuracy: 0.9678	test_loss: 0.1743 test_accuracy: 0.9694
train: {'epoch': 302, 'time_epoch': 1.10341, 'eta': 770.0923, 'eta_hours': 0.21391, 'loss': 0.15798151, 'lr': 0.00073476, 'params': 202600, 'time_iter': 0.02759, 'accuracy': 0.97619, 'f1': 0.97617, 'auc': 0.96356}
val: {'epoch': 302, 'time_epoch': 0.071, 'loss': 0.18066875, 'lr': 0, 'params': 202600, 'time_iter': 0.01775, 'accuracy': 0.96682, 'f1': 0.96679, 'auc': 0.9609}
test: {'epoch': 302, 'time_epoch': 0.07051, 'loss': 0.17439491, 'lr': 0, 'params': 202600, 'time_iter': 0.01763, 'accuracy': 0.96865, 'f1': 0.96863, 'auc': 0.96229}
> Epoch 302: took 1.5s (avg 1.5s) | Best so far: epoch 273	train_loss: 0.1591 train_accuracy: 0.9758	val_loss: 0.1803 val_accuracy: 0.9678	test_loss: 0.1743 test_accuracy: 0.9694
train: {'epoch': 303, 'time_epoch': 1.23185, 'eta': 769.27816, 'eta_hours': 0.21369, 'loss': 0.15811411, 'lr': 0.00073371, 'params': 202600, 'time_iter': 0.0308, 'accuracy': 0.97609, 'f1': 0.97608, 'auc': 0.96353}
val: {'epoch': 303, 'time_epoch': 0.071, 'loss': 0.18108662, 'lr': 0, 'params': 202600, 'time_iter': 0.01775, 'accuracy': 0.96545, 'f1': 0.96542, 'auc': 0.95998}
test: {'epoch': 303, 'time_epoch': 0.074, 'loss': 0.174708, 'lr': 0, 'params': 202600, 'time_iter': 0.0185, 'accuracy': 0.96846, 'f1': 0.96844, 'auc': 0.96128}
> Epoch 303: took 1.6s (avg 1.5s) | Best so far: epoch 273	train_loss: 0.1591 train_accuracy: 0.9758	val_loss: 0.1803 val_accuracy: 0.9678	test_loss: 0.1743 test_accuracy: 0.9694
train: {'epoch': 304, 'time_epoch': 1.15283, 'eta': 768.28123, 'eta_hours': 0.21341, 'loss': 0.1581133, 'lr': 0.00073266, 'params': 202600, 'time_iter': 0.02882, 'accuracy': 0.9761, 'f1': 0.97609, 'auc': 0.96333}
val: {'epoch': 304, 'time_epoch': 0.07052, 'loss': 0.18146312, 'lr': 0, 'params': 202600, 'time_iter': 0.01763, 'accuracy': 0.96293, 'f1': 0.96291, 'auc': 0.96082}
test: {'epoch': 304, 'time_epoch': 0.06951, 'loss': 0.174818, 'lr': 0, 'params': 202600, 'time_iter': 0.01738, 'accuracy': 0.96569, 'f1': 0.96567, 'auc': 0.96203}
> Epoch 304: took 1.5s (avg 1.5s) | Best so far: epoch 273	train_loss: 0.1591 train_accuracy: 0.9758	val_loss: 0.1803 val_accuracy: 0.9678	test_loss: 0.1743 test_accuracy: 0.9694
train: {'epoch': 305, 'time_epoch': 1.10155, 'eta': 767.16697, 'eta_hours': 0.2131, 'loss': 0.15823864, 'lr': 0.00073161, 'params': 202600, 'time_iter': 0.02754, 'accuracy': 0.97618, 'f1': 0.97617, 'auc': 0.96365}
val: {'epoch': 305, 'time_epoch': 0.07168, 'loss': 0.1801768, 'lr': 0, 'params': 202600, 'time_iter': 0.01792, 'accuracy': 0.96086, 'f1': 0.96084, 'auc': 0.96154}
test: {'epoch': 305, 'time_epoch': 0.072, 'loss': 0.17504331, 'lr': 0, 'params': 202600, 'time_iter': 0.018, 'accuracy': 0.96363, 'f1': 0.96361, 'auc': 0.96235}
> Epoch 305: took 1.5s (avg 1.5s) | Best so far: epoch 273	train_loss: 0.1591 train_accuracy: 0.9758	val_loss: 0.1803 val_accuracy: 0.9678	test_loss: 0.1743 test_accuracy: 0.9694
train: {'epoch': 306, 'time_epoch': 1.14764, 'eta': 766.15681, 'eta_hours': 0.21282, 'loss': 0.15776795, 'lr': 0.00073055, 'params': 202600, 'time_iter': 0.02869, 'accuracy': 0.97607, 'f1': 0.97606, 'auc': 0.96347}
val: {'epoch': 306, 'time_epoch': 0.06801, 'loss': 0.18090807, 'lr': 0, 'params': 202600, 'time_iter': 0.017, 'accuracy': 0.96663, 'f1': 0.96661, 'auc': 0.9599}
test: {'epoch': 306, 'time_epoch': 0.068, 'loss': 0.17477686, 'lr': 0, 'params': 202600, 'time_iter': 0.017, 'accuracy': 0.96825, 'f1': 0.96823, 'auc': 0.96108}
> Epoch 306: took 1.5s (avg 1.5s) | Best so far: epoch 273	train_loss: 0.1591 train_accuracy: 0.9758	val_loss: 0.1803 val_accuracy: 0.9678	test_loss: 0.1743 test_accuracy: 0.9694
train: {'epoch': 307, 'time_epoch': 1.08865, 'eta': 765.01324, 'eta_hours': 0.2125, 'loss': 0.15800152, 'lr': 0.0007295, 'params': 202600, 'time_iter': 0.02722, 'accuracy': 0.97622, 'f1': 0.97621, 'auc': 0.96325}
val: {'epoch': 307, 'time_epoch': 0.07051, 'loss': 0.18190564, 'lr': 0, 'params': 202600, 'time_iter': 0.01763, 'accuracy': 0.96715, 'f1': 0.96712, 'auc': 0.96126}
test: {'epoch': 307, 'time_epoch': 0.07152, 'loss': 0.17595377, 'lr': 0, 'params': 202600, 'time_iter': 0.01788, 'accuracy': 0.96887, 'f1': 0.96884, 'auc': 0.96237}
> Epoch 307: took 1.5s (avg 1.5s) | Best so far: epoch 273	train_loss: 0.1591 train_accuracy: 0.9758	val_loss: 0.1803 val_accuracy: 0.9678	test_loss: 0.1743 test_accuracy: 0.9694
train: {'epoch': 308, 'time_epoch': 1.10479, 'eta': 763.90612, 'eta_hours': 0.2122, 'loss': 0.15791308, 'lr': 0.00072845, 'params': 202600, 'time_iter': 0.02762, 'accuracy': 0.9761, 'f1': 0.97609, 'auc': 0.96352}
val: {'epoch': 308, 'time_epoch': 0.07051, 'loss': 0.18009384, 'lr': 0, 'params': 202600, 'time_iter': 0.01763, 'accuracy': 0.96742, 'f1': 0.96739, 'auc': 0.96053}
test: {'epoch': 308, 'time_epoch': 0.06851, 'loss': 0.17422986, 'lr': 0, 'params': 202600, 'time_iter': 0.01713, 'accuracy': 0.96832, 'f1': 0.9683, 'auc': 0.96189}
> Epoch 308: took 1.5s (avg 1.5s) | Best so far: epoch 273	train_loss: 0.1591 train_accuracy: 0.9758	val_loss: 0.1803 val_accuracy: 0.9678	test_loss: 0.1743 test_accuracy: 0.9694
train: {'epoch': 309, 'time_epoch': 1.10861, 'eta': 762.80751, 'eta_hours': 0.21189, 'loss': 0.15784344, 'lr': 0.0007274, 'params': 202600, 'time_iter': 0.02772, 'accuracy': 0.9761, 'f1': 0.97609, 'auc': 0.96356}
val: {'epoch': 309, 'time_epoch': 0.07551, 'loss': 0.17983771, 'lr': 0, 'params': 202600, 'time_iter': 0.01888, 'accuracy': 0.96744, 'f1': 0.96741, 'auc': 0.96053}
test: {'epoch': 309, 'time_epoch': 0.06851, 'loss': 0.17391023, 'lr': 0, 'params': 202600, 'time_iter': 0.01713, 'accuracy': 0.9692, 'f1': 0.96917, 'auc': 0.96175}
> Epoch 309: took 1.5s (avg 1.5s) | Best so far: epoch 273	train_loss: 0.1591 train_accuracy: 0.9758	val_loss: 0.1803 val_accuracy: 0.9678	test_loss: 0.1743 test_accuracy: 0.9694
train: {'epoch': 310, 'time_epoch': 1.10158, 'eta': 761.69327, 'eta_hours': 0.21158, 'loss': 0.15757293, 'lr': 0.00072634, 'params': 202600, 'time_iter': 0.02754, 'accuracy': 0.97621, 'f1': 0.9762, 'auc': 0.96354}
val: {'epoch': 310, 'time_epoch': 0.07051, 'loss': 0.18095812, 'lr': 0, 'params': 202600, 'time_iter': 0.01763, 'accuracy': 0.96299, 'f1': 0.96297, 'auc': 0.95978}
test: {'epoch': 310, 'time_epoch': 0.06951, 'loss': 0.1753031, 'lr': 0, 'params': 202600, 'time_iter': 0.01738, 'accuracy': 0.96531, 'f1': 0.96529, 'auc': 0.96099}
> Epoch 310: took 1.5s (avg 1.5s) | Best so far: epoch 273	train_loss: 0.1591 train_accuracy: 0.9758	val_loss: 0.1803 val_accuracy: 0.9678	test_loss: 0.1743 test_accuracy: 0.9694
train: {'epoch': 311, 'time_epoch': 1.08906, 'eta': 760.55149, 'eta_hours': 0.21126, 'loss': 0.15772985, 'lr': 0.00072529, 'params': 202600, 'time_iter': 0.02723, 'accuracy': 0.97626, 'f1': 0.97625, 'auc': 0.96346}
val: {'epoch': 311, 'time_epoch': 0.07151, 'loss': 0.18081137, 'lr': 0, 'params': 202600, 'time_iter': 0.01788, 'accuracy': 0.96489, 'f1': 0.96487, 'auc': 0.96079}
test: {'epoch': 311, 'time_epoch': 0.06851, 'loss': 0.17488292, 'lr': 0, 'params': 202600, 'time_iter': 0.01713, 'accuracy': 0.96687, 'f1': 0.96685, 'auc': 0.96189}
> Epoch 311: took 1.4s (avg 1.5s) | Best so far: epoch 273	train_loss: 0.1591 train_accuracy: 0.9758	val_loss: 0.1803 val_accuracy: 0.9678	test_loss: 0.1743 test_accuracy: 0.9694
train: {'epoch': 312, 'time_epoch': 1.13537, 'eta': 759.51171, 'eta_hours': 0.21098, 'loss': 0.15800211, 'lr': 0.00072424, 'params': 202600, 'time_iter': 0.02838, 'accuracy': 0.9761, 'f1': 0.97609, 'auc': 0.96349}
val: {'epoch': 312, 'time_epoch': 0.06951, 'loss': 0.18030652, 'lr': 0, 'params': 202600, 'time_iter': 0.01738, 'accuracy': 0.96464, 'f1': 0.96462, 'auc': 0.9598}
test: {'epoch': 312, 'time_epoch': 0.10451, 'loss': 0.17405603, 'lr': 0, 'params': 202600, 'time_iter': 0.02613, 'accuracy': 0.96758, 'f1': 0.96756, 'auc': 0.961}
> Epoch 312: took 1.5s (avg 1.5s) | Best so far: epoch 273	train_loss: 0.1591 train_accuracy: 0.9758	val_loss: 0.1803 val_accuracy: 0.9678	test_loss: 0.1743 test_accuracy: 0.9694
train: {'epoch': 313, 'time_epoch': 1.11433, 'eta': 758.42534, 'eta_hours': 0.21067, 'loss': 0.15848138, 'lr': 0.00072319, 'params': 202600, 'time_iter': 0.02786, 'accuracy': 0.97619, 'f1': 0.97618, 'auc': 0.96333}
val: {'epoch': 313, 'time_epoch': 0.06951, 'loss': 0.1805056, 'lr': 0, 'params': 202600, 'time_iter': 0.01738, 'accuracy': 0.96676, 'f1': 0.96673, 'auc': 0.95915}
test: {'epoch': 313, 'time_epoch': 0.06851, 'loss': 0.174838, 'lr': 0, 'params': 202600, 'time_iter': 0.01713, 'accuracy': 0.96856, 'f1': 0.96854, 'auc': 0.96025}
> Epoch 313: took 1.5s (avg 1.5s) | Best so far: epoch 273	train_loss: 0.1591 train_accuracy: 0.9758	val_loss: 0.1803 val_accuracy: 0.9678	test_loss: 0.1743 test_accuracy: 0.9694
train: {'epoch': 314, 'time_epoch': 1.23066, 'eta': 757.59177, 'eta_hours': 0.21044, 'loss': 0.15808124, 'lr': 0.00072213, 'params': 202600, 'time_iter': 0.03077, 'accuracy': 0.97609, 'f1': 0.97608, 'auc': 0.96328}
val: {'epoch': 314, 'time_epoch': 0.06951, 'loss': 0.17973788, 'lr': 0, 'params': 202600, 'time_iter': 0.01738, 'accuracy': 0.96495, 'f1': 0.96493, 'auc': 0.9604}
test: {'epoch': 314, 'time_epoch': 0.06851, 'loss': 0.17421589, 'lr': 0, 'params': 202600, 'time_iter': 0.01713, 'accuracy': 0.96564, 'f1': 0.96562, 'auc': 0.96185}
> Epoch 314: took 1.6s (avg 1.5s) | Best so far: epoch 273	train_loss: 0.1591 train_accuracy: 0.9758	val_loss: 0.1803 val_accuracy: 0.9678	test_loss: 0.1743 test_accuracy: 0.9694
train: {'epoch': 315, 'time_epoch': 1.06818, 'eta': 756.404, 'eta_hours': 0.21011, 'loss': 0.15769774, 'lr': 0.00072108, 'params': 202600, 'time_iter': 0.0267, 'accuracy': 0.97619, 'f1': 0.97618, 'auc': 0.96344}
val: {'epoch': 315, 'time_epoch': 0.07051, 'loss': 0.17948921, 'lr': 0, 'params': 202600, 'time_iter': 0.01763, 'accuracy': 0.96376, 'f1': 0.96373, 'auc': 0.96108}
test: {'epoch': 315, 'time_epoch': 0.06722, 'loss': 0.17354495, 'lr': 0, 'params': 202600, 'time_iter': 0.01681, 'accuracy': 0.96664, 'f1': 0.96662, 'auc': 0.96234}
> Epoch 315: took 1.4s (avg 1.5s) | Best so far: epoch 273	train_loss: 0.1591 train_accuracy: 0.9758	val_loss: 0.1803 val_accuracy: 0.9678	test_loss: 0.1743 test_accuracy: 0.9694
train: {'epoch': 316, 'time_epoch': 1.20571, 'eta': 755.51329, 'eta_hours': 0.20986, 'loss': 0.15777781, 'lr': 0.00072003, 'params': 202600, 'time_iter': 0.03014, 'accuracy': 0.97603, 'f1': 0.97602, 'auc': 0.96342}
val: {'epoch': 316, 'time_epoch': 0.06951, 'loss': 0.17969875, 'lr': 0, 'params': 202600, 'time_iter': 0.01738, 'accuracy': 0.96538, 'f1': 0.96535, 'auc': 0.9618}
test: {'epoch': 316, 'time_epoch': 0.07102, 'loss': 0.17368711, 'lr': 0, 'params': 202600, 'time_iter': 0.01775, 'accuracy': 0.96717, 'f1': 0.96715, 'auc': 0.96299}
> Epoch 316: took 1.6s (avg 1.5s) | Best so far: epoch 273	train_loss: 0.1591 train_accuracy: 0.9758	val_loss: 0.1803 val_accuracy: 0.9678	test_loss: 0.1743 test_accuracy: 0.9694
train: {'epoch': 317, 'time_epoch': 1.10039, 'eta': 754.39472, 'eta_hours': 0.20955, 'loss': 0.15761153, 'lr': 0.00071898, 'params': 202600, 'time_iter': 0.02751, 'accuracy': 0.97622, 'f1': 0.9762, 'auc': 0.96352}
val: {'epoch': 317, 'time_epoch': 0.07002, 'loss': 0.17858176, 'lr': 0, 'params': 202600, 'time_iter': 0.0175, 'accuracy': 0.96579, 'f1': 0.96576, 'auc': 0.96045}
test: {'epoch': 317, 'time_epoch': 0.069, 'loss': 0.1728192, 'lr': 0, 'params': 202600, 'time_iter': 0.01725, 'accuracy': 0.96752, 'f1': 0.9675, 'auc': 0.96171}
> Epoch 317: took 1.5s (avg 1.5s) | Best so far: epoch 273	train_loss: 0.1591 train_accuracy: 0.9758	val_loss: 0.1803 val_accuracy: 0.9678	test_loss: 0.1743 test_accuracy: 0.9694
train: {'epoch': 318, 'time_epoch': 1.10234, 'eta': 753.28043, 'eta_hours': 0.20924, 'loss': 0.15751758, 'lr': 0.00071792, 'params': 202600, 'time_iter': 0.02756, 'accuracy': 0.97626, 'f1': 0.97624, 'auc': 0.96327}
val: {'epoch': 318, 'time_epoch': 0.071, 'loss': 0.17944609, 'lr': 0, 'params': 202600, 'time_iter': 0.01775, 'accuracy': 0.96773, 'f1': 0.9677, 'auc': 0.9609}
test: {'epoch': 318, 'time_epoch': 0.068, 'loss': 0.17384216, 'lr': 0, 'params': 202600, 'time_iter': 0.017, 'accuracy': 0.96921, 'f1': 0.96918, 'auc': 0.96184}
> Epoch 318: took 1.5s (avg 1.5s) | Best so far: epoch 273	train_loss: 0.1591 train_accuracy: 0.9758	val_loss: 0.1803 val_accuracy: 0.9678	test_loss: 0.1743 test_accuracy: 0.9694
train: {'epoch': 319, 'time_epoch': 1.1093, 'eta': 752.18102, 'eta_hours': 0.20894, 'loss': 0.15752534, 'lr': 0.00071687, 'params': 202600, 'time_iter': 0.02773, 'accuracy': 0.97631, 'f1': 0.9763, 'auc': 0.96349}
val: {'epoch': 319, 'time_epoch': 0.07051, 'loss': 0.18026653, 'lr': 0, 'params': 202600, 'time_iter': 0.01763, 'accuracy': 0.96738, 'f1': 0.96735, 'auc': 0.95924}
test: {'epoch': 319, 'time_epoch': 0.06851, 'loss': 0.17466111, 'lr': 0, 'params': 202600, 'time_iter': 0.01713, 'accuracy': 0.96908, 'f1': 0.96905, 'auc': 0.96028}
> Epoch 319: took 1.5s (avg 1.5s) | Best so far: epoch 273	train_loss: 0.1591 train_accuracy: 0.9758	val_loss: 0.1803 val_accuracy: 0.9678	test_loss: 0.1743 test_accuracy: 0.9694
train: {'epoch': 320, 'time_epoch': 1.15314, 'eta': 751.17426, 'eta_hours': 0.20866, 'loss': 0.15741481, 'lr': 0.00071582, 'params': 202600, 'time_iter': 0.02883, 'accuracy': 0.97626, 'f1': 0.97625, 'auc': 0.96337}
val: {'epoch': 320, 'time_epoch': 0.071, 'loss': 0.17881735, 'lr': 0, 'params': 202600, 'time_iter': 0.01775, 'accuracy': 0.96551, 'f1': 0.96548, 'auc': 0.96025}
test: {'epoch': 320, 'time_epoch': 0.07065, 'loss': 0.17292612, 'lr': 0, 'params': 202600, 'time_iter': 0.01766, 'accuracy': 0.96792, 'f1': 0.9679, 'auc': 0.96143}
> Epoch 320: took 1.5s (avg 1.5s) | Best so far: epoch 273	train_loss: 0.1591 train_accuracy: 0.9758	val_loss: 0.1803 val_accuracy: 0.9678	test_loss: 0.1743 test_accuracy: 0.9694
train: {'epoch': 321, 'time_epoch': 1.08945, 'eta': 750.0325, 'eta_hours': 0.20834, 'loss': 0.15709015, 'lr': 0.00071477, 'params': 202600, 'time_iter': 0.02724, 'accuracy': 0.9764, 'f1': 0.97639, 'auc': 0.96336}
val: {'epoch': 321, 'time_epoch': 0.07051, 'loss': 0.17845905, 'lr': 0, 'params': 202600, 'time_iter': 0.01763, 'accuracy': 0.96427, 'f1': 0.96425, 'auc': 0.96158}
test: {'epoch': 321, 'time_epoch': 0.06851, 'loss': 0.17302696, 'lr': 0, 'params': 202600, 'time_iter': 0.01713, 'accuracy': 0.9669, 'f1': 0.96689, 'auc': 0.96274}
> Epoch 321: took 1.5s (avg 1.5s) | Best so far: epoch 273	train_loss: 0.1591 train_accuracy: 0.9758	val_loss: 0.1803 val_accuracy: 0.9678	test_loss: 0.1743 test_accuracy: 0.9694
train: {'epoch': 322, 'time_epoch': 1.10016, 'eta': 748.9135, 'eta_hours': 0.20803, 'loss': 0.15714619, 'lr': 0.00071371, 'params': 202600, 'time_iter': 0.0275, 'accuracy': 0.97635, 'f1': 0.97633, 'auc': 0.96337}
val: {'epoch': 322, 'time_epoch': 0.0681, 'loss': 0.18019962, 'lr': 0, 'params': 202600, 'time_iter': 0.01702, 'accuracy': 0.96402, 'f1': 0.964, 'auc': 0.96025}
test: {'epoch': 322, 'time_epoch': 0.06951, 'loss': 0.1744467, 'lr': 0, 'params': 202600, 'time_iter': 0.01738, 'accuracy': 0.96659, 'f1': 0.96657, 'auc': 0.96145}
> Epoch 322: took 1.5s (avg 1.5s) | Best so far: epoch 273	train_loss: 0.1591 train_accuracy: 0.9758	val_loss: 0.1803 val_accuracy: 0.9678	test_loss: 0.1743 test_accuracy: 0.9694
train: {'epoch': 323, 'time_epoch': 1.09697, 'eta': 747.78797, 'eta_hours': 0.20772, 'loss': 0.15736143, 'lr': 0.00071266, 'params': 202600, 'time_iter': 0.02742, 'accuracy': 0.97625, 'f1': 0.97623, 'auc': 0.96361}
val: {'epoch': 323, 'time_epoch': 0.069, 'loss': 0.17886992, 'lr': 0, 'params': 202600, 'time_iter': 0.01725, 'accuracy': 0.96562, 'f1': 0.96559, 'auc': 0.96021}
test: {'epoch': 323, 'time_epoch': 0.06951, 'loss': 0.17276423, 'lr': 0, 'params': 202600, 'time_iter': 0.01738, 'accuracy': 0.96807, 'f1': 0.96805, 'auc': 0.96147}
> Epoch 323: took 1.5s (avg 1.5s) | Best so far: epoch 273	train_loss: 0.1591 train_accuracy: 0.9758	val_loss: 0.1803 val_accuracy: 0.9678	test_loss: 0.1743 test_accuracy: 0.9694
train: {'epoch': 324, 'time_epoch': 1.10624, 'eta': 746.68187, 'eta_hours': 0.20741, 'loss': 0.15696493, 'lr': 0.00071161, 'params': 202600, 'time_iter': 0.02766, 'accuracy': 0.97636, 'f1': 0.97635, 'auc': 0.96333}
val: {'epoch': 324, 'time_epoch': 0.06951, 'loss': 0.17966144, 'lr': 0, 'params': 202600, 'time_iter': 0.01738, 'accuracy': 0.96635, 'f1': 0.96633, 'auc': 0.96027}
test: {'epoch': 324, 'time_epoch': 0.06851, 'loss': 0.17391749, 'lr': 0, 'params': 202600, 'time_iter': 0.01713, 'accuracy': 0.96829, 'f1': 0.96827, 'auc': 0.9613}
> Epoch 324: took 1.5s (avg 1.5s) | Best so far: epoch 273	train_loss: 0.1591 train_accuracy: 0.9758	val_loss: 0.1803 val_accuracy: 0.9678	test_loss: 0.1743 test_accuracy: 0.9694
train: {'epoch': 325, 'time_epoch': 1.11179, 'eta': 745.58724, 'eta_hours': 0.20711, 'loss': 0.15740394, 'lr': 0.00071056, 'params': 202600, 'time_iter': 0.02779, 'accuracy': 0.97631, 'f1': 0.9763, 'auc': 0.96343}
val: {'epoch': 325, 'time_epoch': 0.06951, 'loss': 0.18059112, 'lr': 0, 'params': 202600, 'time_iter': 0.01738, 'accuracy': 0.9644, 'f1': 0.96438, 'auc': 0.95992}
test: {'epoch': 325, 'time_epoch': 0.06951, 'loss': 0.17476518, 'lr': 0, 'params': 202600, 'time_iter': 0.01738, 'accuracy': 0.96665, 'f1': 0.96663, 'auc': 0.96138}
> Epoch 325: took 1.5s (avg 1.5s) | Best so far: epoch 273	train_loss: 0.1591 train_accuracy: 0.9758	val_loss: 0.1803 val_accuracy: 0.9678	test_loss: 0.1743 test_accuracy: 0.9694
train: {'epoch': 326, 'time_epoch': 1.11124, 'eta': 744.49137, 'eta_hours': 0.2068, 'loss': 0.15726936, 'lr': 0.0007095, 'params': 202600, 'time_iter': 0.02778, 'accuracy': 0.97629, 'f1': 0.97628, 'auc': 0.96334}
val: {'epoch': 326, 'time_epoch': 0.07002, 'loss': 0.18163241, 'lr': 0, 'params': 202600, 'time_iter': 0.01751, 'accuracy': 0.96461, 'f1': 0.96459, 'auc': 0.96179}
test: {'epoch': 326, 'time_epoch': 0.09217, 'loss': 0.1753644, 'lr': 0, 'params': 202600, 'time_iter': 0.02304, 'accuracy': 0.96599, 'f1': 0.96597, 'auc': 0.96297}
> Epoch 326: took 1.5s (avg 1.5s) | Best so far: epoch 273	train_loss: 0.1591 train_accuracy: 0.9758	val_loss: 0.1803 val_accuracy: 0.9678	test_loss: 0.1743 test_accuracy: 0.9694
train: {'epoch': 327, 'time_epoch': 1.10792, 'eta': 743.38861, 'eta_hours': 0.2065, 'loss': 0.15731059, 'lr': 0.00070845, 'params': 202600, 'time_iter': 0.0277, 'accuracy': 0.9763, 'f1': 0.97629, 'auc': 0.96356}
val: {'epoch': 327, 'time_epoch': 0.07151, 'loss': 0.17933917, 'lr': 0, 'params': 202600, 'time_iter': 0.01788, 'accuracy': 0.96462, 'f1': 0.9646, 'auc': 0.95886}
test: {'epoch': 327, 'time_epoch': 0.07, 'loss': 0.17445959, 'lr': 0, 'params': 202600, 'time_iter': 0.0175, 'accuracy': 0.9664, 'f1': 0.96638, 'auc': 0.95997}
> Epoch 327: took 1.5s (avg 1.5s) | Best so far: epoch 273	train_loss: 0.1591 train_accuracy: 0.9758	val_loss: 0.1803 val_accuracy: 0.9678	test_loss: 0.1743 test_accuracy: 0.9694
train: {'epoch': 328, 'time_epoch': 1.10663, 'eta': 742.28318, 'eta_hours': 0.20619, 'loss': 0.1571458, 'lr': 0.0007074, 'params': 202600, 'time_iter': 0.02767, 'accuracy': 0.97632, 'f1': 0.97631, 'auc': 0.96345}
val: {'epoch': 328, 'time_epoch': 0.07001, 'loss': 0.18076778, 'lr': 0, 'params': 202600, 'time_iter': 0.0175, 'accuracy': 0.96092, 'f1': 0.9609, 'auc': 0.96205}
test: {'epoch': 328, 'time_epoch': 0.069, 'loss': 0.17497679, 'lr': 0, 'params': 202600, 'time_iter': 0.01725, 'accuracy': 0.96363, 'f1': 0.96361, 'auc': 0.96339}
> Epoch 328: took 1.5s (avg 1.5s) | Best so far: epoch 273	train_loss: 0.1591 train_accuracy: 0.9758	val_loss: 0.1803 val_accuracy: 0.9678	test_loss: 0.1743 test_accuracy: 0.9694
train: {'epoch': 329, 'time_epoch': 1.10547, 'eta': 741.17539, 'eta_hours': 0.20588, 'loss': 0.15731779, 'lr': 0.00070635, 'params': 202600, 'time_iter': 0.02764, 'accuracy': 0.97634, 'f1': 0.97632, 'auc': 0.96366}
val: {'epoch': 329, 'time_epoch': 0.0725, 'loss': 0.18069, 'lr': 0, 'params': 202600, 'time_iter': 0.01813, 'accuracy': 0.96801, 'f1': 0.96798, 'auc': 0.95978}
test: {'epoch': 329, 'time_epoch': 0.07051, 'loss': 0.17471941, 'lr': 0, 'params': 202600, 'time_iter': 0.01763, 'accuracy': 0.96983, 'f1': 0.9698, 'auc': 0.96102}
> Epoch 329: took 1.5s (avg 1.5s) | Best so far: epoch 329	train_loss: 0.1573 train_accuracy: 0.9763	val_loss: 0.1807 val_accuracy: 0.9680	test_loss: 0.1747 test_accuracy: 0.9698
train: {'epoch': 330, 'time_epoch': 1.17434, 'eta': 740.2068, 'eta_hours': 0.20561, 'loss': 0.15675303, 'lr': 0.00070529, 'params': 202600, 'time_iter': 0.02936, 'accuracy': 0.97649, 'f1': 0.97647, 'auc': 0.96346}
val: {'epoch': 330, 'time_epoch': 0.07051, 'loss': 0.18069321, 'lr': 0, 'params': 202600, 'time_iter': 0.01763, 'accuracy': 0.96399, 'f1': 0.96396, 'auc': 0.96108}
test: {'epoch': 330, 'time_epoch': 0.06951, 'loss': 0.17413742, 'lr': 0, 'params': 202600, 'time_iter': 0.01738, 'accuracy': 0.96622, 'f1': 0.9662, 'auc': 0.96237}
> Epoch 330: took 1.5s (avg 1.5s) | Best so far: epoch 329	train_loss: 0.1573 train_accuracy: 0.9763	val_loss: 0.1807 val_accuracy: 0.9680	test_loss: 0.1747 test_accuracy: 0.9698
train: {'epoch': 331, 'time_epoch': 1.11557, 'eta': 739.11874, 'eta_hours': 0.20531, 'loss': 0.15689945, 'lr': 0.00070424, 'params': 202600, 'time_iter': 0.02789, 'accuracy': 0.9764, 'f1': 0.97639, 'auc': 0.96361}
val: {'epoch': 331, 'time_epoch': 0.07051, 'loss': 0.17956049, 'lr': 0, 'params': 202600, 'time_iter': 0.01763, 'accuracy': 0.96344, 'f1': 0.96343, 'auc': 0.96055}
test: {'epoch': 331, 'time_epoch': 0.069, 'loss': 0.1736724, 'lr': 0, 'params': 202600, 'time_iter': 0.01725, 'accuracy': 0.96442, 'f1': 0.96441, 'auc': 0.96201}
> Epoch 331: took 1.5s (avg 1.5s) | Best so far: epoch 329	train_loss: 0.1573 train_accuracy: 0.9763	val_loss: 0.1807 val_accuracy: 0.9680	test_loss: 0.1747 test_accuracy: 0.9698
train: {'epoch': 332, 'time_epoch': 1.21834, 'eta': 738.23637, 'eta_hours': 0.20507, 'loss': 0.15704926, 'lr': 0.00070319, 'params': 202600, 'time_iter': 0.03046, 'accuracy': 0.97636, 'f1': 0.97635, 'auc': 0.96353}
val: {'epoch': 332, 'time_epoch': 0.069, 'loss': 0.1779642, 'lr': 0, 'params': 202600, 'time_iter': 0.01725, 'accuracy': 0.96759, 'f1': 0.96756, 'auc': 0.96015}
test: {'epoch': 332, 'time_epoch': 0.069, 'loss': 0.17220046, 'lr': 0, 'params': 202600, 'time_iter': 0.01725, 'accuracy': 0.96918, 'f1': 0.96915, 'auc': 0.96133}
> Epoch 332: took 1.6s (avg 1.5s) | Best so far: epoch 329	train_loss: 0.1573 train_accuracy: 0.9763	val_loss: 0.1807 val_accuracy: 0.9680	test_loss: 0.1747 test_accuracy: 0.9698
train: {'epoch': 333, 'time_epoch': 1.10692, 'eta': 737.1298, 'eta_hours': 0.20476, 'loss': 0.15697218, 'lr': 0.00070214, 'params': 202600, 'time_iter': 0.02767, 'accuracy': 0.9763, 'f1': 0.97629, 'auc': 0.96351}
val: {'epoch': 333, 'time_epoch': 0.06951, 'loss': 0.17936103, 'lr': 0, 'params': 202600, 'time_iter': 0.01738, 'accuracy': 0.96406, 'f1': 0.96404, 'auc': 0.96138}
test: {'epoch': 333, 'time_epoch': 0.06951, 'loss': 0.17375836, 'lr': 0, 'params': 202600, 'time_iter': 0.01738, 'accuracy': 0.96611, 'f1': 0.96609, 'auc': 0.96246}
> Epoch 333: took 1.5s (avg 1.5s) | Best so far: epoch 329	train_loss: 0.1573 train_accuracy: 0.9763	val_loss: 0.1807 val_accuracy: 0.9680	test_loss: 0.1747 test_accuracy: 0.9698
train: {'epoch': 334, 'time_epoch': 1.06901, 'eta': 735.94799, 'eta_hours': 0.20443, 'loss': 0.15689534, 'lr': 0.00070108, 'params': 202600, 'time_iter': 0.02673, 'accuracy': 0.97648, 'f1': 0.97647, 'auc': 0.96355}
val: {'epoch': 334, 'time_epoch': 0.07151, 'loss': 0.18263982, 'lr': 0, 'params': 202600, 'time_iter': 0.01788, 'accuracy': 0.96725, 'f1': 0.96722, 'auc': 0.96039}
test: {'epoch': 334, 'time_epoch': 0.07102, 'loss': 0.17648191, 'lr': 0, 'params': 202600, 'time_iter': 0.01776, 'accuracy': 0.96891, 'f1': 0.96888, 'auc': 0.96158}
> Epoch 334: took 1.4s (avg 1.5s) | Best so far: epoch 329	train_loss: 0.1573 train_accuracy: 0.9763	val_loss: 0.1807 val_accuracy: 0.9680	test_loss: 0.1747 test_accuracy: 0.9698
train: {'epoch': 335, 'time_epoch': 1.09657, 'eta': 734.82129, 'eta_hours': 0.20412, 'loss': 0.15698068, 'lr': 0.00070003, 'params': 202600, 'time_iter': 0.02741, 'accuracy': 0.97638, 'f1': 0.97637, 'auc': 0.96361}
val: {'epoch': 335, 'time_epoch': 0.07201, 'loss': 0.1830604, 'lr': 0, 'params': 202600, 'time_iter': 0.018, 'accuracy': 0.96713, 'f1': 0.96709, 'auc': 0.96002}
test: {'epoch': 335, 'time_epoch': 0.06751, 'loss': 0.17625631, 'lr': 0, 'params': 202600, 'time_iter': 0.01688, 'accuracy': 0.96882, 'f1': 0.96879, 'auc': 0.96125}
> Epoch 335: took 1.5s (avg 1.5s) | Best so far: epoch 329	train_loss: 0.1573 train_accuracy: 0.9763	val_loss: 0.1807 val_accuracy: 0.9680	test_loss: 0.1747 test_accuracy: 0.9698
train: {'epoch': 336, 'time_epoch': 1.0926, 'eta': 733.68698, 'eta_hours': 0.2038, 'loss': 0.15694891, 'lr': 0.00069898, 'params': 202600, 'time_iter': 0.02732, 'accuracy': 0.97637, 'f1': 0.97635, 'auc': 0.96346}
val: {'epoch': 336, 'time_epoch': 0.06951, 'loss': 0.18011278, 'lr': 0, 'params': 202600, 'time_iter': 0.01738, 'accuracy': 0.96644, 'f1': 0.96642, 'auc': 0.95992}
test: {'epoch': 336, 'time_epoch': 0.09321, 'loss': 0.17401832, 'lr': 0, 'params': 202600, 'time_iter': 0.0233, 'accuracy': 0.96803, 'f1': 0.96801, 'auc': 0.96111}
> Epoch 336: took 1.5s (avg 1.5s) | Best so far: epoch 329	train_loss: 0.1573 train_accuracy: 0.9763	val_loss: 0.1807 val_accuracy: 0.9680	test_loss: 0.1747 test_accuracy: 0.9698
train: {'epoch': 337, 'time_epoch': 1.10016, 'eta': 732.56772, 'eta_hours': 0.20349, 'loss': 0.15651774, 'lr': 0.00069792, 'params': 202600, 'time_iter': 0.0275, 'accuracy': 0.97642, 'f1': 0.9764, 'auc': 0.9634}
val: {'epoch': 337, 'time_epoch': 0.07051, 'loss': 0.17948866, 'lr': 0, 'params': 202600, 'time_iter': 0.01763, 'accuracy': 0.96288, 'f1': 0.96286, 'auc': 0.962}
test: {'epoch': 337, 'time_epoch': 0.06951, 'loss': 0.17335604, 'lr': 0, 'params': 202600, 'time_iter': 0.01738, 'accuracy': 0.96478, 'f1': 0.96477, 'auc': 0.96337}
> Epoch 337: took 1.5s (avg 1.5s) | Best so far: epoch 329	train_loss: 0.1573 train_accuracy: 0.9763	val_loss: 0.1807 val_accuracy: 0.9680	test_loss: 0.1747 test_accuracy: 0.9698
train: {'epoch': 338, 'time_epoch': 1.09611, 'eta': 731.44068, 'eta_hours': 0.20318, 'loss': 0.15685903, 'lr': 0.00069687, 'params': 202600, 'time_iter': 0.0274, 'accuracy': 0.97646, 'f1': 0.97645, 'auc': 0.9636}
val: {'epoch': 338, 'time_epoch': 0.07551, 'loss': 0.17990443, 'lr': 0, 'params': 202600, 'time_iter': 0.01888, 'accuracy': 0.96727, 'f1': 0.96724, 'auc': 0.95992}
test: {'epoch': 338, 'time_epoch': 0.06952, 'loss': 0.17450944, 'lr': 0, 'params': 202600, 'time_iter': 0.01738, 'accuracy': 0.96897, 'f1': 0.96894, 'auc': 0.96101}
> Epoch 338: took 1.5s (avg 1.5s) | Best so far: epoch 329	train_loss: 0.1573 train_accuracy: 0.9763	val_loss: 0.1807 val_accuracy: 0.9680	test_loss: 0.1747 test_accuracy: 0.9698
train: {'epoch': 339, 'time_epoch': 1.11678, 'eta': 730.35395, 'eta_hours': 0.20288, 'loss': 0.15647867, 'lr': 0.00069582, 'params': 202600, 'time_iter': 0.02792, 'accuracy': 0.97648, 'f1': 0.97647, 'auc': 0.96363}
val: {'epoch': 339, 'time_epoch': 0.06951, 'loss': 0.1794014, 'lr': 0, 'params': 202600, 'time_iter': 0.01738, 'accuracy': 0.96046, 'f1': 0.96044, 'auc': 0.96096}
test: {'epoch': 339, 'time_epoch': 0.069, 'loss': 0.17378867, 'lr': 0, 'params': 202600, 'time_iter': 0.01725, 'accuracy': 0.96294, 'f1': 0.96293, 'auc': 0.96228}
> Epoch 339: took 1.5s (avg 1.5s) | Best so far: epoch 329	train_loss: 0.1573 train_accuracy: 0.9763	val_loss: 0.1807 val_accuracy: 0.9680	test_loss: 0.1747 test_accuracy: 0.9698
train: {'epoch': 340, 'time_epoch': 1.11261, 'eta': 729.25898, 'eta_hours': 0.20257, 'loss': 0.15683867, 'lr': 0.00069477, 'params': 202600, 'time_iter': 0.02782, 'accuracy': 0.9763, 'f1': 0.97629, 'auc': 0.96348}
val: {'epoch': 340, 'time_epoch': 0.075, 'loss': 0.1806839, 'lr': 0, 'params': 202600, 'time_iter': 0.01875, 'accuracy': 0.9672, 'f1': 0.96717, 'auc': 0.95976}
test: {'epoch': 340, 'time_epoch': 0.0685, 'loss': 0.17509823, 'lr': 0, 'params': 202600, 'time_iter': 0.01713, 'accuracy': 0.96845, 'f1': 0.96843, 'auc': 0.96087}
> Epoch 340: took 1.5s (avg 1.5s) | Best so far: epoch 329	train_loss: 0.1573 train_accuracy: 0.9763	val_loss: 0.1807 val_accuracy: 0.9680	test_loss: 0.1747 test_accuracy: 0.9698
train: {'epoch': 341, 'time_epoch': 1.08333, 'eta': 728.10756, 'eta_hours': 0.20225, 'loss': 0.1566664, 'lr': 0.00069371, 'params': 202600, 'time_iter': 0.02708, 'accuracy': 0.97648, 'f1': 0.97647, 'auc': 0.96357}
val: {'epoch': 341, 'time_epoch': 0.07151, 'loss': 0.17961623, 'lr': 0, 'params': 202600, 'time_iter': 0.01788, 'accuracy': 0.96587, 'f1': 0.96584, 'auc': 0.96042}
test: {'epoch': 341, 'time_epoch': 0.06851, 'loss': 0.17349673, 'lr': 0, 'params': 202600, 'time_iter': 0.01713, 'accuracy': 0.96806, 'f1': 0.96804, 'auc': 0.96163}
> Epoch 341: took 1.4s (avg 1.5s) | Best so far: epoch 329	train_loss: 0.1573 train_accuracy: 0.9763	val_loss: 0.1807 val_accuracy: 0.9680	test_loss: 0.1747 test_accuracy: 0.9698
train: {'epoch': 342, 'time_epoch': 1.11332, 'eta': 727.01399, 'eta_hours': 0.20195, 'loss': 0.15673614, 'lr': 0.00069266, 'params': 202600, 'time_iter': 0.02783, 'accuracy': 0.97647, 'f1': 0.97646, 'auc': 0.96364}
val: {'epoch': 342, 'time_epoch': 0.07151, 'loss': 0.18104822, 'lr': 0, 'params': 202600, 'time_iter': 0.01788, 'accuracy': 0.95927, 'f1': 0.95926, 'auc': 0.96086}
test: {'epoch': 342, 'time_epoch': 0.07052, 'loss': 0.17613918, 'lr': 0, 'params': 202600, 'time_iter': 0.01763, 'accuracy': 0.96098, 'f1': 0.96097, 'auc': 0.96202}
> Epoch 342: took 1.5s (avg 1.5s) | Best so far: epoch 329	train_loss: 0.1573 train_accuracy: 0.9763	val_loss: 0.1807 val_accuracy: 0.9680	test_loss: 0.1747 test_accuracy: 0.9698
train: {'epoch': 343, 'time_epoch': 1.08481, 'eta': 725.86593, 'eta_hours': 0.20163, 'loss': 0.15697123, 'lr': 0.00069161, 'params': 202600, 'time_iter': 0.02712, 'accuracy': 0.97634, 'f1': 0.97633, 'auc': 0.96359}
val: {'epoch': 343, 'time_epoch': 0.06851, 'loss': 0.17964092, 'lr': 0, 'params': 202600, 'time_iter': 0.01713, 'accuracy': 0.96579, 'f1': 0.96576, 'auc': 0.95977}
test: {'epoch': 343, 'time_epoch': 0.06902, 'loss': 0.17392764, 'lr': 0, 'params': 202600, 'time_iter': 0.01725, 'accuracy': 0.96772, 'f1': 0.9677, 'auc': 0.96096}
> Epoch 343: took 1.5s (avg 1.5s) | Best so far: epoch 329	train_loss: 0.1573 train_accuracy: 0.9763	val_loss: 0.1807 val_accuracy: 0.9680	test_loss: 0.1747 test_accuracy: 0.9698
train: {'epoch': 344, 'time_epoch': 1.18057, 'eta': 724.90005, 'eta_hours': 0.20136, 'loss': 0.15652355, 'lr': 0.00069056, 'params': 202600, 'time_iter': 0.02951, 'accuracy': 0.97642, 'f1': 0.9764, 'auc': 0.96358}
val: {'epoch': 344, 'time_epoch': 0.06951, 'loss': 0.17871849, 'lr': 0, 'params': 202600, 'time_iter': 0.01738, 'accuracy': 0.9658, 'f1': 0.96577, 'auc': 0.95956}
test: {'epoch': 344, 'time_epoch': 0.06851, 'loss': 0.17318385, 'lr': 0, 'params': 202600, 'time_iter': 0.01713, 'accuracy': 0.96727, 'f1': 0.96725, 'auc': 0.96103}
> Epoch 344: took 1.6s (avg 1.5s) | Best so far: epoch 329	train_loss: 0.1573 train_accuracy: 0.9763	val_loss: 0.1807 val_accuracy: 0.9680	test_loss: 0.1747 test_accuracy: 0.9698
train: {'epoch': 345, 'time_epoch': 1.10684, 'eta': 723.79356, 'eta_hours': 0.20105, 'loss': 0.15668306, 'lr': 0.0006895, 'params': 202600, 'time_iter': 0.02767, 'accuracy': 0.97635, 'f1': 0.97633, 'auc': 0.96349}
val: {'epoch': 345, 'time_epoch': 0.07, 'loss': 0.17829626, 'lr': 0, 'params': 202600, 'time_iter': 0.0175, 'accuracy': 0.96316, 'f1': 0.96314, 'auc': 0.96111}
test: {'epoch': 345, 'time_epoch': 0.071, 'loss': 0.17359526, 'lr': 0, 'params': 202600, 'time_iter': 0.01775, 'accuracy': 0.96385, 'f1': 0.96383, 'auc': 0.96218}
> Epoch 345: took 1.5s (avg 1.5s) | Best so far: epoch 329	train_loss: 0.1573 train_accuracy: 0.9763	val_loss: 0.1807 val_accuracy: 0.9680	test_loss: 0.1747 test_accuracy: 0.9698
train: {'epoch': 346, 'time_epoch': 1.11371, 'eta': 722.70001, 'eta_hours': 0.20075, 'loss': 0.15665026, 'lr': 0.00068845, 'params': 202600, 'time_iter': 0.02784, 'accuracy': 0.97643, 'f1': 0.97641, 'auc': 0.96339}
val: {'epoch': 346, 'time_epoch': 0.07241, 'loss': 0.18010038, 'lr': 0, 'params': 202600, 'time_iter': 0.0181, 'accuracy': 0.96432, 'f1': 0.9643, 'auc': 0.96001}
test: {'epoch': 346, 'time_epoch': 0.07052, 'loss': 0.17351169, 'lr': 0, 'params': 202600, 'time_iter': 0.01763, 'accuracy': 0.96668, 'f1': 0.96666, 'auc': 0.96145}
> Epoch 346: took 1.5s (avg 1.5s) | Best so far: epoch 329	train_loss: 0.1573 train_accuracy: 0.9763	val_loss: 0.1807 val_accuracy: 0.9680	test_loss: 0.1747 test_accuracy: 0.9698
train: {'epoch': 347, 'time_epoch': 1.1468, 'eta': 721.66832, 'eta_hours': 0.20046, 'loss': 0.15638164, 'lr': 0.0006874, 'params': 202600, 'time_iter': 0.02867, 'accuracy': 0.97658, 'f1': 0.97657, 'auc': 0.9635}
val: {'epoch': 347, 'time_epoch': 0.07051, 'loss': 0.17921551, 'lr': 0, 'params': 202600, 'time_iter': 0.01763, 'accuracy': 0.96544, 'f1': 0.96541, 'auc': 0.96052}
test: {'epoch': 347, 'time_epoch': 0.07127, 'loss': 0.1735045, 'lr': 0, 'params': 202600, 'time_iter': 0.01782, 'accuracy': 0.96793, 'f1': 0.96791, 'auc': 0.96167}
> Epoch 347: took 1.5s (avg 1.5s) | Best so far: epoch 329	train_loss: 0.1573 train_accuracy: 0.9763	val_loss: 0.1807 val_accuracy: 0.9680	test_loss: 0.1747 test_accuracy: 0.9698
train: {'epoch': 348, 'time_epoch': 1.12793, 'eta': 720.60078, 'eta_hours': 0.20017, 'loss': 0.15651205, 'lr': 0.00068635, 'params': 202600, 'time_iter': 0.0282, 'accuracy': 0.97647, 'f1': 0.97646, 'auc': 0.96357}
val: {'epoch': 348, 'time_epoch': 0.06951, 'loss': 0.18077251, 'lr': 0, 'params': 202600, 'time_iter': 0.01738, 'accuracy': 0.96631, 'f1': 0.96628, 'auc': 0.96067}
test: {'epoch': 348, 'time_epoch': 0.07451, 'loss': 0.17453097, 'lr': 0, 'params': 202600, 'time_iter': 0.01863, 'accuracy': 0.96757, 'f1': 0.96755, 'auc': 0.96211}
> Epoch 348: took 1.5s (avg 1.5s) | Best so far: epoch 329	train_loss: 0.1573 train_accuracy: 0.9763	val_loss: 0.1807 val_accuracy: 0.9680	test_loss: 0.1747 test_accuracy: 0.9698
train: {'epoch': 349, 'time_epoch': 1.15563, 'eta': 719.58433, 'eta_hours': 0.19988, 'loss': 0.1564443, 'lr': 0.00068529, 'params': 202600, 'time_iter': 0.02889, 'accuracy': 0.9765, 'f1': 0.97649, 'auc': 0.96377}
val: {'epoch': 349, 'time_epoch': 0.07, 'loss': 0.17898047, 'lr': 0, 'params': 202600, 'time_iter': 0.0175, 'accuracy': 0.96279, 'f1': 0.96277, 'auc': 0.96042}
test: {'epoch': 349, 'time_epoch': 0.07151, 'loss': 0.17345321, 'lr': 0, 'params': 202600, 'time_iter': 0.01788, 'accuracy': 0.9647, 'f1': 0.96469, 'auc': 0.96191}
> Epoch 349: took 1.5s (avg 1.5s) | Best so far: epoch 329	train_loss: 0.1573 train_accuracy: 0.9763	val_loss: 0.1807 val_accuracy: 0.9680	test_loss: 0.1747 test_accuracy: 0.9698
train: {'epoch': 350, 'time_epoch': 1.10622, 'eta': 718.47574, 'eta_hours': 0.19958, 'loss': 0.15641882, 'lr': 0.00068424, 'params': 202600, 'time_iter': 0.02766, 'accuracy': 0.9766, 'f1': 0.97659, 'auc': 0.96349}
val: {'epoch': 350, 'time_epoch': 0.06893, 'loss': 0.17914037, 'lr': 0, 'params': 202600, 'time_iter': 0.01723, 'accuracy': 0.96421, 'f1': 0.96419, 'auc': 0.96078}
test: {'epoch': 350, 'time_epoch': 0.0685, 'loss': 0.17352562, 'lr': 0, 'params': 202600, 'time_iter': 0.01713, 'accuracy': 0.96692, 'f1': 0.96691, 'auc': 0.96177}
> Epoch 350: took 1.5s (avg 1.5s) | Best so far: epoch 329	train_loss: 0.1573 train_accuracy: 0.9763	val_loss: 0.1807 val_accuracy: 0.9680	test_loss: 0.1747 test_accuracy: 0.9698
train: {'epoch': 351, 'time_epoch': 1.13631, 'eta': 717.42255, 'eta_hours': 0.19928, 'loss': 0.15636395, 'lr': 0.00068319, 'params': 202600, 'time_iter': 0.02841, 'accuracy': 0.97648, 'f1': 0.97647, 'auc': 0.96368}
val: {'epoch': 351, 'time_epoch': 0.07, 'loss': 0.18037941, 'lr': 0, 'params': 202600, 'time_iter': 0.0175, 'accuracy': 0.96671, 'f1': 0.96669, 'auc': 0.96059}
test: {'epoch': 351, 'time_epoch': 0.19451, 'loss': 0.1738986, 'lr': 0, 'params': 202600, 'time_iter': 0.04863, 'accuracy': 0.96811, 'f1': 0.96809, 'auc': 0.96198}
> Epoch 351: took 1.6s (avg 1.5s) | Best so far: epoch 329	train_loss: 0.1573 train_accuracy: 0.9763	val_loss: 0.1807 val_accuracy: 0.9680	test_loss: 0.1747 test_accuracy: 0.9698
train: {'epoch': 352, 'time_epoch': 1.12976, 'eta': 716.35689, 'eta_hours': 0.19899, 'loss': 0.15632689, 'lr': 0.00068214, 'params': 202600, 'time_iter': 0.02824, 'accuracy': 0.97647, 'f1': 0.97645, 'auc': 0.96363}
val: {'epoch': 352, 'time_epoch': 0.07151, 'loss': 0.17921007, 'lr': 0, 'params': 202600, 'time_iter': 0.01788, 'accuracy': 0.96319, 'f1': 0.96317, 'auc': 0.96165}
test: {'epoch': 352, 'time_epoch': 0.07051, 'loss': 0.17325663, 'lr': 0, 'params': 202600, 'time_iter': 0.01763, 'accuracy': 0.96616, 'f1': 0.96614, 'auc': 0.96277}
> Epoch 352: took 1.5s (avg 1.5s) | Best so far: epoch 329	train_loss: 0.1573 train_accuracy: 0.9763	val_loss: 0.1807 val_accuracy: 0.9680	test_loss: 0.1747 test_accuracy: 0.9698
train: {'epoch': 353, 'time_epoch': 1.15997, 'eta': 715.346, 'eta_hours': 0.19871, 'loss': 0.15620525, 'lr': 0.00068108, 'params': 202600, 'time_iter': 0.029, 'accuracy': 0.97648, 'f1': 0.97647, 'auc': 0.96365}
val: {'epoch': 353, 'time_epoch': 0.07051, 'loss': 0.17951608, 'lr': 0, 'params': 202600, 'time_iter': 0.01763, 'accuracy': 0.96733, 'f1': 0.9673, 'auc': 0.96035}
test: {'epoch': 353, 'time_epoch': 0.06951, 'loss': 0.1737253, 'lr': 0, 'params': 202600, 'time_iter': 0.01738, 'accuracy': 0.96932, 'f1': 0.96929, 'auc': 0.96144}
> Epoch 353: took 1.5s (avg 1.5s) | Best so far: epoch 329	train_loss: 0.1573 train_accuracy: 0.9763	val_loss: 0.1807 val_accuracy: 0.9680	test_loss: 0.1747 test_accuracy: 0.9698
train: {'epoch': 354, 'time_epoch': 1.12458, 'eta': 714.26996, 'eta_hours': 0.19841, 'loss': 0.15617814, 'lr': 0.00068003, 'params': 202600, 'time_iter': 0.02811, 'accuracy': 0.97651, 'f1': 0.9765, 'auc': 0.96373}
val: {'epoch': 354, 'time_epoch': 0.07048, 'loss': 0.1804816, 'lr': 0, 'params': 202600, 'time_iter': 0.01762, 'accuracy': 0.9618, 'f1': 0.96179, 'auc': 0.96153}
test: {'epoch': 354, 'time_epoch': 0.06951, 'loss': 0.17433254, 'lr': 0, 'params': 202600, 'time_iter': 0.01738, 'accuracy': 0.9644, 'f1': 0.96438, 'auc': 0.96294}
> Epoch 354: took 1.5s (avg 1.5s) | Best so far: epoch 329	train_loss: 0.1573 train_accuracy: 0.9763	val_loss: 0.1807 val_accuracy: 0.9680	test_loss: 0.1747 test_accuracy: 0.9698
train: {'epoch': 355, 'time_epoch': 1.10039, 'eta': 713.14989, 'eta_hours': 0.1981, 'loss': 0.15604319, 'lr': 0.00067898, 'params': 202600, 'time_iter': 0.02751, 'accuracy': 0.97663, 'f1': 0.97662, 'auc': 0.96366}
val: {'epoch': 355, 'time_epoch': 0.06951, 'loss': 0.17890035, 'lr': 0, 'params': 202600, 'time_iter': 0.01738, 'accuracy': 0.96444, 'f1': 0.96442, 'auc': 0.96082}
test: {'epoch': 355, 'time_epoch': 0.069, 'loss': 0.17335468, 'lr': 0, 'params': 202600, 'time_iter': 0.01725, 'accuracy': 0.96586, 'f1': 0.96584, 'auc': 0.96205}
> Epoch 355: took 1.5s (avg 1.5s) | Best so far: epoch 329	train_loss: 0.1573 train_accuracy: 0.9763	val_loss: 0.1807 val_accuracy: 0.9680	test_loss: 0.1747 test_accuracy: 0.9698
train: {'epoch': 356, 'time_epoch': 1.16886, 'eta': 712.15325, 'eta_hours': 0.19782, 'loss': 0.15618255, 'lr': 0.00067793, 'params': 202600, 'time_iter': 0.02922, 'accuracy': 0.97649, 'f1': 0.97648, 'auc': 0.96374}
val: {'epoch': 356, 'time_epoch': 0.07015, 'loss': 0.17914513, 'lr': 0, 'params': 202600, 'time_iter': 0.01754, 'accuracy': 0.96569, 'f1': 0.96566, 'auc': 0.96021}
test: {'epoch': 356, 'time_epoch': 0.07051, 'loss': 0.17345891, 'lr': 0, 'params': 202600, 'time_iter': 0.01763, 'accuracy': 0.96756, 'f1': 0.96754, 'auc': 0.96148}
> Epoch 356: took 1.5s (avg 1.5s) | Best so far: epoch 329	train_loss: 0.1573 train_accuracy: 0.9763	val_loss: 0.1807 val_accuracy: 0.9680	test_loss: 0.1747 test_accuracy: 0.9698
train: {'epoch': 357, 'time_epoch': 1.11603, 'eta': 711.06092, 'eta_hours': 0.19752, 'loss': 0.15613521, 'lr': 0.00067687, 'params': 202600, 'time_iter': 0.0279, 'accuracy': 0.97655, 'f1': 0.97653, 'auc': 0.96363}
val: {'epoch': 357, 'time_epoch': 0.07051, 'loss': 0.18083795, 'lr': 0, 'params': 202600, 'time_iter': 0.01763, 'accuracy': 0.96537, 'f1': 0.96534, 'auc': 0.9616}
test: {'epoch': 357, 'time_epoch': 0.06951, 'loss': 0.17501834, 'lr': 0, 'params': 202600, 'time_iter': 0.01738, 'accuracy': 0.96738, 'f1': 0.96735, 'auc': 0.9628}
> Epoch 357: took 1.5s (avg 1.5s) | Best so far: epoch 329	train_loss: 0.1573 train_accuracy: 0.9763	val_loss: 0.1807 val_accuracy: 0.9680	test_loss: 0.1747 test_accuracy: 0.9698
train: {'epoch': 358, 'time_epoch': 1.11988, 'eta': 709.97533, 'eta_hours': 0.19722, 'loss': 0.15629376, 'lr': 0.00067582, 'params': 202600, 'time_iter': 0.028, 'accuracy': 0.97641, 'f1': 0.97639, 'auc': 0.96374}
val: {'epoch': 358, 'time_epoch': 0.06951, 'loss': 0.17887011, 'lr': 0, 'params': 202600, 'time_iter': 0.01738, 'accuracy': 0.96704, 'f1': 0.96701, 'auc': 0.96071}
test: {'epoch': 358, 'time_epoch': 0.06951, 'loss': 0.17275985, 'lr': 0, 'params': 202600, 'time_iter': 0.01738, 'accuracy': 0.96905, 'f1': 0.96902, 'auc': 0.96201}
> Epoch 358: took 1.5s (avg 1.5s) | Best so far: epoch 329	train_loss: 0.1573 train_accuracy: 0.9763	val_loss: 0.1807 val_accuracy: 0.9680	test_loss: 0.1747 test_accuracy: 0.9698
train: {'epoch': 359, 'time_epoch': 1.11358, 'eta': 708.87835, 'eta_hours': 0.19691, 'loss': 0.15602477, 'lr': 0.00067477, 'params': 202600, 'time_iter': 0.02784, 'accuracy': 0.97657, 'f1': 0.97656, 'auc': 0.96372}
val: {'epoch': 359, 'time_epoch': 0.06951, 'loss': 0.1807869, 'lr': 0, 'params': 202600, 'time_iter': 0.01738, 'accuracy': 0.96641, 'f1': 0.96638, 'auc': 0.95992}
test: {'epoch': 359, 'time_epoch': 0.069, 'loss': 0.17418993, 'lr': 0, 'params': 202600, 'time_iter': 0.01725, 'accuracy': 0.96831, 'f1': 0.96829, 'auc': 0.96143}
> Epoch 359: took 1.5s (avg 1.5s) | Best so far: epoch 329	train_loss: 0.1573 train_accuracy: 0.9763	val_loss: 0.1807 val_accuracy: 0.9680	test_loss: 0.1747 test_accuracy: 0.9698
train: {'epoch': 360, 'time_epoch': 1.07079, 'eta': 707.70553, 'eta_hours': 0.19658, 'loss': 0.15624533, 'lr': 0.00067372, 'params': 202600, 'time_iter': 0.02677, 'accuracy': 0.97645, 'f1': 0.97644, 'auc': 0.96372}
val: {'epoch': 360, 'time_epoch': 0.0705, 'loss': 0.17962887, 'lr': 0, 'params': 202600, 'time_iter': 0.01763, 'accuracy': 0.96725, 'f1': 0.96722, 'auc': 0.96115}
test: {'epoch': 360, 'time_epoch': 0.07051, 'loss': 0.17370446, 'lr': 0, 'params': 202600, 'time_iter': 0.01763, 'accuracy': 0.96888, 'f1': 0.96885, 'auc': 0.96222}
> Epoch 360: took 1.4s (avg 1.5s) | Best so far: epoch 329	train_loss: 0.1573 train_accuracy: 0.9763	val_loss: 0.1807 val_accuracy: 0.9680	test_loss: 0.1747 test_accuracy: 0.9698
train: {'epoch': 361, 'time_epoch': 1.08664, 'eta': 706.56121, 'eta_hours': 0.19627, 'loss': 0.15644446, 'lr': 0.00067266, 'params': 202600, 'time_iter': 0.02717, 'accuracy': 0.97653, 'f1': 0.97652, 'auc': 0.96363}
val: {'epoch': 361, 'time_epoch': 0.07051, 'loss': 0.17897539, 'lr': 0, 'params': 202600, 'time_iter': 0.01763, 'accuracy': 0.96313, 'f1': 0.96311, 'auc': 0.96122}
test: {'epoch': 361, 'time_epoch': 0.06951, 'loss': 0.17299088, 'lr': 0, 'params': 202600, 'time_iter': 0.01738, 'accuracy': 0.96602, 'f1': 0.966, 'auc': 0.96251}
> Epoch 361: took 1.5s (avg 1.5s) | Best so far: epoch 329	train_loss: 0.1573 train_accuracy: 0.9763	val_loss: 0.1807 val_accuracy: 0.9680	test_loss: 0.1747 test_accuracy: 0.9698
train: {'epoch': 362, 'time_epoch': 1.10477, 'eta': 705.44903, 'eta_hours': 0.19596, 'loss': 0.15591966, 'lr': 0.00067161, 'params': 202600, 'time_iter': 0.02762, 'accuracy': 0.97656, 'f1': 0.97655, 'auc': 0.96359}
val: {'epoch': 362, 'time_epoch': 0.07, 'loss': 0.17860909, 'lr': 0, 'params': 202600, 'time_iter': 0.0175, 'accuracy': 0.9657, 'f1': 0.96567, 'auc': 0.96126}
test: {'epoch': 362, 'time_epoch': 0.068, 'loss': 0.17271823, 'lr': 0, 'params': 202600, 'time_iter': 0.017, 'accuracy': 0.96813, 'f1': 0.96811, 'auc': 0.96252}
> Epoch 362: took 1.5s (avg 1.5s) | Best so far: epoch 329	train_loss: 0.1573 train_accuracy: 0.9763	val_loss: 0.1807 val_accuracy: 0.9680	test_loss: 0.1747 test_accuracy: 0.9698
train: {'epoch': 363, 'time_epoch': 1.09834, 'eta': 704.32564, 'eta_hours': 0.19565, 'loss': 0.1562377, 'lr': 0.00067056, 'params': 202600, 'time_iter': 0.02746, 'accuracy': 0.97651, 'f1': 0.9765, 'auc': 0.96373}
val: {'epoch': 363, 'time_epoch': 0.06951, 'loss': 0.17907529, 'lr': 0, 'params': 202600, 'time_iter': 0.01738, 'accuracy': 0.96544, 'f1': 0.96541, 'auc': 0.96074}
test: {'epoch': 363, 'time_epoch': 0.06805, 'loss': 0.17373568, 'lr': 0, 'params': 202600, 'time_iter': 0.01701, 'accuracy': 0.96765, 'f1': 0.96763, 'auc': 0.96168}
> Epoch 363: took 1.5s (avg 1.5s) | Best so far: epoch 329	train_loss: 0.1573 train_accuracy: 0.9763	val_loss: 0.1807 val_accuracy: 0.9680	test_loss: 0.1747 test_accuracy: 0.9698
train: {'epoch': 364, 'time_epoch': 1.07965, 'eta': 703.16988, 'eta_hours': 0.19532, 'loss': 0.15587652, 'lr': 0.00066951, 'params': 202600, 'time_iter': 0.02699, 'accuracy': 0.9766, 'f1': 0.97659, 'auc': 0.96367}
val: {'epoch': 364, 'time_epoch': 0.06951, 'loss': 0.17754569, 'lr': 0, 'params': 202600, 'time_iter': 0.01738, 'accuracy': 0.96584, 'f1': 0.96582, 'auc': 0.96085}
test: {'epoch': 364, 'time_epoch': 0.06751, 'loss': 0.17209561, 'lr': 0, 'params': 202600, 'time_iter': 0.01688, 'accuracy': 0.96749, 'f1': 0.96747, 'auc': 0.96203}
> Epoch 364: took 1.4s (avg 1.5s) | Best so far: epoch 329	train_loss: 0.1573 train_accuracy: 0.9763	val_loss: 0.1807 val_accuracy: 0.9680	test_loss: 0.1747 test_accuracy: 0.9698
train: {'epoch': 365, 'time_epoch': 1.09079, 'eta': 702.03383, 'eta_hours': 0.19501, 'loss': 0.15596105, 'lr': 0.00066845, 'params': 202600, 'time_iter': 0.02727, 'accuracy': 0.9765, 'f1': 0.97649, 'auc': 0.96367}
val: {'epoch': 365, 'time_epoch': 0.071, 'loss': 0.17951423, 'lr': 0, 'params': 202600, 'time_iter': 0.01775, 'accuracy': 0.96658, 'f1': 0.96656, 'auc': 0.9604}
test: {'epoch': 365, 'time_epoch': 0.06851, 'loss': 0.17313008, 'lr': 0, 'params': 202600, 'time_iter': 0.01713, 'accuracy': 0.96855, 'f1': 0.96853, 'auc': 0.96188}
> Epoch 365: took 1.5s (avg 1.5s) | Best so far: epoch 329	train_loss: 0.1573 train_accuracy: 0.9763	val_loss: 0.1807 val_accuracy: 0.9680	test_loss: 0.1747 test_accuracy: 0.9698
train: {'epoch': 366, 'time_epoch': 1.07697, 'eta': 700.87418, 'eta_hours': 0.19469, 'loss': 0.15580988, 'lr': 0.0006674, 'params': 202600, 'time_iter': 0.02692, 'accuracy': 0.97659, 'f1': 0.97658, 'auc': 0.96375}
val: {'epoch': 366, 'time_epoch': 0.06802, 'loss': 0.18089257, 'lr': 0, 'params': 202600, 'time_iter': 0.017, 'accuracy': 0.96582, 'f1': 0.96579, 'auc': 0.9613}
test: {'epoch': 366, 'time_epoch': 0.06951, 'loss': 0.17463162, 'lr': 0, 'params': 202600, 'time_iter': 0.01738, 'accuracy': 0.96754, 'f1': 0.96752, 'auc': 0.96277}
> Epoch 366: took 1.4s (avg 1.5s) | Best so far: epoch 329	train_loss: 0.1573 train_accuracy: 0.9763	val_loss: 0.1807 val_accuracy: 0.9680	test_loss: 0.1747 test_accuracy: 0.9698
train: {'epoch': 367, 'time_epoch': 1.05923, 'eta': 699.68452, 'eta_hours': 0.19436, 'loss': 0.15585991, 'lr': 0.00066635, 'params': 202600, 'time_iter': 0.02648, 'accuracy': 0.97665, 'f1': 0.97664, 'auc': 0.9638}
val: {'epoch': 367, 'time_epoch': 0.06951, 'loss': 0.17823431, 'lr': 0, 'params': 202600, 'time_iter': 0.01738, 'accuracy': 0.96531, 'f1': 0.96528, 'auc': 0.96043}
test: {'epoch': 367, 'time_epoch': 0.06951, 'loss': 0.17275471, 'lr': 0, 'params': 202600, 'time_iter': 0.01738, 'accuracy': 0.96746, 'f1': 0.96744, 'auc': 0.96152}
> Epoch 367: took 1.4s (avg 1.5s) | Best so far: epoch 329	train_loss: 0.1573 train_accuracy: 0.9763	val_loss: 0.1807 val_accuracy: 0.9680	test_loss: 0.1747 test_accuracy: 0.9698
train: {'epoch': 368, 'time_epoch': 1.10118, 'eta': 698.56732, 'eta_hours': 0.19405, 'loss': 0.15576147, 'lr': 0.0006653, 'params': 202600, 'time_iter': 0.02753, 'accuracy': 0.97655, 'f1': 0.97654, 'auc': 0.96376}
val: {'epoch': 368, 'time_epoch': 0.07051, 'loss': 0.17896199, 'lr': 0, 'params': 202600, 'time_iter': 0.01763, 'accuracy': 0.96301, 'f1': 0.96299, 'auc': 0.96103}
test: {'epoch': 368, 'time_epoch': 0.07051, 'loss': 0.17366251, 'lr': 0, 'params': 202600, 'time_iter': 0.01763, 'accuracy': 0.96524, 'f1': 0.96522, 'auc': 0.96208}
> Epoch 368: took 1.5s (avg 1.5s) | Best so far: epoch 329	train_loss: 0.1573 train_accuracy: 0.9763	val_loss: 0.1807 val_accuracy: 0.9680	test_loss: 0.1747 test_accuracy: 0.9698
train: {'epoch': 369, 'time_epoch': 1.0963, 'eta': 697.44189, 'eta_hours': 0.19373, 'loss': 0.15604424, 'lr': 0.00066424, 'params': 202600, 'time_iter': 0.02741, 'accuracy': 0.97659, 'f1': 0.97658, 'auc': 0.96396}
val: {'epoch': 369, 'time_epoch': 0.06901, 'loss': 0.17760444, 'lr': 0, 'params': 202600, 'time_iter': 0.01725, 'accuracy': 0.96683, 'f1': 0.9668, 'auc': 0.95993}
test: {'epoch': 369, 'time_epoch': 0.069, 'loss': 0.17154502, 'lr': 0, 'params': 202600, 'time_iter': 0.01725, 'accuracy': 0.96847, 'f1': 0.96845, 'auc': 0.96129}
> Epoch 369: took 1.5s (avg 1.5s) | Best so far: epoch 329	train_loss: 0.1573 train_accuracy: 0.9763	val_loss: 0.1807 val_accuracy: 0.9680	test_loss: 0.1747 test_accuracy: 0.9698
train: {'epoch': 370, 'time_epoch': 1.10679, 'eta': 696.33439, 'eta_hours': 0.19343, 'loss': 0.15578267, 'lr': 0.00066319, 'params': 202600, 'time_iter': 0.02767, 'accuracy': 0.97667, 'f1': 0.97666, 'auc': 0.96364}
val: {'epoch': 370, 'time_epoch': 0.07, 'loss': 0.17821057, 'lr': 0, 'params': 202600, 'time_iter': 0.0175, 'accuracy': 0.96608, 'f1': 0.96606, 'auc': 0.96109}
test: {'epoch': 370, 'time_epoch': 0.0685, 'loss': 0.17258501, 'lr': 0, 'params': 202600, 'time_iter': 0.01713, 'accuracy': 0.96807, 'f1': 0.96805, 'auc': 0.96245}
> Epoch 370: took 1.5s (avg 1.5s) | Best so far: epoch 329	train_loss: 0.1573 train_accuracy: 0.9763	val_loss: 0.1807 val_accuracy: 0.9680	test_loss: 0.1747 test_accuracy: 0.9698
train: {'epoch': 371, 'time_epoch': 1.10337, 'eta': 695.22113, 'eta_hours': 0.19312, 'loss': 0.15558496, 'lr': 0.00066214, 'params': 202600, 'time_iter': 0.02758, 'accuracy': 0.97659, 'f1': 0.97657, 'auc': 0.9637}
val: {'epoch': 371, 'time_epoch': 0.19303, 'loss': 0.17965118, 'lr': 0, 'params': 202600, 'time_iter': 0.04826, 'accuracy': 0.96054, 'f1': 0.96052, 'auc': 0.96227}
test: {'epoch': 371, 'time_epoch': 0.06851, 'loss': 0.17400853, 'lr': 0, 'params': 202600, 'time_iter': 0.01713, 'accuracy': 0.96293, 'f1': 0.96292, 'auc': 0.96355}
> Epoch 371: took 1.6s (avg 1.5s) | Best so far: epoch 329	train_loss: 0.1573 train_accuracy: 0.9763	val_loss: 0.1807 val_accuracy: 0.9680	test_loss: 0.1747 test_accuracy: 0.9698
train: {'epoch': 372, 'time_epoch': 1.10786, 'eta': 694.11548, 'eta_hours': 0.19281, 'loss': 0.15561254, 'lr': 0.00066109, 'params': 202600, 'time_iter': 0.0277, 'accuracy': 0.97672, 'f1': 0.97671, 'auc': 0.96379}
val: {'epoch': 372, 'time_epoch': 0.07251, 'loss': 0.17900786, 'lr': 0, 'params': 202600, 'time_iter': 0.01813, 'accuracy': 0.96743, 'f1': 0.9674, 'auc': 0.96071}
test: {'epoch': 372, 'time_epoch': 0.06751, 'loss': 0.17318037, 'lr': 0, 'params': 202600, 'time_iter': 0.01688, 'accuracy': 0.96892, 'f1': 0.96889, 'auc': 0.96174}
> Epoch 372: took 1.5s (avg 1.5s) | Best so far: epoch 329	train_loss: 0.1573 train_accuracy: 0.9763	val_loss: 0.1807 val_accuracy: 0.9680	test_loss: 0.1747 test_accuracy: 0.9698
train: {'epoch': 373, 'time_epoch': 1.09667, 'eta': 692.99108, 'eta_hours': 0.1925, 'loss': 0.15563062, 'lr': 0.00066003, 'params': 202600, 'time_iter': 0.02742, 'accuracy': 0.97662, 'f1': 0.97661, 'auc': 0.96387}
val: {'epoch': 373, 'time_epoch': 0.07351, 'loss': 0.17886694, 'lr': 0, 'params': 202600, 'time_iter': 0.01838, 'accuracy': 0.96389, 'f1': 0.96387, 'auc': 0.96095}
test: {'epoch': 373, 'time_epoch': 0.07051, 'loss': 0.17291492, 'lr': 0, 'params': 202600, 'time_iter': 0.01763, 'accuracy': 0.96637, 'f1': 0.96635, 'auc': 0.96236}
> Epoch 373: took 1.5s (avg 1.5s) | Best so far: epoch 329	train_loss: 0.1573 train_accuracy: 0.9763	val_loss: 0.1807 val_accuracy: 0.9680	test_loss: 0.1747 test_accuracy: 0.9698
train: {'epoch': 374, 'time_epoch': 1.1058, 'eta': 691.88205, 'eta_hours': 0.19219, 'loss': 0.15596437, 'lr': 0.00065898, 'params': 202600, 'time_iter': 0.02765, 'accuracy': 0.97665, 'f1': 0.97664, 'auc': 0.96383}
val: {'epoch': 374, 'time_epoch': 0.07051, 'loss': 0.17852455, 'lr': 0, 'params': 202600, 'time_iter': 0.01763, 'accuracy': 0.96245, 'f1': 0.96243, 'auc': 0.96057}
test: {'epoch': 374, 'time_epoch': 0.07001, 'loss': 0.17252332, 'lr': 0, 'params': 202600, 'time_iter': 0.0175, 'accuracy': 0.96542, 'f1': 0.9654, 'auc': 0.96194}
> Epoch 374: took 1.5s (avg 1.5s) | Best so far: epoch 329	train_loss: 0.1573 train_accuracy: 0.9763	val_loss: 0.1807 val_accuracy: 0.9680	test_loss: 0.1747 test_accuracy: 0.9698
train: {'epoch': 375, 'time_epoch': 1.12427, 'eta': 690.80368, 'eta_hours': 0.19189, 'loss': 0.15605458, 'lr': 0.00065793, 'params': 202600, 'time_iter': 0.02811, 'accuracy': 0.97661, 'f1': 0.97659, 'auc': 0.9639}
val: {'epoch': 375, 'time_epoch': 0.07051, 'loss': 0.17935131, 'lr': 0, 'params': 202600, 'time_iter': 0.01763, 'accuracy': 0.96669, 'f1': 0.96667, 'auc': 0.96047}
test: {'epoch': 375, 'time_epoch': 0.06902, 'loss': 0.17244461, 'lr': 0, 'params': 202600, 'time_iter': 0.01726, 'accuracy': 0.96883, 'f1': 0.9688, 'auc': 0.96213}
> Epoch 375: took 1.5s (avg 1.5s) | Best so far: epoch 329	train_loss: 0.1573 train_accuracy: 0.9763	val_loss: 0.1807 val_accuracy: 0.9680	test_loss: 0.1747 test_accuracy: 0.9698
train: {'epoch': 376, 'time_epoch': 1.10524, 'eta': 689.69362, 'eta_hours': 0.19158, 'loss': 0.15581224, 'lr': 0.00065688, 'params': 202600, 'time_iter': 0.02763, 'accuracy': 0.97647, 'f1': 0.97646, 'auc': 0.96372}
val: {'epoch': 376, 'time_epoch': 0.072, 'loss': 0.17986204, 'lr': 0, 'params': 202600, 'time_iter': 0.018, 'accuracy': 0.96578, 'f1': 0.96575, 'auc': 0.9597}
test: {'epoch': 376, 'time_epoch': 0.069, 'loss': 0.17345989, 'lr': 0, 'params': 202600, 'time_iter': 0.01725, 'accuracy': 0.96759, 'f1': 0.96757, 'auc': 0.96114}
> Epoch 376: took 1.5s (avg 1.5s) | Best so far: epoch 329	train_loss: 0.1573 train_accuracy: 0.9763	val_loss: 0.1807 val_accuracy: 0.9680	test_loss: 0.1747 test_accuracy: 0.9698
train: {'epoch': 377, 'time_epoch': 1.12445, 'eta': 688.61519, 'eta_hours': 0.19128, 'loss': 0.15575068, 'lr': 0.00065582, 'params': 202600, 'time_iter': 0.02811, 'accuracy': 0.97664, 'f1': 0.97663, 'auc': 0.96371}
val: {'epoch': 377, 'time_epoch': 0.069, 'loss': 0.1793586, 'lr': 0, 'params': 202600, 'time_iter': 0.01725, 'accuracy': 0.96778, 'f1': 0.96775, 'auc': 0.96131}
test: {'epoch': 377, 'time_epoch': 0.06951, 'loss': 0.17386874, 'lr': 0, 'params': 202600, 'time_iter': 0.01738, 'accuracy': 0.96833, 'f1': 0.96831, 'auc': 0.96247}
> Epoch 377: took 1.5s (avg 1.5s) | Best so far: epoch 329	train_loss: 0.1573 train_accuracy: 0.9763	val_loss: 0.1807 val_accuracy: 0.9680	test_loss: 0.1747 test_accuracy: 0.9698
train: {'epoch': 378, 'time_epoch': 1.08729, 'eta': 687.47563, 'eta_hours': 0.19097, 'loss': 0.15552992, 'lr': 0.00065477, 'params': 202600, 'time_iter': 0.02718, 'accuracy': 0.97669, 'f1': 0.97668, 'auc': 0.96372}
val: {'epoch': 378, 'time_epoch': 0.07051, 'loss': 0.17893369, 'lr': 0, 'params': 202600, 'time_iter': 0.01763, 'accuracy': 0.96774, 'f1': 0.96771, 'auc': 0.96098}
test: {'epoch': 378, 'time_epoch': 0.06951, 'loss': 0.17303018, 'lr': 0, 'params': 202600, 'time_iter': 0.01738, 'accuracy': 0.96945, 'f1': 0.96942, 'auc': 0.96239}
> Epoch 378: took 1.5s (avg 1.5s) | Best so far: epoch 329	train_loss: 0.1573 train_accuracy: 0.9763	val_loss: 0.1807 val_accuracy: 0.9680	test_loss: 0.1747 test_accuracy: 0.9698
train: {'epoch': 379, 'time_epoch': 1.0818, 'eta': 686.32739, 'eta_hours': 0.19065, 'loss': 0.15560553, 'lr': 0.00065372, 'params': 202600, 'time_iter': 0.02704, 'accuracy': 0.97661, 'f1': 0.9766, 'auc': 0.96382}
val: {'epoch': 379, 'time_epoch': 0.07, 'loss': 0.17835802, 'lr': 0, 'params': 202600, 'time_iter': 0.0175, 'accuracy': 0.96404, 'f1': 0.96402, 'auc': 0.96129}
test: {'epoch': 379, 'time_epoch': 0.069, 'loss': 0.17297724, 'lr': 0, 'params': 202600, 'time_iter': 0.01725, 'accuracy': 0.96541, 'f1': 0.96539, 'auc': 0.96248}
> Epoch 379: took 1.4s (avg 1.5s) | Best so far: epoch 329	train_loss: 0.1573 train_accuracy: 0.9763	val_loss: 0.1807 val_accuracy: 0.9680	test_loss: 0.1747 test_accuracy: 0.9698
train: {'epoch': 380, 'time_epoch': 1.114, 'eta': 685.23182, 'eta_hours': 0.19034, 'loss': 0.15535905, 'lr': 0.00065267, 'params': 202600, 'time_iter': 0.02785, 'accuracy': 0.97663, 'f1': 0.97662, 'auc': 0.96373}
val: {'epoch': 380, 'time_epoch': 0.0705, 'loss': 0.17851889, 'lr': 0, 'params': 202600, 'time_iter': 0.01763, 'accuracy': 0.96832, 'f1': 0.9683, 'auc': 0.96109}
test: {'epoch': 380, 'time_epoch': 0.07001, 'loss': 0.17306055, 'lr': 0, 'params': 202600, 'time_iter': 0.0175, 'accuracy': 0.9695, 'f1': 0.96948, 'auc': 0.96222}
> Epoch 380: took 1.5s (avg 1.5s) | Best so far: epoch 380	train_loss: 0.1554 train_accuracy: 0.9766	val_loss: 0.1785 val_accuracy: 0.9683	test_loss: 0.1731 test_accuracy: 0.9695
train: {'epoch': 381, 'time_epoch': 1.10547, 'eta': 684.12235, 'eta_hours': 0.19003, 'loss': 0.15564464, 'lr': 0.00065161, 'params': 202600, 'time_iter': 0.02764, 'accuracy': 0.97669, 'f1': 0.97668, 'auc': 0.9637}
val: {'epoch': 381, 'time_epoch': 0.07118, 'loss': 0.18044122, 'lr': 0, 'params': 202600, 'time_iter': 0.0178, 'accuracy': 0.96071, 'f1': 0.96069, 'auc': 0.96177}
test: {'epoch': 381, 'time_epoch': 0.06951, 'loss': 0.17413908, 'lr': 0, 'params': 202600, 'time_iter': 0.01738, 'accuracy': 0.96371, 'f1': 0.96369, 'auc': 0.96312}
> Epoch 381: took 1.5s (avg 1.5s) | Best so far: epoch 380	train_loss: 0.1554 train_accuracy: 0.9766	val_loss: 0.1785 val_accuracy: 0.9683	test_loss: 0.1731 test_accuracy: 0.9695
train: {'epoch': 382, 'time_epoch': 1.09912, 'eta': 683.00267, 'eta_hours': 0.18972, 'loss': 0.15580553, 'lr': 0.00065056, 'params': 202600, 'time_iter': 0.02748, 'accuracy': 0.97665, 'f1': 0.97664, 'auc': 0.96379}
val: {'epoch': 382, 'time_epoch': 0.07051, 'loss': 0.17860009, 'lr': 0, 'params': 202600, 'time_iter': 0.01763, 'accuracy': 0.96263, 'f1': 0.96261, 'auc': 0.96123}
test: {'epoch': 382, 'time_epoch': 0.06851, 'loss': 0.17299548, 'lr': 0, 'params': 202600, 'time_iter': 0.01713, 'accuracy': 0.96488, 'f1': 0.96487, 'auc': 0.96243}
> Epoch 382: took 1.5s (avg 1.5s) | Best so far: epoch 380	train_loss: 0.1554 train_accuracy: 0.9766	val_loss: 0.1785 val_accuracy: 0.9683	test_loss: 0.1731 test_accuracy: 0.9695
train: {'epoch': 383, 'time_epoch': 1.10959, 'eta': 681.89989, 'eta_hours': 0.18942, 'loss': 0.15580411, 'lr': 0.00064951, 'params': 202600, 'time_iter': 0.02774, 'accuracy': 0.97663, 'f1': 0.97661, 'auc': 0.96386}
val: {'epoch': 383, 'time_epoch': 0.069, 'loss': 0.17821687, 'lr': 0, 'params': 202600, 'time_iter': 0.01725, 'accuracy': 0.96372, 'f1': 0.9637, 'auc': 0.96229}
test: {'epoch': 383, 'time_epoch': 0.06851, 'loss': 0.17230307, 'lr': 0, 'params': 202600, 'time_iter': 0.01713, 'accuracy': 0.96481, 'f1': 0.9648, 'auc': 0.96373}
> Epoch 383: took 1.5s (avg 1.5s) | Best so far: epoch 380	train_loss: 0.1554 train_accuracy: 0.9766	val_loss: 0.1785 val_accuracy: 0.9683	test_loss: 0.1731 test_accuracy: 0.9695
train: {'epoch': 384, 'time_epoch': 1.15085, 'eta': 680.86299, 'eta_hours': 0.18913, 'loss': 0.15541967, 'lr': 0.00064846, 'params': 202600, 'time_iter': 0.02877, 'accuracy': 0.97666, 'f1': 0.97665, 'auc': 0.96385}
val: {'epoch': 384, 'time_epoch': 0.07, 'loss': 0.17837426, 'lr': 0, 'params': 202600, 'time_iter': 0.0175, 'accuracy': 0.96605, 'f1': 0.96603, 'auc': 0.96028}
test: {'epoch': 384, 'time_epoch': 0.069, 'loss': 0.17230652, 'lr': 0, 'params': 202600, 'time_iter': 0.01725, 'accuracy': 0.9678, 'f1': 0.96778, 'auc': 0.96192}
> Epoch 384: took 1.5s (avg 1.5s) | Best so far: epoch 380	train_loss: 0.1554 train_accuracy: 0.9766	val_loss: 0.1785 val_accuracy: 0.9683	test_loss: 0.1731 test_accuracy: 0.9695
train: {'epoch': 385, 'time_epoch': 1.14457, 'eta': 679.81549, 'eta_hours': 0.18884, 'loss': 0.15529003, 'lr': 0.0006474, 'params': 202600, 'time_iter': 0.02861, 'accuracy': 0.97671, 'f1': 0.9767, 'auc': 0.96377}
val: {'epoch': 385, 'time_epoch': 0.07351, 'loss': 0.18276993, 'lr': 0, 'params': 202600, 'time_iter': 0.01838, 'accuracy': 0.96583, 'f1': 0.9658, 'auc': 0.96082}
test: {'epoch': 385, 'time_epoch': 0.06951, 'loss': 0.17690136, 'lr': 0, 'params': 202600, 'time_iter': 0.01738, 'accuracy': 0.9678, 'f1': 0.96777, 'auc': 0.96199}
> Epoch 385: took 1.5s (avg 1.5s) | Best so far: epoch 380	train_loss: 0.1554 train_accuracy: 0.9766	val_loss: 0.1785 val_accuracy: 0.9683	test_loss: 0.1731 test_accuracy: 0.9695
train: {'epoch': 386, 'time_epoch': 1.19836, 'eta': 678.85271, 'eta_hours': 0.18857, 'loss': 0.15569422, 'lr': 0.00064635, 'params': 202600, 'time_iter': 0.02996, 'accuracy': 0.97664, 'f1': 0.97662, 'auc': 0.96388}
val: {'epoch': 386, 'time_epoch': 0.0725, 'loss': 0.17982899, 'lr': 0, 'params': 202600, 'time_iter': 0.01813, 'accuracy': 0.96776, 'f1': 0.96773, 'auc': 0.96051}
test: {'epoch': 386, 'time_epoch': 0.067, 'loss': 0.1740282, 'lr': 0, 'params': 202600, 'time_iter': 0.01675, 'accuracy': 0.96957, 'f1': 0.96954, 'auc': 0.96148}
> Epoch 386: took 1.6s (avg 1.5s) | Best so far: epoch 380	train_loss: 0.1554 train_accuracy: 0.9766	val_loss: 0.1785 val_accuracy: 0.9683	test_loss: 0.1731 test_accuracy: 0.9695
train: {'epoch': 387, 'time_epoch': 1.11672, 'eta': 677.75994, 'eta_hours': 0.18827, 'loss': 0.15519304, 'lr': 0.0006453, 'params': 202600, 'time_iter': 0.02792, 'accuracy': 0.97679, 'f1': 0.97678, 'auc': 0.96387}
val: {'epoch': 387, 'time_epoch': 0.07001, 'loss': 0.17944615, 'lr': 0, 'params': 202600, 'time_iter': 0.0175, 'accuracy': 0.96446, 'f1': 0.96444, 'auc': 0.96201}
test: {'epoch': 387, 'time_epoch': 0.06951, 'loss': 0.17385624, 'lr': 0, 'params': 202600, 'time_iter': 0.01738, 'accuracy': 0.96652, 'f1': 0.9665, 'auc': 0.96318}
> Epoch 387: took 1.5s (avg 1.5s) | Best so far: epoch 380	train_loss: 0.1554 train_accuracy: 0.9766	val_loss: 0.1785 val_accuracy: 0.9683	test_loss: 0.1731 test_accuracy: 0.9695
train: {'epoch': 388, 'time_epoch': 1.1137, 'eta': 676.66231, 'eta_hours': 0.18796, 'loss': 0.15506436, 'lr': 0.00064425, 'params': 202600, 'time_iter': 0.02784, 'accuracy': 0.97678, 'f1': 0.97677, 'auc': 0.96383}
val: {'epoch': 388, 'time_epoch': 0.069, 'loss': 0.1787785, 'lr': 0, 'params': 202600, 'time_iter': 0.01725, 'accuracy': 0.96173, 'f1': 0.96172, 'auc': 0.96132}
test: {'epoch': 388, 'time_epoch': 0.06901, 'loss': 0.17343957, 'lr': 0, 'params': 202600, 'time_iter': 0.01725, 'accuracy': 0.96419, 'f1': 0.96418, 'auc': 0.96236}
> Epoch 388: took 1.5s (avg 1.5s) | Best so far: epoch 380	train_loss: 0.1554 train_accuracy: 0.9766	val_loss: 0.1785 val_accuracy: 0.9683	test_loss: 0.1731 test_accuracy: 0.9695
train: {'epoch': 389, 'time_epoch': 1.10683, 'eta': 675.55385, 'eta_hours': 0.18765, 'loss': 0.15539169, 'lr': 0.00064319, 'params': 202600, 'time_iter': 0.02767, 'accuracy': 0.97675, 'f1': 0.97674, 'auc': 0.96382}
val: {'epoch': 389, 'time_epoch': 0.06875, 'loss': 0.17987832, 'lr': 0, 'params': 202600, 'time_iter': 0.01719, 'accuracy': 0.96585, 'f1': 0.96582, 'auc': 0.96184}
test: {'epoch': 389, 'time_epoch': 0.06851, 'loss': 0.1739086, 'lr': 0, 'params': 202600, 'time_iter': 0.01713, 'accuracy': 0.96662, 'f1': 0.9666, 'auc': 0.96315}
> Epoch 389: took 1.5s (avg 1.5s) | Best so far: epoch 380	train_loss: 0.1554 train_accuracy: 0.9766	val_loss: 0.1785 val_accuracy: 0.9683	test_loss: 0.1731 test_accuracy: 0.9695
train: {'epoch': 390, 'time_epoch': 1.09127, 'eta': 674.42116, 'eta_hours': 0.18734, 'loss': 0.15504181, 'lr': 0.00064214, 'params': 202600, 'time_iter': 0.02728, 'accuracy': 0.97675, 'f1': 0.97674, 'auc': 0.96391}
val: {'epoch': 390, 'time_epoch': 0.06951, 'loss': 0.17879756, 'lr': 0, 'params': 202600, 'time_iter': 0.01738, 'accuracy': 0.96261, 'f1': 0.96259, 'auc': 0.96086}
test: {'epoch': 390, 'time_epoch': 0.06902, 'loss': 0.17347423, 'lr': 0, 'params': 202600, 'time_iter': 0.01725, 'accuracy': 0.96477, 'f1': 0.96476, 'auc': 0.96214}
> Epoch 390: took 1.5s (avg 1.5s) | Best so far: epoch 380	train_loss: 0.1554 train_accuracy: 0.9766	val_loss: 0.1785 val_accuracy: 0.9683	test_loss: 0.1731 test_accuracy: 0.9695
train: {'epoch': 391, 'time_epoch': 1.08661, 'eta': 673.28145, 'eta_hours': 0.18702, 'loss': 0.15497629, 'lr': 0.00064109, 'params': 202600, 'time_iter': 0.02717, 'accuracy': 0.97681, 'f1': 0.9768, 'auc': 0.96389}
val: {'epoch': 391, 'time_epoch': 0.071, 'loss': 0.17901801, 'lr': 0, 'params': 202600, 'time_iter': 0.01775, 'accuracy': 0.96712, 'f1': 0.96709, 'auc': 0.96064}
test: {'epoch': 391, 'time_epoch': 0.069, 'loss': 0.17354823, 'lr': 0, 'params': 202600, 'time_iter': 0.01725, 'accuracy': 0.96925, 'f1': 0.96922, 'auc': 0.96176}
> Epoch 391: took 1.5s (avg 1.5s) | Best so far: epoch 380	train_loss: 0.1554 train_accuracy: 0.9766	val_loss: 0.1785 val_accuracy: 0.9683	test_loss: 0.1731 test_accuracy: 0.9695
train: {'epoch': 392, 'time_epoch': 1.10618, 'eta': 672.17224, 'eta_hours': 0.18671, 'loss': 0.15502463, 'lr': 0.00064004, 'params': 202600, 'time_iter': 0.02765, 'accuracy': 0.97678, 'f1': 0.97677, 'auc': 0.9638}
val: {'epoch': 392, 'time_epoch': 0.07, 'loss': 0.17835196, 'lr': 0, 'params': 202600, 'time_iter': 0.0175, 'accuracy': 0.96292, 'f1': 0.9629, 'auc': 0.96215}
test: {'epoch': 392, 'time_epoch': 0.0685, 'loss': 0.17257939, 'lr': 0, 'params': 202600, 'time_iter': 0.01713, 'accuracy': 0.96538, 'f1': 0.96536, 'auc': 0.96362}
> Epoch 392: took 1.5s (avg 1.5s) | Best so far: epoch 380	train_loss: 0.1554 train_accuracy: 0.9766	val_loss: 0.1785 val_accuracy: 0.9683	test_loss: 0.1731 test_accuracy: 0.9695
train: {'epoch': 393, 'time_epoch': 1.09995, 'eta': 671.05346, 'eta_hours': 0.1864, 'loss': 0.15519323, 'lr': 0.00063898, 'params': 202600, 'time_iter': 0.0275, 'accuracy': 0.97668, 'f1': 0.97667, 'auc': 0.96398}
val: {'epoch': 393, 'time_epoch': 0.06951, 'loss': 0.17730487, 'lr': 0, 'params': 202600, 'time_iter': 0.01738, 'accuracy': 0.96333, 'f1': 0.96332, 'auc': 0.96179}
test: {'epoch': 393, 'time_epoch': 0.06852, 'loss': 0.17191182, 'lr': 0, 'params': 202600, 'time_iter': 0.01713, 'accuracy': 0.96534, 'f1': 0.96532, 'auc': 0.96298}
> Epoch 393: took 1.5s (avg 1.5s) | Best so far: epoch 380	train_loss: 0.1554 train_accuracy: 0.9766	val_loss: 0.1785 val_accuracy: 0.9683	test_loss: 0.1731 test_accuracy: 0.9695
train: {'epoch': 394, 'time_epoch': 1.1008, 'eta': 669.93608, 'eta_hours': 0.18609, 'loss': 0.15492954, 'lr': 0.00063793, 'params': 202600, 'time_iter': 0.02752, 'accuracy': 0.97671, 'f1': 0.9767, 'auc': 0.96398}
val: {'epoch': 394, 'time_epoch': 0.06951, 'loss': 0.17793649, 'lr': 0, 'params': 202600, 'time_iter': 0.01738, 'accuracy': 0.96475, 'f1': 0.96473, 'auc': 0.96108}
test: {'epoch': 394, 'time_epoch': 0.06851, 'loss': 0.17248104, 'lr': 0, 'params': 202600, 'time_iter': 0.01713, 'accuracy': 0.96686, 'f1': 0.96685, 'auc': 0.96233}
> Epoch 394: took 1.5s (avg 1.5s) | Best so far: epoch 380	train_loss: 0.1554 train_accuracy: 0.9766	val_loss: 0.1785 val_accuracy: 0.9683	test_loss: 0.1731 test_accuracy: 0.9695
train: {'epoch': 395, 'time_epoch': 1.10257, 'eta': 668.82148, 'eta_hours': 0.18578, 'loss': 0.15519683, 'lr': 0.00063688, 'params': 202600, 'time_iter': 0.02756, 'accuracy': 0.97672, 'f1': 0.97671, 'auc': 0.96384}
val: {'epoch': 395, 'time_epoch': 0.07152, 'loss': 0.17925733, 'lr': 0, 'params': 202600, 'time_iter': 0.01788, 'accuracy': 0.96758, 'f1': 0.96755, 'auc': 0.96137}
test: {'epoch': 395, 'time_epoch': 0.068, 'loss': 0.17363086, 'lr': 0, 'params': 202600, 'time_iter': 0.017, 'accuracy': 0.96937, 'f1': 0.96934, 'auc': 0.96264}
> Epoch 395: took 1.5s (avg 1.5s) | Best so far: epoch 380	train_loss: 0.1554 train_accuracy: 0.9766	val_loss: 0.1785 val_accuracy: 0.9683	test_loss: 0.1731 test_accuracy: 0.9695
train: {'epoch': 396, 'time_epoch': 1.12808, 'eta': 667.7457, 'eta_hours': 0.18548, 'loss': 0.1550403, 'lr': 0.00063583, 'params': 202600, 'time_iter': 0.0282, 'accuracy': 0.97671, 'f1': 0.9767, 'auc': 0.96403}
val: {'epoch': 396, 'time_epoch': 0.07502, 'loss': 0.17816224, 'lr': 0, 'params': 202600, 'time_iter': 0.01876, 'accuracy': 0.96777, 'f1': 0.96774, 'auc': 0.96014}
test: {'epoch': 396, 'time_epoch': 0.07151, 'loss': 0.1726824, 'lr': 0, 'params': 202600, 'time_iter': 0.01788, 'accuracy': 0.96943, 'f1': 0.9694, 'auc': 0.96118}
> Epoch 396: took 1.5s (avg 1.5s) | Best so far: epoch 380	train_loss: 0.1554 train_accuracy: 0.9766	val_loss: 0.1785 val_accuracy: 0.9683	test_loss: 0.1731 test_accuracy: 0.9695
train: {'epoch': 397, 'time_epoch': 1.1021, 'eta': 666.63035, 'eta_hours': 0.18518, 'loss': 0.15513402, 'lr': 0.00063477, 'params': 202600, 'time_iter': 0.02755, 'accuracy': 0.97669, 'f1': 0.97668, 'auc': 0.96378}
val: {'epoch': 397, 'time_epoch': 0.071, 'loss': 0.17893368, 'lr': 0, 'params': 202600, 'time_iter': 0.01775, 'accuracy': 0.96556, 'f1': 0.96553, 'auc': 0.96209}
test: {'epoch': 397, 'time_epoch': 0.07, 'loss': 0.17311067, 'lr': 0, 'params': 202600, 'time_iter': 0.0175, 'accuracy': 0.96789, 'f1': 0.96787, 'auc': 0.96336}
> Epoch 397: took 1.5s (avg 1.5s) | Best so far: epoch 380	train_loss: 0.1554 train_accuracy: 0.9766	val_loss: 0.1785 val_accuracy: 0.9683	test_loss: 0.1731 test_accuracy: 0.9695
train: {'epoch': 398, 'time_epoch': 1.12314, 'eta': 665.54676, 'eta_hours': 0.18487, 'loss': 0.15514028, 'lr': 0.00063372, 'params': 202600, 'time_iter': 0.02808, 'accuracy': 0.97664, 'f1': 0.97663, 'auc': 0.96385}
val: {'epoch': 398, 'time_epoch': 0.069, 'loss': 0.17865819, 'lr': 0, 'params': 202600, 'time_iter': 0.01725, 'accuracy': 0.96311, 'f1': 0.96309, 'auc': 0.96207}
test: {'epoch': 398, 'time_epoch': 0.073, 'loss': 0.17326933, 'lr': 0, 'params': 202600, 'time_iter': 0.01825, 'accuracy': 0.96512, 'f1': 0.96511, 'auc': 0.96313}
> Epoch 398: took 1.5s (avg 1.5s) | Best so far: epoch 380	train_loss: 0.1554 train_accuracy: 0.9766	val_loss: 0.1785 val_accuracy: 0.9683	test_loss: 0.1731 test_accuracy: 0.9695
train: {'epoch': 399, 'time_epoch': 1.10484, 'eta': 664.43553, 'eta_hours': 0.18457, 'loss': 0.15485774, 'lr': 0.00063267, 'params': 202600, 'time_iter': 0.02762, 'accuracy': 0.97678, 'f1': 0.97677, 'auc': 0.96375}
val: {'epoch': 399, 'time_epoch': 0.0695, 'loss': 0.17935751, 'lr': 0, 'params': 202600, 'time_iter': 0.01738, 'accuracy': 0.95701, 'f1': 0.95699, 'auc': 0.96177}
test: {'epoch': 399, 'time_epoch': 0.07151, 'loss': 0.17421764, 'lr': 0, 'params': 202600, 'time_iter': 0.01788, 'accuracy': 0.95947, 'f1': 0.95946, 'auc': 0.96296}
> Epoch 399: took 1.5s (avg 1.5s) | Best so far: epoch 380	train_loss: 0.1554 train_accuracy: 0.9766	val_loss: 0.1785 val_accuracy: 0.9683	test_loss: 0.1731 test_accuracy: 0.9695
train: {'epoch': 400, 'time_epoch': 1.11012, 'eta': 663.33221, 'eta_hours': 0.18426, 'loss': 0.1550989, 'lr': 0.00063162, 'params': 202600, 'time_iter': 0.02775, 'accuracy': 0.97681, 'f1': 0.97679, 'auc': 0.96399}
val: {'epoch': 400, 'time_epoch': 0.06951, 'loss': 0.18009488, 'lr': 0, 'params': 202600, 'time_iter': 0.01738, 'accuracy': 0.96551, 'f1': 0.96548, 'auc': 0.96083}
test: {'epoch': 400, 'time_epoch': 0.07051, 'loss': 0.17397032, 'lr': 0, 'params': 202600, 'time_iter': 0.01763, 'accuracy': 0.9677, 'f1': 0.96768, 'auc': 0.96204}
> Epoch 400: took 1.5s (avg 1.5s) | Best so far: epoch 380	train_loss: 0.1554 train_accuracy: 0.9766	val_loss: 0.1785 val_accuracy: 0.9683	test_loss: 0.1731 test_accuracy: 0.9695
train: {'epoch': 401, 'time_epoch': 1.16926, 'eta': 662.31684, 'eta_hours': 0.18398, 'loss': 0.15480386, 'lr': 0.00063056, 'params': 202600, 'time_iter': 0.02923, 'accuracy': 0.97668, 'f1': 0.97667, 'auc': 0.96379}
val: {'epoch': 401, 'time_epoch': 0.07, 'loss': 0.18120573, 'lr': 0, 'params': 202600, 'time_iter': 0.0175, 'accuracy': 0.96486, 'f1': 0.96484, 'auc': 0.96235}
test: {'epoch': 401, 'time_epoch': 0.068, 'loss': 0.17526694, 'lr': 0, 'params': 202600, 'time_iter': 0.017, 'accuracy': 0.96723, 'f1': 0.96721, 'auc': 0.96354}
> Epoch 401: took 1.5s (avg 1.5s) | Best so far: epoch 380	train_loss: 0.1554 train_accuracy: 0.9766	val_loss: 0.1785 val_accuracy: 0.9683	test_loss: 0.1731 test_accuracy: 0.9695
train: {'epoch': 402, 'time_epoch': 1.10028, 'eta': 661.19851, 'eta_hours': 0.18367, 'loss': 0.15522188, 'lr': 0.00062951, 'params': 202600, 'time_iter': 0.02751, 'accuracy': 0.97671, 'f1': 0.9767, 'auc': 0.96395}
val: {'epoch': 402, 'time_epoch': 0.06951, 'loss': 0.17930108, 'lr': 0, 'params': 202600, 'time_iter': 0.01738, 'accuracy': 0.96474, 'f1': 0.96472, 'auc': 0.96183}
test: {'epoch': 402, 'time_epoch': 0.06851, 'loss': 0.17337521, 'lr': 0, 'params': 202600, 'time_iter': 0.01713, 'accuracy': 0.96719, 'f1': 0.96717, 'auc': 0.96304}
> Epoch 402: took 1.5s (avg 1.5s) | Best so far: epoch 380	train_loss: 0.1554 train_accuracy: 0.9766	val_loss: 0.1785 val_accuracy: 0.9683	test_loss: 0.1731 test_accuracy: 0.9695
train: {'epoch': 403, 'time_epoch': 1.11121, 'eta': 660.0964, 'eta_hours': 0.18336, 'loss': 0.1554356, 'lr': 0.00062846, 'params': 202600, 'time_iter': 0.02778, 'accuracy': 0.97673, 'f1': 0.97672, 'auc': 0.96404}
val: {'epoch': 403, 'time_epoch': 0.06852, 'loss': 0.17952015, 'lr': 0, 'params': 202600, 'time_iter': 0.01713, 'accuracy': 0.96516, 'f1': 0.96513, 'auc': 0.96037}
test: {'epoch': 403, 'time_epoch': 0.06851, 'loss': 0.17364546, 'lr': 0, 'params': 202600, 'time_iter': 0.01713, 'accuracy': 0.96725, 'f1': 0.96723, 'auc': 0.96153}
> Epoch 403: took 1.5s (avg 1.5s) | Best so far: epoch 380	train_loss: 0.1554 train_accuracy: 0.9766	val_loss: 0.1785 val_accuracy: 0.9683	test_loss: 0.1731 test_accuracy: 0.9695
train: {'epoch': 404, 'time_epoch': 1.10144, 'eta': 658.97989, 'eta_hours': 0.18305, 'loss': 0.15475916, 'lr': 0.00062741, 'params': 202600, 'time_iter': 0.02754, 'accuracy': 0.97685, 'f1': 0.97684, 'auc': 0.96388}
val: {'epoch': 404, 'time_epoch': 0.06951, 'loss': 0.17869317, 'lr': 0, 'params': 202600, 'time_iter': 0.01738, 'accuracy': 0.96031, 'f1': 0.96029, 'auc': 0.96222}
test: {'epoch': 404, 'time_epoch': 0.06901, 'loss': 0.17337576, 'lr': 0, 'params': 202600, 'time_iter': 0.01725, 'accuracy': 0.96236, 'f1': 0.96235, 'auc': 0.96338}
> Epoch 404: took 1.5s (avg 1.5s) | Best so far: epoch 380	train_loss: 0.1554 train_accuracy: 0.9766	val_loss: 0.1785 val_accuracy: 0.9683	test_loss: 0.1731 test_accuracy: 0.9695
train: {'epoch': 405, 'time_epoch': 1.14553, 'eta': 657.92795, 'eta_hours': 0.18276, 'loss': 0.15486445, 'lr': 0.00062635, 'params': 202600, 'time_iter': 0.02864, 'accuracy': 0.97682, 'f1': 0.97681, 'auc': 0.96407}
val: {'epoch': 405, 'time_epoch': 0.06951, 'loss': 0.17922981, 'lr': 0, 'params': 202600, 'time_iter': 0.01738, 'accuracy': 0.96286, 'f1': 0.96284, 'auc': 0.96051}
test: {'epoch': 405, 'time_epoch': 0.06851, 'loss': 0.17385878, 'lr': 0, 'params': 202600, 'time_iter': 0.01713, 'accuracy': 0.96554, 'f1': 0.96552, 'auc': 0.96177}
> Epoch 405: took 1.5s (avg 1.5s) | Best so far: epoch 380	train_loss: 0.1554 train_accuracy: 0.9766	val_loss: 0.1785 val_accuracy: 0.9683	test_loss: 0.1731 test_accuracy: 0.9695
train: {'epoch': 406, 'time_epoch': 1.24831, 'eta': 657.02532, 'eta_hours': 0.18251, 'loss': 0.15483753, 'lr': 0.0006253, 'params': 202600, 'time_iter': 0.03121, 'accuracy': 0.97674, 'f1': 0.97673, 'auc': 0.96386}
val: {'epoch': 406, 'time_epoch': 0.07151, 'loss': 0.17849442, 'lr': 0, 'params': 202600, 'time_iter': 0.01788, 'accuracy': 0.96858, 'f1': 0.96855, 'auc': 0.96102}
test: {'epoch': 406, 'time_epoch': 0.07051, 'loss': 0.1728468, 'lr': 0, 'params': 202600, 'time_iter': 0.01763, 'accuracy': 0.96993, 'f1': 0.96991, 'auc': 0.96236}
> Epoch 406: took 1.6s (avg 1.5s) | Best so far: epoch 406	train_loss: 0.1548 train_accuracy: 0.9767	val_loss: 0.1785 val_accuracy: 0.9686	test_loss: 0.1728 test_accuracy: 0.9699
train: {'epoch': 407, 'time_epoch': 1.12199, 'eta': 655.93769, 'eta_hours': 0.1822, 'loss': 0.1547961, 'lr': 0.00062425, 'params': 202600, 'time_iter': 0.02805, 'accuracy': 0.9768, 'f1': 0.97679, 'auc': 0.96391}
val: {'epoch': 407, 'time_epoch': 0.06986, 'loss': 0.1785547, 'lr': 0, 'params': 202600, 'time_iter': 0.01747, 'accuracy': 0.9645, 'f1': 0.96448, 'auc': 0.96158}
test: {'epoch': 407, 'time_epoch': 0.07051, 'loss': 0.17292788, 'lr': 0, 'params': 202600, 'time_iter': 0.01763, 'accuracy': 0.96687, 'f1': 0.96686, 'auc': 0.96296}
> Epoch 407: took 1.5s (avg 1.5s) | Best so far: epoch 406	train_loss: 0.1548 train_accuracy: 0.9767	val_loss: 0.1785 val_accuracy: 0.9686	test_loss: 0.1728 test_accuracy: 0.9699
train: {'epoch': 408, 'time_epoch': 1.14985, 'eta': 654.89016, 'eta_hours': 0.18191, 'loss': 0.15465916, 'lr': 0.0006232, 'params': 202600, 'time_iter': 0.02875, 'accuracy': 0.97675, 'f1': 0.97673, 'auc': 0.96411}
val: {'epoch': 408, 'time_epoch': 0.07, 'loss': 0.17801193, 'lr': 0, 'params': 202600, 'time_iter': 0.0175, 'accuracy': 0.96742, 'f1': 0.9674, 'auc': 0.96179}
test: {'epoch': 408, 'time_epoch': 0.07, 'loss': 0.17260285, 'lr': 0, 'params': 202600, 'time_iter': 0.0175, 'accuracy': 0.96909, 'f1': 0.96907, 'auc': 0.96297}
> Epoch 408: took 1.5s (avg 1.5s) | Best so far: epoch 406	train_loss: 0.1548 train_accuracy: 0.9767	val_loss: 0.1785 val_accuracy: 0.9686	test_loss: 0.1728 test_accuracy: 0.9699
train: {'epoch': 409, 'time_epoch': 1.11078, 'eta': 653.78589, 'eta_hours': 0.18161, 'loss': 0.15494072, 'lr': 0.00062214, 'params': 202600, 'time_iter': 0.02777, 'accuracy': 0.9768, 'f1': 0.97679, 'auc': 0.96396}
val: {'epoch': 409, 'time_epoch': 0.06951, 'loss': 0.17922669, 'lr': 0, 'params': 202600, 'time_iter': 0.01738, 'accuracy': 0.9619, 'f1': 0.96188, 'auc': 0.96243}
test: {'epoch': 409, 'time_epoch': 0.06851, 'loss': 0.17366852, 'lr': 0, 'params': 202600, 'time_iter': 0.01713, 'accuracy': 0.96534, 'f1': 0.96532, 'auc': 0.96364}
> Epoch 409: took 1.5s (avg 1.5s) | Best so far: epoch 406	train_loss: 0.1548 train_accuracy: 0.9767	val_loss: 0.1785 val_accuracy: 0.9686	test_loss: 0.1728 test_accuracy: 0.9699
train: {'epoch': 410, 'time_epoch': 1.10364, 'eta': 652.67137, 'eta_hours': 0.1813, 'loss': 0.15499033, 'lr': 0.00062109, 'params': 202600, 'time_iter': 0.02759, 'accuracy': 0.97674, 'f1': 0.97673, 'auc': 0.96418}
val: {'epoch': 410, 'time_epoch': 0.07651, 'loss': 0.17867043, 'lr': 0, 'params': 202600, 'time_iter': 0.01913, 'accuracy': 0.96606, 'f1': 0.96604, 'auc': 0.96223}
test: {'epoch': 410, 'time_epoch': 0.07151, 'loss': 0.17301281, 'lr': 0, 'params': 202600, 'time_iter': 0.01788, 'accuracy': 0.96774, 'f1': 0.96772, 'auc': 0.96325}
> Epoch 410: took 1.5s (avg 1.5s) | Best so far: epoch 406	train_loss: 0.1548 train_accuracy: 0.9767	val_loss: 0.1785 val_accuracy: 0.9686	test_loss: 0.1728 test_accuracy: 0.9699
train: {'epoch': 411, 'time_epoch': 1.09638, 'eta': 651.54654, 'eta_hours': 0.18099, 'loss': 0.15467127, 'lr': 0.00062004, 'params': 202600, 'time_iter': 0.02741, 'accuracy': 0.97681, 'f1': 0.9768, 'auc': 0.96409}
val: {'epoch': 411, 'time_epoch': 0.07051, 'loss': 0.17751469, 'lr': 0, 'params': 202600, 'time_iter': 0.01763, 'accuracy': 0.96641, 'f1': 0.96639, 'auc': 0.96244}
test: {'epoch': 411, 'time_epoch': 0.07117, 'loss': 0.17254272, 'lr': 0, 'params': 202600, 'time_iter': 0.01779, 'accuracy': 0.96837, 'f1': 0.96835, 'auc': 0.9635}
> Epoch 411: took 1.5s (avg 1.5s) | Best so far: epoch 406	train_loss: 0.1548 train_accuracy: 0.9767	val_loss: 0.1785 val_accuracy: 0.9686	test_loss: 0.1728 test_accuracy: 0.9699
train: {'epoch': 412, 'time_epoch': 1.12235, 'eta': 650.45877, 'eta_hours': 0.18068, 'loss': 0.15447322, 'lr': 0.00061899, 'params': 202600, 'time_iter': 0.02806, 'accuracy': 0.97683, 'f1': 0.97681, 'auc': 0.96398}
val: {'epoch': 412, 'time_epoch': 0.06951, 'loss': 0.1779953, 'lr': 0, 'params': 202600, 'time_iter': 0.01738, 'accuracy': 0.96463, 'f1': 0.96461, 'auc': 0.96154}
test: {'epoch': 412, 'time_epoch': 0.06751, 'loss': 0.17310944, 'lr': 0, 'params': 202600, 'time_iter': 0.01688, 'accuracy': 0.96639, 'f1': 0.96638, 'auc': 0.96255}
> Epoch 412: took 1.5s (avg 1.5s) | Best so far: epoch 406	train_loss: 0.1548 train_accuracy: 0.9767	val_loss: 0.1785 val_accuracy: 0.9686	test_loss: 0.1728 test_accuracy: 0.9699
train: {'epoch': 413, 'time_epoch': 1.10512, 'eta': 649.34643, 'eta_hours': 0.18037, 'loss': 0.15444526, 'lr': 0.00061793, 'params': 202600, 'time_iter': 0.02763, 'accuracy': 0.97678, 'f1': 0.97677, 'auc': 0.96416}
val: {'epoch': 413, 'time_epoch': 0.07151, 'loss': 0.17983085, 'lr': 0, 'params': 202600, 'time_iter': 0.01788, 'accuracy': 0.96406, 'f1': 0.96404, 'auc': 0.96165}
test: {'epoch': 413, 'time_epoch': 0.07, 'loss': 0.17457627, 'lr': 0, 'params': 202600, 'time_iter': 0.0175, 'accuracy': 0.96562, 'f1': 0.9656, 'auc': 0.96271}
> Epoch 413: took 1.5s (avg 1.5s) | Best so far: epoch 406	train_loss: 0.1548 train_accuracy: 0.9767	val_loss: 0.1785 val_accuracy: 0.9686	test_loss: 0.1728 test_accuracy: 0.9699
train: {'epoch': 414, 'time_epoch': 1.10291, 'eta': 648.23101, 'eta_hours': 0.18006, 'loss': 0.15462245, 'lr': 0.00061688, 'params': 202600, 'time_iter': 0.02757, 'accuracy': 0.97684, 'f1': 0.97683, 'auc': 0.96403}
val: {'epoch': 414, 'time_epoch': 0.07201, 'loss': 0.17870266, 'lr': 0, 'params': 202600, 'time_iter': 0.018, 'accuracy': 0.96492, 'f1': 0.9649, 'auc': 0.96139}
test: {'epoch': 414, 'time_epoch': 0.07, 'loss': 0.17307281, 'lr': 0, 'params': 202600, 'time_iter': 0.0175, 'accuracy': 0.96768, 'f1': 0.96766, 'auc': 0.96242}
> Epoch 414: took 1.5s (avg 1.5s) | Best so far: epoch 406	train_loss: 0.1548 train_accuracy: 0.9767	val_loss: 0.1785 val_accuracy: 0.9686	test_loss: 0.1728 test_accuracy: 0.9699
train: {'epoch': 415, 'time_epoch': 1.13203, 'eta': 647.15654, 'eta_hours': 0.17977, 'loss': 0.154924, 'lr': 0.00061583, 'params': 202600, 'time_iter': 0.0283, 'accuracy': 0.97674, 'f1': 0.97673, 'auc': 0.96406}
val: {'epoch': 415, 'time_epoch': 0.07, 'loss': 0.17760479, 'lr': 0, 'params': 202600, 'time_iter': 0.0175, 'accuracy': 0.96679, 'f1': 0.96676, 'auc': 0.96248}
test: {'epoch': 415, 'time_epoch': 0.069, 'loss': 0.17259778, 'lr': 0, 'params': 202600, 'time_iter': 0.01725, 'accuracy': 0.96821, 'f1': 0.96819, 'auc': 0.96349}
> Epoch 415: took 1.5s (avg 1.5s) | Best so far: epoch 406	train_loss: 0.1548 train_accuracy: 0.9767	val_loss: 0.1785 val_accuracy: 0.9686	test_loss: 0.1728 test_accuracy: 0.9699
train: {'epoch': 416, 'time_epoch': 1.09691, 'eta': 646.03268, 'eta_hours': 0.17945, 'loss': 0.15427135, 'lr': 0.00061478, 'params': 202600, 'time_iter': 0.02742, 'accuracy': 0.97695, 'f1': 0.97694, 'auc': 0.96403}
val: {'epoch': 416, 'time_epoch': 0.0705, 'loss': 0.17888091, 'lr': 0, 'params': 202600, 'time_iter': 0.01763, 'accuracy': 0.96752, 'f1': 0.96749, 'auc': 0.96119}
test: {'epoch': 416, 'time_epoch': 0.06809, 'loss': 0.17311056, 'lr': 0, 'params': 202600, 'time_iter': 0.01702, 'accuracy': 0.96957, 'f1': 0.96955, 'auc': 0.96236}
> Epoch 416: took 1.5s (avg 1.5s) | Best so far: epoch 406	train_loss: 0.1548 train_accuracy: 0.9767	val_loss: 0.1785 val_accuracy: 0.9686	test_loss: 0.1728 test_accuracy: 0.9699
train: {'epoch': 417, 'time_epoch': 1.19569, 'eta': 645.0465, 'eta_hours': 0.17918, 'loss': 0.15429015, 'lr': 0.00061372, 'params': 202600, 'time_iter': 0.02989, 'accuracy': 0.97687, 'f1': 0.97686, 'auc': 0.96403}
val: {'epoch': 417, 'time_epoch': 0.06951, 'loss': 0.17792662, 'lr': 0, 'params': 202600, 'time_iter': 0.01738, 'accuracy': 0.96687, 'f1': 0.96684, 'auc': 0.96197}
test: {'epoch': 417, 'time_epoch': 0.06951, 'loss': 0.17255015, 'lr': 0, 'params': 202600, 'time_iter': 0.01738, 'accuracy': 0.9691, 'f1': 0.96907, 'auc': 0.96296}
> Epoch 417: took 1.6s (avg 1.5s) | Best so far: epoch 406	train_loss: 0.1548 train_accuracy: 0.9767	val_loss: 0.1785 val_accuracy: 0.9686	test_loss: 0.1728 test_accuracy: 0.9699
train: {'epoch': 418, 'time_epoch': 1.078, 'eta': 643.89612, 'eta_hours': 0.17886, 'loss': 0.15422132, 'lr': 0.00061267, 'params': 202600, 'time_iter': 0.02695, 'accuracy': 0.97692, 'f1': 0.97691, 'auc': 0.96422}
val: {'epoch': 418, 'time_epoch': 0.069, 'loss': 0.18014792, 'lr': 0, 'params': 202600, 'time_iter': 0.01725, 'accuracy': 0.96736, 'f1': 0.96733, 'auc': 0.96138}
test: {'epoch': 418, 'time_epoch': 0.069, 'loss': 0.17432444, 'lr': 0, 'params': 202600, 'time_iter': 0.01725, 'accuracy': 0.96895, 'f1': 0.96892, 'auc': 0.96241}
> Epoch 418: took 1.5s (avg 1.5s) | Best so far: epoch 406	train_loss: 0.1548 train_accuracy: 0.9767	val_loss: 0.1785 val_accuracy: 0.9686	test_loss: 0.1728 test_accuracy: 0.9699
train: {'epoch': 419, 'time_epoch': 1.10481, 'eta': 642.78311, 'eta_hours': 0.17855, 'loss': 0.15448494, 'lr': 0.00061162, 'params': 202600, 'time_iter': 0.02762, 'accuracy': 0.97687, 'f1': 0.97686, 'auc': 0.96409}
val: {'epoch': 419, 'time_epoch': 0.06851, 'loss': 0.17740633, 'lr': 0, 'params': 202600, 'time_iter': 0.01713, 'accuracy': 0.96765, 'f1': 0.96763, 'auc': 0.96236}
test: {'epoch': 419, 'time_epoch': 0.06751, 'loss': 0.17266759, 'lr': 0, 'params': 202600, 'time_iter': 0.01688, 'accuracy': 0.96861, 'f1': 0.96859, 'auc': 0.96321}
> Epoch 419: took 1.5s (avg 1.5s) | Best so far: epoch 406	train_loss: 0.1548 train_accuracy: 0.9767	val_loss: 0.1785 val_accuracy: 0.9686	test_loss: 0.1728 test_accuracy: 0.9699
train: {'epoch': 420, 'time_epoch': 1.12281, 'eta': 641.69489, 'eta_hours': 0.17825, 'loss': 0.15437244, 'lr': 0.00061057, 'params': 202600, 'time_iter': 0.02807, 'accuracy': 0.97688, 'f1': 0.97687, 'auc': 0.96404}
val: {'epoch': 420, 'time_epoch': 0.06951, 'loss': 0.17974331, 'lr': 0, 'params': 202600, 'time_iter': 0.01738, 'accuracy': 0.96735, 'f1': 0.96732, 'auc': 0.96207}
test: {'epoch': 420, 'time_epoch': 0.06751, 'loss': 0.17421366, 'lr': 0, 'params': 202600, 'time_iter': 0.01688, 'accuracy': 0.96874, 'f1': 0.96872, 'auc': 0.96306}
> Epoch 420: took 1.5s (avg 1.5s) | Best so far: epoch 406	train_loss: 0.1548 train_accuracy: 0.9767	val_loss: 0.1785 val_accuracy: 0.9686	test_loss: 0.1728 test_accuracy: 0.9699
train: {'epoch': 421, 'time_epoch': 1.08125, 'eta': 640.54958, 'eta_hours': 0.17793, 'loss': 0.15448485, 'lr': 0.00060951, 'params': 202600, 'time_iter': 0.02703, 'accuracy': 0.97686, 'f1': 0.97685, 'auc': 0.96429}
val: {'epoch': 421, 'time_epoch': 0.07051, 'loss': 0.18009087, 'lr': 0, 'params': 202600, 'time_iter': 0.01763, 'accuracy': 0.96679, 'f1': 0.96676, 'auc': 0.9606}
test: {'epoch': 421, 'time_epoch': 0.069, 'loss': 0.17522495, 'lr': 0, 'params': 202600, 'time_iter': 0.01725, 'accuracy': 0.96914, 'f1': 0.96911, 'auc': 0.96163}
> Epoch 421: took 1.5s (avg 1.5s) | Best so far: epoch 406	train_loss: 0.1548 train_accuracy: 0.9767	val_loss: 0.1785 val_accuracy: 0.9686	test_loss: 0.1728 test_accuracy: 0.9699
train: {'epoch': 422, 'time_epoch': 1.12902, 'eta': 639.46974, 'eta_hours': 0.17763, 'loss': 0.15478804, 'lr': 0.00060846, 'params': 202600, 'time_iter': 0.02823, 'accuracy': 0.97684, 'f1': 0.97682, 'auc': 0.96407}
val: {'epoch': 422, 'time_epoch': 0.06951, 'loss': 0.17868379, 'lr': 0, 'params': 202600, 'time_iter': 0.01738, 'accuracy': 0.9642, 'f1': 0.96418, 'auc': 0.9617}
test: {'epoch': 422, 'time_epoch': 0.07052, 'loss': 0.17339724, 'lr': 0, 'params': 202600, 'time_iter': 0.01763, 'accuracy': 0.9666, 'f1': 0.96658, 'auc': 0.96278}
> Epoch 422: took 1.5s (avg 1.5s) | Best so far: epoch 406	train_loss: 0.1548 train_accuracy: 0.9767	val_loss: 0.1785 val_accuracy: 0.9686	test_loss: 0.1728 test_accuracy: 0.9699
train: {'epoch': 423, 'time_epoch': 1.11992, 'eta': 638.3773, 'eta_hours': 0.17733, 'loss': 0.15397495, 'lr': 0.00060741, 'params': 202600, 'time_iter': 0.028, 'accuracy': 0.977, 'f1': 0.97699, 'auc': 0.96411}
val: {'epoch': 423, 'time_epoch': 0.06951, 'loss': 0.1788289, 'lr': 0, 'params': 202600, 'time_iter': 0.01738, 'accuracy': 0.96521, 'f1': 0.96518, 'auc': 0.9613}
test: {'epoch': 423, 'time_epoch': 0.069, 'loss': 0.17313475, 'lr': 0, 'params': 202600, 'time_iter': 0.01725, 'accuracy': 0.96736, 'f1': 0.96734, 'auc': 0.96254}
> Epoch 423: took 1.5s (avg 1.5s) | Best so far: epoch 406	train_loss: 0.1548 train_accuracy: 0.9767	val_loss: 0.1785 val_accuracy: 0.9686	test_loss: 0.1728 test_accuracy: 0.9699
train: {'epoch': 424, 'time_epoch': 1.11574, 'eta': 637.27908, 'eta_hours': 0.17702, 'loss': 0.15439872, 'lr': 0.00060636, 'params': 202600, 'time_iter': 0.02789, 'accuracy': 0.97677, 'f1': 0.97676, 'auc': 0.96424}
val: {'epoch': 424, 'time_epoch': 0.076, 'loss': 0.17801634, 'lr': 0, 'params': 202600, 'time_iter': 0.019, 'accuracy': 0.96787, 'f1': 0.96785, 'auc': 0.96095}
test: {'epoch': 424, 'time_epoch': 0.08051, 'loss': 0.17302459, 'lr': 0, 'params': 202600, 'time_iter': 0.02013, 'accuracy': 0.96927, 'f1': 0.96925, 'auc': 0.96197}
> Epoch 424: took 1.5s (avg 1.5s) | Best so far: epoch 406	train_loss: 0.1548 train_accuracy: 0.9767	val_loss: 0.1785 val_accuracy: 0.9686	test_loss: 0.1728 test_accuracy: 0.9699
train: {'epoch': 425, 'time_epoch': 1.12131, 'eta': 636.18829, 'eta_hours': 0.17672, 'loss': 0.15411487, 'lr': 0.0006053, 'params': 202600, 'time_iter': 0.02803, 'accuracy': 0.97695, 'f1': 0.97694, 'auc': 0.96417}
val: {'epoch': 425, 'time_epoch': 0.08051, 'loss': 0.17740509, 'lr': 0, 'params': 202600, 'time_iter': 0.02013, 'accuracy': 0.96723, 'f1': 0.9672, 'auc': 0.96164}
test: {'epoch': 425, 'time_epoch': 0.07017, 'loss': 0.17243612, 'lr': 0, 'params': 202600, 'time_iter': 0.01754, 'accuracy': 0.96872, 'f1': 0.9687, 'auc': 0.96272}
> Epoch 425: took 1.5s (avg 1.5s) | Best so far: epoch 406	train_loss: 0.1548 train_accuracy: 0.9767	val_loss: 0.1785 val_accuracy: 0.9686	test_loss: 0.1728 test_accuracy: 0.9699
train: {'epoch': 426, 'time_epoch': 1.12176, 'eta': 635.09795, 'eta_hours': 0.17642, 'loss': 0.15413166, 'lr': 0.00060425, 'params': 202600, 'time_iter': 0.02804, 'accuracy': 0.97684, 'f1': 0.97683, 'auc': 0.96412}
val: {'epoch': 426, 'time_epoch': 0.06951, 'loss': 0.17956853, 'lr': 0, 'params': 202600, 'time_iter': 0.01738, 'accuracy': 0.96805, 'f1': 0.96802, 'auc': 0.96051}
test: {'epoch': 426, 'time_epoch': 0.07251, 'loss': 0.17422839, 'lr': 0, 'params': 202600, 'time_iter': 0.01813, 'accuracy': 0.96995, 'f1': 0.96993, 'auc': 0.96161}
> Epoch 426: took 1.5s (avg 1.5s) | Best so far: epoch 406	train_loss: 0.1548 train_accuracy: 0.9767	val_loss: 0.1785 val_accuracy: 0.9686	test_loss: 0.1728 test_accuracy: 0.9699
train: {'epoch': 427, 'time_epoch': 1.1161, 'eta': 633.9999, 'eta_hours': 0.17611, 'loss': 0.1541231, 'lr': 0.0006032, 'params': 202600, 'time_iter': 0.0279, 'accuracy': 0.9769, 'f1': 0.97689, 'auc': 0.96418}
val: {'epoch': 427, 'time_epoch': 0.07051, 'loss': 0.17873573, 'lr': 0, 'params': 202600, 'time_iter': 0.01763, 'accuracy': 0.95894, 'f1': 0.95893, 'auc': 0.96364}
test: {'epoch': 427, 'time_epoch': 0.069, 'loss': 0.1737634, 'lr': 0, 'params': 202600, 'time_iter': 0.01725, 'accuracy': 0.96049, 'f1': 0.96048, 'auc': 0.96475}
> Epoch 427: took 1.5s (avg 1.5s) | Best so far: epoch 406	train_loss: 0.1548 train_accuracy: 0.9767	val_loss: 0.1785 val_accuracy: 0.9686	test_loss: 0.1728 test_accuracy: 0.9699
train: {'epoch': 428, 'time_epoch': 1.10659, 'eta': 632.88911, 'eta_hours': 0.1758, 'loss': 0.15403787, 'lr': 0.00060215, 'params': 202600, 'time_iter': 0.02766, 'accuracy': 0.97695, 'f1': 0.97694, 'auc': 0.96422}
val: {'epoch': 428, 'time_epoch': 0.071, 'loss': 0.17751205, 'lr': 0, 'params': 202600, 'time_iter': 0.01775, 'accuracy': 0.967, 'f1': 0.96697, 'auc': 0.96031}
test: {'epoch': 428, 'time_epoch': 0.09751, 'loss': 0.17261005, 'lr': 0, 'params': 202600, 'time_iter': 0.02438, 'accuracy': 0.96913, 'f1': 0.96911, 'auc': 0.9615}
> Epoch 428: took 1.5s (avg 1.5s) | Best so far: epoch 406	train_loss: 0.1548 train_accuracy: 0.9767	val_loss: 0.1785 val_accuracy: 0.9686	test_loss: 0.1728 test_accuracy: 0.9699
train: {'epoch': 429, 'time_epoch': 1.13446, 'eta': 631.81528, 'eta_hours': 0.1755, 'loss': 0.15418557, 'lr': 0.00060109, 'params': 202600, 'time_iter': 0.02836, 'accuracy': 0.97678, 'f1': 0.97676, 'auc': 0.96421}
val: {'epoch': 429, 'time_epoch': 0.06851, 'loss': 0.18125016, 'lr': 0, 'params': 202600, 'time_iter': 0.01713, 'accuracy': 0.96387, 'f1': 0.96385, 'auc': 0.96186}
test: {'epoch': 429, 'time_epoch': 0.06651, 'loss': 0.17498944, 'lr': 0, 'params': 202600, 'time_iter': 0.01663, 'accuracy': 0.96643, 'f1': 0.96641, 'auc': 0.96331}
> Epoch 429: took 1.5s (avg 1.5s) | Best so far: epoch 406	train_loss: 0.1548 train_accuracy: 0.9767	val_loss: 0.1785 val_accuracy: 0.9686	test_loss: 0.1728 test_accuracy: 0.9699
train: {'epoch': 430, 'time_epoch': 1.09779, 'eta': 630.69276, 'eta_hours': 0.17519, 'loss': 0.1543689, 'lr': 0.00060004, 'params': 202600, 'time_iter': 0.02744, 'accuracy': 0.9769, 'f1': 0.97688, 'auc': 0.96417}
val: {'epoch': 430, 'time_epoch': 0.07, 'loss': 0.17860481, 'lr': 0, 'params': 202600, 'time_iter': 0.0175, 'accuracy': 0.96715, 'f1': 0.96712, 'auc': 0.96039}
test: {'epoch': 430, 'time_epoch': 0.0695, 'loss': 0.17322737, 'lr': 0, 'params': 202600, 'time_iter': 0.01738, 'accuracy': 0.96929, 'f1': 0.96927, 'auc': 0.96154}
> Epoch 430: took 1.5s (avg 1.5s) | Best so far: epoch 406	train_loss: 0.1548 train_accuracy: 0.9767	val_loss: 0.1785 val_accuracy: 0.9686	test_loss: 0.1728 test_accuracy: 0.9699
train: {'epoch': 431, 'time_epoch': 1.12579, 'eta': 629.60716, 'eta_hours': 0.17489, 'loss': 0.15408784, 'lr': 0.00059899, 'params': 202600, 'time_iter': 0.02814, 'accuracy': 0.97697, 'f1': 0.97695, 'auc': 0.96418}
val: {'epoch': 431, 'time_epoch': 0.072, 'loss': 0.1794919, 'lr': 0, 'params': 202600, 'time_iter': 0.018, 'accuracy': 0.96021, 'f1': 0.9602, 'auc': 0.96145}
test: {'epoch': 431, 'time_epoch': 0.07, 'loss': 0.17436912, 'lr': 0, 'params': 202600, 'time_iter': 0.0175, 'accuracy': 0.96309, 'f1': 0.96308, 'auc': 0.96255}
> Epoch 431: took 1.5s (avg 1.5s) | Best so far: epoch 406	train_loss: 0.1548 train_accuracy: 0.9767	val_loss: 0.1785 val_accuracy: 0.9686	test_loss: 0.1728 test_accuracy: 0.9699
train: {'epoch': 432, 'time_epoch': 1.13562, 'eta': 628.53426, 'eta_hours': 0.17459, 'loss': 0.15409102, 'lr': 0.00059793, 'params': 202600, 'time_iter': 0.02839, 'accuracy': 0.97684, 'f1': 0.97682, 'auc': 0.9643}
val: {'epoch': 432, 'time_epoch': 0.072, 'loss': 0.17915541, 'lr': 0, 'params': 202600, 'time_iter': 0.018, 'accuracy': 0.96465, 'f1': 0.96463, 'auc': 0.96082}
test: {'epoch': 432, 'time_epoch': 0.07068, 'loss': 0.17376159, 'lr': 0, 'params': 202600, 'time_iter': 0.01767, 'accuracy': 0.96603, 'f1': 0.96601, 'auc': 0.96203}
> Epoch 432: took 1.5s (avg 1.5s) | Best so far: epoch 406	train_loss: 0.1548 train_accuracy: 0.9767	val_loss: 0.1785 val_accuracy: 0.9686	test_loss: 0.1728 test_accuracy: 0.9699
train: {'epoch': 433, 'time_epoch': 1.10831, 'eta': 627.42545, 'eta_hours': 0.17428, 'loss': 0.15430116, 'lr': 0.00059688, 'params': 202600, 'time_iter': 0.02771, 'accuracy': 0.97696, 'f1': 0.97694, 'auc': 0.96409}
val: {'epoch': 433, 'time_epoch': 0.06967, 'loss': 0.17979139, 'lr': 0, 'params': 202600, 'time_iter': 0.01742, 'accuracy': 0.9632, 'f1': 0.96318, 'auc': 0.96315}
test: {'epoch': 433, 'time_epoch': 0.0665, 'loss': 0.17465786, 'lr': 0, 'params': 202600, 'time_iter': 0.01663, 'accuracy': 0.96546, 'f1': 0.96544, 'auc': 0.96411}
> Epoch 433: took 1.5s (avg 1.5s) | Best so far: epoch 406	train_loss: 0.1548 train_accuracy: 0.9767	val_loss: 0.1785 val_accuracy: 0.9686	test_loss: 0.1728 test_accuracy: 0.9699
train: {'epoch': 434, 'time_epoch': 1.10211, 'eta': 626.30859, 'eta_hours': 0.17397, 'loss': 0.15439684, 'lr': 0.00059583, 'params': 202600, 'time_iter': 0.02755, 'accuracy': 0.97689, 'f1': 0.97688, 'auc': 0.96438}
val: {'epoch': 434, 'time_epoch': 0.06951, 'loss': 0.17769242, 'lr': 0, 'params': 202600, 'time_iter': 0.01738, 'accuracy': 0.96732, 'f1': 0.96729, 'auc': 0.96159}
test: {'epoch': 434, 'time_epoch': 0.06701, 'loss': 0.17230286, 'lr': 0, 'params': 202600, 'time_iter': 0.01675, 'accuracy': 0.96929, 'f1': 0.96926, 'auc': 0.96275}
> Epoch 434: took 1.5s (avg 1.5s) | Best so far: epoch 406	train_loss: 0.1548 train_accuracy: 0.9767	val_loss: 0.1785 val_accuracy: 0.9686	test_loss: 0.1728 test_accuracy: 0.9699
train: {'epoch': 435, 'time_epoch': 1.08091, 'eta': 625.16437, 'eta_hours': 0.17366, 'loss': 0.15395652, 'lr': 0.00059478, 'params': 202600, 'time_iter': 0.02702, 'accuracy': 0.97687, 'f1': 0.97686, 'auc': 0.96408}
val: {'epoch': 435, 'time_epoch': 0.06851, 'loss': 0.18161612, 'lr': 0, 'params': 202600, 'time_iter': 0.01713, 'accuracy': 0.96406, 'f1': 0.96404, 'auc': 0.96288}
test: {'epoch': 435, 'time_epoch': 0.067, 'loss': 0.17608502, 'lr': 0, 'params': 202600, 'time_iter': 0.01675, 'accuracy': 0.9664, 'f1': 0.96638, 'auc': 0.96385}
> Epoch 435: took 1.4s (avg 1.5s) | Best so far: epoch 406	train_loss: 0.1548 train_accuracy: 0.9767	val_loss: 0.1785 val_accuracy: 0.9686	test_loss: 0.1728 test_accuracy: 0.9699
train: {'epoch': 436, 'time_epoch': 1.09792, 'eta': 624.04236, 'eta_hours': 0.17335, 'loss': 0.15413265, 'lr': 0.00059372, 'params': 202600, 'time_iter': 0.02745, 'accuracy': 0.97683, 'f1': 0.97682, 'auc': 0.96447}
val: {'epoch': 436, 'time_epoch': 0.07651, 'loss': 0.17965899, 'lr': 0, 'params': 202600, 'time_iter': 0.01913, 'accuracy': 0.96714, 'f1': 0.96711, 'auc': 0.96121}
test: {'epoch': 436, 'time_epoch': 0.06701, 'loss': 0.17422946, 'lr': 0, 'params': 202600, 'time_iter': 0.01675, 'accuracy': 0.9686, 'f1': 0.96858, 'auc': 0.9624}
> Epoch 436: took 1.5s (avg 1.5s) | Best so far: epoch 406	train_loss: 0.1548 train_accuracy: 0.9767	val_loss: 0.1785 val_accuracy: 0.9686	test_loss: 0.1728 test_accuracy: 0.9699
train: {'epoch': 437, 'time_epoch': 1.16778, 'eta': 623.01011, 'eta_hours': 0.17306, 'loss': 0.15417522, 'lr': 0.00059267, 'params': 202600, 'time_iter': 0.02919, 'accuracy': 0.97684, 'f1': 0.97682, 'auc': 0.96436}
val: {'epoch': 437, 'time_epoch': 0.07, 'loss': 0.1798673, 'lr': 0, 'params': 202600, 'time_iter': 0.0175, 'accuracy': 0.9618, 'f1': 0.96179, 'auc': 0.96176}
test: {'epoch': 437, 'time_epoch': 0.069, 'loss': 0.17455935, 'lr': 0, 'params': 202600, 'time_iter': 0.01725, 'accuracy': 0.96399, 'f1': 0.96397, 'auc': 0.96299}
> Epoch 437: took 1.5s (avg 1.5s) | Best so far: epoch 406	train_loss: 0.1548 train_accuracy: 0.9767	val_loss: 0.1785 val_accuracy: 0.9686	test_loss: 0.1728 test_accuracy: 0.9699
train: {'epoch': 438, 'time_epoch': 1.1036, 'eta': 621.89521, 'eta_hours': 0.17275, 'loss': 0.15406388, 'lr': 0.00059162, 'params': 202600, 'time_iter': 0.02759, 'accuracy': 0.97691, 'f1': 0.9769, 'auc': 0.96442}
val: {'epoch': 438, 'time_epoch': 0.069, 'loss': 0.17790984, 'lr': 0, 'params': 202600, 'time_iter': 0.01725, 'accuracy': 0.96763, 'f1': 0.9676, 'auc': 0.9607}
test: {'epoch': 438, 'time_epoch': 0.067, 'loss': 0.17248764, 'lr': 0, 'params': 202600, 'time_iter': 0.01675, 'accuracy': 0.96959, 'f1': 0.96957, 'auc': 0.96188}
> Epoch 438: took 1.5s (avg 1.5s) | Best so far: epoch 406	train_loss: 0.1548 train_accuracy: 0.9767	val_loss: 0.1785 val_accuracy: 0.9686	test_loss: 0.1728 test_accuracy: 0.9699
train: {'epoch': 439, 'time_epoch': 1.06877, 'eta': 620.73604, 'eta_hours': 0.17243, 'loss': 0.15380879, 'lr': 0.00059057, 'params': 202600, 'time_iter': 0.02672, 'accuracy': 0.97686, 'f1': 0.97685, 'auc': 0.96424}
val: {'epoch': 439, 'time_epoch': 0.06951, 'loss': 0.17785711, 'lr': 0, 'params': 202600, 'time_iter': 0.01738, 'accuracy': 0.96504, 'f1': 0.96503, 'auc': 0.96132}
test: {'epoch': 439, 'time_epoch': 0.06851, 'loss': 0.17287326, 'lr': 0, 'params': 202600, 'time_iter': 0.01713, 'accuracy': 0.96712, 'f1': 0.9671, 'auc': 0.96231}
> Epoch 439: took 1.4s (avg 1.5s) | Best so far: epoch 406	train_loss: 0.1548 train_accuracy: 0.9767	val_loss: 0.1785 val_accuracy: 0.9686	test_loss: 0.1728 test_accuracy: 0.9699
train: {'epoch': 440, 'time_epoch': 1.0895, 'eta': 619.60356, 'eta_hours': 0.17211, 'loss': 0.15382613, 'lr': 0.00058951, 'params': 202600, 'time_iter': 0.02724, 'accuracy': 0.97693, 'f1': 0.97692, 'auc': 0.9643}
val: {'epoch': 440, 'time_epoch': 0.07, 'loss': 0.17844742, 'lr': 0, 'params': 202600, 'time_iter': 0.0175, 'accuracy': 0.96752, 'f1': 0.96749, 'auc': 0.96145}
test: {'epoch': 440, 'time_epoch': 0.06651, 'loss': 0.17348477, 'lr': 0, 'params': 202600, 'time_iter': 0.01663, 'accuracy': 0.96934, 'f1': 0.96931, 'auc': 0.96287}
> Epoch 440: took 1.5s (avg 1.5s) | Best so far: epoch 406	train_loss: 0.1548 train_accuracy: 0.9767	val_loss: 0.1785 val_accuracy: 0.9686	test_loss: 0.1728 test_accuracy: 0.9699
train: {'epoch': 441, 'time_epoch': 1.04913, 'eta': 618.4203, 'eta_hours': 0.17178, 'loss': 0.15363878, 'lr': 0.00058846, 'params': 202600, 'time_iter': 0.02623, 'accuracy': 0.97689, 'f1': 0.97688, 'auc': 0.96429}
val: {'epoch': 441, 'time_epoch': 0.067, 'loss': 0.17948044, 'lr': 0, 'params': 202600, 'time_iter': 0.01675, 'accuracy': 0.96363, 'f1': 0.96361, 'auc': 0.96233}
test: {'epoch': 441, 'time_epoch': 0.08201, 'loss': 0.17447794, 'lr': 0, 'params': 202600, 'time_iter': 0.0205, 'accuracy': 0.96551, 'f1': 0.96549, 'auc': 0.96351}
> Epoch 441: took 1.4s (avg 1.5s) | Best so far: epoch 406	train_loss: 0.1548 train_accuracy: 0.9767	val_loss: 0.1785 val_accuracy: 0.9686	test_loss: 0.1728 test_accuracy: 0.9699
train: {'epoch': 442, 'time_epoch': 1.07036, 'eta': 617.26435, 'eta_hours': 0.17146, 'loss': 0.15388541, 'lr': 0.00058741, 'params': 202600, 'time_iter': 0.02676, 'accuracy': 0.97689, 'f1': 0.97688, 'auc': 0.9644}
val: {'epoch': 442, 'time_epoch': 0.07251, 'loss': 0.17919548, 'lr': 0, 'params': 202600, 'time_iter': 0.01813, 'accuracy': 0.96329, 'f1': 0.96327, 'auc': 0.96265}
test: {'epoch': 442, 'time_epoch': 0.06752, 'loss': 0.17420022, 'lr': 0, 'params': 202600, 'time_iter': 0.01688, 'accuracy': 0.96532, 'f1': 0.9653, 'auc': 0.96364}
> Epoch 442: took 1.4s (avg 1.5s) | Best so far: epoch 406	train_loss: 0.1548 train_accuracy: 0.9767	val_loss: 0.1785 val_accuracy: 0.9686	test_loss: 0.1728 test_accuracy: 0.9699
train: {'epoch': 443, 'time_epoch': 1.08209, 'eta': 616.12347, 'eta_hours': 0.17115, 'loss': 0.15378263, 'lr': 0.00058636, 'params': 202600, 'time_iter': 0.02705, 'accuracy': 0.97698, 'f1': 0.97697, 'auc': 0.96456}
val: {'epoch': 443, 'time_epoch': 0.06951, 'loss': 0.17968256, 'lr': 0, 'params': 202600, 'time_iter': 0.01738, 'accuracy': 0.9662, 'f1': 0.96617, 'auc': 0.96102}
test: {'epoch': 443, 'time_epoch': 0.06651, 'loss': 0.17413729, 'lr': 0, 'params': 202600, 'time_iter': 0.01663, 'accuracy': 0.96834, 'f1': 0.96832, 'auc': 0.96222}
> Epoch 443: took 1.5s (avg 1.5s) | Best so far: epoch 406	train_loss: 0.1548 train_accuracy: 0.9767	val_loss: 0.1785 val_accuracy: 0.9686	test_loss: 0.1728 test_accuracy: 0.9699
train: {'epoch': 444, 'time_epoch': 1.08592, 'eta': 614.98762, 'eta_hours': 0.17083, 'loss': 0.15374118, 'lr': 0.0005853, 'params': 202600, 'time_iter': 0.02715, 'accuracy': 0.97699, 'f1': 0.97698, 'auc': 0.96437}
val: {'epoch': 444, 'time_epoch': 0.07151, 'loss': 0.17803543, 'lr': 0, 'params': 202600, 'time_iter': 0.01788, 'accuracy': 0.96532, 'f1': 0.9653, 'auc': 0.96107}
test: {'epoch': 444, 'time_epoch': 0.07003, 'loss': 0.17342157, 'lr': 0, 'params': 202600, 'time_iter': 0.01751, 'accuracy': 0.96659, 'f1': 0.96658, 'auc': 0.96197}
> Epoch 444: took 1.5s (avg 1.5s) | Best so far: epoch 406	train_loss: 0.1548 train_accuracy: 0.9767	val_loss: 0.1785 val_accuracy: 0.9686	test_loss: 0.1728 test_accuracy: 0.9699
train: {'epoch': 445, 'time_epoch': 1.13059, 'eta': 613.90748, 'eta_hours': 0.17053, 'loss': 0.15405194, 'lr': 0.00058425, 'params': 202600, 'time_iter': 0.02826, 'accuracy': 0.97675, 'f1': 0.97673, 'auc': 0.96433}
val: {'epoch': 445, 'time_epoch': 0.07051, 'loss': 0.17880839, 'lr': 0, 'params': 202600, 'time_iter': 0.01763, 'accuracy': 0.96602, 'f1': 0.966, 'auc': 0.96176}
test: {'epoch': 445, 'time_epoch': 0.06851, 'loss': 0.17323698, 'lr': 0, 'params': 202600, 'time_iter': 0.01713, 'accuracy': 0.96784, 'f1': 0.96782, 'auc': 0.96297}
> Epoch 445: took 1.5s (avg 1.5s) | Best so far: epoch 406	train_loss: 0.1548 train_accuracy: 0.9767	val_loss: 0.1785 val_accuracy: 0.9686	test_loss: 0.1728 test_accuracy: 0.9699
train: {'epoch': 446, 'time_epoch': 1.10611, 'eta': 612.79684, 'eta_hours': 0.17022, 'loss': 0.15403964, 'lr': 0.0005832, 'params': 202600, 'time_iter': 0.02765, 'accuracy': 0.97699, 'f1': 0.97697, 'auc': 0.96442}
val: {'epoch': 446, 'time_epoch': 0.06903, 'loss': 0.17787368, 'lr': 0, 'params': 202600, 'time_iter': 0.01726, 'accuracy': 0.96636, 'f1': 0.96634, 'auc': 0.9617}
test: {'epoch': 446, 'time_epoch': 0.06951, 'loss': 0.17260151, 'lr': 0, 'params': 202600, 'time_iter': 0.01738, 'accuracy': 0.96829, 'f1': 0.96827, 'auc': 0.96284}
> Epoch 446: took 1.5s (avg 1.5s) | Best so far: epoch 406	train_loss: 0.1548 train_accuracy: 0.9767	val_loss: 0.1785 val_accuracy: 0.9686	test_loss: 0.1728 test_accuracy: 0.9699
train: {'epoch': 447, 'time_epoch': 1.09309, 'eta': 611.67017, 'eta_hours': 0.16991, 'loss': 0.15352252, 'lr': 0.00058215, 'params': 202600, 'time_iter': 0.02733, 'accuracy': 0.97695, 'f1': 0.97694, 'auc': 0.96435}
val: {'epoch': 447, 'time_epoch': 0.06851, 'loss': 0.17903403, 'lr': 0, 'params': 202600, 'time_iter': 0.01713, 'accuracy': 0.96659, 'f1': 0.96657, 'auc': 0.96205}
test: {'epoch': 447, 'time_epoch': 0.07151, 'loss': 0.17376597, 'lr': 0, 'params': 202600, 'time_iter': 0.01788, 'accuracy': 0.9686, 'f1': 0.96858, 'auc': 0.96317}
> Epoch 447: took 1.5s (avg 1.5s) | Best so far: epoch 406	train_loss: 0.1548 train_accuracy: 0.9767	val_loss: 0.1785 val_accuracy: 0.9686	test_loss: 0.1728 test_accuracy: 0.9699
train: {'epoch': 448, 'time_epoch': 1.25838, 'eta': 610.74649, 'eta_hours': 0.16965, 'loss': 0.15354593, 'lr': 0.00058109, 'params': 202600, 'time_iter': 0.03146, 'accuracy': 0.97697, 'f1': 0.97696, 'auc': 0.96441}
val: {'epoch': 448, 'time_epoch': 0.06951, 'loss': 0.17797871, 'lr': 0, 'params': 202600, 'time_iter': 0.01738, 'accuracy': 0.96373, 'f1': 0.96371, 'auc': 0.96211}
test: {'epoch': 448, 'time_epoch': 0.06851, 'loss': 0.17239525, 'lr': 0, 'params': 202600, 'time_iter': 0.01713, 'accuracy': 0.96644, 'f1': 0.96642, 'auc': 0.96332}
> Epoch 448: took 1.6s (avg 1.5s) | Best so far: epoch 406	train_loss: 0.1548 train_accuracy: 0.9767	val_loss: 0.1785 val_accuracy: 0.9686	test_loss: 0.1728 test_accuracy: 0.9699
train: {'epoch': 449, 'time_epoch': 1.13179, 'eta': 609.66661, 'eta_hours': 0.16935, 'loss': 0.15372784, 'lr': 0.00058004, 'params': 202600, 'time_iter': 0.02829, 'accuracy': 0.97695, 'f1': 0.97694, 'auc': 0.96443}
val: {'epoch': 449, 'time_epoch': 0.07051, 'loss': 0.18078788, 'lr': 0, 'params': 202600, 'time_iter': 0.01763, 'accuracy': 0.9674, 'f1': 0.96737, 'auc': 0.96159}
test: {'epoch': 449, 'time_epoch': 0.06952, 'loss': 0.17475736, 'lr': 0, 'params': 202600, 'time_iter': 0.01738, 'accuracy': 0.96921, 'f1': 0.96918, 'auc': 0.96296}
> Epoch 449: took 1.5s (avg 1.5s) | Best so far: epoch 406	train_loss: 0.1548 train_accuracy: 0.9767	val_loss: 0.1785 val_accuracy: 0.9686	test_loss: 0.1728 test_accuracy: 0.9699
train: {'epoch': 450, 'time_epoch': 1.15348, 'eta': 608.61289, 'eta_hours': 0.16906, 'loss': 0.15352858, 'lr': 0.00057899, 'params': 202600, 'time_iter': 0.02884, 'accuracy': 0.97693, 'f1': 0.97692, 'auc': 0.96456}
val: {'epoch': 450, 'time_epoch': 0.06951, 'loss': 0.17886836, 'lr': 0, 'params': 202600, 'time_iter': 0.01738, 'accuracy': 0.96729, 'f1': 0.96726, 'auc': 0.96163}
test: {'epoch': 450, 'time_epoch': 0.07251, 'loss': 0.17311105, 'lr': 0, 'params': 202600, 'time_iter': 0.01813, 'accuracy': 0.96916, 'f1': 0.96913, 'auc': 0.96281}
> Epoch 450: took 1.5s (avg 1.5s) | Best so far: epoch 406	train_loss: 0.1548 train_accuracy: 0.9767	val_loss: 0.1785 val_accuracy: 0.9686	test_loss: 0.1728 test_accuracy: 0.9699
train: {'epoch': 451, 'time_epoch': 1.13399, 'eta': 607.53511, 'eta_hours': 0.16876, 'loss': 0.15317195, 'lr': 0.00057794, 'params': 202600, 'time_iter': 0.02835, 'accuracy': 0.97695, 'f1': 0.97694, 'auc': 0.96445}
val: {'epoch': 451, 'time_epoch': 0.071, 'loss': 0.17820677, 'lr': 0, 'params': 202600, 'time_iter': 0.01775, 'accuracy': 0.96233, 'f1': 0.96231, 'auc': 0.96283}
test: {'epoch': 451, 'time_epoch': 0.06951, 'loss': 0.17264405, 'lr': 0, 'params': 202600, 'time_iter': 0.01738, 'accuracy': 0.9656, 'f1': 0.96558, 'auc': 0.96417}
> Epoch 451: took 1.5s (avg 1.5s) | Best so far: epoch 406	train_loss: 0.1548 train_accuracy: 0.9767	val_loss: 0.1785 val_accuracy: 0.9686	test_loss: 0.1728 test_accuracy: 0.9699
train: {'epoch': 452, 'time_epoch': 1.12716, 'eta': 606.44883, 'eta_hours': 0.16846, 'loss': 0.15351227, 'lr': 0.00057688, 'params': 202600, 'time_iter': 0.02818, 'accuracy': 0.97687, 'f1': 0.97686, 'auc': 0.9646}
val: {'epoch': 452, 'time_epoch': 0.071, 'loss': 0.17904418, 'lr': 0, 'params': 202600, 'time_iter': 0.01775, 'accuracy': 0.96499, 'f1': 0.96497, 'auc': 0.96179}
test: {'epoch': 452, 'time_epoch': 0.07, 'loss': 0.17368553, 'lr': 0, 'params': 202600, 'time_iter': 0.0175, 'accuracy': 0.9666, 'f1': 0.96659, 'auc': 0.96311}
> Epoch 452: took 1.5s (avg 1.5s) | Best so far: epoch 406	train_loss: 0.1548 train_accuracy: 0.9767	val_loss: 0.1785 val_accuracy: 0.9686	test_loss: 0.1728 test_accuracy: 0.9699
train: {'epoch': 453, 'time_epoch': 1.13007, 'eta': 605.36588, 'eta_hours': 0.16816, 'loss': 0.15328026, 'lr': 0.00057583, 'params': 202600, 'time_iter': 0.02825, 'accuracy': 0.97704, 'f1': 0.97702, 'auc': 0.96452}
val: {'epoch': 453, 'time_epoch': 0.07201, 'loss': 0.17884998, 'lr': 0, 'params': 202600, 'time_iter': 0.018, 'accuracy': 0.9665, 'f1': 0.96648, 'auc': 0.96241}
test: {'epoch': 453, 'time_epoch': 0.069, 'loss': 0.1731935, 'lr': 0, 'params': 202600, 'time_iter': 0.01725, 'accuracy': 0.96852, 'f1': 0.9685, 'auc': 0.96369}
> Epoch 453: took 1.5s (avg 1.5s) | Best so far: epoch 406	train_loss: 0.1548 train_accuracy: 0.9767	val_loss: 0.1785 val_accuracy: 0.9686	test_loss: 0.1728 test_accuracy: 0.9699
train: {'epoch': 454, 'time_epoch': 1.09483, 'eta': 604.2405, 'eta_hours': 0.16784, 'loss': 0.15350243, 'lr': 0.00057478, 'params': 202600, 'time_iter': 0.02737, 'accuracy': 0.97701, 'f1': 0.977, 'auc': 0.96447}
val: {'epoch': 454, 'time_epoch': 0.07151, 'loss': 0.1791217, 'lr': 0, 'params': 202600, 'time_iter': 0.01788, 'accuracy': 0.9644, 'f1': 0.96438, 'auc': 0.96239}
test: {'epoch': 454, 'time_epoch': 0.06851, 'loss': 0.1736736, 'lr': 0, 'params': 202600, 'time_iter': 0.01713, 'accuracy': 0.96712, 'f1': 0.9671, 'auc': 0.96354}
> Epoch 454: took 1.5s (avg 1.5s) | Best so far: epoch 406	train_loss: 0.1548 train_accuracy: 0.9767	val_loss: 0.1785 val_accuracy: 0.9686	test_loss: 0.1728 test_accuracy: 0.9699
train: {'epoch': 455, 'time_epoch': 1.11751, 'eta': 603.14231, 'eta_hours': 0.16754, 'loss': 0.15331809, 'lr': 0.00057373, 'params': 202600, 'time_iter': 0.02794, 'accuracy': 0.97703, 'f1': 0.97702, 'auc': 0.96449}
val: {'epoch': 455, 'time_epoch': 0.07051, 'loss': 0.17875112, 'lr': 0, 'params': 202600, 'time_iter': 0.01763, 'accuracy': 0.96493, 'f1': 0.96491, 'auc': 0.96237}
test: {'epoch': 455, 'time_epoch': 0.06951, 'loss': 0.17396133, 'lr': 0, 'params': 202600, 'time_iter': 0.01738, 'accuracy': 0.96554, 'f1': 0.96552, 'auc': 0.96355}
> Epoch 455: took 1.5s (avg 1.5s) | Best so far: epoch 406	train_loss: 0.1548 train_accuracy: 0.9767	val_loss: 0.1785 val_accuracy: 0.9686	test_loss: 0.1728 test_accuracy: 0.9699
train: {'epoch': 456, 'time_epoch': 1.12012, 'eta': 602.04714, 'eta_hours': 0.16724, 'loss': 0.15363434, 'lr': 0.00057267, 'params': 202600, 'time_iter': 0.028, 'accuracy': 0.97681, 'f1': 0.97679, 'auc': 0.96439}
val: {'epoch': 456, 'time_epoch': 0.06951, 'loss': 0.17866063, 'lr': 0, 'params': 202600, 'time_iter': 0.01738, 'accuracy': 0.96736, 'f1': 0.96733, 'auc': 0.96293}
test: {'epoch': 456, 'time_epoch': 0.06951, 'loss': 0.17349478, 'lr': 0, 'params': 202600, 'time_iter': 0.01738, 'accuracy': 0.96922, 'f1': 0.9692, 'auc': 0.96401}
> Epoch 456: took 1.5s (avg 1.5s) | Best so far: epoch 406	train_loss: 0.1548 train_accuracy: 0.9767	val_loss: 0.1785 val_accuracy: 0.9686	test_loss: 0.1728 test_accuracy: 0.9699
train: {'epoch': 457, 'time_epoch': 1.13781, 'eta': 600.97279, 'eta_hours': 0.16694, 'loss': 0.15319749, 'lr': 0.00057162, 'params': 202600, 'time_iter': 0.02845, 'accuracy': 0.97695, 'f1': 0.97694, 'auc': 0.96468}
val: {'epoch': 457, 'time_epoch': 0.06951, 'loss': 0.18032223, 'lr': 0, 'params': 202600, 'time_iter': 0.01738, 'accuracy': 0.96712, 'f1': 0.96709, 'auc': 0.96065}
test: {'epoch': 457, 'time_epoch': 0.06951, 'loss': 0.17462268, 'lr': 0, 'params': 202600, 'time_iter': 0.01738, 'accuracy': 0.96903, 'f1': 0.969, 'auc': 0.96189}
> Epoch 457: took 1.5s (avg 1.5s) | Best so far: epoch 406	train_loss: 0.1548 train_accuracy: 0.9767	val_loss: 0.1785 val_accuracy: 0.9686	test_loss: 0.1728 test_accuracy: 0.9699
train: {'epoch': 458, 'time_epoch': 1.10542, 'eta': 599.86, 'eta_hours': 0.16663, 'loss': 0.15338563, 'lr': 0.00057057, 'params': 202600, 'time_iter': 0.02764, 'accuracy': 0.97689, 'f1': 0.97688, 'auc': 0.96448}
val: {'epoch': 458, 'time_epoch': 0.06951, 'loss': 0.17923326, 'lr': 0, 'params': 202600, 'time_iter': 0.01738, 'accuracy': 0.96086, 'f1': 0.96084, 'auc': 0.96208}
test: {'epoch': 458, 'time_epoch': 0.06851, 'loss': 0.17378612, 'lr': 0, 'params': 202600, 'time_iter': 0.01713, 'accuracy': 0.96324, 'f1': 0.96323, 'auc': 0.96319}
> Epoch 458: took 1.5s (avg 1.5s) | Best so far: epoch 406	train_loss: 0.1548 train_accuracy: 0.9767	val_loss: 0.1785 val_accuracy: 0.9686	test_loss: 0.1728 test_accuracy: 0.9699
train: {'epoch': 459, 'time_epoch': 1.1063, 'eta': 598.74827, 'eta_hours': 0.16632, 'loss': 0.15313206, 'lr': 0.00056952, 'params': 202600, 'time_iter': 0.02766, 'accuracy': 0.97694, 'f1': 0.97693, 'auc': 0.96458}
val: {'epoch': 459, 'time_epoch': 0.08651, 'loss': 0.17859259, 'lr': 0, 'params': 202600, 'time_iter': 0.02163, 'accuracy': 0.96348, 'f1': 0.96346, 'auc': 0.96365}
test: {'epoch': 459, 'time_epoch': 0.07251, 'loss': 0.17368021, 'lr': 0, 'params': 202600, 'time_iter': 0.01813, 'accuracy': 0.96459, 'f1': 0.96458, 'auc': 0.96476}
> Epoch 459: took 1.5s (avg 1.5s) | Best so far: epoch 406	train_loss: 0.1548 train_accuracy: 0.9767	val_loss: 0.1785 val_accuracy: 0.9686	test_loss: 0.1728 test_accuracy: 0.9699
train: {'epoch': 460, 'time_epoch': 1.11328, 'eta': 597.64472, 'eta_hours': 0.16601, 'loss': 0.15324271, 'lr': 0.00056846, 'params': 202600, 'time_iter': 0.02783, 'accuracy': 0.9769, 'f1': 0.97689, 'auc': 0.96473}
val: {'epoch': 460, 'time_epoch': 0.06951, 'loss': 0.1800239, 'lr': 0, 'params': 202600, 'time_iter': 0.01738, 'accuracy': 0.9617, 'f1': 0.96169, 'auc': 0.96214}
test: {'epoch': 460, 'time_epoch': 0.06751, 'loss': 0.17483582, 'lr': 0, 'params': 202600, 'time_iter': 0.01688, 'accuracy': 0.96329, 'f1': 0.96328, 'auc': 0.96338}
> Epoch 460: took 1.5s (avg 1.5s) | Best so far: epoch 406	train_loss: 0.1548 train_accuracy: 0.9767	val_loss: 0.1785 val_accuracy: 0.9686	test_loss: 0.1728 test_accuracy: 0.9699
train: {'epoch': 461, 'time_epoch': 1.05572, 'eta': 596.4741, 'eta_hours': 0.16569, 'loss': 0.15331578, 'lr': 0.00056741, 'params': 202600, 'time_iter': 0.02639, 'accuracy': 0.97703, 'f1': 0.97702, 'auc': 0.96463}
val: {'epoch': 461, 'time_epoch': 0.0685, 'loss': 0.17904298, 'lr': 0, 'params': 202600, 'time_iter': 0.01713, 'accuracy': 0.96698, 'f1': 0.96695, 'auc': 0.96229}
test: {'epoch': 461, 'time_epoch': 0.06751, 'loss': 0.17339408, 'lr': 0, 'params': 202600, 'time_iter': 0.01688, 'accuracy': 0.96915, 'f1': 0.96913, 'auc': 0.96347}
> Epoch 461: took 1.4s (avg 1.5s) | Best so far: epoch 406	train_loss: 0.1548 train_accuracy: 0.9767	val_loss: 0.1785 val_accuracy: 0.9686	test_loss: 0.1728 test_accuracy: 0.9699
train: {'epoch': 462, 'time_epoch': 1.12325, 'eta': 595.3823, 'eta_hours': 0.16538, 'loss': 0.15345447, 'lr': 0.00056636, 'params': 202600, 'time_iter': 0.02808, 'accuracy': 0.97692, 'f1': 0.97691, 'auc': 0.96461}
val: {'epoch': 462, 'time_epoch': 0.07151, 'loss': 0.17801324, 'lr': 0, 'params': 202600, 'time_iter': 0.01788, 'accuracy': 0.9684, 'f1': 0.96837, 'auc': 0.96111}
test: {'epoch': 462, 'time_epoch': 0.06851, 'loss': 0.17313625, 'lr': 0, 'params': 202600, 'time_iter': 0.01713, 'accuracy': 0.97016, 'f1': 0.97014, 'auc': 0.96207}
> Epoch 462: took 1.5s (avg 1.5s) | Best so far: epoch 406	train_loss: 0.1548 train_accuracy: 0.9767	val_loss: 0.1785 val_accuracy: 0.9686	test_loss: 0.1728 test_accuracy: 0.9699
train: {'epoch': 463, 'time_epoch': 1.1228, 'eta': 594.28985, 'eta_hours': 0.16508, 'loss': 0.15294887, 'lr': 0.00056531, 'params': 202600, 'time_iter': 0.02807, 'accuracy': 0.97696, 'f1': 0.97695, 'auc': 0.96463}
val: {'epoch': 463, 'time_epoch': 0.07051, 'loss': 0.17898097, 'lr': 0, 'params': 202600, 'time_iter': 0.01763, 'accuracy': 0.96223, 'f1': 0.96221, 'auc': 0.96305}
test: {'epoch': 463, 'time_epoch': 0.06951, 'loss': 0.17458974, 'lr': 0, 'params': 202600, 'time_iter': 0.01738, 'accuracy': 0.96347, 'f1': 0.96345, 'auc': 0.9642}
> Epoch 463: took 1.5s (avg 1.5s) | Best so far: epoch 406	train_loss: 0.1548 train_accuracy: 0.9767	val_loss: 0.1785 val_accuracy: 0.9686	test_loss: 0.1728 test_accuracy: 0.9699
train: {'epoch': 464, 'time_epoch': 1.10902, 'eta': 593.18141, 'eta_hours': 0.16477, 'loss': 0.15326238, 'lr': 0.00056425, 'params': 202600, 'time_iter': 0.02773, 'accuracy': 0.97691, 'f1': 0.9769, 'auc': 0.96465}
val: {'epoch': 464, 'time_epoch': 0.06951, 'loss': 0.17857055, 'lr': 0, 'params': 202600, 'time_iter': 0.01738, 'accuracy': 0.96623, 'f1': 0.96621, 'auc': 0.96141}
test: {'epoch': 464, 'time_epoch': 0.07083, 'loss': 0.17295918, 'lr': 0, 'params': 202600, 'time_iter': 0.01771, 'accuracy': 0.96845, 'f1': 0.96843, 'auc': 0.9626}
> Epoch 464: took 1.5s (avg 1.5s) | Best so far: epoch 406	train_loss: 0.1548 train_accuracy: 0.9767	val_loss: 0.1785 val_accuracy: 0.9686	test_loss: 0.1728 test_accuracy: 0.9699
train: {'epoch': 465, 'time_epoch': 1.13604, 'eta': 592.10394, 'eta_hours': 0.16447, 'loss': 0.15323485, 'lr': 0.0005632, 'params': 202600, 'time_iter': 0.0284, 'accuracy': 0.97702, 'f1': 0.97701, 'auc': 0.96453}
val: {'epoch': 465, 'time_epoch': 0.06851, 'loss': 0.17793333, 'lr': 0, 'params': 202600, 'time_iter': 0.01713, 'accuracy': 0.96842, 'f1': 0.96839, 'auc': 0.96131}
test: {'epoch': 465, 'time_epoch': 0.06751, 'loss': 0.17254495, 'lr': 0, 'params': 202600, 'time_iter': 0.01688, 'accuracy': 0.97023, 'f1': 0.97021, 'auc': 0.96254}
> Epoch 465: took 1.5s (avg 1.5s) | Best so far: epoch 406	train_loss: 0.1548 train_accuracy: 0.9767	val_loss: 0.1785 val_accuracy: 0.9686	test_loss: 0.1728 test_accuracy: 0.9699
train: {'epoch': 466, 'time_epoch': 1.07184, 'eta': 590.95293, 'eta_hours': 0.16415, 'loss': 0.15301728, 'lr': 0.00056215, 'params': 202600, 'time_iter': 0.0268, 'accuracy': 0.97695, 'f1': 0.97694, 'auc': 0.96466}
val: {'epoch': 466, 'time_epoch': 0.07033, 'loss': 0.17816789, 'lr': 0, 'params': 202600, 'time_iter': 0.01758, 'accuracy': 0.96793, 'f1': 0.9679, 'auc': 0.96054}
test: {'epoch': 466, 'time_epoch': 0.06901, 'loss': 0.17262254, 'lr': 0, 'params': 202600, 'time_iter': 0.01725, 'accuracy': 0.97007, 'f1': 0.97005, 'auc': 0.96157}
> Epoch 466: took 1.4s (avg 1.5s) | Best so far: epoch 406	train_loss: 0.1548 train_accuracy: 0.9767	val_loss: 0.1785 val_accuracy: 0.9686	test_loss: 0.1728 test_accuracy: 0.9699
train: {'epoch': 467, 'time_epoch': 1.1031, 'eta': 589.83781, 'eta_hours': 0.16384, 'loss': 0.15267868, 'lr': 0.0005611, 'params': 202600, 'time_iter': 0.02758, 'accuracy': 0.97701, 'f1': 0.977, 'auc': 0.96452}
val: {'epoch': 467, 'time_epoch': 0.07053, 'loss': 0.17861692, 'lr': 0, 'params': 202600, 'time_iter': 0.01763, 'accuracy': 0.96812, 'f1': 0.9681, 'auc': 0.96092}
test: {'epoch': 467, 'time_epoch': 0.06751, 'loss': 0.17308574, 'lr': 0, 'params': 202600, 'time_iter': 0.01688, 'accuracy': 0.96974, 'f1': 0.96972, 'auc': 0.9622}
> Epoch 467: took 1.5s (avg 1.5s) | Best so far: epoch 406	train_loss: 0.1548 train_accuracy: 0.9767	val_loss: 0.1785 val_accuracy: 0.9686	test_loss: 0.1728 test_accuracy: 0.9699
train: {'epoch': 468, 'time_epoch': 1.23083, 'eta': 588.86734, 'eta_hours': 0.16357, 'loss': 0.1529333, 'lr': 0.00056004, 'params': 202600, 'time_iter': 0.03077, 'accuracy': 0.97697, 'f1': 0.97695, 'auc': 0.9646}
val: {'epoch': 468, 'time_epoch': 0.069, 'loss': 0.17889475, 'lr': 0, 'params': 202600, 'time_iter': 0.01725, 'accuracy': 0.96661, 'f1': 0.96659, 'auc': 0.96231}
test: {'epoch': 468, 'time_epoch': 0.06809, 'loss': 0.17291531, 'lr': 0, 'params': 202600, 'time_iter': 0.01702, 'accuracy': 0.96821, 'f1': 0.96819, 'auc': 0.96369}
> Epoch 468: took 1.6s (avg 1.5s) | Best so far: epoch 406	train_loss: 0.1548 train_accuracy: 0.9767	val_loss: 0.1785 val_accuracy: 0.9686	test_loss: 0.1728 test_accuracy: 0.9699
train: {'epoch': 469, 'time_epoch': 1.09697, 'eta': 587.74482, 'eta_hours': 0.16326, 'loss': 0.15280957, 'lr': 0.00055899, 'params': 202600, 'time_iter': 0.02742, 'accuracy': 0.97702, 'f1': 0.97701, 'auc': 0.96491}
val: {'epoch': 469, 'time_epoch': 0.07151, 'loss': 0.17788465, 'lr': 0, 'params': 202600, 'time_iter': 0.01788, 'accuracy': 0.96521, 'f1': 0.96519, 'auc': 0.96181}
test: {'epoch': 469, 'time_epoch': 0.07452, 'loss': 0.17280922, 'lr': 0, 'params': 202600, 'time_iter': 0.01863, 'accuracy': 0.96747, 'f1': 0.96745, 'auc': 0.96317}
> Epoch 469: took 1.5s (avg 1.5s) | Best so far: epoch 406	train_loss: 0.1548 train_accuracy: 0.9767	val_loss: 0.1785 val_accuracy: 0.9686	test_loss: 0.1728 test_accuracy: 0.9699
train: {'epoch': 470, 'time_epoch': 1.03698, 'eta': 586.55503, 'eta_hours': 0.16293, 'loss': 0.15305701, 'lr': 0.00055794, 'params': 202600, 'time_iter': 0.02592, 'accuracy': 0.97692, 'f1': 0.97691, 'auc': 0.96476}
val: {'epoch': 470, 'time_epoch': 0.06651, 'loss': 0.17927687, 'lr': 0, 'params': 202600, 'time_iter': 0.01663, 'accuracy': 0.96791, 'f1': 0.96789, 'auc': 0.96156}
test: {'epoch': 470, 'time_epoch': 0.06551, 'loss': 0.17417721, 'lr': 0, 'params': 202600, 'time_iter': 0.01638, 'accuracy': 0.96954, 'f1': 0.96952, 'auc': 0.9626}
> Epoch 470: took 1.4s (avg 1.5s) | Best so far: epoch 406	train_loss: 0.1548 train_accuracy: 0.9767	val_loss: 0.1785 val_accuracy: 0.9686	test_loss: 0.1728 test_accuracy: 0.9699
train: {'epoch': 471, 'time_epoch': 1.02629, 'eta': 585.35393, 'eta_hours': 0.1626, 'loss': 0.1528598, 'lr': 0.00055689, 'params': 202600, 'time_iter': 0.02566, 'accuracy': 0.97706, 'f1': 0.97705, 'auc': 0.96468}
val: {'epoch': 471, 'time_epoch': 0.07251, 'loss': 0.17983805, 'lr': 0, 'params': 202600, 'time_iter': 0.01813, 'accuracy': 0.96119, 'f1': 0.96118, 'auc': 0.96221}
test: {'epoch': 471, 'time_epoch': 0.07668, 'loss': 0.17484501, 'lr': 0, 'params': 202600, 'time_iter': 0.01917, 'accuracy': 0.96426, 'f1': 0.96425, 'auc': 0.96316}
> Epoch 471: took 1.4s (avg 1.5s) | Best so far: epoch 406	train_loss: 0.1548 train_accuracy: 0.9767	val_loss: 0.1785 val_accuracy: 0.9686	test_loss: 0.1728 test_accuracy: 0.9699
train: {'epoch': 472, 'time_epoch': 1.11128, 'eta': 584.24827, 'eta_hours': 0.16229, 'loss': 0.15305192, 'lr': 0.00055583, 'params': 202600, 'time_iter': 0.02778, 'accuracy': 0.97698, 'f1': 0.97697, 'auc': 0.9649}
val: {'epoch': 472, 'time_epoch': 0.07409, 'loss': 0.17874673, 'lr': 0, 'params': 202600, 'time_iter': 0.01852, 'accuracy': 0.96788, 'f1': 0.96785, 'auc': 0.96114}
test: {'epoch': 472, 'time_epoch': 0.07306, 'loss': 0.17356935, 'lr': 0, 'params': 202600, 'time_iter': 0.01827, 'accuracy': 0.96969, 'f1': 0.96967, 'auc': 0.96211}
> Epoch 472: took 1.5s (avg 1.5s) | Best so far: epoch 406	train_loss: 0.1548 train_accuracy: 0.9767	val_loss: 0.1785 val_accuracy: 0.9686	test_loss: 0.1728 test_accuracy: 0.9699
train: {'epoch': 473, 'time_epoch': 1.19694, 'eta': 583.23764, 'eta_hours': 0.16201, 'loss': 0.15264424, 'lr': 0.00055478, 'params': 202600, 'time_iter': 0.02992, 'accuracy': 0.97706, 'f1': 0.97704, 'auc': 0.96486}
val: {'epoch': 473, 'time_epoch': 0.07051, 'loss': 0.17795299, 'lr': 0, 'params': 202600, 'time_iter': 0.01763, 'accuracy': 0.96773, 'f1': 0.96771, 'auc': 0.96121}
test: {'epoch': 473, 'time_epoch': 0.07188, 'loss': 0.17341879, 'lr': 0, 'params': 202600, 'time_iter': 0.01797, 'accuracy': 0.96932, 'f1': 0.9693, 'auc': 0.96224}
> Epoch 473: took 1.6s (avg 1.5s) | Best so far: epoch 406	train_loss: 0.1548 train_accuracy: 0.9767	val_loss: 0.1785 val_accuracy: 0.9686	test_loss: 0.1728 test_accuracy: 0.9699
train: {'epoch': 474, 'time_epoch': 1.12633, 'eta': 582.14818, 'eta_hours': 0.16171, 'loss': 0.15251623, 'lr': 0.00055373, 'params': 202600, 'time_iter': 0.02816, 'accuracy': 0.97701, 'f1': 0.977, 'auc': 0.96492}
val: {'epoch': 474, 'time_epoch': 0.07551, 'loss': 0.17875908, 'lr': 0, 'params': 202600, 'time_iter': 0.01888, 'accuracy': 0.96459, 'f1': 0.96457, 'auc': 0.96279}
test: {'epoch': 474, 'time_epoch': 0.06851, 'loss': 0.17404542, 'lr': 0, 'params': 202600, 'time_iter': 0.01713, 'accuracy': 0.96706, 'f1': 0.96704, 'auc': 0.9638}
> Epoch 474: took 1.5s (avg 1.5s) | Best so far: epoch 406	train_loss: 0.1548 train_accuracy: 0.9767	val_loss: 0.1785 val_accuracy: 0.9686	test_loss: 0.1728 test_accuracy: 0.9699
train: {'epoch': 475, 'time_epoch': 1.11477, 'eta': 581.04584, 'eta_hours': 0.1614, 'loss': 0.15319119, 'lr': 0.00055268, 'params': 202600, 'time_iter': 0.02787, 'accuracy': 0.97704, 'f1': 0.97703, 'auc': 0.96482}
val: {'epoch': 475, 'time_epoch': 0.07551, 'loss': 0.17834582, 'lr': 0, 'params': 202600, 'time_iter': 0.01888, 'accuracy': 0.96708, 'f1': 0.96705, 'auc': 0.96184}
test: {'epoch': 475, 'time_epoch': 0.06951, 'loss': 0.17326672, 'lr': 0, 'params': 202600, 'time_iter': 0.01738, 'accuracy': 0.96926, 'f1': 0.96924, 'auc': 0.96271}
> Epoch 475: took 1.5s (avg 1.5s) | Best so far: epoch 406	train_loss: 0.1548 train_accuracy: 0.9767	val_loss: 0.1785 val_accuracy: 0.9686	test_loss: 0.1728 test_accuracy: 0.9699
train: {'epoch': 476, 'time_epoch': 1.16075, 'eta': 579.99386, 'eta_hours': 0.16111, 'loss': 0.15283202, 'lr': 0.00055162, 'params': 202600, 'time_iter': 0.02902, 'accuracy': 0.97697, 'f1': 0.97696, 'auc': 0.96488}
val: {'epoch': 476, 'time_epoch': 0.07301, 'loss': 0.17885634, 'lr': 0, 'params': 202600, 'time_iter': 0.01825, 'accuracy': 0.96693, 'f1': 0.9669, 'auc': 0.96207}
test: {'epoch': 476, 'time_epoch': 0.073, 'loss': 0.17358691, 'lr': 0, 'params': 202600, 'time_iter': 0.01825, 'accuracy': 0.96865, 'f1': 0.96864, 'auc': 0.96313}
> Epoch 476: took 1.6s (avg 1.5s) | Best so far: epoch 406	train_loss: 0.1548 train_accuracy: 0.9767	val_loss: 0.1785 val_accuracy: 0.9686	test_loss: 0.1728 test_accuracy: 0.9699
train: {'epoch': 477, 'time_epoch': 1.16158, 'eta': 578.94233, 'eta_hours': 0.16082, 'loss': 0.15253814, 'lr': 0.00055057, 'params': 202600, 'time_iter': 0.02904, 'accuracy': 0.97706, 'f1': 0.97705, 'auc': 0.96492}
val: {'epoch': 477, 'time_epoch': 0.07352, 'loss': 0.17846257, 'lr': 0, 'params': 202600, 'time_iter': 0.01838, 'accuracy': 0.96762, 'f1': 0.9676, 'auc': 0.9625}
test: {'epoch': 477, 'time_epoch': 0.07056, 'loss': 0.17306185, 'lr': 0, 'params': 202600, 'time_iter': 0.01764, 'accuracy': 0.9693, 'f1': 0.96928, 'auc': 0.96359}
> Epoch 477: took 1.5s (avg 1.5s) | Best so far: epoch 406	train_loss: 0.1548 train_accuracy: 0.9767	val_loss: 0.1785 val_accuracy: 0.9686	test_loss: 0.1728 test_accuracy: 0.9699
train: {'epoch': 478, 'time_epoch': 1.15096, 'eta': 577.8788, 'eta_hours': 0.16052, 'loss': 0.15291208, 'lr': 0.00054952, 'params': 202600, 'time_iter': 0.02877, 'accuracy': 0.97691, 'f1': 0.9769, 'auc': 0.96503}
val: {'epoch': 478, 'time_epoch': 0.07151, 'loss': 0.18160257, 'lr': 0, 'params': 202600, 'time_iter': 0.01788, 'accuracy': 0.96702, 'f1': 0.96699, 'auc': 0.96226}
test: {'epoch': 478, 'time_epoch': 0.07323, 'loss': 0.17598563, 'lr': 0, 'params': 202600, 'time_iter': 0.01831, 'accuracy': 0.96906, 'f1': 0.96903, 'auc': 0.96339}
> Epoch 478: took 1.5s (avg 1.5s) | Best so far: epoch 406	train_loss: 0.1548 train_accuracy: 0.9767	val_loss: 0.1785 val_accuracy: 0.9686	test_loss: 0.1728 test_accuracy: 0.9699
train: {'epoch': 479, 'time_epoch': 1.26108, 'eta': 576.9342, 'eta_hours': 0.16026, 'loss': 0.15263253, 'lr': 0.00054847, 'params': 202600, 'time_iter': 0.03153, 'accuracy': 0.97704, 'f1': 0.97702, 'auc': 0.96503}
val: {'epoch': 479, 'time_epoch': 0.07, 'loss': 0.17854425, 'lr': 0, 'params': 202600, 'time_iter': 0.0175, 'accuracy': 0.96323, 'f1': 0.96322, 'auc': 0.96208}
test: {'epoch': 479, 'time_epoch': 0.068, 'loss': 0.17381432, 'lr': 0, 'params': 202600, 'time_iter': 0.017, 'accuracy': 0.96492, 'f1': 0.96491, 'auc': 0.96325}
> Epoch 479: took 1.6s (avg 1.5s) | Best so far: epoch 406	train_loss: 0.1548 train_accuracy: 0.9767	val_loss: 0.1785 val_accuracy: 0.9686	test_loss: 0.1728 test_accuracy: 0.9699
train: {'epoch': 480, 'time_epoch': 1.16059, 'eta': 575.87985, 'eta_hours': 0.15997, 'loss': 0.1524515, 'lr': 0.00054741, 'params': 202600, 'time_iter': 0.02901, 'accuracy': 0.97704, 'f1': 0.97703, 'auc': 0.96491}
val: {'epoch': 480, 'time_epoch': 0.07651, 'loss': 0.17835731, 'lr': 0, 'params': 202600, 'time_iter': 0.01913, 'accuracy': 0.96561, 'f1': 0.96559, 'auc': 0.96224}
test: {'epoch': 480, 'time_epoch': 0.07051, 'loss': 0.17365212, 'lr': 0, 'params': 202600, 'time_iter': 0.01763, 'accuracy': 0.96749, 'f1': 0.96747, 'auc': 0.96336}
> Epoch 480: took 1.5s (avg 1.5s) | Best so far: epoch 406	train_loss: 0.1548 train_accuracy: 0.9767	val_loss: 0.1785 val_accuracy: 0.9686	test_loss: 0.1728 test_accuracy: 0.9699
train: {'epoch': 481, 'time_epoch': 1.16766, 'eta': 574.83266, 'eta_hours': 0.15968, 'loss': 0.15253235, 'lr': 0.00054636, 'params': 202600, 'time_iter': 0.02919, 'accuracy': 0.97708, 'f1': 0.97706, 'auc': 0.96501}
val: {'epoch': 481, 'time_epoch': 0.072, 'loss': 0.18108675, 'lr': 0, 'params': 202600, 'time_iter': 0.018, 'accuracy': 0.96395, 'f1': 0.96393, 'auc': 0.96323}
test: {'epoch': 481, 'time_epoch': 0.07051, 'loss': 0.1752007, 'lr': 0, 'params': 202600, 'time_iter': 0.01763, 'accuracy': 0.96692, 'f1': 0.96691, 'auc': 0.96434}
> Epoch 481: took 1.5s (avg 1.5s) | Best so far: epoch 406	train_loss: 0.1548 train_accuracy: 0.9767	val_loss: 0.1785 val_accuracy: 0.9686	test_loss: 0.1728 test_accuracy: 0.9699
train: {'epoch': 482, 'time_epoch': 1.12357, 'eta': 573.73777, 'eta_hours': 0.15937, 'loss': 0.15222789, 'lr': 0.00054531, 'params': 202600, 'time_iter': 0.02809, 'accuracy': 0.97699, 'f1': 0.97697, 'auc': 0.96523}
val: {'epoch': 482, 'time_epoch': 0.07037, 'loss': 0.17965397, 'lr': 0, 'params': 202600, 'time_iter': 0.01759, 'accuracy': 0.96502, 'f1': 0.965, 'auc': 0.96209}
test: {'epoch': 482, 'time_epoch': 0.06851, 'loss': 0.1748323, 'lr': 0, 'params': 202600, 'time_iter': 0.01713, 'accuracy': 0.9672, 'f1': 0.96718, 'auc': 0.963}
> Epoch 482: took 1.5s (avg 1.5s) | Best so far: epoch 406	train_loss: 0.1548 train_accuracy: 0.9767	val_loss: 0.1785 val_accuracy: 0.9686	test_loss: 0.1728 test_accuracy: 0.9699
train: {'epoch': 483, 'time_epoch': 1.15233, 'eta': 572.67343, 'eta_hours': 0.15908, 'loss': 0.15339148, 'lr': 0.00054426, 'params': 202600, 'time_iter': 0.02881, 'accuracy': 0.97685, 'f1': 0.97684, 'auc': 0.96503}
val: {'epoch': 483, 'time_epoch': 0.06901, 'loss': 0.17871662, 'lr': 0, 'params': 202600, 'time_iter': 0.01725, 'accuracy': 0.9644, 'f1': 0.96438, 'auc': 0.9624}
test: {'epoch': 483, 'time_epoch': 0.07, 'loss': 0.17418693, 'lr': 0, 'params': 202600, 'time_iter': 0.0175, 'accuracy': 0.96652, 'f1': 0.9665, 'auc': 0.9634}
> Epoch 483: took 1.5s (avg 1.5s) | Best so far: epoch 406	train_loss: 0.1548 train_accuracy: 0.9767	val_loss: 0.1785 val_accuracy: 0.9686	test_loss: 0.1728 test_accuracy: 0.9699
train: {'epoch': 484, 'time_epoch': 1.12062, 'eta': 571.57505, 'eta_hours': 0.15877, 'loss': 0.15243748, 'lr': 0.0005432, 'params': 202600, 'time_iter': 0.02802, 'accuracy': 0.97702, 'f1': 0.977, 'auc': 0.96514}
val: {'epoch': 484, 'time_epoch': 0.07081, 'loss': 0.17883645, 'lr': 0, 'params': 202600, 'time_iter': 0.0177, 'accuracy': 0.96291, 'f1': 0.96289, 'auc': 0.96276}
test: {'epoch': 484, 'time_epoch': 0.069, 'loss': 0.17495649, 'lr': 0, 'params': 202600, 'time_iter': 0.01725, 'accuracy': 0.96456, 'f1': 0.96455, 'auc': 0.96356}
> Epoch 484: took 1.5s (avg 1.5s) | Best so far: epoch 406	train_loss: 0.1548 train_accuracy: 0.9767	val_loss: 0.1785 val_accuracy: 0.9686	test_loss: 0.1728 test_accuracy: 0.9699
train: {'epoch': 485, 'time_epoch': 1.11293, 'eta': 570.46845, 'eta_hours': 0.15846, 'loss': 0.15250551, 'lr': 0.00054215, 'params': 202600, 'time_iter': 0.02782, 'accuracy': 0.97697, 'f1': 0.97696, 'auc': 0.96484}
val: {'epoch': 485, 'time_epoch': 0.07, 'loss': 0.17952721, 'lr': 0, 'params': 202600, 'time_iter': 0.0175, 'accuracy': 0.96764, 'f1': 0.96762, 'auc': 0.96144}
test: {'epoch': 485, 'time_epoch': 0.06901, 'loss': 0.17439706, 'lr': 0, 'params': 202600, 'time_iter': 0.01725, 'accuracy': 0.96879, 'f1': 0.96876, 'auc': 0.96257}
> Epoch 485: took 1.5s (avg 1.5s) | Best so far: epoch 406	train_loss: 0.1548 train_accuracy: 0.9767	val_loss: 0.1785 val_accuracy: 0.9686	test_loss: 0.1728 test_accuracy: 0.9699
train: {'epoch': 486, 'time_epoch': 1.16734, 'eta': 569.41913, 'eta_hours': 0.15817, 'loss': 0.15238098, 'lr': 0.0005411, 'params': 202600, 'time_iter': 0.02918, 'accuracy': 0.97703, 'f1': 0.97702, 'auc': 0.96512}
val: {'epoch': 486, 'time_epoch': 0.06951, 'loss': 0.17867767, 'lr': 0, 'params': 202600, 'time_iter': 0.01738, 'accuracy': 0.96397, 'f1': 0.96395, 'auc': 0.96119}
test: {'epoch': 486, 'time_epoch': 0.06851, 'loss': 0.17327905, 'lr': 0, 'params': 202600, 'time_iter': 0.01713, 'accuracy': 0.96586, 'f1': 0.96584, 'auc': 0.96257}
> Epoch 486: took 1.5s (avg 1.5s) | Best so far: epoch 406	train_loss: 0.1548 train_accuracy: 0.9767	val_loss: 0.1785 val_accuracy: 0.9686	test_loss: 0.1728 test_accuracy: 0.9699
train: {'epoch': 487, 'time_epoch': 1.10749, 'eta': 568.30654, 'eta_hours': 0.15786, 'loss': 0.15236238, 'lr': 0.00054005, 'params': 202600, 'time_iter': 0.02769, 'accuracy': 0.97695, 'f1': 0.97694, 'auc': 0.96506}
val: {'epoch': 487, 'time_epoch': 0.07, 'loss': 0.17894657, 'lr': 0, 'params': 202600, 'time_iter': 0.0175, 'accuracy': 0.96726, 'f1': 0.96723, 'auc': 0.96295}
test: {'epoch': 487, 'time_epoch': 0.06901, 'loss': 0.17388173, 'lr': 0, 'params': 202600, 'time_iter': 0.01725, 'accuracy': 0.9689, 'f1': 0.96887, 'auc': 0.96412}
> Epoch 487: took 1.5s (avg 1.5s) | Best so far: epoch 406	train_loss: 0.1548 train_accuracy: 0.9767	val_loss: 0.1785 val_accuracy: 0.9686	test_loss: 0.1728 test_accuracy: 0.9699
train: {'epoch': 488, 'time_epoch': 1.13598, 'eta': 567.22374, 'eta_hours': 0.15756, 'loss': 0.15219234, 'lr': 0.00053899, 'params': 202600, 'time_iter': 0.0284, 'accuracy': 0.97705, 'f1': 0.97704, 'auc': 0.96524}
val: {'epoch': 488, 'time_epoch': 0.07051, 'loss': 0.18037345, 'lr': 0, 'params': 202600, 'time_iter': 0.01763, 'accuracy': 0.96632, 'f1': 0.9663, 'auc': 0.96248}
test: {'epoch': 488, 'time_epoch': 0.068, 'loss': 0.17540915, 'lr': 0, 'params': 202600, 'time_iter': 0.017, 'accuracy': 0.96866, 'f1': 0.96864, 'auc': 0.96364}
> Epoch 488: took 1.5s (avg 1.5s) | Best so far: epoch 406	train_loss: 0.1548 train_accuracy: 0.9767	val_loss: 0.1785 val_accuracy: 0.9686	test_loss: 0.1728 test_accuracy: 0.9699
train: {'epoch': 489, 'time_epoch': 1.10612, 'eta': 566.10965, 'eta_hours': 0.15725, 'loss': 0.15228829, 'lr': 0.00053794, 'params': 202600, 'time_iter': 0.02765, 'accuracy': 0.97709, 'f1': 0.97707, 'auc': 0.96517}
val: {'epoch': 489, 'time_epoch': 0.071, 'loss': 0.17944397, 'lr': 0, 'params': 202600, 'time_iter': 0.01775, 'accuracy': 0.96493, 'f1': 0.96491, 'auc': 0.96162}
test: {'epoch': 489, 'time_epoch': 0.07, 'loss': 0.17471647, 'lr': 0, 'params': 202600, 'time_iter': 0.0175, 'accuracy': 0.96674, 'f1': 0.96673, 'auc': 0.96266}
> Epoch 489: took 1.5s (avg 1.5s) | Best so far: epoch 406	train_loss: 0.1548 train_accuracy: 0.9767	val_loss: 0.1785 val_accuracy: 0.9686	test_loss: 0.1728 test_accuracy: 0.9699
train: {'epoch': 490, 'time_epoch': 1.10496, 'eta': 564.99438, 'eta_hours': 0.15694, 'loss': 0.15189434, 'lr': 0.00053689, 'params': 202600, 'time_iter': 0.02762, 'accuracy': 0.97703, 'f1': 0.97702, 'auc': 0.96522}
val: {'epoch': 490, 'time_epoch': 0.07601, 'loss': 0.17994063, 'lr': 0, 'params': 202600, 'time_iter': 0.019, 'accuracy': 0.96642, 'f1': 0.9664, 'auc': 0.96142}
test: {'epoch': 490, 'time_epoch': 0.0705, 'loss': 0.17500623, 'lr': 0, 'params': 202600, 'time_iter': 0.01763, 'accuracy': 0.96878, 'f1': 0.96875, 'auc': 0.96236}
> Epoch 490: took 1.5s (avg 1.5s) | Best so far: epoch 406	train_loss: 0.1548 train_accuracy: 0.9767	val_loss: 0.1785 val_accuracy: 0.9686	test_loss: 0.1728 test_accuracy: 0.9699
train: {'epoch': 491, 'time_epoch': 1.09962, 'eta': 563.87364, 'eta_hours': 0.15663, 'loss': 0.15183124, 'lr': 0.00053584, 'params': 202600, 'time_iter': 0.02749, 'accuracy': 0.97709, 'f1': 0.97708, 'auc': 0.96532}
val: {'epoch': 491, 'time_epoch': 0.06944, 'loss': 0.17996448, 'lr': 0, 'params': 202600, 'time_iter': 0.01736, 'accuracy': 0.96484, 'f1': 0.96482, 'auc': 0.9628}
test: {'epoch': 491, 'time_epoch': 0.06851, 'loss': 0.1748315, 'lr': 0, 'params': 202600, 'time_iter': 0.01713, 'accuracy': 0.96653, 'f1': 0.96651, 'auc': 0.96405}
> Epoch 491: took 1.5s (avg 1.5s) | Best so far: epoch 406	train_loss: 0.1548 train_accuracy: 0.9767	val_loss: 0.1785 val_accuracy: 0.9686	test_loss: 0.1728 test_accuracy: 0.9699
train: {'epoch': 492, 'time_epoch': 1.09644, 'eta': 562.74973, 'eta_hours': 0.15632, 'loss': 0.15209459, 'lr': 0.00053478, 'params': 202600, 'time_iter': 0.02741, 'accuracy': 0.97709, 'f1': 0.97708, 'auc': 0.96512}
val: {'epoch': 492, 'time_epoch': 0.07051, 'loss': 0.18053903, 'lr': 0, 'params': 202600, 'time_iter': 0.01763, 'accuracy': 0.96635, 'f1': 0.96633, 'auc': 0.96289}
test: {'epoch': 492, 'time_epoch': 0.06851, 'loss': 0.17451698, 'lr': 0, 'params': 202600, 'time_iter': 0.01713, 'accuracy': 0.96863, 'f1': 0.96861, 'auc': 0.96402}
> Epoch 492: took 1.5s (avg 1.5s) | Best so far: epoch 406	train_loss: 0.1548 train_accuracy: 0.9767	val_loss: 0.1785 val_accuracy: 0.9686	test_loss: 0.1728 test_accuracy: 0.9699
train: {'epoch': 493, 'time_epoch': 1.07081, 'eta': 561.59966, 'eta_hours': 0.156, 'loss': 0.15212175, 'lr': 0.00053373, 'params': 202600, 'time_iter': 0.02677, 'accuracy': 0.97701, 'f1': 0.977, 'auc': 0.96528}
val: {'epoch': 493, 'time_epoch': 0.06951, 'loss': 0.18065137, 'lr': 0, 'params': 202600, 'time_iter': 0.01738, 'accuracy': 0.96577, 'f1': 0.96574, 'auc': 0.96201}
test: {'epoch': 493, 'time_epoch': 0.06807, 'loss': 0.17475561, 'lr': 0, 'params': 202600, 'time_iter': 0.01702, 'accuracy': 0.96754, 'f1': 0.96752, 'auc': 0.9632}
> Epoch 493: took 1.4s (avg 1.5s) | Best so far: epoch 406	train_loss: 0.1548 train_accuracy: 0.9767	val_loss: 0.1785 val_accuracy: 0.9686	test_loss: 0.1728 test_accuracy: 0.9699
train: {'epoch': 494, 'time_epoch': 1.09486, 'eta': 560.47445, 'eta_hours': 0.15569, 'loss': 0.15204199, 'lr': 0.00053268, 'params': 202600, 'time_iter': 0.02737, 'accuracy': 0.97695, 'f1': 0.97694, 'auc': 0.96517}
val: {'epoch': 494, 'time_epoch': 0.07051, 'loss': 0.17939013, 'lr': 0, 'params': 202600, 'time_iter': 0.01763, 'accuracy': 0.96765, 'f1': 0.96762, 'auc': 0.96179}
test: {'epoch': 494, 'time_epoch': 0.07051, 'loss': 0.1748449, 'lr': 0, 'params': 202600, 'time_iter': 0.01763, 'accuracy': 0.96959, 'f1': 0.96957, 'auc': 0.96304}
> Epoch 494: took 1.5s (avg 1.5s) | Best so far: epoch 406	train_loss: 0.1548 train_accuracy: 0.9767	val_loss: 0.1785 val_accuracy: 0.9686	test_loss: 0.1728 test_accuracy: 0.9699
train: {'epoch': 495, 'time_epoch': 1.1735, 'eta': 559.42928, 'eta_hours': 0.1554, 'loss': 0.15187697, 'lr': 0.00053163, 'params': 202600, 'time_iter': 0.02934, 'accuracy': 0.97709, 'f1': 0.97708, 'auc': 0.96524}
val: {'epoch': 495, 'time_epoch': 0.073, 'loss': 0.18041507, 'lr': 0, 'params': 202600, 'time_iter': 0.01825, 'accuracy': 0.96468, 'f1': 0.96466, 'auc': 0.96303}
test: {'epoch': 495, 'time_epoch': 0.072, 'loss': 0.17497338, 'lr': 0, 'params': 202600, 'time_iter': 0.018, 'accuracy': 0.9661, 'f1': 0.96608, 'auc': 0.96409}
> Epoch 495: took 1.6s (avg 1.5s) | Best so far: epoch 406	train_loss: 0.1548 train_accuracy: 0.9767	val_loss: 0.1785 val_accuracy: 0.9686	test_loss: 0.1728 test_accuracy: 0.9699
train: {'epoch': 496, 'time_epoch': 1.11963, 'eta': 558.32907, 'eta_hours': 0.15509, 'loss': 0.15206605, 'lr': 0.00053057, 'params': 202600, 'time_iter': 0.02799, 'accuracy': 0.97712, 'f1': 0.97711, 'auc': 0.96544}
val: {'epoch': 496, 'time_epoch': 0.071, 'loss': 0.17821934, 'lr': 0, 'params': 202600, 'time_iter': 0.01775, 'accuracy': 0.96428, 'f1': 0.96426, 'auc': 0.96232}
test: {'epoch': 496, 'time_epoch': 0.07025, 'loss': 0.17367966, 'lr': 0, 'params': 202600, 'time_iter': 0.01756, 'accuracy': 0.96675, 'f1': 0.96674, 'auc': 0.96332}
> Epoch 496: took 1.5s (avg 1.5s) | Best so far: epoch 406	train_loss: 0.1548 train_accuracy: 0.9767	val_loss: 0.1785 val_accuracy: 0.9686	test_loss: 0.1728 test_accuracy: 0.9699
train: {'epoch': 497, 'time_epoch': 1.12992, 'eta': 557.23916, 'eta_hours': 0.15479, 'loss': 0.15265492, 'lr': 0.00052952, 'params': 202600, 'time_iter': 0.02825, 'accuracy': 0.97696, 'f1': 0.97695, 'auc': 0.96526}
val: {'epoch': 497, 'time_epoch': 0.07101, 'loss': 0.17924199, 'lr': 0, 'params': 202600, 'time_iter': 0.01775, 'accuracy': 0.96482, 'f1': 0.9648, 'auc': 0.96356}
test: {'epoch': 497, 'time_epoch': 0.069, 'loss': 0.17444451, 'lr': 0, 'params': 202600, 'time_iter': 0.01725, 'accuracy': 0.96673, 'f1': 0.96672, 'auc': 0.96472}
> Epoch 497: took 1.5s (avg 1.5s) | Best so far: epoch 406	train_loss: 0.1548 train_accuracy: 0.9767	val_loss: 0.1785 val_accuracy: 0.9686	test_loss: 0.1728 test_accuracy: 0.9699
train: {'epoch': 498, 'time_epoch': 1.08361, 'eta': 556.10258, 'eta_hours': 0.15447, 'loss': 0.15204337, 'lr': 0.00052847, 'params': 202600, 'time_iter': 0.02709, 'accuracy': 0.97704, 'f1': 0.97703, 'auc': 0.96549}
val: {'epoch': 498, 'time_epoch': 0.06951, 'loss': 0.17839166, 'lr': 0, 'params': 202600, 'time_iter': 0.01738, 'accuracy': 0.9655, 'f1': 0.96548, 'auc': 0.96108}
test: {'epoch': 498, 'time_epoch': 0.07002, 'loss': 0.17349388, 'lr': 0, 'params': 202600, 'time_iter': 0.0175, 'accuracy': 0.96756, 'f1': 0.96754, 'auc': 0.96242}
> Epoch 498: took 1.5s (avg 1.5s) | Best so far: epoch 406	train_loss: 0.1548 train_accuracy: 0.9767	val_loss: 0.1785 val_accuracy: 0.9686	test_loss: 0.1728 test_accuracy: 0.9699
train: {'epoch': 499, 'time_epoch': 1.27595, 'eta': 555.15856, 'eta_hours': 0.15421, 'loss': 0.15185321, 'lr': 0.00052742, 'params': 202600, 'time_iter': 0.0319, 'accuracy': 0.97699, 'f1': 0.97697, 'auc': 0.96527}
val: {'epoch': 499, 'time_epoch': 0.06951, 'loss': 0.17934557, 'lr': 0, 'params': 202600, 'time_iter': 0.01738, 'accuracy': 0.96847, 'f1': 0.96844, 'auc': 0.96151}
test: {'epoch': 499, 'time_epoch': 0.069, 'loss': 0.17403751, 'lr': 0, 'params': 202600, 'time_iter': 0.01725, 'accuracy': 0.97012, 'f1': 0.9701, 'auc': 0.96255}
> Epoch 499: took 1.7s (avg 1.5s) | Best so far: epoch 406	train_loss: 0.1548 train_accuracy: 0.9767	val_loss: 0.1785 val_accuracy: 0.9686	test_loss: 0.1728 test_accuracy: 0.9699
train: {'epoch': 500, 'time_epoch': 1.1607, 'eta': 554.09842, 'eta_hours': 0.15392, 'loss': 0.15158659, 'lr': 0.00052636, 'params': 202600, 'time_iter': 0.02902, 'accuracy': 0.97716, 'f1': 0.97715, 'auc': 0.96541}
val: {'epoch': 500, 'time_epoch': 0.06951, 'loss': 0.18075443, 'lr': 0, 'params': 202600, 'time_iter': 0.01738, 'accuracy': 0.96485, 'f1': 0.96483, 'auc': 0.96204}
test: {'epoch': 500, 'time_epoch': 0.06752, 'loss': 0.17551731, 'lr': 0, 'params': 202600, 'time_iter': 0.01688, 'accuracy': 0.96695, 'f1': 0.96693, 'auc': 0.9631}
> Epoch 500: took 1.5s (avg 1.5s) | Best so far: epoch 406	train_loss: 0.1548 train_accuracy: 0.9767	val_loss: 0.1785 val_accuracy: 0.9686	test_loss: 0.1728 test_accuracy: 0.9699
train: {'epoch': 501, 'time_epoch': 1.10637, 'eta': 552.984, 'eta_hours': 0.15361, 'loss': 0.15193975, 'lr': 0.00052531, 'params': 202600, 'time_iter': 0.02766, 'accuracy': 0.97699, 'f1': 0.97697, 'auc': 0.96525}
val: {'epoch': 501, 'time_epoch': 0.07151, 'loss': 0.1792839, 'lr': 0, 'params': 202600, 'time_iter': 0.01788, 'accuracy': 0.96781, 'f1': 0.96778, 'auc': 0.96205}
test: {'epoch': 501, 'time_epoch': 0.07052, 'loss': 0.173756, 'lr': 0, 'params': 202600, 'time_iter': 0.01763, 'accuracy': 0.97002, 'f1': 0.97, 'auc': 0.9632}
> Epoch 501: took 1.5s (avg 1.5s) | Best so far: epoch 406	train_loss: 0.1548 train_accuracy: 0.9767	val_loss: 0.1785 val_accuracy: 0.9686	test_loss: 0.1728 test_accuracy: 0.9699
train: {'epoch': 502, 'time_epoch': 1.12429, 'eta': 551.8873, 'eta_hours': 0.1533, 'loss': 0.15215532, 'lr': 0.00052426, 'params': 202600, 'time_iter': 0.02811, 'accuracy': 0.97706, 'f1': 0.97705, 'auc': 0.96524}
val: {'epoch': 502, 'time_epoch': 0.07151, 'loss': 0.18075207, 'lr': 0, 'params': 202600, 'time_iter': 0.01788, 'accuracy': 0.96215, 'f1': 0.96213, 'auc': 0.96286}
test: {'epoch': 502, 'time_epoch': 0.07051, 'loss': 0.17496722, 'lr': 0, 'params': 202600, 'time_iter': 0.01763, 'accuracy': 0.96542, 'f1': 0.9654, 'auc': 0.96402}
> Epoch 502: took 1.5s (avg 1.5s) | Best so far: epoch 406	train_loss: 0.1548 train_accuracy: 0.9767	val_loss: 0.1785 val_accuracy: 0.9686	test_loss: 0.1728 test_accuracy: 0.9699
train: {'epoch': 503, 'time_epoch': 1.1233, 'eta': 550.78952, 'eta_hours': 0.153, 'loss': 0.15161522, 'lr': 0.00052321, 'params': 202600, 'time_iter': 0.02808, 'accuracy': 0.97702, 'f1': 0.977, 'auc': 0.96563}
val: {'epoch': 503, 'time_epoch': 0.06851, 'loss': 0.18031439, 'lr': 0, 'params': 202600, 'time_iter': 0.01713, 'accuracy': 0.96724, 'f1': 0.96721, 'auc': 0.96153}
test: {'epoch': 503, 'time_epoch': 0.06952, 'loss': 0.17482283, 'lr': 0, 'params': 202600, 'time_iter': 0.01738, 'accuracy': 0.96977, 'f1': 0.96975, 'auc': 0.96288}
> Epoch 503: took 1.5s (avg 1.5s) | Best so far: epoch 406	train_loss: 0.1548 train_accuracy: 0.9767	val_loss: 0.1785 val_accuracy: 0.9686	test_loss: 0.1728 test_accuracy: 0.9699
train: {'epoch': 504, 'time_epoch': 1.09321, 'eta': 549.66215, 'eta_hours': 0.15268, 'loss': 0.15157563, 'lr': 0.00052215, 'params': 202600, 'time_iter': 0.02733, 'accuracy': 0.97708, 'f1': 0.97706, 'auc': 0.96542}
val: {'epoch': 504, 'time_epoch': 0.08054, 'loss': 0.18084011, 'lr': 0, 'params': 202600, 'time_iter': 0.02014, 'accuracy': 0.96709, 'f1': 0.96706, 'auc': 0.96279}
test: {'epoch': 504, 'time_epoch': 0.08, 'loss': 0.17507039, 'lr': 0, 'params': 202600, 'time_iter': 0.02, 'accuracy': 0.96949, 'f1': 0.96947, 'auc': 0.96386}
> Epoch 504: took 1.5s (avg 1.5s) | Best so far: epoch 406	train_loss: 0.1548 train_accuracy: 0.9767	val_loss: 0.1785 val_accuracy: 0.9686	test_loss: 0.1728 test_accuracy: 0.9699
train: {'epoch': 505, 'time_epoch': 1.14436, 'eta': 548.58484, 'eta_hours': 0.15238, 'loss': 0.15142861, 'lr': 0.0005211, 'params': 202600, 'time_iter': 0.02861, 'accuracy': 0.97696, 'f1': 0.97695, 'auc': 0.96558}
val: {'epoch': 505, 'time_epoch': 0.0713, 'loss': 0.17982549, 'lr': 0, 'params': 202600, 'time_iter': 0.01782, 'accuracy': 0.96448, 'f1': 0.96446, 'auc': 0.96243}
test: {'epoch': 505, 'time_epoch': 0.06951, 'loss': 0.17492569, 'lr': 0, 'params': 202600, 'time_iter': 0.01738, 'accuracy': 0.9669, 'f1': 0.96689, 'auc': 0.9635}
> Epoch 505: took 1.5s (avg 1.5s) | Best so far: epoch 406	train_loss: 0.1548 train_accuracy: 0.9767	val_loss: 0.1785 val_accuracy: 0.9686	test_loss: 0.1728 test_accuracy: 0.9699
train: {'epoch': 506, 'time_epoch': 1.12579, 'eta': 547.48922, 'eta_hours': 0.15208, 'loss': 0.15162217, 'lr': 0.00052005, 'params': 202600, 'time_iter': 0.02814, 'accuracy': 0.97702, 'f1': 0.97701, 'auc': 0.96538}
val: {'epoch': 506, 'time_epoch': 0.07051, 'loss': 0.18119773, 'lr': 0, 'params': 202600, 'time_iter': 0.01763, 'accuracy': 0.96508, 'f1': 0.96507, 'auc': 0.96365}
test: {'epoch': 506, 'time_epoch': 0.06951, 'loss': 0.17597642, 'lr': 0, 'params': 202600, 'time_iter': 0.01738, 'accuracy': 0.96748, 'f1': 0.96746, 'auc': 0.96461}
> Epoch 506: took 1.5s (avg 1.5s) | Best so far: epoch 406	train_loss: 0.1548 train_accuracy: 0.9767	val_loss: 0.1785 val_accuracy: 0.9686	test_loss: 0.1728 test_accuracy: 0.9699
train: {'epoch': 507, 'time_epoch': 1.13408, 'eta': 546.40151, 'eta_hours': 0.15178, 'loss': 0.1515863, 'lr': 0.000519, 'params': 202600, 'time_iter': 0.02835, 'accuracy': 0.97697, 'f1': 0.97696, 'auc': 0.96577}
val: {'epoch': 507, 'time_epoch': 0.06902, 'loss': 0.18165154, 'lr': 0, 'params': 202600, 'time_iter': 0.01726, 'accuracy': 0.9666, 'f1': 0.96658, 'auc': 0.96232}
test: {'epoch': 507, 'time_epoch': 0.06951, 'loss': 0.1754188, 'lr': 0, 'params': 202600, 'time_iter': 0.01738, 'accuracy': 0.96809, 'f1': 0.96807, 'auc': 0.96383}
> Epoch 507: took 1.5s (avg 1.5s) | Best so far: epoch 406	train_loss: 0.1548 train_accuracy: 0.9767	val_loss: 0.1785 val_accuracy: 0.9686	test_loss: 0.1728 test_accuracy: 0.9699
train: {'epoch': 508, 'time_epoch': 1.11449, 'eta': 545.29472, 'eta_hours': 0.15147, 'loss': 0.15188738, 'lr': 0.00051794, 'params': 202600, 'time_iter': 0.02786, 'accuracy': 0.97707, 'f1': 0.97705, 'auc': 0.96533}
val: {'epoch': 508, 'time_epoch': 0.07051, 'loss': 0.18132997, 'lr': 0, 'params': 202600, 'time_iter': 0.01763, 'accuracy': 0.96715, 'f1': 0.96712, 'auc': 0.96184}
test: {'epoch': 508, 'time_epoch': 0.06802, 'loss': 0.17501059, 'lr': 0, 'params': 202600, 'time_iter': 0.017, 'accuracy': 0.96958, 'f1': 0.96956, 'auc': 0.96316}
> Epoch 508: took 1.5s (avg 1.5s) | Best so far: epoch 406	train_loss: 0.1548 train_accuracy: 0.9767	val_loss: 0.1785 val_accuracy: 0.9686	test_loss: 0.1728 test_accuracy: 0.9699
train: {'epoch': 509, 'time_epoch': 1.13801, 'eta': 544.2105, 'eta_hours': 0.15117, 'loss': 0.15165699, 'lr': 0.00051689, 'params': 202600, 'time_iter': 0.02845, 'accuracy': 0.97696, 'f1': 0.97694, 'auc': 0.96569}
val: {'epoch': 509, 'time_epoch': 0.18602, 'loss': 0.18056366, 'lr': 0, 'params': 202600, 'time_iter': 0.0465, 'accuracy': 0.96211, 'f1': 0.96209, 'auc': 0.96303}
test: {'epoch': 509, 'time_epoch': 0.06851, 'loss': 0.17527176, 'lr': 0, 'params': 202600, 'time_iter': 0.01713, 'accuracy': 0.96484, 'f1': 0.96483, 'auc': 0.96421}
> Epoch 509: took 1.6s (avg 1.5s) | Best so far: epoch 406	train_loss: 0.1548 train_accuracy: 0.9767	val_loss: 0.1785 val_accuracy: 0.9686	test_loss: 0.1728 test_accuracy: 0.9699
train: {'epoch': 510, 'time_epoch': 1.13861, 'eta': 543.12664, 'eta_hours': 0.15087, 'loss': 0.15145786, 'lr': 0.00051584, 'params': 202600, 'time_iter': 0.02847, 'accuracy': 0.97711, 'f1': 0.9771, 'auc': 0.96578}
val: {'epoch': 510, 'time_epoch': 0.0715, 'loss': 0.18098234, 'lr': 0, 'params': 202600, 'time_iter': 0.01788, 'accuracy': 0.96671, 'f1': 0.96669, 'auc': 0.96196}
test: {'epoch': 510, 'time_epoch': 0.06901, 'loss': 0.17549379, 'lr': 0, 'params': 202600, 'time_iter': 0.01725, 'accuracy': 0.9686, 'f1': 0.96858, 'auc': 0.96337}
> Epoch 510: took 1.5s (avg 1.5s) | Best so far: epoch 406	train_loss: 0.1548 train_accuracy: 0.9767	val_loss: 0.1785 val_accuracy: 0.9686	test_loss: 0.1728 test_accuracy: 0.9699
train: {'epoch': 511, 'time_epoch': 1.09685, 'eta': 542.00276, 'eta_hours': 0.15056, 'loss': 0.15142646, 'lr': 0.00051479, 'params': 202600, 'time_iter': 0.02742, 'accuracy': 0.97707, 'f1': 0.97706, 'auc': 0.96559}
val: {'epoch': 511, 'time_epoch': 0.07001, 'loss': 0.18049141, 'lr': 0, 'params': 202600, 'time_iter': 0.0175, 'accuracy': 0.96639, 'f1': 0.96637, 'auc': 0.96265}
test: {'epoch': 511, 'time_epoch': 0.06951, 'loss': 0.17494103, 'lr': 0, 'params': 202600, 'time_iter': 0.01738, 'accuracy': 0.96884, 'f1': 0.96881, 'auc': 0.96372}
> Epoch 511: took 1.5s (avg 1.5s) | Best so far: epoch 406	train_loss: 0.1548 train_accuracy: 0.9767	val_loss: 0.1785 val_accuracy: 0.9686	test_loss: 0.1728 test_accuracy: 0.9699
train: {'epoch': 512, 'time_epoch': 1.10361, 'eta': 540.88541, 'eta_hours': 0.15025, 'loss': 0.15112384, 'lr': 0.00051373, 'params': 202600, 'time_iter': 0.02759, 'accuracy': 0.97705, 'f1': 0.97704, 'auc': 0.96565}
val: {'epoch': 512, 'time_epoch': 0.06951, 'loss': 0.18209697, 'lr': 0, 'params': 202600, 'time_iter': 0.01738, 'accuracy': 0.96376, 'f1': 0.96374, 'auc': 0.9624}
test: {'epoch': 512, 'time_epoch': 0.06851, 'loss': 0.17738222, 'lr': 0, 'params': 202600, 'time_iter': 0.01713, 'accuracy': 0.96546, 'f1': 0.96544, 'auc': 0.96337}
> Epoch 512: took 1.5s (avg 1.5s) | Best so far: epoch 406	train_loss: 0.1548 train_accuracy: 0.9767	val_loss: 0.1785 val_accuracy: 0.9686	test_loss: 0.1728 test_accuracy: 0.9699
train: {'epoch': 513, 'time_epoch': 1.10635, 'eta': 539.77069, 'eta_hours': 0.14994, 'loss': 0.15170687, 'lr': 0.00051268, 'params': 202600, 'time_iter': 0.02766, 'accuracy': 0.97699, 'f1': 0.97698, 'auc': 0.96576}
val: {'epoch': 513, 'time_epoch': 0.0697, 'loss': 0.17996944, 'lr': 0, 'params': 202600, 'time_iter': 0.01743, 'accuracy': 0.96547, 'f1': 0.96544, 'auc': 0.96285}
test: {'epoch': 513, 'time_epoch': 0.069, 'loss': 0.17516298, 'lr': 0, 'params': 202600, 'time_iter': 0.01725, 'accuracy': 0.96753, 'f1': 0.96751, 'auc': 0.96384}
> Epoch 513: took 1.5s (avg 1.5s) | Best so far: epoch 406	train_loss: 0.1548 train_accuracy: 0.9767	val_loss: 0.1785 val_accuracy: 0.9686	test_loss: 0.1728 test_accuracy: 0.9699
train: {'epoch': 514, 'time_epoch': 1.14398, 'eta': 538.69145, 'eta_hours': 0.14964, 'loss': 0.15107714, 'lr': 0.00051163, 'params': 202600, 'time_iter': 0.0286, 'accuracy': 0.9771, 'f1': 0.97709, 'auc': 0.96571}
val: {'epoch': 514, 'time_epoch': 0.07051, 'loss': 0.18063077, 'lr': 0, 'params': 202600, 'time_iter': 0.01763, 'accuracy': 0.96732, 'f1': 0.96729, 'auc': 0.9621}
test: {'epoch': 514, 'time_epoch': 0.07002, 'loss': 0.17566612, 'lr': 0, 'params': 202600, 'time_iter': 0.0175, 'accuracy': 0.9691, 'f1': 0.96907, 'auc': 0.96329}
> Epoch 514: took 1.5s (avg 1.5s) | Best so far: epoch 406	train_loss: 0.1548 train_accuracy: 0.9767	val_loss: 0.1785 val_accuracy: 0.9686	test_loss: 0.1728 test_accuracy: 0.9699
train: {'epoch': 515, 'time_epoch': 1.08875, 'eta': 537.56015, 'eta_hours': 0.14932, 'loss': 0.15127267, 'lr': 0.00051058, 'params': 202600, 'time_iter': 0.02722, 'accuracy': 0.97707, 'f1': 0.97705, 'auc': 0.96569}
val: {'epoch': 515, 'time_epoch': 0.06874, 'loss': 0.18071585, 'lr': 0, 'params': 202600, 'time_iter': 0.01718, 'accuracy': 0.95978, 'f1': 0.95977, 'auc': 0.96388}
test: {'epoch': 515, 'time_epoch': 0.0685, 'loss': 0.17526166, 'lr': 0, 'params': 202600, 'time_iter': 0.01713, 'accuracy': 0.96246, 'f1': 0.96245, 'auc': 0.96513}
> Epoch 515: took 1.5s (avg 1.5s) | Best so far: epoch 406	train_loss: 0.1548 train_accuracy: 0.9767	val_loss: 0.1785 val_accuracy: 0.9686	test_loss: 0.1728 test_accuracy: 0.9699
train: {'epoch': 516, 'time_epoch': 1.10194, 'eta': 536.44134, 'eta_hours': 0.14901, 'loss': 0.15130717, 'lr': 0.00050952, 'params': 202600, 'time_iter': 0.02755, 'accuracy': 0.97703, 'f1': 0.97702, 'auc': 0.96597}
val: {'epoch': 516, 'time_epoch': 0.07351, 'loss': 0.18114129, 'lr': 0, 'params': 202600, 'time_iter': 0.01838, 'accuracy': 0.96845, 'f1': 0.96842, 'auc': 0.96255}
test: {'epoch': 516, 'time_epoch': 0.06951, 'loss': 0.17653704, 'lr': 0, 'params': 202600, 'time_iter': 0.01738, 'accuracy': 0.97006, 'f1': 0.97004, 'auc': 0.96348}
> Epoch 516: took 1.5s (avg 1.5s) | Best so far: epoch 406	train_loss: 0.1548 train_accuracy: 0.9767	val_loss: 0.1785 val_accuracy: 0.9686	test_loss: 0.1728 test_accuracy: 0.9699
train: {'epoch': 517, 'time_epoch': 1.09381, 'eta': 535.31503, 'eta_hours': 0.1487, 'loss': 0.15081417, 'lr': 0.00050847, 'params': 202600, 'time_iter': 0.02735, 'accuracy': 0.9771, 'f1': 0.97709, 'auc': 0.96584}
val: {'epoch': 517, 'time_epoch': 0.07151, 'loss': 0.17990763, 'lr': 0, 'params': 202600, 'time_iter': 0.01788, 'accuracy': 0.96315, 'f1': 0.96314, 'auc': 0.96304}
test: {'epoch': 517, 'time_epoch': 0.07151, 'loss': 0.17469398, 'lr': 0, 'params': 202600, 'time_iter': 0.01788, 'accuracy': 0.96541, 'f1': 0.96539, 'auc': 0.96437}
> Epoch 517: took 1.5s (avg 1.5s) | Best so far: epoch 406	train_loss: 0.1548 train_accuracy: 0.9767	val_loss: 0.1785 val_accuracy: 0.9686	test_loss: 0.1728 test_accuracy: 0.9699
train: {'epoch': 518, 'time_epoch': 1.07433, 'eta': 534.17079, 'eta_hours': 0.14838, 'loss': 0.15215551, 'lr': 0.00050742, 'params': 202600, 'time_iter': 0.02686, 'accuracy': 0.97689, 'f1': 0.97688, 'auc': 0.96582}
val: {'epoch': 518, 'time_epoch': 0.071, 'loss': 0.18070398, 'lr': 0, 'params': 202600, 'time_iter': 0.01775, 'accuracy': 0.96788, 'f1': 0.96786, 'auc': 0.96191}
test: {'epoch': 518, 'time_epoch': 0.069, 'loss': 0.17513499, 'lr': 0, 'params': 202600, 'time_iter': 0.01725, 'accuracy': 0.97023, 'f1': 0.97021, 'auc': 0.96322}
> Epoch 518: took 1.4s (avg 1.5s) | Best so far: epoch 406	train_loss: 0.1548 train_accuracy: 0.9767	val_loss: 0.1785 val_accuracy: 0.9686	test_loss: 0.1728 test_accuracy: 0.9699
train: {'epoch': 519, 'time_epoch': 1.0639, 'eta': 533.0172, 'eta_hours': 0.14806, 'loss': 0.15146596, 'lr': 0.00050637, 'params': 202600, 'time_iter': 0.0266, 'accuracy': 0.97703, 'f1': 0.97702, 'auc': 0.96565}
val: {'epoch': 519, 'time_epoch': 0.07151, 'loss': 0.18063136, 'lr': 0, 'params': 202600, 'time_iter': 0.01788, 'accuracy': 0.96773, 'f1': 0.9677, 'auc': 0.96162}
test: {'epoch': 519, 'time_epoch': 0.06851, 'loss': 0.17557972, 'lr': 0, 'params': 202600, 'time_iter': 0.01713, 'accuracy': 0.96972, 'f1': 0.9697, 'auc': 0.96268}
> Epoch 519: took 1.4s (avg 1.5s) | Best so far: epoch 406	train_loss: 0.1548 train_accuracy: 0.9767	val_loss: 0.1785 val_accuracy: 0.9686	test_loss: 0.1728 test_accuracy: 0.9699
train: {'epoch': 520, 'time_epoch': 1.22013, 'eta': 532.00759, 'eta_hours': 0.14778, 'loss': 0.15105965, 'lr': 0.00050531, 'params': 202600, 'time_iter': 0.0305, 'accuracy': 0.97716, 'f1': 0.97715, 'auc': 0.96571}
val: {'epoch': 520, 'time_epoch': 0.07051, 'loss': 0.18010569, 'lr': 0, 'params': 202600, 'time_iter': 0.01763, 'accuracy': 0.96455, 'f1': 0.96453, 'auc': 0.96203}
test: {'epoch': 520, 'time_epoch': 0.06851, 'loss': 0.17476092, 'lr': 0, 'params': 202600, 'time_iter': 0.01713, 'accuracy': 0.96689, 'f1': 0.96688, 'auc': 0.96334}
> Epoch 520: took 1.6s (avg 1.5s) | Best so far: epoch 406	train_loss: 0.1548 train_accuracy: 0.9767	val_loss: 0.1785 val_accuracy: 0.9686	test_loss: 0.1728 test_accuracy: 0.9699
train: {'epoch': 521, 'time_epoch': 1.14463, 'eta': 530.92802, 'eta_hours': 0.14748, 'loss': 0.15151423, 'lr': 0.00050426, 'params': 202600, 'time_iter': 0.02862, 'accuracy': 0.97686, 'f1': 0.97685, 'auc': 0.96567}
val: {'epoch': 521, 'time_epoch': 0.06951, 'loss': 0.1804377, 'lr': 0, 'params': 202600, 'time_iter': 0.01738, 'accuracy': 0.9638, 'f1': 0.96378, 'auc': 0.96226}
test: {'epoch': 521, 'time_epoch': 0.06951, 'loss': 0.17508279, 'lr': 0, 'params': 202600, 'time_iter': 0.01738, 'accuracy': 0.96679, 'f1': 0.96678, 'auc': 0.96333}
> Epoch 521: took 1.5s (avg 1.5s) | Best so far: epoch 406	train_loss: 0.1548 train_accuracy: 0.9767	val_loss: 0.1785 val_accuracy: 0.9686	test_loss: 0.1728 test_accuracy: 0.9699
train: {'epoch': 522, 'time_epoch': 1.06761, 'eta': 529.77797, 'eta_hours': 0.14716, 'loss': 0.15119708, 'lr': 0.00050321, 'params': 202600, 'time_iter': 0.02669, 'accuracy': 0.97701, 'f1': 0.977, 'auc': 0.96567}
val: {'epoch': 522, 'time_epoch': 0.07, 'loss': 0.18066836, 'lr': 0, 'params': 202600, 'time_iter': 0.0175, 'accuracy': 0.9635, 'f1': 0.96348, 'auc': 0.9626}
test: {'epoch': 522, 'time_epoch': 0.06901, 'loss': 0.17564083, 'lr': 0, 'params': 202600, 'time_iter': 0.01725, 'accuracy': 0.96493, 'f1': 0.96492, 'auc': 0.9637}
> Epoch 522: took 1.4s (avg 1.5s) | Best so far: epoch 406	train_loss: 0.1548 train_accuracy: 0.9767	val_loss: 0.1785 val_accuracy: 0.9686	test_loss: 0.1728 test_accuracy: 0.9699
train: {'epoch': 523, 'time_epoch': 1.08187, 'eta': 528.64118, 'eta_hours': 0.14684, 'loss': 0.15077915, 'lr': 0.00050216, 'params': 202600, 'time_iter': 0.02705, 'accuracy': 0.97712, 'f1': 0.97711, 'auc': 0.96585}
val: {'epoch': 523, 'time_epoch': 0.06851, 'loss': 0.18200937, 'lr': 0, 'params': 202600, 'time_iter': 0.01713, 'accuracy': 0.96613, 'f1': 0.96611, 'auc': 0.963}
test: {'epoch': 523, 'time_epoch': 0.06951, 'loss': 0.17563165, 'lr': 0, 'params': 202600, 'time_iter': 0.01738, 'accuracy': 0.96871, 'f1': 0.96869, 'auc': 0.96449}
> Epoch 523: took 1.5s (avg 1.5s) | Best so far: epoch 406	train_loss: 0.1548 train_accuracy: 0.9767	val_loss: 0.1785 val_accuracy: 0.9686	test_loss: 0.1728 test_accuracy: 0.9699
train: {'epoch': 524, 'time_epoch': 1.10081, 'eta': 527.52174, 'eta_hours': 0.14653, 'loss': 0.15083462, 'lr': 0.0005011, 'params': 202600, 'time_iter': 0.02752, 'accuracy': 0.97712, 'f1': 0.97711, 'auc': 0.96601}
val: {'epoch': 524, 'time_epoch': 0.08821, 'loss': 0.18215802, 'lr': 0, 'params': 202600, 'time_iter': 0.02205, 'accuracy': 0.96581, 'f1': 0.96578, 'auc': 0.96333}
test: {'epoch': 524, 'time_epoch': 0.07151, 'loss': 0.17675903, 'lr': 0, 'params': 202600, 'time_iter': 0.01788, 'accuracy': 0.96784, 'f1': 0.96782, 'auc': 0.96426}
> Epoch 524: took 1.5s (avg 1.5s) | Best so far: epoch 406	train_loss: 0.1548 train_accuracy: 0.9767	val_loss: 0.1785 val_accuracy: 0.9686	test_loss: 0.1728 test_accuracy: 0.9699
train: {'epoch': 525, 'time_epoch': 1.10911, 'eta': 526.40985, 'eta_hours': 0.14622, 'loss': 0.15056638, 'lr': 0.00050005, 'params': 202600, 'time_iter': 0.02773, 'accuracy': 0.97702, 'f1': 0.977, 'auc': 0.96614}
val: {'epoch': 525, 'time_epoch': 0.07051, 'loss': 0.18235819, 'lr': 0, 'params': 202600, 'time_iter': 0.01763, 'accuracy': 0.96779, 'f1': 0.96776, 'auc': 0.96261}
test: {'epoch': 525, 'time_epoch': 0.06951, 'loss': 0.17784039, 'lr': 0, 'params': 202600, 'time_iter': 0.01738, 'accuracy': 0.96915, 'f1': 0.96912, 'auc': 0.96346}
> Epoch 525: took 1.5s (avg 1.5s) | Best so far: epoch 406	train_loss: 0.1548 train_accuracy: 0.9767	val_loss: 0.1785 val_accuracy: 0.9686	test_loss: 0.1728 test_accuracy: 0.9699
train: {'epoch': 526, 'time_epoch': 1.11083, 'eta': 525.29951, 'eta_hours': 0.14592, 'loss': 0.15097677, 'lr': 0.000499, 'params': 202600, 'time_iter': 0.02777, 'accuracy': 0.97706, 'f1': 0.97705, 'auc': 0.96613}
val: {'epoch': 526, 'time_epoch': 0.07, 'loss': 0.17941477, 'lr': 0, 'params': 202600, 'time_iter': 0.0175, 'accuracy': 0.96705, 'f1': 0.96702, 'auc': 0.96162}
test: {'epoch': 526, 'time_epoch': 0.069, 'loss': 0.17439839, 'lr': 0, 'params': 202600, 'time_iter': 0.01725, 'accuracy': 0.9692, 'f1': 0.96918, 'auc': 0.9628}
> Epoch 526: took 1.5s (avg 1.5s) | Best so far: epoch 406	train_loss: 0.1548 train_accuracy: 0.9767	val_loss: 0.1785 val_accuracy: 0.9686	test_loss: 0.1728 test_accuracy: 0.9699
train: {'epoch': 527, 'time_epoch': 1.10679, 'eta': 524.18556, 'eta_hours': 0.14561, 'loss': 0.15076823, 'lr': 0.00049794, 'params': 202600, 'time_iter': 0.02767, 'accuracy': 0.97704, 'f1': 0.97703, 'auc': 0.96601}
val: {'epoch': 527, 'time_epoch': 0.06951, 'loss': 0.17952269, 'lr': 0, 'params': 202600, 'time_iter': 0.01738, 'accuracy': 0.96626, 'f1': 0.96624, 'auc': 0.96123}
test: {'epoch': 527, 'time_epoch': 0.06951, 'loss': 0.17461104, 'lr': 0, 'params': 202600, 'time_iter': 0.01738, 'accuracy': 0.96836, 'f1': 0.96834, 'auc': 0.96237}
> Epoch 527: took 1.5s (avg 1.5s) | Best so far: epoch 406	train_loss: 0.1548 train_accuracy: 0.9767	val_loss: 0.1785 val_accuracy: 0.9686	test_loss: 0.1728 test_accuracy: 0.9699
train: {'epoch': 528, 'time_epoch': 1.12817, 'eta': 523.09067, 'eta_hours': 0.1453, 'loss': 0.1510502, 'lr': 0.00049689, 'params': 202600, 'time_iter': 0.0282, 'accuracy': 0.97695, 'f1': 0.97694, 'auc': 0.96575}
val: {'epoch': 528, 'time_epoch': 0.07051, 'loss': 0.18116221, 'lr': 0, 'params': 202600, 'time_iter': 0.01763, 'accuracy': 0.96109, 'f1': 0.96108, 'auc': 0.9641}
test: {'epoch': 528, 'time_epoch': 0.06951, 'loss': 0.17672358, 'lr': 0, 'params': 202600, 'time_iter': 0.01738, 'accuracy': 0.9629, 'f1': 0.96289, 'auc': 0.96511}
> Epoch 528: took 1.5s (avg 1.5s) | Best so far: epoch 406	train_loss: 0.1548 train_accuracy: 0.9767	val_loss: 0.1785 val_accuracy: 0.9686	test_loss: 0.1728 test_accuracy: 0.9699
train: {'epoch': 529, 'time_epoch': 1.09859, 'eta': 521.96943, 'eta_hours': 0.14499, 'loss': 0.15071883, 'lr': 0.00049584, 'params': 202600, 'time_iter': 0.02746, 'accuracy': 0.97712, 'f1': 0.97711, 'auc': 0.96616}
val: {'epoch': 529, 'time_epoch': 0.07051, 'loss': 0.18301839, 'lr': 0, 'params': 202600, 'time_iter': 0.01763, 'accuracy': 0.96758, 'f1': 0.96755, 'auc': 0.96293}
test: {'epoch': 529, 'time_epoch': 0.07051, 'loss': 0.1780266, 'lr': 0, 'params': 202600, 'time_iter': 0.01763, 'accuracy': 0.96957, 'f1': 0.96955, 'auc': 0.96387}
> Epoch 529: took 1.5s (avg 1.5s) | Best so far: epoch 406	train_loss: 0.1548 train_accuracy: 0.9767	val_loss: 0.1785 val_accuracy: 0.9686	test_loss: 0.1728 test_accuracy: 0.9699
train: {'epoch': 530, 'time_epoch': 1.09077, 'eta': 520.84137, 'eta_hours': 0.14468, 'loss': 0.15044526, 'lr': 0.00049479, 'params': 202600, 'time_iter': 0.02727, 'accuracy': 0.97712, 'f1': 0.9771, 'auc': 0.96612}
val: {'epoch': 530, 'time_epoch': 0.06951, 'loss': 0.18115594, 'lr': 0, 'params': 202600, 'time_iter': 0.01738, 'accuracy': 0.9673, 'f1': 0.96727, 'auc': 0.96208}
test: {'epoch': 530, 'time_epoch': 0.071, 'loss': 0.17604615, 'lr': 0, 'params': 202600, 'time_iter': 0.01775, 'accuracy': 0.96901, 'f1': 0.96898, 'auc': 0.96304}
> Epoch 530: took 1.5s (avg 1.5s) | Best so far: epoch 406	train_loss: 0.1548 train_accuracy: 0.9767	val_loss: 0.1785 val_accuracy: 0.9686	test_loss: 0.1728 test_accuracy: 0.9699
train: {'epoch': 531, 'time_epoch': 1.11683, 'eta': 519.73637, 'eta_hours': 0.14437, 'loss': 0.15052253, 'lr': 0.00049373, 'params': 202600, 'time_iter': 0.02792, 'accuracy': 0.97701, 'f1': 0.977, 'auc': 0.966}
val: {'epoch': 531, 'time_epoch': 0.06951, 'loss': 0.18154288, 'lr': 0, 'params': 202600, 'time_iter': 0.01738, 'accuracy': 0.96491, 'f1': 0.96489, 'auc': 0.9636}
test: {'epoch': 531, 'time_epoch': 0.073, 'loss': 0.176004, 'lr': 0, 'params': 202600, 'time_iter': 0.01825, 'accuracy': 0.96787, 'f1': 0.96785, 'auc': 0.96472}
> Epoch 531: took 1.5s (avg 1.5s) | Best so far: epoch 406	train_loss: 0.1548 train_accuracy: 0.9767	val_loss: 0.1785 val_accuracy: 0.9686	test_loss: 0.1728 test_accuracy: 0.9699
train: {'epoch': 532, 'time_epoch': 1.13417, 'eta': 518.64652, 'eta_hours': 0.14407, 'loss': 0.15063317, 'lr': 0.00049268, 'params': 202600, 'time_iter': 0.02835, 'accuracy': 0.97703, 'f1': 0.97702, 'auc': 0.96622}
val: {'epoch': 532, 'time_epoch': 0.07001, 'loss': 0.1819296, 'lr': 0, 'params': 202600, 'time_iter': 0.0175, 'accuracy': 0.96673, 'f1': 0.9667, 'auc': 0.96311}
test: {'epoch': 532, 'time_epoch': 0.06851, 'loss': 0.17630885, 'lr': 0, 'params': 202600, 'time_iter': 0.01713, 'accuracy': 0.96909, 'f1': 0.96906, 'auc': 0.96451}
> Epoch 532: took 1.5s (avg 1.5s) | Best so far: epoch 406	train_loss: 0.1548 train_accuracy: 0.9767	val_loss: 0.1785 val_accuracy: 0.9686	test_loss: 0.1728 test_accuracy: 0.9699
train: {'epoch': 533, 'time_epoch': 1.10535, 'eta': 517.53135, 'eta_hours': 0.14376, 'loss': 0.15021421, 'lr': 0.00049163, 'params': 202600, 'time_iter': 0.02763, 'accuracy': 0.97703, 'f1': 0.97702, 'auc': 0.96635}
val: {'epoch': 533, 'time_epoch': 0.07101, 'loss': 0.18105782, 'lr': 0, 'params': 202600, 'time_iter': 0.01775, 'accuracy': 0.96732, 'f1': 0.96729, 'auc': 0.96187}
test: {'epoch': 533, 'time_epoch': 0.068, 'loss': 0.17564378, 'lr': 0, 'params': 202600, 'time_iter': 0.017, 'accuracy': 0.96934, 'f1': 0.96932, 'auc': 0.96304}
> Epoch 533: took 1.5s (avg 1.5s) | Best so far: epoch 406	train_loss: 0.1548 train_accuracy: 0.9767	val_loss: 0.1785 val_accuracy: 0.9686	test_loss: 0.1728 test_accuracy: 0.9699
train: {'epoch': 534, 'time_epoch': 1.09775, 'eta': 516.40962, 'eta_hours': 0.14345, 'loss': 0.15034868, 'lr': 0.00049058, 'params': 202600, 'time_iter': 0.02744, 'accuracy': 0.97699, 'f1': 0.97698, 'auc': 0.9662}
val: {'epoch': 534, 'time_epoch': 0.0705, 'loss': 0.18056543, 'lr': 0, 'params': 202600, 'time_iter': 0.01763, 'accuracy': 0.96418, 'f1': 0.96416, 'auc': 0.96311}
test: {'epoch': 534, 'time_epoch': 0.06851, 'loss': 0.17568333, 'lr': 0, 'params': 202600, 'time_iter': 0.01713, 'accuracy': 0.96655, 'f1': 0.96654, 'auc': 0.96443}
> Epoch 534: took 1.5s (avg 1.5s) | Best so far: epoch 406	train_loss: 0.1548 train_accuracy: 0.9767	val_loss: 0.1785 val_accuracy: 0.9686	test_loss: 0.1728 test_accuracy: 0.9699
train: {'epoch': 535, 'time_epoch': 1.14038, 'eta': 515.32488, 'eta_hours': 0.14315, 'loss': 0.15053607, 'lr': 0.00048952, 'params': 202600, 'time_iter': 0.02851, 'accuracy': 0.97697, 'f1': 0.97696, 'auc': 0.96626}
val: {'epoch': 535, 'time_epoch': 0.071, 'loss': 0.18045203, 'lr': 0, 'params': 202600, 'time_iter': 0.01775, 'accuracy': 0.96548, 'f1': 0.96546, 'auc': 0.96237}
test: {'epoch': 535, 'time_epoch': 0.06651, 'loss': 0.17555098, 'lr': 0, 'params': 202600, 'time_iter': 0.01663, 'accuracy': 0.96796, 'f1': 0.96794, 'auc': 0.96349}
> Epoch 535: took 1.5s (avg 1.5s) | Best so far: epoch 406	train_loss: 0.1548 train_accuracy: 0.9767	val_loss: 0.1785 val_accuracy: 0.9686	test_loss: 0.1728 test_accuracy: 0.9699
train: {'epoch': 536, 'time_epoch': 1.09534, 'eta': 514.2011, 'eta_hours': 0.14283, 'loss': 0.15118738, 'lr': 0.00048847, 'params': 202600, 'time_iter': 0.02738, 'accuracy': 0.97704, 'f1': 0.97703, 'auc': 0.96596}
val: {'epoch': 536, 'time_epoch': 0.06951, 'loss': 0.18128341, 'lr': 0, 'params': 202600, 'time_iter': 0.01738, 'accuracy': 0.96234, 'f1': 0.96232, 'auc': 0.96376}
test: {'epoch': 536, 'time_epoch': 0.06951, 'loss': 0.17521691, 'lr': 0, 'params': 202600, 'time_iter': 0.01738, 'accuracy': 0.96492, 'f1': 0.96491, 'auc': 0.9653}
> Epoch 536: took 1.5s (avg 1.5s) | Best so far: epoch 406	train_loss: 0.1548 train_accuracy: 0.9767	val_loss: 0.1785 val_accuracy: 0.9686	test_loss: 0.1728 test_accuracy: 0.9699
train: {'epoch': 537, 'time_epoch': 1.1036, 'eta': 513.08452, 'eta_hours': 0.14252, 'loss': 0.15042957, 'lr': 0.00048742, 'params': 202600, 'time_iter': 0.02759, 'accuracy': 0.9771, 'f1': 0.97709, 'auc': 0.96646}
val: {'epoch': 537, 'time_epoch': 0.06902, 'loss': 0.18002751, 'lr': 0, 'params': 202600, 'time_iter': 0.01726, 'accuracy': 0.96813, 'f1': 0.96811, 'auc': 0.96182}
test: {'epoch': 537, 'time_epoch': 0.06751, 'loss': 0.17476804, 'lr': 0, 'params': 202600, 'time_iter': 0.01688, 'accuracy': 0.97023, 'f1': 0.97021, 'auc': 0.96307}
> Epoch 537: took 1.5s (avg 1.5s) | Best so far: epoch 406	train_loss: 0.1548 train_accuracy: 0.9767	val_loss: 0.1785 val_accuracy: 0.9686	test_loss: 0.1728 test_accuracy: 0.9699
train: {'epoch': 538, 'time_epoch': 1.10129, 'eta': 511.96601, 'eta_hours': 0.14221, 'loss': 0.150384, 'lr': 0.00048637, 'params': 202600, 'time_iter': 0.02753, 'accuracy': 0.97705, 'f1': 0.97704, 'auc': 0.966}
val: {'epoch': 538, 'time_epoch': 0.07179, 'loss': 0.18142332, 'lr': 0, 'params': 202600, 'time_iter': 0.01795, 'accuracy': 0.96514, 'f1': 0.96511, 'auc': 0.96393}
test: {'epoch': 538, 'time_epoch': 0.07, 'loss': 0.17697365, 'lr': 0, 'params': 202600, 'time_iter': 0.0175, 'accuracy': 0.96709, 'f1': 0.96707, 'auc': 0.96472}
> Epoch 538: took 1.5s (avg 1.5s) | Best so far: epoch 406	train_loss: 0.1548 train_accuracy: 0.9767	val_loss: 0.1785 val_accuracy: 0.9686	test_loss: 0.1728 test_accuracy: 0.9699
train: {'epoch': 539, 'time_epoch': 1.1362, 'eta': 510.8773, 'eta_hours': 0.14191, 'loss': 0.14985226, 'lr': 0.00048531, 'params': 202600, 'time_iter': 0.02841, 'accuracy': 0.97708, 'f1': 0.97707, 'auc': 0.96648}
val: {'epoch': 539, 'time_epoch': 0.06901, 'loss': 0.18172572, 'lr': 0, 'params': 202600, 'time_iter': 0.01725, 'accuracy': 0.96654, 'f1': 0.96652, 'auc': 0.96265}
test: {'epoch': 539, 'time_epoch': 0.07, 'loss': 0.17625514, 'lr': 0, 'params': 202600, 'time_iter': 0.0175, 'accuracy': 0.96879, 'f1': 0.96876, 'auc': 0.96392}
> Epoch 539: took 1.5s (avg 1.5s) | Best so far: epoch 406	train_loss: 0.1548 train_accuracy: 0.9767	val_loss: 0.1785 val_accuracy: 0.9686	test_loss: 0.1728 test_accuracy: 0.9699
train: {'epoch': 540, 'time_epoch': 1.21821, 'eta': 509.85799, 'eta_hours': 0.14163, 'loss': 0.14992376, 'lr': 0.00048426, 'params': 202600, 'time_iter': 0.03046, 'accuracy': 0.97713, 'f1': 0.97712, 'auc': 0.96638}
val: {'epoch': 540, 'time_epoch': 0.071, 'loss': 0.18171206, 'lr': 0, 'params': 202600, 'time_iter': 0.01775, 'accuracy': 0.96415, 'f1': 0.96413, 'auc': 0.96412}
test: {'epoch': 540, 'time_epoch': 0.06851, 'loss': 0.17655351, 'lr': 0, 'params': 202600, 'time_iter': 0.01713, 'accuracy': 0.96613, 'f1': 0.96612, 'auc': 0.9653}
> Epoch 540: took 1.6s (avg 1.5s) | Best so far: epoch 406	train_loss: 0.1548 train_accuracy: 0.9767	val_loss: 0.1785 val_accuracy: 0.9686	test_loss: 0.1728 test_accuracy: 0.9699
train: {'epoch': 541, 'time_epoch': 1.0903, 'eta': 508.72986, 'eta_hours': 0.14131, 'loss': 0.15010519, 'lr': 0.00048321, 'params': 202600, 'time_iter': 0.02726, 'accuracy': 0.97707, 'f1': 0.97706, 'auc': 0.96636}
val: {'epoch': 541, 'time_epoch': 0.06851, 'loss': 0.18207037, 'lr': 0, 'params': 202600, 'time_iter': 0.01713, 'accuracy': 0.96597, 'f1': 0.96595, 'auc': 0.96289}
test: {'epoch': 541, 'time_epoch': 0.06951, 'loss': 0.17626611, 'lr': 0, 'params': 202600, 'time_iter': 0.01738, 'accuracy': 0.96818, 'f1': 0.96816, 'auc': 0.96412}
> Epoch 541: took 1.5s (avg 1.5s) | Best so far: epoch 406	train_loss: 0.1548 train_accuracy: 0.9767	val_loss: 0.1785 val_accuracy: 0.9686	test_loss: 0.1728 test_accuracy: 0.9699
train: {'epoch': 542, 'time_epoch': 1.09143, 'eta': 507.60282, 'eta_hours': 0.141, 'loss': 0.14977399, 'lr': 0.00048216, 'params': 202600, 'time_iter': 0.02729, 'accuracy': 0.97708, 'f1': 0.97707, 'auc': 0.96649}
val: {'epoch': 542, 'time_epoch': 0.07, 'loss': 0.18264159, 'lr': 0, 'params': 202600, 'time_iter': 0.0175, 'accuracy': 0.96656, 'f1': 0.96654, 'auc': 0.96222}
test: {'epoch': 542, 'time_epoch': 0.069, 'loss': 0.17740086, 'lr': 0, 'params': 202600, 'time_iter': 0.01725, 'accuracy': 0.96901, 'f1': 0.96898, 'auc': 0.96324}
> Epoch 542: took 1.5s (avg 1.5s) | Best so far: epoch 406	train_loss: 0.1548 train_accuracy: 0.9767	val_loss: 0.1785 val_accuracy: 0.9686	test_loss: 0.1728 test_accuracy: 0.9699
train: {'epoch': 543, 'time_epoch': 1.0741, 'eta': 506.46139, 'eta_hours': 0.14068, 'loss': 0.14957219, 'lr': 0.0004811, 'params': 202600, 'time_iter': 0.02685, 'accuracy': 0.9771, 'f1': 0.97709, 'auc': 0.96649}
val: {'epoch': 543, 'time_epoch': 0.06751, 'loss': 0.18209965, 'lr': 0, 'params': 202600, 'time_iter': 0.01688, 'accuracy': 0.96496, 'f1': 0.96494, 'auc': 0.96336}
test: {'epoch': 543, 'time_epoch': 0.06951, 'loss': 0.17652646, 'lr': 0, 'params': 202600, 'time_iter': 0.01738, 'accuracy': 0.96747, 'f1': 0.96745, 'auc': 0.96477}
> Epoch 543: took 1.4s (avg 1.5s) | Best so far: epoch 406	train_loss: 0.1548 train_accuracy: 0.9767	val_loss: 0.1785 val_accuracy: 0.9686	test_loss: 0.1728 test_accuracy: 0.9699
train: {'epoch': 544, 'time_epoch': 1.0902, 'eta': 505.33365, 'eta_hours': 0.14037, 'loss': 0.14970244, 'lr': 0.00048005, 'params': 202600, 'time_iter': 0.02725, 'accuracy': 0.97718, 'f1': 0.97717, 'auc': 0.96645}
val: {'epoch': 544, 'time_epoch': 0.0705, 'loss': 0.18113143, 'lr': 0, 'params': 202600, 'time_iter': 0.01763, 'accuracy': 0.96142, 'f1': 0.96141, 'auc': 0.96427}
test: {'epoch': 544, 'time_epoch': 0.06851, 'loss': 0.17648082, 'lr': 0, 'params': 202600, 'time_iter': 0.01713, 'accuracy': 0.96358, 'f1': 0.96356, 'auc': 0.96541}
> Epoch 544: took 1.5s (avg 1.5s) | Best so far: epoch 406	train_loss: 0.1548 train_accuracy: 0.9767	val_loss: 0.1785 val_accuracy: 0.9686	test_loss: 0.1728 test_accuracy: 0.9699
train: {'epoch': 545, 'time_epoch': 1.13248, 'eta': 504.2412, 'eta_hours': 0.14007, 'loss': 0.14979751, 'lr': 0.000479, 'params': 202600, 'time_iter': 0.02831, 'accuracy': 0.97708, 'f1': 0.97707, 'auc': 0.96658}
val: {'epoch': 545, 'time_epoch': 0.06951, 'loss': 0.18215177, 'lr': 0, 'params': 202600, 'time_iter': 0.01738, 'accuracy': 0.96662, 'f1': 0.9666, 'auc': 0.96246}
test: {'epoch': 545, 'time_epoch': 0.07051, 'loss': 0.17652766, 'lr': 0, 'params': 202600, 'time_iter': 0.01763, 'accuracy': 0.96909, 'f1': 0.96906, 'auc': 0.96366}
> Epoch 545: took 1.5s (avg 1.5s) | Best so far: epoch 406	train_loss: 0.1548 train_accuracy: 0.9767	val_loss: 0.1785 val_accuracy: 0.9686	test_loss: 0.1728 test_accuracy: 0.9699
train: {'epoch': 546, 'time_epoch': 1.12449, 'eta': 503.14199, 'eta_hours': 0.13976, 'loss': 0.14969364, 'lr': 0.00047795, 'params': 202600, 'time_iter': 0.02811, 'accuracy': 0.97706, 'f1': 0.97705, 'auc': 0.96642}
val: {'epoch': 546, 'time_epoch': 0.06951, 'loss': 0.18269739, 'lr': 0, 'params': 202600, 'time_iter': 0.01738, 'accuracy': 0.96206, 'f1': 0.96204, 'auc': 0.96389}
test: {'epoch': 546, 'time_epoch': 0.07013, 'loss': 0.17829059, 'lr': 0, 'params': 202600, 'time_iter': 0.01753, 'accuracy': 0.96394, 'f1': 0.96392, 'auc': 0.96483}
> Epoch 546: took 1.5s (avg 1.5s) | Best so far: epoch 406	train_loss: 0.1548 train_accuracy: 0.9767	val_loss: 0.1785 val_accuracy: 0.9686	test_loss: 0.1728 test_accuracy: 0.9699
train: {'epoch': 547, 'time_epoch': 1.11805, 'eta': 502.03737, 'eta_hours': 0.13945, 'loss': 0.14968689, 'lr': 0.00047689, 'params': 202600, 'time_iter': 0.02795, 'accuracy': 0.97701, 'f1': 0.977, 'auc': 0.96678}
val: {'epoch': 547, 'time_epoch': 0.06819, 'loss': 0.1823181, 'lr': 0, 'params': 202600, 'time_iter': 0.01705, 'accuracy': 0.96704, 'f1': 0.96701, 'auc': 0.96186}
test: {'epoch': 547, 'time_epoch': 0.06851, 'loss': 0.17718206, 'lr': 0, 'params': 202600, 'time_iter': 0.01713, 'accuracy': 0.96948, 'f1': 0.96946, 'auc': 0.96294}
> Epoch 547: took 1.5s (avg 1.5s) | Best so far: epoch 406	train_loss: 0.1548 train_accuracy: 0.9767	val_loss: 0.1785 val_accuracy: 0.9686	test_loss: 0.1728 test_accuracy: 0.9699
train: {'epoch': 548, 'time_epoch': 1.097, 'eta': 500.91542, 'eta_hours': 0.13914, 'loss': 0.14947523, 'lr': 0.00047584, 'params': 202600, 'time_iter': 0.02743, 'accuracy': 0.97706, 'f1': 0.97705, 'auc': 0.96661}
val: {'epoch': 548, 'time_epoch': 0.07101, 'loss': 0.18323168, 'lr': 0, 'params': 202600, 'time_iter': 0.01775, 'accuracy': 0.96397, 'f1': 0.96395, 'auc': 0.96398}
test: {'epoch': 548, 'time_epoch': 0.07051, 'loss': 0.17743715, 'lr': 0, 'params': 202600, 'time_iter': 0.01763, 'accuracy': 0.9665, 'f1': 0.96649, 'auc': 0.96498}
> Epoch 548: took 1.5s (avg 1.5s) | Best so far: epoch 406	train_loss: 0.1548 train_accuracy: 0.9767	val_loss: 0.1785 val_accuracy: 0.9686	test_loss: 0.1728 test_accuracy: 0.9699
train: {'epoch': 549, 'time_epoch': 1.09284, 'eta': 499.79014, 'eta_hours': 0.13883, 'loss': 0.149494, 'lr': 0.00047479, 'params': 202600, 'time_iter': 0.02732, 'accuracy': 0.97707, 'f1': 0.97705, 'auc': 0.96668}
val: {'epoch': 549, 'time_epoch': 0.07002, 'loss': 0.18131987, 'lr': 0, 'params': 202600, 'time_iter': 0.0175, 'accuracy': 0.96313, 'f1': 0.96312, 'auc': 0.96386}
test: {'epoch': 549, 'time_epoch': 0.06751, 'loss': 0.17619442, 'lr': 0, 'params': 202600, 'time_iter': 0.01688, 'accuracy': 0.96574, 'f1': 0.96572, 'auc': 0.96511}
> Epoch 549: took 1.5s (avg 1.5s) | Best so far: epoch 406	train_loss: 0.1548 train_accuracy: 0.9767	val_loss: 0.1785 val_accuracy: 0.9686	test_loss: 0.1728 test_accuracy: 0.9699
train: {'epoch': 550, 'time_epoch': 1.12927, 'eta': 498.69467, 'eta_hours': 0.13853, 'loss': 0.14964508, 'lr': 0.00047374, 'params': 202600, 'time_iter': 0.02823, 'accuracy': 0.97701, 'f1': 0.97699, 'auc': 0.96647}
val: {'epoch': 550, 'time_epoch': 0.06951, 'loss': 0.18259327, 'lr': 0, 'params': 202600, 'time_iter': 0.01738, 'accuracy': 0.96538, 'f1': 0.96536, 'auc': 0.96413}
test: {'epoch': 550, 'time_epoch': 0.06852, 'loss': 0.1776771, 'lr': 0, 'params': 202600, 'time_iter': 0.01713, 'accuracy': 0.96733, 'f1': 0.96731, 'auc': 0.96521}
> Epoch 550: took 1.5s (avg 1.5s) | Best so far: epoch 406	train_loss: 0.1548 train_accuracy: 0.9767	val_loss: 0.1785 val_accuracy: 0.9686	test_loss: 0.1728 test_accuracy: 0.9699
train: {'epoch': 551, 'time_epoch': 1.22379, 'eta': 497.6758, 'eta_hours': 0.13824, 'loss': 0.14936207, 'lr': 0.00047268, 'params': 202600, 'time_iter': 0.03059, 'accuracy': 0.97707, 'f1': 0.97706, 'auc': 0.96674}
val: {'epoch': 551, 'time_epoch': 0.07002, 'loss': 0.18163779, 'lr': 0, 'params': 202600, 'time_iter': 0.0175, 'accuracy': 0.965, 'f1': 0.96498, 'auc': 0.96362}
test: {'epoch': 551, 'time_epoch': 0.06951, 'loss': 0.17724027, 'lr': 0, 'params': 202600, 'time_iter': 0.01738, 'accuracy': 0.9671, 'f1': 0.96708, 'auc': 0.96483}
> Epoch 551: took 1.6s (avg 1.5s) | Best so far: epoch 406	train_loss: 0.1548 train_accuracy: 0.9767	val_loss: 0.1785 val_accuracy: 0.9686	test_loss: 0.1728 test_accuracy: 0.9699
train: {'epoch': 552, 'time_epoch': 1.11508, 'eta': 496.5683, 'eta_hours': 0.13794, 'loss': 0.14959941, 'lr': 0.00047163, 'params': 202600, 'time_iter': 0.02788, 'accuracy': 0.97695, 'f1': 0.97694, 'auc': 0.96683}
val: {'epoch': 552, 'time_epoch': 0.07, 'loss': 0.1842474, 'lr': 0, 'params': 202600, 'time_iter': 0.0175, 'accuracy': 0.96646, 'f1': 0.96644, 'auc': 0.96333}
test: {'epoch': 552, 'time_epoch': 0.07, 'loss': 0.17911985, 'lr': 0, 'params': 202600, 'time_iter': 0.0175, 'accuracy': 0.96837, 'f1': 0.96835, 'auc': 0.9644}
> Epoch 552: took 1.5s (avg 1.5s) | Best so far: epoch 406	train_loss: 0.1548 train_accuracy: 0.9767	val_loss: 0.1785 val_accuracy: 0.9686	test_loss: 0.1728 test_accuracy: 0.9699
train: {'epoch': 553, 'time_epoch': 1.12308, 'eta': 495.46723, 'eta_hours': 0.13763, 'loss': 0.14918632, 'lr': 0.00047058, 'params': 202600, 'time_iter': 0.02808, 'accuracy': 0.97718, 'f1': 0.97717, 'auc': 0.96687}
val: {'epoch': 553, 'time_epoch': 0.074, 'loss': 0.18286907, 'lr': 0, 'params': 202600, 'time_iter': 0.0185, 'accuracy': 0.96844, 'f1': 0.96841, 'auc': 0.96215}
test: {'epoch': 553, 'time_epoch': 0.07, 'loss': 0.17805655, 'lr': 0, 'params': 202600, 'time_iter': 0.0175, 'accuracy': 0.96935, 'f1': 0.96932, 'auc': 0.96316}
> Epoch 553: took 1.5s (avg 1.5s) | Best so far: epoch 406	train_loss: 0.1548 train_accuracy: 0.9767	val_loss: 0.1785 val_accuracy: 0.9686	test_loss: 0.1728 test_accuracy: 0.9699
train: {'epoch': 554, 'time_epoch': 1.11864, 'eta': 494.36251, 'eta_hours': 0.13732, 'loss': 0.14943902, 'lr': 0.00046953, 'params': 202600, 'time_iter': 0.02797, 'accuracy': 0.97701, 'f1': 0.977, 'auc': 0.96668}
val: {'epoch': 554, 'time_epoch': 0.073, 'loss': 0.18259322, 'lr': 0, 'params': 202600, 'time_iter': 0.01825, 'accuracy': 0.96601, 'f1': 0.96599, 'auc': 0.96355}
test: {'epoch': 554, 'time_epoch': 0.072, 'loss': 0.17731547, 'lr': 0, 'params': 202600, 'time_iter': 0.018, 'accuracy': 0.96803, 'f1': 0.96801, 'auc': 0.96473}
> Epoch 554: took 1.5s (avg 1.5s) | Best so far: epoch 406	train_loss: 0.1548 train_accuracy: 0.9767	val_loss: 0.1785 val_accuracy: 0.9686	test_loss: 0.1728 test_accuracy: 0.9699
train: {'epoch': 555, 'time_epoch': 1.10783, 'eta': 493.24911, 'eta_hours': 0.13701, 'loss': 0.14876316, 'lr': 0.00046847, 'params': 202600, 'time_iter': 0.0277, 'accuracy': 0.97722, 'f1': 0.97721, 'auc': 0.96695}
val: {'epoch': 555, 'time_epoch': 0.07152, 'loss': 0.18274861, 'lr': 0, 'params': 202600, 'time_iter': 0.01788, 'accuracy': 0.96753, 'f1': 0.9675, 'auc': 0.96381}
test: {'epoch': 555, 'time_epoch': 0.07051, 'loss': 0.17813296, 'lr': 0, 'params': 202600, 'time_iter': 0.01763, 'accuracy': 0.96871, 'f1': 0.96869, 'auc': 0.96516}
> Epoch 555: took 1.5s (avg 1.5s) | Best so far: epoch 406	train_loss: 0.1548 train_accuracy: 0.9767	val_loss: 0.1785 val_accuracy: 0.9686	test_loss: 0.1728 test_accuracy: 0.9699
train: {'epoch': 556, 'time_epoch': 1.14299, 'eta': 492.1637, 'eta_hours': 0.13671, 'loss': 0.1488803, 'lr': 0.00046742, 'params': 202600, 'time_iter': 0.02857, 'accuracy': 0.97704, 'f1': 0.97703, 'auc': 0.96709}
val: {'epoch': 556, 'time_epoch': 0.071, 'loss': 0.18350077, 'lr': 0, 'params': 202600, 'time_iter': 0.01775, 'accuracy': 0.9655, 'f1': 0.96548, 'auc': 0.96278}
test: {'epoch': 556, 'time_epoch': 0.0695, 'loss': 0.1789896, 'lr': 0, 'params': 202600, 'time_iter': 0.01738, 'accuracy': 0.96773, 'f1': 0.96771, 'auc': 0.96373}
> Epoch 556: took 1.5s (avg 1.5s) | Best so far: epoch 406	train_loss: 0.1548 train_accuracy: 0.9767	val_loss: 0.1785 val_accuracy: 0.9686	test_loss: 0.1728 test_accuracy: 0.9699
train: {'epoch': 557, 'time_epoch': 1.22465, 'eta': 491.14276, 'eta_hours': 0.13643, 'loss': 0.14898176, 'lr': 0.00046637, 'params': 202600, 'time_iter': 0.03062, 'accuracy': 0.97698, 'f1': 0.97697, 'auc': 0.96678}
val: {'epoch': 557, 'time_epoch': 0.072, 'loss': 0.18298729, 'lr': 0, 'params': 202600, 'time_iter': 0.018, 'accuracy': 0.96504, 'f1': 0.96502, 'auc': 0.96311}
test: {'epoch': 557, 'time_epoch': 0.06922, 'loss': 0.17843988, 'lr': 0, 'params': 202600, 'time_iter': 0.01731, 'accuracy': 0.96765, 'f1': 0.96763, 'auc': 0.96401}
> Epoch 557: took 1.6s (avg 1.5s) | Best so far: epoch 406	train_loss: 0.1548 train_accuracy: 0.9767	val_loss: 0.1785 val_accuracy: 0.9686	test_loss: 0.1728 test_accuracy: 0.9699
train: {'epoch': 558, 'time_epoch': 1.11787, 'eta': 490.03685, 'eta_hours': 0.13612, 'loss': 0.14894191, 'lr': 0.00046532, 'params': 202600, 'time_iter': 0.02795, 'accuracy': 0.97703, 'f1': 0.97702, 'auc': 0.96699}
val: {'epoch': 558, 'time_epoch': 0.07175, 'loss': 0.18398395, 'lr': 0, 'params': 202600, 'time_iter': 0.01794, 'accuracy': 0.9649, 'f1': 0.96488, 'auc': 0.96423}
test: {'epoch': 558, 'time_epoch': 0.06744, 'loss': 0.17929646, 'lr': 0, 'params': 202600, 'time_iter': 0.01686, 'accuracy': 0.96688, 'f1': 0.96687, 'auc': 0.96513}
> Epoch 558: took 1.5s (avg 1.5s) | Best so far: epoch 406	train_loss: 0.1548 train_accuracy: 0.9767	val_loss: 0.1785 val_accuracy: 0.9686	test_loss: 0.1728 test_accuracy: 0.9699
train: {'epoch': 559, 'time_epoch': 1.12616, 'eta': 488.93742, 'eta_hours': 0.13582, 'loss': 0.14903156, 'lr': 0.00046426, 'params': 202600, 'time_iter': 0.02815, 'accuracy': 0.97698, 'f1': 0.97696, 'auc': 0.96709}
val: {'epoch': 559, 'time_epoch': 0.06951, 'loss': 0.18662706, 'lr': 0, 'params': 202600, 'time_iter': 0.01738, 'accuracy': 0.96611, 'f1': 0.96609, 'auc': 0.9641}
test: {'epoch': 559, 'time_epoch': 0.06951, 'loss': 0.18165239, 'lr': 0, 'params': 202600, 'time_iter': 0.01738, 'accuracy': 0.9686, 'f1': 0.96858, 'auc': 0.96514}
> Epoch 559: took 1.5s (avg 1.5s) | Best so far: epoch 406	train_loss: 0.1548 train_accuracy: 0.9767	val_loss: 0.1785 val_accuracy: 0.9686	test_loss: 0.1728 test_accuracy: 0.9699
train: {'epoch': 560, 'time_epoch': 1.13823, 'eta': 487.84733, 'eta_hours': 0.13551, 'loss': 0.149454, 'lr': 0.00046321, 'params': 202600, 'time_iter': 0.02846, 'accuracy': 0.97707, 'f1': 0.97706, 'auc': 0.96699}
val: {'epoch': 560, 'time_epoch': 0.072, 'loss': 0.18419023, 'lr': 0, 'params': 202600, 'time_iter': 0.018, 'accuracy': 0.96338, 'f1': 0.96336, 'auc': 0.96358}
test: {'epoch': 560, 'time_epoch': 0.07, 'loss': 0.17902376, 'lr': 0, 'params': 202600, 'time_iter': 0.0175, 'accuracy': 0.96651, 'f1': 0.96649, 'auc': 0.96473}
> Epoch 560: took 1.5s (avg 1.5s) | Best so far: epoch 406	train_loss: 0.1548 train_accuracy: 0.9767	val_loss: 0.1785 val_accuracy: 0.9686	test_loss: 0.1728 test_accuracy: 0.9699
train: {'epoch': 561, 'time_epoch': 1.10729, 'eta': 486.73296, 'eta_hours': 0.1352, 'loss': 0.14874529, 'lr': 0.00046216, 'params': 202600, 'time_iter': 0.02768, 'accuracy': 0.97703, 'f1': 0.97702, 'auc': 0.96718}
val: {'epoch': 561, 'time_epoch': 0.07451, 'loss': 0.18297233, 'lr': 0, 'params': 202600, 'time_iter': 0.01863, 'accuracy': 0.96332, 'f1': 0.96331, 'auc': 0.96353}
test: {'epoch': 561, 'time_epoch': 0.07151, 'loss': 0.17853096, 'lr': 0, 'params': 202600, 'time_iter': 0.01788, 'accuracy': 0.96543, 'f1': 0.96541, 'auc': 0.9644}
> Epoch 561: took 1.5s (avg 1.5s) | Best so far: epoch 406	train_loss: 0.1548 train_accuracy: 0.9767	val_loss: 0.1785 val_accuracy: 0.9686	test_loss: 0.1728 test_accuracy: 0.9699
train: {'epoch': 562, 'time_epoch': 1.0788, 'eta': 485.5965, 'eta_hours': 0.13489, 'loss': 0.14888685, 'lr': 0.00046111, 'params': 202600, 'time_iter': 0.02697, 'accuracy': 0.97706, 'f1': 0.97705, 'auc': 0.96692}
val: {'epoch': 562, 'time_epoch': 0.06851, 'loss': 0.18378998, 'lr': 0, 'params': 202600, 'time_iter': 0.01713, 'accuracy': 0.96529, 'f1': 0.96526, 'auc': 0.9636}
test: {'epoch': 562, 'time_epoch': 0.06851, 'loss': 0.17884724, 'lr': 0, 'params': 202600, 'time_iter': 0.01713, 'accuracy': 0.9673, 'f1': 0.96728, 'auc': 0.96466}
> Epoch 562: took 1.5s (avg 1.5s) | Best so far: epoch 406	train_loss: 0.1548 train_accuracy: 0.9767	val_loss: 0.1785 val_accuracy: 0.9686	test_loss: 0.1728 test_accuracy: 0.9699
train: {'epoch': 563, 'time_epoch': 1.07768, 'eta': 484.45938, 'eta_hours': 0.13457, 'loss': 0.14871061, 'lr': 0.00046005, 'params': 202600, 'time_iter': 0.02694, 'accuracy': 0.9771, 'f1': 0.97709, 'auc': 0.96712}
val: {'epoch': 563, 'time_epoch': 0.071, 'loss': 0.18483338, 'lr': 0, 'params': 202600, 'time_iter': 0.01775, 'accuracy': 0.96578, 'f1': 0.96576, 'auc': 0.96469}
test: {'epoch': 563, 'time_epoch': 0.068, 'loss': 0.17926668, 'lr': 0, 'params': 202600, 'time_iter': 0.017, 'accuracy': 0.96738, 'f1': 0.96736, 'auc': 0.96588}
> Epoch 563: took 1.5s (avg 1.5s) | Best so far: epoch 406	train_loss: 0.1548 train_accuracy: 0.9767	val_loss: 0.1785 val_accuracy: 0.9686	test_loss: 0.1728 test_accuracy: 0.9699
train: {'epoch': 564, 'time_epoch': 1.13209, 'eta': 483.36436, 'eta_hours': 0.13427, 'loss': 0.14862433, 'lr': 0.000459, 'params': 202600, 'time_iter': 0.0283, 'accuracy': 0.97695, 'f1': 0.97694, 'auc': 0.96722}
val: {'epoch': 564, 'time_epoch': 0.07001, 'loss': 0.18555547, 'lr': 0, 'params': 202600, 'time_iter': 0.0175, 'accuracy': 0.96537, 'f1': 0.96535, 'auc': 0.96368}
test: {'epoch': 564, 'time_epoch': 0.069, 'loss': 0.18037996, 'lr': 0, 'params': 202600, 'time_iter': 0.01725, 'accuracy': 0.96704, 'f1': 0.96702, 'auc': 0.96479}
> Epoch 564: took 1.5s (avg 1.5s) | Best so far: epoch 406	train_loss: 0.1548 train_accuracy: 0.9767	val_loss: 0.1785 val_accuracy: 0.9686	test_loss: 0.1728 test_accuracy: 0.9699
train: {'epoch': 565, 'time_epoch': 1.1005, 'eta': 482.24498, 'eta_hours': 0.13396, 'loss': 0.14878695, 'lr': 0.00045795, 'params': 202600, 'time_iter': 0.02751, 'accuracy': 0.97704, 'f1': 0.97703, 'auc': 0.96705}
val: {'epoch': 565, 'time_epoch': 0.0705, 'loss': 0.18265784, 'lr': 0, 'params': 202600, 'time_iter': 0.01763, 'accuracy': 0.96555, 'f1': 0.96553, 'auc': 0.96383}
test: {'epoch': 565, 'time_epoch': 0.06851, 'loss': 0.17827999, 'lr': 0, 'params': 202600, 'time_iter': 0.01713, 'accuracy': 0.96798, 'f1': 0.96796, 'auc': 0.96473}
> Epoch 565: took 1.5s (avg 1.5s) | Best so far: epoch 406	train_loss: 0.1548 train_accuracy: 0.9767	val_loss: 0.1785 val_accuracy: 0.9686	test_loss: 0.1728 test_accuracy: 0.9699
train: {'epoch': 566, 'time_epoch': 1.09566, 'eta': 481.12198, 'eta_hours': 0.13364, 'loss': 0.14897439, 'lr': 0.0004569, 'params': 202600, 'time_iter': 0.02739, 'accuracy': 0.97696, 'f1': 0.97695, 'auc': 0.96704}
val: {'epoch': 566, 'time_epoch': 0.06951, 'loss': 0.18131872, 'lr': 0, 'params': 202600, 'time_iter': 0.01738, 'accuracy': 0.96739, 'f1': 0.96736, 'auc': 0.96228}
test: {'epoch': 566, 'time_epoch': 0.06851, 'loss': 0.17620256, 'lr': 0, 'params': 202600, 'time_iter': 0.01713, 'accuracy': 0.96933, 'f1': 0.96931, 'auc': 0.96352}
> Epoch 566: took 1.5s (avg 1.5s) | Best so far: epoch 406	train_loss: 0.1548 train_accuracy: 0.9767	val_loss: 0.1785 val_accuracy: 0.9686	test_loss: 0.1728 test_accuracy: 0.9699
train: {'epoch': 567, 'time_epoch': 1.09974, 'eta': 480.00218, 'eta_hours': 0.13333, 'loss': 0.14835729, 'lr': 0.00045584, 'params': 202600, 'time_iter': 0.02749, 'accuracy': 0.97705, 'f1': 0.97704, 'auc': 0.96715}
val: {'epoch': 567, 'time_epoch': 0.07, 'loss': 0.18600016, 'lr': 0, 'params': 202600, 'time_iter': 0.0175, 'accuracy': 0.96609, 'f1': 0.96607, 'auc': 0.96358}
test: {'epoch': 567, 'time_epoch': 0.07, 'loss': 0.17988073, 'lr': 0, 'params': 202600, 'time_iter': 0.0175, 'accuracy': 0.96792, 'f1': 0.9679, 'auc': 0.96476}
> Epoch 567: took 1.5s (avg 1.5s) | Best so far: epoch 406	train_loss: 0.1548 train_accuracy: 0.9767	val_loss: 0.1785 val_accuracy: 0.9686	test_loss: 0.1728 test_accuracy: 0.9699
train: {'epoch': 568, 'time_epoch': 1.09301, 'eta': 478.87735, 'eta_hours': 0.13302, 'loss': 0.14834358, 'lr': 0.00045479, 'params': 202600, 'time_iter': 0.02733, 'accuracy': 0.97712, 'f1': 0.97711, 'auc': 0.96725}
val: {'epoch': 568, 'time_epoch': 0.06851, 'loss': 0.18494848, 'lr': 0, 'params': 202600, 'time_iter': 0.01713, 'accuracy': 0.96698, 'f1': 0.96695, 'auc': 0.96328}
test: {'epoch': 568, 'time_epoch': 0.06851, 'loss': 0.17885428, 'lr': 0, 'params': 202600, 'time_iter': 0.01713, 'accuracy': 0.96898, 'f1': 0.96896, 'auc': 0.96459}
> Epoch 568: took 1.5s (avg 1.5s) | Best so far: epoch 406	train_loss: 0.1548 train_accuracy: 0.9767	val_loss: 0.1785 val_accuracy: 0.9686	test_loss: 0.1728 test_accuracy: 0.9699
train: {'epoch': 569, 'time_epoch': 1.09632, 'eta': 477.75512, 'eta_hours': 0.13271, 'loss': 0.14847376, 'lr': 0.00045374, 'params': 202600, 'time_iter': 0.02741, 'accuracy': 0.97705, 'f1': 0.97704, 'auc': 0.9674}
val: {'epoch': 569, 'time_epoch': 0.06852, 'loss': 0.18235379, 'lr': 0, 'params': 202600, 'time_iter': 0.01713, 'accuracy': 0.96607, 'f1': 0.96605, 'auc': 0.96323}
test: {'epoch': 569, 'time_epoch': 0.06902, 'loss': 0.17732288, 'lr': 0, 'params': 202600, 'time_iter': 0.01725, 'accuracy': 0.96855, 'f1': 0.96853, 'auc': 0.9645}
> Epoch 569: took 1.5s (avg 1.5s) | Best so far: epoch 406	train_loss: 0.1548 train_accuracy: 0.9767	val_loss: 0.1785 val_accuracy: 0.9686	test_loss: 0.1728 test_accuracy: 0.9699
train: {'epoch': 570, 'time_epoch': 1.09461, 'eta': 476.6317, 'eta_hours': 0.1324, 'loss': 0.14843146, 'lr': 0.00045269, 'params': 202600, 'time_iter': 0.02737, 'accuracy': 0.97699, 'f1': 0.97697, 'auc': 0.96723}
val: {'epoch': 570, 'time_epoch': 0.06851, 'loss': 0.18328756, 'lr': 0, 'params': 202600, 'time_iter': 0.01713, 'accuracy': 0.96683, 'f1': 0.9668, 'auc': 0.96206}
test: {'epoch': 570, 'time_epoch': 0.068, 'loss': 0.17826872, 'lr': 0, 'params': 202600, 'time_iter': 0.017, 'accuracy': 0.96867, 'f1': 0.96865, 'auc': 0.96337}
> Epoch 570: took 1.5s (avg 1.5s) | Best so far: epoch 406	train_loss: 0.1548 train_accuracy: 0.9767	val_loss: 0.1785 val_accuracy: 0.9686	test_loss: 0.1728 test_accuracy: 0.9699
train: {'epoch': 571, 'time_epoch': 1.23659, 'eta': 475.61463, 'eta_hours': 0.13212, 'loss': 0.148331, 'lr': 0.00045163, 'params': 202600, 'time_iter': 0.03091, 'accuracy': 0.97695, 'f1': 0.97694, 'auc': 0.96732}
val: {'epoch': 571, 'time_epoch': 0.07181, 'loss': 0.1843375, 'lr': 0, 'params': 202600, 'time_iter': 0.01795, 'accuracy': 0.96308, 'f1': 0.96307, 'auc': 0.96472}
test: {'epoch': 571, 'time_epoch': 0.07, 'loss': 0.17998451, 'lr': 0, 'params': 202600, 'time_iter': 0.0175, 'accuracy': 0.96429, 'f1': 0.96428, 'auc': 0.96604}
> Epoch 571: took 1.6s (avg 1.5s) | Best so far: epoch 406	train_loss: 0.1548 train_accuracy: 0.9767	val_loss: 0.1785 val_accuracy: 0.9686	test_loss: 0.1728 test_accuracy: 0.9699
train: {'epoch': 572, 'time_epoch': 1.09158, 'eta': 474.48872, 'eta_hours': 0.1318, 'loss': 0.14832037, 'lr': 0.00045058, 'params': 202600, 'time_iter': 0.02729, 'accuracy': 0.97697, 'f1': 0.97696, 'auc': 0.9675}
val: {'epoch': 572, 'time_epoch': 0.07151, 'loss': 0.18545195, 'lr': 0, 'params': 202600, 'time_iter': 0.01788, 'accuracy': 0.96432, 'f1': 0.9643, 'auc': 0.96254}
test: {'epoch': 572, 'time_epoch': 0.06951, 'loss': 0.17997622, 'lr': 0, 'params': 202600, 'time_iter': 0.01738, 'accuracy': 0.96682, 'f1': 0.96681, 'auc': 0.96394}
> Epoch 572: took 1.5s (avg 1.5s) | Best so far: epoch 406	train_loss: 0.1548 train_accuracy: 0.9767	val_loss: 0.1785 val_accuracy: 0.9686	test_loss: 0.1728 test_accuracy: 0.9699
train: {'epoch': 573, 'time_epoch': 1.09226, 'eta': 473.36344, 'eta_hours': 0.13149, 'loss': 0.14828598, 'lr': 0.00044953, 'params': 202600, 'time_iter': 0.02731, 'accuracy': 0.97707, 'f1': 0.97706, 'auc': 0.96754}
val: {'epoch': 573, 'time_epoch': 0.07051, 'loss': 0.18685442, 'lr': 0, 'params': 202600, 'time_iter': 0.01763, 'accuracy': 0.96748, 'f1': 0.96745, 'auc': 0.96305}
test: {'epoch': 573, 'time_epoch': 0.0701, 'loss': 0.18057423, 'lr': 0, 'params': 202600, 'time_iter': 0.01752, 'accuracy': 0.96963, 'f1': 0.96961, 'auc': 0.9642}
> Epoch 573: took 1.5s (avg 1.5s) | Best so far: epoch 406	train_loss: 0.1548 train_accuracy: 0.9767	val_loss: 0.1785 val_accuracy: 0.9686	test_loss: 0.1728 test_accuracy: 0.9699
train: {'epoch': 574, 'time_epoch': 1.08411, 'eta': 472.23225, 'eta_hours': 0.13118, 'loss': 0.14815423, 'lr': 0.00044848, 'params': 202600, 'time_iter': 0.0271, 'accuracy': 0.97711, 'f1': 0.9771, 'auc': 0.96742}
val: {'epoch': 574, 'time_epoch': 0.09351, 'loss': 0.18285179, 'lr': 0, 'params': 202600, 'time_iter': 0.02338, 'accuracy': 0.96586, 'f1': 0.96584, 'auc': 0.9625}
test: {'epoch': 574, 'time_epoch': 0.068, 'loss': 0.17764649, 'lr': 0, 'params': 202600, 'time_iter': 0.017, 'accuracy': 0.96726, 'f1': 0.96724, 'auc': 0.96368}
> Epoch 574: took 1.5s (avg 1.5s) | Best so far: epoch 406	train_loss: 0.1548 train_accuracy: 0.9767	val_loss: 0.1785 val_accuracy: 0.9686	test_loss: 0.1728 test_accuracy: 0.9699
train: {'epoch': 575, 'time_epoch': 1.08298, 'eta': 471.10039, 'eta_hours': 0.13086, 'loss': 0.14824717, 'lr': 0.00044742, 'params': 202600, 'time_iter': 0.02707, 'accuracy': 0.97696, 'f1': 0.97695, 'auc': 0.96739}
val: {'epoch': 575, 'time_epoch': 0.07151, 'loss': 0.18716538, 'lr': 0, 'params': 202600, 'time_iter': 0.01788, 'accuracy': 0.96548, 'f1': 0.96546, 'auc': 0.96418}
test: {'epoch': 575, 'time_epoch': 0.07427, 'loss': 0.18182566, 'lr': 0, 'params': 202600, 'time_iter': 0.01857, 'accuracy': 0.96769, 'f1': 0.96767, 'auc': 0.9654}
> Epoch 575: took 1.5s (avg 1.5s) | Best so far: epoch 406	train_loss: 0.1548 train_accuracy: 0.9767	val_loss: 0.1785 val_accuracy: 0.9686	test_loss: 0.1728 test_accuracy: 0.9699
train: {'epoch': 576, 'time_epoch': 1.13801, 'eta': 470.00905, 'eta_hours': 0.13056, 'loss': 0.1481455, 'lr': 0.00044637, 'params': 202600, 'time_iter': 0.02845, 'accuracy': 0.977, 'f1': 0.97698, 'auc': 0.96757}
val: {'epoch': 576, 'time_epoch': 0.069, 'loss': 0.18503136, 'lr': 0, 'params': 202600, 'time_iter': 0.01725, 'accuracy': 0.96605, 'f1': 0.96603, 'auc': 0.96361}
test: {'epoch': 576, 'time_epoch': 0.068, 'loss': 0.17920651, 'lr': 0, 'params': 202600, 'time_iter': 0.017, 'accuracy': 0.96847, 'f1': 0.96845, 'auc': 0.96505}
> Epoch 576: took 1.5s (avg 1.5s) | Best so far: epoch 406	train_loss: 0.1548 train_accuracy: 0.9767	val_loss: 0.1785 val_accuracy: 0.9686	test_loss: 0.1728 test_accuracy: 0.9699
train: {'epoch': 577, 'time_epoch': 1.11053, 'eta': 468.89747, 'eta_hours': 0.13025, 'loss': 0.14778434, 'lr': 0.00044532, 'params': 202600, 'time_iter': 0.02776, 'accuracy': 0.9771, 'f1': 0.97709, 'auc': 0.96742}
val: {'epoch': 577, 'time_epoch': 0.0705, 'loss': 0.18425919, 'lr': 0, 'params': 202600, 'time_iter': 0.01763, 'accuracy': 0.96608, 'f1': 0.96606, 'auc': 0.96343}
test: {'epoch': 577, 'time_epoch': 0.0725, 'loss': 0.17890845, 'lr': 0, 'params': 202600, 'time_iter': 0.01813, 'accuracy': 0.96831, 'f1': 0.96829, 'auc': 0.96478}
> Epoch 577: took 1.5s (avg 1.5s) | Best so far: epoch 406	train_loss: 0.1548 train_accuracy: 0.9767	val_loss: 0.1785 val_accuracy: 0.9686	test_loss: 0.1728 test_accuracy: 0.9699
train: {'epoch': 578, 'time_epoch': 1.13834, 'eta': 467.80613, 'eta_hours': 0.12995, 'loss': 0.14824628, 'lr': 0.00044427, 'params': 202600, 'time_iter': 0.02846, 'accuracy': 0.97695, 'f1': 0.97694, 'auc': 0.96744}
val: {'epoch': 578, 'time_epoch': 0.07301, 'loss': 0.18659677, 'lr': 0, 'params': 202600, 'time_iter': 0.01825, 'accuracy': 0.9663, 'f1': 0.96628, 'auc': 0.96494}
test: {'epoch': 578, 'time_epoch': 0.07, 'loss': 0.18046892, 'lr': 0, 'params': 202600, 'time_iter': 0.0175, 'accuracy': 0.96831, 'f1': 0.96829, 'auc': 0.96616}
> Epoch 578: took 1.5s (avg 1.5s) | Best so far: epoch 406	train_loss: 0.1548 train_accuracy: 0.9767	val_loss: 0.1785 val_accuracy: 0.9686	test_loss: 0.1728 test_accuracy: 0.9699
train: {'epoch': 579, 'time_epoch': 1.11743, 'eta': 466.69947, 'eta_hours': 0.12964, 'loss': 0.14791299, 'lr': 0.00044321, 'params': 202600, 'time_iter': 0.02794, 'accuracy': 0.97703, 'f1': 0.97702, 'auc': 0.96755}
val: {'epoch': 579, 'time_epoch': 0.07, 'loss': 0.183305, 'lr': 0, 'params': 202600, 'time_iter': 0.0175, 'accuracy': 0.96667, 'f1': 0.96665, 'auc': 0.96366}
test: {'epoch': 579, 'time_epoch': 0.07, 'loss': 0.17842183, 'lr': 0, 'params': 202600, 'time_iter': 0.0175, 'accuracy': 0.96869, 'f1': 0.96867, 'auc': 0.96481}
> Epoch 579: took 1.5s (avg 1.5s) | Best so far: epoch 406	train_loss: 0.1548 train_accuracy: 0.9767	val_loss: 0.1785 val_accuracy: 0.9686	test_loss: 0.1728 test_accuracy: 0.9699
train: {'epoch': 580, 'time_epoch': 1.13239, 'eta': 465.60358, 'eta_hours': 0.12933, 'loss': 0.14788324, 'lr': 0.00044216, 'params': 202600, 'time_iter': 0.02831, 'accuracy': 0.97698, 'f1': 0.97697, 'auc': 0.96765}
val: {'epoch': 580, 'time_epoch': 0.06851, 'loss': 0.18517962, 'lr': 0, 'params': 202600, 'time_iter': 0.01713, 'accuracy': 0.96626, 'f1': 0.96624, 'auc': 0.96434}
test: {'epoch': 580, 'time_epoch': 0.069, 'loss': 0.17963552, 'lr': 0, 'params': 202600, 'time_iter': 0.01725, 'accuracy': 0.96824, 'f1': 0.96822, 'auc': 0.96562}
> Epoch 580: took 1.5s (avg 1.5s) | Best so far: epoch 406	train_loss: 0.1548 train_accuracy: 0.9767	val_loss: 0.1785 val_accuracy: 0.9686	test_loss: 0.1728 test_accuracy: 0.9699
train: {'epoch': 581, 'time_epoch': 1.10327, 'eta': 464.48664, 'eta_hours': 0.12902, 'loss': 0.1479901, 'lr': 0.00044111, 'params': 202600, 'time_iter': 0.02758, 'accuracy': 0.977, 'f1': 0.97699, 'auc': 0.96767}
val: {'epoch': 581, 'time_epoch': 0.06951, 'loss': 0.18677312, 'lr': 0, 'params': 202600, 'time_iter': 0.01738, 'accuracy': 0.96648, 'f1': 0.96646, 'auc': 0.96368}
test: {'epoch': 581, 'time_epoch': 0.09251, 'loss': 0.18172466, 'lr': 0, 'params': 202600, 'time_iter': 0.02313, 'accuracy': 0.96874, 'f1': 0.96872, 'auc': 0.96469}
> Epoch 581: took 1.5s (avg 1.5s) | Best so far: epoch 406	train_loss: 0.1548 train_accuracy: 0.9767	val_loss: 0.1785 val_accuracy: 0.9686	test_loss: 0.1728 test_accuracy: 0.9699
train: {'epoch': 582, 'time_epoch': 1.23291, 'eta': 463.46247, 'eta_hours': 0.12874, 'loss': 0.14737524, 'lr': 0.00044006, 'params': 202600, 'time_iter': 0.03082, 'accuracy': 0.97696, 'f1': 0.97695, 'auc': 0.96798}
val: {'epoch': 582, 'time_epoch': 0.06951, 'loss': 0.18485318, 'lr': 0, 'params': 202600, 'time_iter': 0.01738, 'accuracy': 0.96515, 'f1': 0.96512, 'auc': 0.96432}
test: {'epoch': 582, 'time_epoch': 0.07001, 'loss': 0.18011818, 'lr': 0, 'params': 202600, 'time_iter': 0.0175, 'accuracy': 0.96746, 'f1': 0.96744, 'auc': 0.96554}
> Epoch 582: took 1.6s (avg 1.5s) | Best so far: epoch 406	train_loss: 0.1548 train_accuracy: 0.9767	val_loss: 0.1785 val_accuracy: 0.9686	test_loss: 0.1728 test_accuracy: 0.9699
train: {'epoch': 583, 'time_epoch': 1.11212, 'eta': 462.35155, 'eta_hours': 0.12843, 'loss': 0.14772095, 'lr': 0.000439, 'params': 202600, 'time_iter': 0.0278, 'accuracy': 0.97696, 'f1': 0.97695, 'auc': 0.96753}
val: {'epoch': 583, 'time_epoch': 0.07001, 'loss': 0.18863379, 'lr': 0, 'params': 202600, 'time_iter': 0.0175, 'accuracy': 0.96481, 'f1': 0.96479, 'auc': 0.96475}
test: {'epoch': 583, 'time_epoch': 0.068, 'loss': 0.1825275, 'lr': 0, 'params': 202600, 'time_iter': 0.017, 'accuracy': 0.9675, 'f1': 0.96748, 'auc': 0.96606}
> Epoch 583: took 1.5s (avg 1.5s) | Best so far: epoch 406	train_loss: 0.1548 train_accuracy: 0.9767	val_loss: 0.1785 val_accuracy: 0.9686	test_loss: 0.1728 test_accuracy: 0.9699
train: {'epoch': 584, 'time_epoch': 1.10332, 'eta': 461.23438, 'eta_hours': 0.12812, 'loss': 0.14787098, 'lr': 0.00043795, 'params': 202600, 'time_iter': 0.02758, 'accuracy': 0.97694, 'f1': 0.97693, 'auc': 0.96786}
val: {'epoch': 584, 'time_epoch': 0.06951, 'loss': 0.18432315, 'lr': 0, 'params': 202600, 'time_iter': 0.01738, 'accuracy': 0.9643, 'f1': 0.96428, 'auc': 0.96406}
test: {'epoch': 584, 'time_epoch': 0.06951, 'loss': 0.17865099, 'lr': 0, 'params': 202600, 'time_iter': 0.01738, 'accuracy': 0.96677, 'f1': 0.96676, 'auc': 0.96545}
> Epoch 584: took 1.5s (avg 1.5s) | Best so far: epoch 406	train_loss: 0.1548 train_accuracy: 0.9767	val_loss: 0.1785 val_accuracy: 0.9686	test_loss: 0.1728 test_accuracy: 0.9699
train: {'epoch': 585, 'time_epoch': 1.21574, 'eta': 460.19668, 'eta_hours': 0.12783, 'loss': 0.14775973, 'lr': 0.0004369, 'params': 202600, 'time_iter': 0.03039, 'accuracy': 0.97701, 'f1': 0.977, 'auc': 0.96781}
val: {'epoch': 585, 'time_epoch': 0.07251, 'loss': 0.18401828, 'lr': 0, 'params': 202600, 'time_iter': 0.01813, 'accuracy': 0.9642, 'f1': 0.96418, 'auc': 0.96438}
test: {'epoch': 585, 'time_epoch': 0.07151, 'loss': 0.17884956, 'lr': 0, 'params': 202600, 'time_iter': 0.01788, 'accuracy': 0.96628, 'f1': 0.96626, 'auc': 0.9655}
> Epoch 585: took 1.6s (avg 1.5s) | Best so far: epoch 406	train_loss: 0.1548 train_accuracy: 0.9767	val_loss: 0.1785 val_accuracy: 0.9686	test_loss: 0.1728 test_accuracy: 0.9699
train: {'epoch': 586, 'time_epoch': 1.19314, 'eta': 459.14247, 'eta_hours': 0.12754, 'loss': 0.14813349, 'lr': 0.00043585, 'params': 202600, 'time_iter': 0.02983, 'accuracy': 0.97688, 'f1': 0.97687, 'auc': 0.96789}
val: {'epoch': 586, 'time_epoch': 0.07151, 'loss': 0.18672974, 'lr': 0, 'params': 202600, 'time_iter': 0.01788, 'accuracy': 0.9652, 'f1': 0.96517, 'auc': 0.96508}
test: {'epoch': 586, 'time_epoch': 0.07151, 'loss': 0.18114529, 'lr': 0, 'params': 202600, 'time_iter': 0.01788, 'accuracy': 0.96743, 'f1': 0.96741, 'auc': 0.96637}
> Epoch 586: took 1.6s (avg 1.5s) | Best so far: epoch 406	train_loss: 0.1548 train_accuracy: 0.9767	val_loss: 0.1785 val_accuracy: 0.9686	test_loss: 0.1728 test_accuracy: 0.9699
train: {'epoch': 587, 'time_epoch': 1.15072, 'eta': 458.05807, 'eta_hours': 0.12724, 'loss': 0.1477415, 'lr': 0.00043479, 'params': 202600, 'time_iter': 0.02877, 'accuracy': 0.97692, 'f1': 0.97691, 'auc': 0.96793}
val: {'epoch': 587, 'time_epoch': 0.07151, 'loss': 0.18488768, 'lr': 0, 'params': 202600, 'time_iter': 0.01788, 'accuracy': 0.96643, 'f1': 0.96641, 'auc': 0.96419}
test: {'epoch': 587, 'time_epoch': 0.07151, 'loss': 0.17935001, 'lr': 0, 'params': 202600, 'time_iter': 0.01788, 'accuracy': 0.96873, 'f1': 0.96871, 'auc': 0.96544}
> Epoch 587: took 1.5s (avg 1.5s) | Best so far: epoch 406	train_loss: 0.1548 train_accuracy: 0.9767	val_loss: 0.1785 val_accuracy: 0.9686	test_loss: 0.1728 test_accuracy: 0.9699
train: {'epoch': 588, 'time_epoch': 1.11031, 'eta': 456.94524, 'eta_hours': 0.12693, 'loss': 0.1473141, 'lr': 0.00043374, 'params': 202600, 'time_iter': 0.02776, 'accuracy': 0.97709, 'f1': 0.97707, 'auc': 0.968}
val: {'epoch': 588, 'time_epoch': 0.09702, 'loss': 0.18744629, 'lr': 0, 'params': 202600, 'time_iter': 0.02425, 'accuracy': 0.96603, 'f1': 0.966, 'auc': 0.9639}
test: {'epoch': 588, 'time_epoch': 0.06751, 'loss': 0.18223943, 'lr': 0, 'params': 202600, 'time_iter': 0.01688, 'accuracy': 0.9685, 'f1': 0.96848, 'auc': 0.96488}
> Epoch 588: took 1.5s (avg 1.5s) | Best so far: epoch 406	train_loss: 0.1548 train_accuracy: 0.9767	val_loss: 0.1785 val_accuracy: 0.9686	test_loss: 0.1728 test_accuracy: 0.9699
train: {'epoch': 589, 'time_epoch': 1.11432, 'eta': 455.83521, 'eta_hours': 0.12662, 'loss': 0.14681947, 'lr': 0.00043269, 'params': 202600, 'time_iter': 0.02786, 'accuracy': 0.97691, 'f1': 0.9769, 'auc': 0.96815}
val: {'epoch': 589, 'time_epoch': 0.07251, 'loss': 0.18473062, 'lr': 0, 'params': 202600, 'time_iter': 0.01813, 'accuracy': 0.96543, 'f1': 0.96541, 'auc': 0.96418}
test: {'epoch': 589, 'time_epoch': 0.06951, 'loss': 0.18081113, 'lr': 0, 'params': 202600, 'time_iter': 0.01738, 'accuracy': 0.9679, 'f1': 0.96788, 'auc': 0.96495}
> Epoch 589: took 1.5s (avg 1.5s) | Best so far: epoch 406	train_loss: 0.1548 train_accuracy: 0.9767	val_loss: 0.1785 val_accuracy: 0.9686	test_loss: 0.1728 test_accuracy: 0.9699
train: {'epoch': 590, 'time_epoch': 1.09938, 'eta': 454.71482, 'eta_hours': 0.12631, 'loss': 0.14721253, 'lr': 0.00043164, 'params': 202600, 'time_iter': 0.02748, 'accuracy': 0.97696, 'f1': 0.97695, 'auc': 0.96804}
val: {'epoch': 590, 'time_epoch': 0.06951, 'loss': 0.18687855, 'lr': 0, 'params': 202600, 'time_iter': 0.01738, 'accuracy': 0.96535, 'f1': 0.96532, 'auc': 0.96452}
test: {'epoch': 590, 'time_epoch': 0.06851, 'loss': 0.18222641, 'lr': 0, 'params': 202600, 'time_iter': 0.01713, 'accuracy': 0.96791, 'f1': 0.96789, 'auc': 0.96538}
> Epoch 590: took 1.5s (avg 1.5s) | Best so far: epoch 406	train_loss: 0.1548 train_accuracy: 0.9767	val_loss: 0.1785 val_accuracy: 0.9686	test_loss: 0.1728 test_accuracy: 0.9699
train: {'epoch': 591, 'time_epoch': 1.10318, 'eta': 453.59712, 'eta_hours': 0.126, 'loss': 0.14714572, 'lr': 0.00043058, 'params': 202600, 'time_iter': 0.02758, 'accuracy': 0.97701, 'f1': 0.977, 'auc': 0.96801}
val: {'epoch': 591, 'time_epoch': 0.06851, 'loss': 0.1858289, 'lr': 0, 'params': 202600, 'time_iter': 0.01713, 'accuracy': 0.96598, 'f1': 0.96596, 'auc': 0.96506}
test: {'epoch': 591, 'time_epoch': 0.06801, 'loss': 0.18148281, 'lr': 0, 'params': 202600, 'time_iter': 0.017, 'accuracy': 0.96748, 'f1': 0.96746, 'auc': 0.96611}
> Epoch 591: took 1.5s (avg 1.5s) | Best so far: epoch 406	train_loss: 0.1548 train_accuracy: 0.9767	val_loss: 0.1785 val_accuracy: 0.9686	test_loss: 0.1728 test_accuracy: 0.9699
train: {'epoch': 592, 'time_epoch': 1.09772, 'eta': 452.47573, 'eta_hours': 0.12569, 'loss': 0.14681403, 'lr': 0.00042953, 'params': 202600, 'time_iter': 0.02744, 'accuracy': 0.97703, 'f1': 0.97702, 'auc': 0.96828}
val: {'epoch': 592, 'time_epoch': 0.07, 'loss': 0.18480889, 'lr': 0, 'params': 202600, 'time_iter': 0.0175, 'accuracy': 0.96469, 'f1': 0.96467, 'auc': 0.96487}
test: {'epoch': 592, 'time_epoch': 0.0653, 'loss': 0.18017743, 'lr': 0, 'params': 202600, 'time_iter': 0.01632, 'accuracy': 0.96649, 'f1': 0.96647, 'auc': 0.96619}
> Epoch 592: took 1.5s (avg 1.5s) | Best so far: epoch 406	train_loss: 0.1548 train_accuracy: 0.9767	val_loss: 0.1785 val_accuracy: 0.9686	test_loss: 0.1728 test_accuracy: 0.9699
train: {'epoch': 593, 'time_epoch': 1.05767, 'eta': 451.32704, 'eta_hours': 0.12537, 'loss': 0.14691464, 'lr': 0.00042848, 'params': 202600, 'time_iter': 0.02644, 'accuracy': 0.97685, 'f1': 0.97684, 'auc': 0.9682}
val: {'epoch': 593, 'time_epoch': 0.069, 'loss': 0.18744255, 'lr': 0, 'params': 202600, 'time_iter': 0.01725, 'accuracy': 0.96492, 'f1': 0.9649, 'auc': 0.96479}
test: {'epoch': 593, 'time_epoch': 0.068, 'loss': 0.1812976, 'lr': 0, 'params': 202600, 'time_iter': 0.017, 'accuracy': 0.96713, 'f1': 0.96711, 'auc': 0.96615}
> Epoch 593: took 1.4s (avg 1.5s) | Best so far: epoch 406	train_loss: 0.1548 train_accuracy: 0.9767	val_loss: 0.1785 val_accuracy: 0.9686	test_loss: 0.1728 test_accuracy: 0.9699
train: {'epoch': 594, 'time_epoch': 1.11278, 'eta': 450.21617, 'eta_hours': 0.12506, 'loss': 0.14696084, 'lr': 0.00042743, 'params': 202600, 'time_iter': 0.02782, 'accuracy': 0.97699, 'f1': 0.97698, 'auc': 0.96833}
val: {'epoch': 594, 'time_epoch': 0.07, 'loss': 0.18525042, 'lr': 0, 'params': 202600, 'time_iter': 0.0175, 'accuracy': 0.96644, 'f1': 0.96642, 'auc': 0.96384}
test: {'epoch': 594, 'time_epoch': 0.07, 'loss': 0.17988998, 'lr': 0, 'params': 202600, 'time_iter': 0.0175, 'accuracy': 0.96785, 'f1': 0.96783, 'auc': 0.96527}
> Epoch 594: took 1.5s (avg 1.5s) | Best so far: epoch 406	train_loss: 0.1548 train_accuracy: 0.9767	val_loss: 0.1785 val_accuracy: 0.9686	test_loss: 0.1728 test_accuracy: 0.9699
train: {'epoch': 595, 'time_epoch': 1.0978, 'eta': 449.09514, 'eta_hours': 0.12475, 'loss': 0.14668557, 'lr': 0.00042637, 'params': 202600, 'time_iter': 0.02745, 'accuracy': 0.97699, 'f1': 0.97698, 'auc': 0.96818}
val: {'epoch': 595, 'time_epoch': 0.07151, 'loss': 0.18660628, 'lr': 0, 'params': 202600, 'time_iter': 0.01788, 'accuracy': 0.9653, 'f1': 0.96527, 'auc': 0.96488}
test: {'epoch': 595, 'time_epoch': 0.06951, 'loss': 0.18190974, 'lr': 0, 'params': 202600, 'time_iter': 0.01738, 'accuracy': 0.96761, 'f1': 0.96759, 'auc': 0.96598}
> Epoch 595: took 1.5s (avg 1.5s) | Best so far: epoch 406	train_loss: 0.1548 train_accuracy: 0.9767	val_loss: 0.1785 val_accuracy: 0.9686	test_loss: 0.1728 test_accuracy: 0.9699
train: {'epoch': 596, 'time_epoch': 1.12964, 'eta': 447.99568, 'eta_hours': 0.12444, 'loss': 0.14671497, 'lr': 0.00042532, 'params': 202600, 'time_iter': 0.02824, 'accuracy': 0.97701, 'f1': 0.977, 'auc': 0.96832}
val: {'epoch': 596, 'time_epoch': 0.0705, 'loss': 0.18740113, 'lr': 0, 'params': 202600, 'time_iter': 0.01763, 'accuracy': 0.96144, 'f1': 0.96143, 'auc': 0.96518}
test: {'epoch': 596, 'time_epoch': 0.06851, 'loss': 0.18375078, 'lr': 0, 'params': 202600, 'time_iter': 0.01713, 'accuracy': 0.96331, 'f1': 0.9633, 'auc': 0.96611}
> Epoch 596: took 1.5s (avg 1.5s) | Best so far: epoch 406	train_loss: 0.1548 train_accuracy: 0.9767	val_loss: 0.1785 val_accuracy: 0.9686	test_loss: 0.1728 test_accuracy: 0.9699
train: {'epoch': 597, 'time_epoch': 1.12419, 'eta': 446.89245, 'eta_hours': 0.12414, 'loss': 0.14707952, 'lr': 0.00042427, 'params': 202600, 'time_iter': 0.0281, 'accuracy': 0.97696, 'f1': 0.97695, 'auc': 0.96833}
val: {'epoch': 597, 'time_epoch': 0.07151, 'loss': 0.18543683, 'lr': 0, 'params': 202600, 'time_iter': 0.01788, 'accuracy': 0.9635, 'f1': 0.96348, 'auc': 0.96418}
test: {'epoch': 597, 'time_epoch': 0.06851, 'loss': 0.1798914, 'lr': 0, 'params': 202600, 'time_iter': 0.01713, 'accuracy': 0.9658, 'f1': 0.96578, 'auc': 0.96547}
> Epoch 597: took 1.5s (avg 1.5s) | Best so far: epoch 406	train_loss: 0.1548 train_accuracy: 0.9767	val_loss: 0.1785 val_accuracy: 0.9686	test_loss: 0.1728 test_accuracy: 0.9699
train: {'epoch': 598, 'time_epoch': 1.07456, 'eta': 445.75594, 'eta_hours': 0.12382, 'loss': 0.1466972, 'lr': 0.00042322, 'params': 202600, 'time_iter': 0.02686, 'accuracy': 0.97693, 'f1': 0.97692, 'auc': 0.96826}
val: {'epoch': 598, 'time_epoch': 0.068, 'loss': 0.18661942, 'lr': 0, 'params': 202600, 'time_iter': 0.017, 'accuracy': 0.96374, 'f1': 0.96372, 'auc': 0.96525}
test: {'epoch': 598, 'time_epoch': 0.06774, 'loss': 0.1823474, 'lr': 0, 'params': 202600, 'time_iter': 0.01693, 'accuracy': 0.96619, 'f1': 0.96618, 'auc': 0.9663}
> Epoch 598: took 1.4s (avg 1.5s) | Best so far: epoch 406	train_loss: 0.1548 train_accuracy: 0.9767	val_loss: 0.1785 val_accuracy: 0.9686	test_loss: 0.1728 test_accuracy: 0.9699
train: {'epoch': 599, 'time_epoch': 1.09242, 'eta': 444.63153, 'eta_hours': 0.12351, 'loss': 0.14719465, 'lr': 0.00042216, 'params': 202600, 'time_iter': 0.02731, 'accuracy': 0.97689, 'f1': 0.97688, 'auc': 0.96822}
val: {'epoch': 599, 'time_epoch': 0.0715, 'loss': 0.18627128, 'lr': 0, 'params': 202600, 'time_iter': 0.01788, 'accuracy': 0.96611, 'f1': 0.96609, 'auc': 0.96502}
test: {'epoch': 599, 'time_epoch': 0.0695, 'loss': 0.18127535, 'lr': 0, 'params': 202600, 'time_iter': 0.01738, 'accuracy': 0.96812, 'f1': 0.9681, 'auc': 0.96634}
> Epoch 599: took 1.5s (avg 1.5s) | Best so far: epoch 406	train_loss: 0.1548 train_accuracy: 0.9767	val_loss: 0.1785 val_accuracy: 0.9686	test_loss: 0.1728 test_accuracy: 0.9699
train: {'epoch': 600, 'time_epoch': 1.09384, 'eta': 443.50817, 'eta_hours': 0.1232, 'loss': 0.14650902, 'lr': 0.00042111, 'params': 202600, 'time_iter': 0.02735, 'accuracy': 0.97695, 'f1': 0.97693, 'auc': 0.96862}
val: {'epoch': 600, 'time_epoch': 0.07051, 'loss': 0.18683004, 'lr': 0, 'params': 202600, 'time_iter': 0.01763, 'accuracy': 0.96594, 'f1': 0.96592, 'auc': 0.9645}
test: {'epoch': 600, 'time_epoch': 0.07201, 'loss': 0.18157804, 'lr': 0, 'params': 202600, 'time_iter': 0.018, 'accuracy': 0.96793, 'f1': 0.96791, 'auc': 0.96572}
> Epoch 600: took 1.5s (avg 1.5s) | Best so far: epoch 406	train_loss: 0.1548 train_accuracy: 0.9767	val_loss: 0.1785 val_accuracy: 0.9686	test_loss: 0.1728 test_accuracy: 0.9699
train: {'epoch': 601, 'time_epoch': 1.11046, 'eta': 442.3959, 'eta_hours': 0.12289, 'loss': 0.14638048, 'lr': 0.00042006, 'params': 202600, 'time_iter': 0.02776, 'accuracy': 0.97697, 'f1': 0.97696, 'auc': 0.96858}
val: {'epoch': 601, 'time_epoch': 0.06751, 'loss': 0.18674059, 'lr': 0, 'params': 202600, 'time_iter': 0.01688, 'accuracy': 0.9666, 'f1': 0.96658, 'auc': 0.96385}
test: {'epoch': 601, 'time_epoch': 0.06852, 'loss': 0.18183959, 'lr': 0, 'params': 202600, 'time_iter': 0.01713, 'accuracy': 0.96862, 'f1': 0.9686, 'auc': 0.96496}
> Epoch 601: took 1.5s (avg 1.5s) | Best so far: epoch 406	train_loss: 0.1548 train_accuracy: 0.9767	val_loss: 0.1785 val_accuracy: 0.9686	test_loss: 0.1728 test_accuracy: 0.9699
train: {'epoch': 602, 'time_epoch': 1.22197, 'eta': 441.35705, 'eta_hours': 0.1226, 'loss': 0.14636572, 'lr': 0.00041901, 'params': 202600, 'time_iter': 0.03055, 'accuracy': 0.977, 'f1': 0.97699, 'auc': 0.96841}
val: {'epoch': 602, 'time_epoch': 0.06951, 'loss': 0.19020116, 'lr': 0, 'params': 202600, 'time_iter': 0.01738, 'accuracy': 0.96598, 'f1': 0.96596, 'auc': 0.96485}
test: {'epoch': 602, 'time_epoch': 0.07, 'loss': 0.18440692, 'lr': 0, 'params': 202600, 'time_iter': 0.0175, 'accuracy': 0.96825, 'f1': 0.96823, 'auc': 0.9662}
> Epoch 602: took 1.6s (avg 1.5s) | Best so far: epoch 406	train_loss: 0.1548 train_accuracy: 0.9767	val_loss: 0.1785 val_accuracy: 0.9686	test_loss: 0.1728 test_accuracy: 0.9699
train: {'epoch': 603, 'time_epoch': 1.13162, 'eta': 440.25836, 'eta_hours': 0.12229, 'loss': 0.14621382, 'lr': 0.00041795, 'params': 202600, 'time_iter': 0.02829, 'accuracy': 0.97684, 'f1': 0.97683, 'auc': 0.96879}
val: {'epoch': 603, 'time_epoch': 0.07051, 'loss': 0.18696206, 'lr': 0, 'params': 202600, 'time_iter': 0.01763, 'accuracy': 0.9614, 'f1': 0.96139, 'auc': 0.96457}
test: {'epoch': 603, 'time_epoch': 0.069, 'loss': 0.18279943, 'lr': 0, 'params': 202600, 'time_iter': 0.01725, 'accuracy': 0.96327, 'f1': 0.96326, 'auc': 0.96566}
> Epoch 603: took 1.5s (avg 1.5s) | Best so far: epoch 406	train_loss: 0.1548 train_accuracy: 0.9767	val_loss: 0.1785 val_accuracy: 0.9686	test_loss: 0.1728 test_accuracy: 0.9699
train: {'epoch': 604, 'time_epoch': 1.11561, 'eta': 439.14911, 'eta_hours': 0.12199, 'loss': 0.1463838, 'lr': 0.0004169, 'params': 202600, 'time_iter': 0.02789, 'accuracy': 0.97701, 'f1': 0.97699, 'auc': 0.96857}
val: {'epoch': 604, 'time_epoch': 0.07, 'loss': 0.1892777, 'lr': 0, 'params': 202600, 'time_iter': 0.0175, 'accuracy': 0.96562, 'f1': 0.96559, 'auc': 0.96511}
test: {'epoch': 604, 'time_epoch': 0.0686, 'loss': 0.18530104, 'lr': 0, 'params': 202600, 'time_iter': 0.01715, 'accuracy': 0.96724, 'f1': 0.96722, 'auc': 0.966}
> Epoch 604: took 1.5s (avg 1.5s) | Best so far: epoch 406	train_loss: 0.1548 train_accuracy: 0.9767	val_loss: 0.1785 val_accuracy: 0.9686	test_loss: 0.1728 test_accuracy: 0.9699
train: {'epoch': 605, 'time_epoch': 1.08832, 'eta': 438.0221, 'eta_hours': 0.12167, 'loss': 0.14635436, 'lr': 0.00041585, 'params': 202600, 'time_iter': 0.02721, 'accuracy': 0.97698, 'f1': 0.97697, 'auc': 0.96878}
val: {'epoch': 605, 'time_epoch': 0.07051, 'loss': 0.18873654, 'lr': 0, 'params': 202600, 'time_iter': 0.01763, 'accuracy': 0.96292, 'f1': 0.96291, 'auc': 0.96557}
test: {'epoch': 605, 'time_epoch': 0.06851, 'loss': 0.18360308, 'lr': 0, 'params': 202600, 'time_iter': 0.01713, 'accuracy': 0.96502, 'f1': 0.96501, 'auc': 0.96672}
> Epoch 605: took 1.5s (avg 1.5s) | Best so far: epoch 406	train_loss: 0.1548 train_accuracy: 0.9767	val_loss: 0.1785 val_accuracy: 0.9686	test_loss: 0.1728 test_accuracy: 0.9699
train: {'epoch': 606, 'time_epoch': 1.08788, 'eta': 436.89492, 'eta_hours': 0.12136, 'loss': 0.14620051, 'lr': 0.0004148, 'params': 202600, 'time_iter': 0.0272, 'accuracy': 0.97691, 'f1': 0.9769, 'auc': 0.96864}
val: {'epoch': 606, 'time_epoch': 0.07151, 'loss': 0.18658896, 'lr': 0, 'params': 202600, 'time_iter': 0.01788, 'accuracy': 0.96417, 'f1': 0.96415, 'auc': 0.96528}
test: {'epoch': 606, 'time_epoch': 0.06951, 'loss': 0.18119723, 'lr': 0, 'params': 202600, 'time_iter': 0.01738, 'accuracy': 0.96622, 'f1': 0.9662, 'auc': 0.96667}
> Epoch 606: took 1.5s (avg 1.5s) | Best so far: epoch 406	train_loss: 0.1548 train_accuracy: 0.9767	val_loss: 0.1785 val_accuracy: 0.9686	test_loss: 0.1728 test_accuracy: 0.9699
train: {'epoch': 607, 'time_epoch': 1.11213, 'eta': 435.78351, 'eta_hours': 0.12105, 'loss': 0.14654588, 'lr': 0.00041374, 'params': 202600, 'time_iter': 0.0278, 'accuracy': 0.97688, 'f1': 0.97687, 'auc': 0.96847}
val: {'epoch': 607, 'time_epoch': 0.07051, 'loss': 0.18673376, 'lr': 0, 'params': 202600, 'time_iter': 0.01763, 'accuracy': 0.9656, 'f1': 0.96558, 'auc': 0.96528}
test: {'epoch': 607, 'time_epoch': 0.068, 'loss': 0.18244599, 'lr': 0, 'params': 202600, 'time_iter': 0.017, 'accuracy': 0.9676, 'f1': 0.96758, 'auc': 0.96633}
> Epoch 607: took 1.5s (avg 1.5s) | Best so far: epoch 406	train_loss: 0.1548 train_accuracy: 0.9767	val_loss: 0.1785 val_accuracy: 0.9686	test_loss: 0.1728 test_accuracy: 0.9699
train: {'epoch': 608, 'time_epoch': 1.1128, 'eta': 434.67253, 'eta_hours': 0.12074, 'loss': 0.14627369, 'lr': 0.00041269, 'params': 202600, 'time_iter': 0.02782, 'accuracy': 0.97677, 'f1': 0.97675, 'auc': 0.9687}
val: {'epoch': 608, 'time_epoch': 0.069, 'loss': 0.18830617, 'lr': 0, 'params': 202600, 'time_iter': 0.01725, 'accuracy': 0.96235, 'f1': 0.96233, 'auc': 0.96505}
test: {'epoch': 608, 'time_epoch': 0.06901, 'loss': 0.18322701, 'lr': 0, 'params': 202600, 'time_iter': 0.01725, 'accuracy': 0.96523, 'f1': 0.96521, 'auc': 0.96589}
> Epoch 608: took 1.5s (avg 1.5s) | Best so far: epoch 406	train_loss: 0.1548 train_accuracy: 0.9767	val_loss: 0.1785 val_accuracy: 0.9686	test_loss: 0.1728 test_accuracy: 0.9699
train: {'epoch': 609, 'time_epoch': 1.1125, 'eta': 433.56135, 'eta_hours': 0.12043, 'loss': 0.14600365, 'lr': 0.00041164, 'params': 202600, 'time_iter': 0.02781, 'accuracy': 0.97696, 'f1': 0.97695, 'auc': 0.96884}
val: {'epoch': 609, 'time_epoch': 0.07, 'loss': 0.18699743, 'lr': 0, 'params': 202600, 'time_iter': 0.0175, 'accuracy': 0.96652, 'f1': 0.9665, 'auc': 0.96436}
test: {'epoch': 609, 'time_epoch': 0.07, 'loss': 0.18248233, 'lr': 0, 'params': 202600, 'time_iter': 0.0175, 'accuracy': 0.96804, 'f1': 0.96802, 'auc': 0.96524}
> Epoch 609: took 1.5s (avg 1.5s) | Best so far: epoch 406	train_loss: 0.1548 train_accuracy: 0.9767	val_loss: 0.1785 val_accuracy: 0.9686	test_loss: 0.1728 test_accuracy: 0.9699
train: {'epoch': 610, 'time_epoch': 1.11939, 'eta': 432.45455, 'eta_hours': 0.12013, 'loss': 0.14628203, 'lr': 0.00041059, 'params': 202600, 'time_iter': 0.02798, 'accuracy': 0.9767, 'f1': 0.97669, 'auc': 0.96886}
val: {'epoch': 610, 'time_epoch': 0.069, 'loss': 0.18951301, 'lr': 0, 'params': 202600, 'time_iter': 0.01725, 'accuracy': 0.96651, 'f1': 0.96649, 'auc': 0.9638}
test: {'epoch': 610, 'time_epoch': 0.0725, 'loss': 0.18430621, 'lr': 0, 'params': 202600, 'time_iter': 0.01813, 'accuracy': 0.96869, 'f1': 0.96867, 'auc': 0.96491}
> Epoch 610: took 1.5s (avg 1.5s) | Best so far: epoch 406	train_loss: 0.1548 train_accuracy: 0.9767	val_loss: 0.1785 val_accuracy: 0.9686	test_loss: 0.1728 test_accuracy: 0.9699
train: {'epoch': 611, 'time_epoch': 1.09938, 'eta': 431.33503, 'eta_hours': 0.11982, 'loss': 0.14606365, 'lr': 0.00040953, 'params': 202600, 'time_iter': 0.02748, 'accuracy': 0.97701, 'f1': 0.977, 'auc': 0.96877}
val: {'epoch': 611, 'time_epoch': 0.07002, 'loss': 0.1887441, 'lr': 0, 'params': 202600, 'time_iter': 0.0175, 'accuracy': 0.96429, 'f1': 0.96427, 'auc': 0.96545}
test: {'epoch': 611, 'time_epoch': 0.06851, 'loss': 0.18326334, 'lr': 0, 'params': 202600, 'time_iter': 0.01713, 'accuracy': 0.96621, 'f1': 0.96619, 'auc': 0.96672}
> Epoch 611: took 1.5s (avg 1.5s) | Best so far: epoch 406	train_loss: 0.1548 train_accuracy: 0.9767	val_loss: 0.1785 val_accuracy: 0.9686	test_loss: 0.1728 test_accuracy: 0.9699
train: {'epoch': 612, 'time_epoch': 1.09904, 'eta': 430.21535, 'eta_hours': 0.1195, 'loss': 0.14603999, 'lr': 0.00040848, 'params': 202600, 'time_iter': 0.02748, 'accuracy': 0.97679, 'f1': 0.97678, 'auc': 0.96909}
val: {'epoch': 612, 'time_epoch': 0.07251, 'loss': 0.18632437, 'lr': 0, 'params': 202600, 'time_iter': 0.01813, 'accuracy': 0.96716, 'f1': 0.96713, 'auc': 0.96446}
test: {'epoch': 612, 'time_epoch': 0.06751, 'loss': 0.18075539, 'lr': 0, 'params': 202600, 'time_iter': 0.01688, 'accuracy': 0.96882, 'f1': 0.96879, 'auc': 0.96569}
> Epoch 612: took 1.5s (avg 1.5s) | Best so far: epoch 406	train_loss: 0.1548 train_accuracy: 0.9767	val_loss: 0.1785 val_accuracy: 0.9686	test_loss: 0.1728 test_accuracy: 0.9699
train: {'epoch': 613, 'time_epoch': 1.22144, 'eta': 429.17269, 'eta_hours': 0.11921, 'loss': 0.1455523, 'lr': 0.00040743, 'params': 202600, 'time_iter': 0.03054, 'accuracy': 0.97689, 'f1': 0.97687, 'auc': 0.96893}
val: {'epoch': 613, 'time_epoch': 0.07151, 'loss': 0.18587478, 'lr': 0, 'params': 202600, 'time_iter': 0.01788, 'accuracy': 0.96572, 'f1': 0.9657, 'auc': 0.96413}
test: {'epoch': 613, 'time_epoch': 0.06951, 'loss': 0.18124106, 'lr': 0, 'params': 202600, 'time_iter': 0.01738, 'accuracy': 0.96743, 'f1': 0.96741, 'auc': 0.96518}
> Epoch 613: took 1.6s (avg 1.5s) | Best so far: epoch 406	train_loss: 0.1548 train_accuracy: 0.9767	val_loss: 0.1785 val_accuracy: 0.9686	test_loss: 0.1728 test_accuracy: 0.9699
train: {'epoch': 614, 'time_epoch': 1.10843, 'eta': 428.05871, 'eta_hours': 0.11891, 'loss': 0.14592992, 'lr': 0.00040638, 'params': 202600, 'time_iter': 0.02771, 'accuracy': 0.97678, 'f1': 0.97676, 'auc': 0.96886}
val: {'epoch': 614, 'time_epoch': 0.07051, 'loss': 0.18939747, 'lr': 0, 'params': 202600, 'time_iter': 0.01763, 'accuracy': 0.96346, 'f1': 0.96345, 'auc': 0.96527}
test: {'epoch': 614, 'time_epoch': 0.06851, 'loss': 0.18470641, 'lr': 0, 'params': 202600, 'time_iter': 0.01713, 'accuracy': 0.96541, 'f1': 0.96539, 'auc': 0.9663}
> Epoch 614: took 1.5s (avg 1.5s) | Best so far: epoch 406	train_loss: 0.1548 train_accuracy: 0.9767	val_loss: 0.1785 val_accuracy: 0.9686	test_loss: 0.1728 test_accuracy: 0.9699
train: {'epoch': 615, 'time_epoch': 1.09832, 'eta': 426.93844, 'eta_hours': 0.11859, 'loss': 0.14570919, 'lr': 0.00040532, 'params': 202600, 'time_iter': 0.02746, 'accuracy': 0.97685, 'f1': 0.97684, 'auc': 0.96901}
val: {'epoch': 615, 'time_epoch': 0.069, 'loss': 0.18750436, 'lr': 0, 'params': 202600, 'time_iter': 0.01725, 'accuracy': 0.96496, 'f1': 0.96494, 'auc': 0.96476}
test: {'epoch': 615, 'time_epoch': 0.069, 'loss': 0.18293404, 'lr': 0, 'params': 202600, 'time_iter': 0.01725, 'accuracy': 0.96675, 'f1': 0.96674, 'auc': 0.96603}
> Epoch 615: took 1.5s (avg 1.5s) | Best so far: epoch 406	train_loss: 0.1548 train_accuracy: 0.9767	val_loss: 0.1785 val_accuracy: 0.9686	test_loss: 0.1728 test_accuracy: 0.9699
train: {'epoch': 616, 'time_epoch': 1.084, 'eta': 425.80935, 'eta_hours': 0.11828, 'loss': 0.14566338, 'lr': 0.00040427, 'params': 202600, 'time_iter': 0.0271, 'accuracy': 0.97688, 'f1': 0.97687, 'auc': 0.96916}
val: {'epoch': 616, 'time_epoch': 0.06902, 'loss': 0.19195494, 'lr': 0, 'params': 202600, 'time_iter': 0.01726, 'accuracy': 0.96411, 'f1': 0.96409, 'auc': 0.96545}
test: {'epoch': 616, 'time_epoch': 0.06851, 'loss': 0.18636002, 'lr': 0, 'params': 202600, 'time_iter': 0.01713, 'accuracy': 0.96566, 'f1': 0.96564, 'auc': 0.96673}
> Epoch 616: took 1.4s (avg 1.5s) | Best so far: epoch 406	train_loss: 0.1548 train_accuracy: 0.9767	val_loss: 0.1785 val_accuracy: 0.9686	test_loss: 0.1728 test_accuracy: 0.9699
train: {'epoch': 617, 'time_epoch': 1.09391, 'eta': 424.68653, 'eta_hours': 0.11797, 'loss': 0.14566419, 'lr': 0.00040322, 'params': 202600, 'time_iter': 0.02735, 'accuracy': 0.97688, 'f1': 0.97687, 'auc': 0.96911}
val: {'epoch': 617, 'time_epoch': 0.06951, 'loss': 0.18922048, 'lr': 0, 'params': 202600, 'time_iter': 0.01738, 'accuracy': 0.96634, 'f1': 0.96632, 'auc': 0.96474}
test: {'epoch': 617, 'time_epoch': 0.069, 'loss': 0.18414801, 'lr': 0, 'params': 202600, 'time_iter': 0.01725, 'accuracy': 0.96786, 'f1': 0.96784, 'auc': 0.96595}
> Epoch 617: took 1.5s (avg 1.5s) | Best so far: epoch 406	train_loss: 0.1548 train_accuracy: 0.9767	val_loss: 0.1785 val_accuracy: 0.9686	test_loss: 0.1728 test_accuracy: 0.9699
train: {'epoch': 618, 'time_epoch': 1.09652, 'eta': 423.56541, 'eta_hours': 0.11766, 'loss': 0.14527892, 'lr': 0.00040217, 'params': 202600, 'time_iter': 0.02741, 'accuracy': 0.97701, 'f1': 0.977, 'auc': 0.96917}
val: {'epoch': 618, 'time_epoch': 0.069, 'loss': 0.18914013, 'lr': 0, 'params': 202600, 'time_iter': 0.01725, 'accuracy': 0.96554, 'f1': 0.96552, 'auc': 0.96526}
test: {'epoch': 618, 'time_epoch': 0.06851, 'loss': 0.18343738, 'lr': 0, 'params': 202600, 'time_iter': 0.01713, 'accuracy': 0.96706, 'f1': 0.96704, 'auc': 0.96637}
> Epoch 618: took 1.5s (avg 1.5s) | Best so far: epoch 406	train_loss: 0.1548 train_accuracy: 0.9767	val_loss: 0.1785 val_accuracy: 0.9686	test_loss: 0.1728 test_accuracy: 0.9699
train: {'epoch': 619, 'time_epoch': 1.07408, 'eta': 422.43063, 'eta_hours': 0.11734, 'loss': 0.14547305, 'lr': 0.00040111, 'params': 202600, 'time_iter': 0.02685, 'accuracy': 0.97694, 'f1': 0.97693, 'auc': 0.96915}
val: {'epoch': 619, 'time_epoch': 0.06851, 'loss': 0.18987041, 'lr': 0, 'params': 202600, 'time_iter': 0.01713, 'accuracy': 0.96409, 'f1': 0.96407, 'auc': 0.96549}
test: {'epoch': 619, 'time_epoch': 0.06951, 'loss': 0.18457315, 'lr': 0, 'params': 202600, 'time_iter': 0.01738, 'accuracy': 0.96616, 'f1': 0.96614, 'auc': 0.96691}
> Epoch 619: took 1.5s (avg 1.5s) | Best so far: epoch 406	train_loss: 0.1548 train_accuracy: 0.9767	val_loss: 0.1785 val_accuracy: 0.9686	test_loss: 0.1728 test_accuracy: 0.9699
train: {'epoch': 620, 'time_epoch': 1.08911, 'eta': 421.3052, 'eta_hours': 0.11703, 'loss': 0.14533316, 'lr': 0.00040006, 'params': 202600, 'time_iter': 0.02723, 'accuracy': 0.97687, 'f1': 0.97686, 'auc': 0.96921}
val: {'epoch': 620, 'time_epoch': 0.07, 'loss': 0.18678916, 'lr': 0, 'params': 202600, 'time_iter': 0.0175, 'accuracy': 0.96557, 'f1': 0.96555, 'auc': 0.96456}
test: {'epoch': 620, 'time_epoch': 0.06967, 'loss': 0.181103, 'lr': 0, 'params': 202600, 'time_iter': 0.01742, 'accuracy': 0.96775, 'f1': 0.96773, 'auc': 0.96582}
> Epoch 620: took 1.5s (avg 1.5s) | Best so far: epoch 406	train_loss: 0.1548 train_accuracy: 0.9767	val_loss: 0.1785 val_accuracy: 0.9686	test_loss: 0.1728 test_accuracy: 0.9699
train: {'epoch': 621, 'time_epoch': 1.14862, 'eta': 420.21606, 'eta_hours': 0.11673, 'loss': 0.1452812, 'lr': 0.00039901, 'params': 202600, 'time_iter': 0.02872, 'accuracy': 0.97691, 'f1': 0.97689, 'auc': 0.96916}
val: {'epoch': 621, 'time_epoch': 0.06951, 'loss': 0.18669521, 'lr': 0, 'params': 202600, 'time_iter': 0.01738, 'accuracy': 0.96428, 'f1': 0.96426, 'auc': 0.96409}
test: {'epoch': 621, 'time_epoch': 0.07051, 'loss': 0.18077244, 'lr': 0, 'params': 202600, 'time_iter': 0.01763, 'accuracy': 0.96619, 'f1': 0.96617, 'auc': 0.96554}
> Epoch 621: took 1.5s (avg 1.5s) | Best so far: epoch 406	train_loss: 0.1548 train_accuracy: 0.9767	val_loss: 0.1785 val_accuracy: 0.9686	test_loss: 0.1728 test_accuracy: 0.9699
train: {'epoch': 622, 'time_epoch': 1.09632, 'eta': 419.09508, 'eta_hours': 0.11642, 'loss': 0.14520242, 'lr': 0.00039795, 'params': 202600, 'time_iter': 0.02741, 'accuracy': 0.97686, 'f1': 0.97685, 'auc': 0.96903}
val: {'epoch': 622, 'time_epoch': 0.0705, 'loss': 0.19132617, 'lr': 0, 'params': 202600, 'time_iter': 0.01763, 'accuracy': 0.96306, 'f1': 0.96305, 'auc': 0.96675}
test: {'epoch': 622, 'time_epoch': 0.06751, 'loss': 0.18486622, 'lr': 0, 'params': 202600, 'time_iter': 0.01688, 'accuracy': 0.96409, 'f1': 0.96408, 'auc': 0.96834}
> Epoch 622: took 1.5s (avg 1.5s) | Best so far: epoch 406	train_loss: 0.1548 train_accuracy: 0.9767	val_loss: 0.1785 val_accuracy: 0.9686	test_loss: 0.1728 test_accuracy: 0.9699
train: {'epoch': 623, 'time_epoch': 1.06069, 'eta': 417.95271, 'eta_hours': 0.1161, 'loss': 0.14518535, 'lr': 0.0003969, 'params': 202600, 'time_iter': 0.02652, 'accuracy': 0.97696, 'f1': 0.97694, 'auc': 0.96943}
val: {'epoch': 623, 'time_epoch': 0.06851, 'loss': 0.19237332, 'lr': 0, 'params': 202600, 'time_iter': 0.01713, 'accuracy': 0.96118, 'f1': 0.96117, 'auc': 0.96664}
test: {'epoch': 623, 'time_epoch': 0.06701, 'loss': 0.18661146, 'lr': 0, 'params': 202600, 'time_iter': 0.01675, 'accuracy': 0.96272, 'f1': 0.96271, 'auc': 0.96785}
> Epoch 623: took 1.4s (avg 1.5s) | Best so far: epoch 406	train_loss: 0.1548 train_accuracy: 0.9767	val_loss: 0.1785 val_accuracy: 0.9686	test_loss: 0.1728 test_accuracy: 0.9699
train: {'epoch': 624, 'time_epoch': 1.09316, 'eta': 416.83009, 'eta_hours': 0.11579, 'loss': 0.14501864, 'lr': 0.00039585, 'params': 202600, 'time_iter': 0.02733, 'accuracy': 0.97693, 'f1': 0.97692, 'auc': 0.96953}
val: {'epoch': 624, 'time_epoch': 0.06951, 'loss': 0.19092152, 'lr': 0, 'params': 202600, 'time_iter': 0.01738, 'accuracy': 0.96539, 'f1': 0.96536, 'auc': 0.96577}
test: {'epoch': 624, 'time_epoch': 0.06751, 'loss': 0.18508722, 'lr': 0, 'params': 202600, 'time_iter': 0.01688, 'accuracy': 0.9675, 'f1': 0.96748, 'auc': 0.96711}
> Epoch 624: took 1.5s (avg 1.5s) | Best so far: epoch 406	train_loss: 0.1548 train_accuracy: 0.9767	val_loss: 0.1785 val_accuracy: 0.9686	test_loss: 0.1728 test_accuracy: 0.9699
train: {'epoch': 625, 'time_epoch': 1.08885, 'eta': 415.70498, 'eta_hours': 0.11547, 'loss': 0.14462284, 'lr': 0.0003948, 'params': 202600, 'time_iter': 0.02722, 'accuracy': 0.97678, 'f1': 0.97676, 'auc': 0.96974}
val: {'epoch': 625, 'time_epoch': 0.07051, 'loss': 0.19154707, 'lr': 0, 'params': 202600, 'time_iter': 0.01763, 'accuracy': 0.96483, 'f1': 0.96481, 'auc': 0.96566}
test: {'epoch': 625, 'time_epoch': 0.06851, 'loss': 0.18602924, 'lr': 0, 'params': 202600, 'time_iter': 0.01713, 'accuracy': 0.96702, 'f1': 0.967, 'auc': 0.96692}
> Epoch 625: took 1.5s (avg 1.5s) | Best so far: epoch 406	train_loss: 0.1548 train_accuracy: 0.9767	val_loss: 0.1785 val_accuracy: 0.9686	test_loss: 0.1728 test_accuracy: 0.9699
train: {'epoch': 626, 'time_epoch': 1.10182, 'eta': 414.58771, 'eta_hours': 0.11516, 'loss': 0.14495183, 'lr': 0.00039374, 'params': 202600, 'time_iter': 0.02755, 'accuracy': 0.97699, 'f1': 0.97698, 'auc': 0.96927}
val: {'epoch': 626, 'time_epoch': 0.07006, 'loss': 0.18828833, 'lr': 0, 'params': 202600, 'time_iter': 0.01751, 'accuracy': 0.96304, 'f1': 0.96302, 'auc': 0.96562}
test: {'epoch': 626, 'time_epoch': 0.06978, 'loss': 0.18306348, 'lr': 0, 'params': 202600, 'time_iter': 0.01745, 'accuracy': 0.96475, 'f1': 0.96474, 'auc': 0.9668}
> Epoch 626: took 1.5s (avg 1.5s) | Best so far: epoch 406	train_loss: 0.1548 train_accuracy: 0.9767	val_loss: 0.1785 val_accuracy: 0.9686	test_loss: 0.1728 test_accuracy: 0.9699
train: {'epoch': 627, 'time_epoch': 1.1123, 'eta': 413.47669, 'eta_hours': 0.11485, 'loss': 0.14537735, 'lr': 0.00039269, 'params': 202600, 'time_iter': 0.02781, 'accuracy': 0.97679, 'f1': 0.97678, 'auc': 0.96938}
val: {'epoch': 627, 'time_epoch': 0.072, 'loss': 0.1911034, 'lr': 0, 'params': 202600, 'time_iter': 0.018, 'accuracy': 0.96562, 'f1': 0.96559, 'auc': 0.96509}
test: {'epoch': 627, 'time_epoch': 0.07, 'loss': 0.1858353, 'lr': 0, 'params': 202600, 'time_iter': 0.0175, 'accuracy': 0.96814, 'f1': 0.96812, 'auc': 0.96628}
> Epoch 627: took 1.5s (avg 1.5s) | Best so far: epoch 406	train_loss: 0.1548 train_accuracy: 0.9767	val_loss: 0.1785 val_accuracy: 0.9686	test_loss: 0.1728 test_accuracy: 0.9699
train: {'epoch': 628, 'time_epoch': 1.13628, 'eta': 412.37981, 'eta_hours': 0.11455, 'loss': 0.1444084, 'lr': 0.00039164, 'params': 202600, 'time_iter': 0.02841, 'accuracy': 0.97691, 'f1': 0.9769, 'auc': 0.96966}
val: {'epoch': 628, 'time_epoch': 0.069, 'loss': 0.18869187, 'lr': 0, 'params': 202600, 'time_iter': 0.01725, 'accuracy': 0.9637, 'f1': 0.96368, 'auc': 0.96473}
test: {'epoch': 628, 'time_epoch': 0.06951, 'loss': 0.18378143, 'lr': 0, 'params': 202600, 'time_iter': 0.01738, 'accuracy': 0.96552, 'f1': 0.9655, 'auc': 0.96589}
> Epoch 628: took 1.5s (avg 1.5s) | Best so far: epoch 406	train_loss: 0.1548 train_accuracy: 0.9767	val_loss: 0.1785 val_accuracy: 0.9686	test_loss: 0.1728 test_accuracy: 0.9699
train: {'epoch': 629, 'time_epoch': 1.11673, 'eta': 411.27133, 'eta_hours': 0.11424, 'loss': 0.14465771, 'lr': 0.00039059, 'params': 202600, 'time_iter': 0.02792, 'accuracy': 0.97685, 'f1': 0.97684, 'auc': 0.96958}
val: {'epoch': 629, 'time_epoch': 0.069, 'loss': 0.18877996, 'lr': 0, 'params': 202600, 'time_iter': 0.01725, 'accuracy': 0.96554, 'f1': 0.96551, 'auc': 0.96488}
test: {'epoch': 629, 'time_epoch': 0.068, 'loss': 0.183708, 'lr': 0, 'params': 202600, 'time_iter': 0.017, 'accuracy': 0.96723, 'f1': 0.96721, 'auc': 0.96595}
> Epoch 629: took 1.5s (avg 1.5s) | Best so far: epoch 406	train_loss: 0.1548 train_accuracy: 0.9767	val_loss: 0.1785 val_accuracy: 0.9686	test_loss: 0.1728 test_accuracy: 0.9699
train: {'epoch': 630, 'time_epoch': 1.11516, 'eta': 410.1619, 'eta_hours': 0.11393, 'loss': 0.14495172, 'lr': 0.00038953, 'params': 202600, 'time_iter': 0.02788, 'accuracy': 0.9769, 'f1': 0.97689, 'auc': 0.96938}
val: {'epoch': 630, 'time_epoch': 0.07051, 'loss': 0.18892927, 'lr': 0, 'params': 202600, 'time_iter': 0.01763, 'accuracy': 0.96397, 'f1': 0.96395, 'auc': 0.9655}
test: {'epoch': 630, 'time_epoch': 0.06851, 'loss': 0.18339367, 'lr': 0, 'params': 202600, 'time_iter': 0.01713, 'accuracy': 0.96633, 'f1': 0.96632, 'auc': 0.96677}
> Epoch 630: took 1.5s (avg 1.5s) | Best so far: epoch 406	train_loss: 0.1548 train_accuracy: 0.9767	val_loss: 0.1785 val_accuracy: 0.9686	test_loss: 0.1728 test_accuracy: 0.9699
train: {'epoch': 631, 'time_epoch': 1.1148, 'eta': 409.05224, 'eta_hours': 0.11363, 'loss': 0.14462059, 'lr': 0.00038848, 'params': 202600, 'time_iter': 0.02787, 'accuracy': 0.97685, 'f1': 0.97684, 'auc': 0.9697}
val: {'epoch': 631, 'time_epoch': 0.07051, 'loss': 0.18795936, 'lr': 0, 'params': 202600, 'time_iter': 0.01763, 'accuracy': 0.96548, 'f1': 0.96546, 'auc': 0.96493}
test: {'epoch': 631, 'time_epoch': 0.06851, 'loss': 0.1834131, 'lr': 0, 'params': 202600, 'time_iter': 0.01713, 'accuracy': 0.96712, 'f1': 0.9671, 'auc': 0.96587}
> Epoch 631: took 1.5s (avg 1.5s) | Best so far: epoch 406	train_loss: 0.1548 train_accuracy: 0.9767	val_loss: 0.1785 val_accuracy: 0.9686	test_loss: 0.1728 test_accuracy: 0.9699
train: {'epoch': 632, 'time_epoch': 1.11531, 'eta': 407.94286, 'eta_hours': 0.11332, 'loss': 0.14529896, 'lr': 0.00038743, 'params': 202600, 'time_iter': 0.02788, 'accuracy': 0.9767, 'f1': 0.97669, 'auc': 0.96928}
val: {'epoch': 632, 'time_epoch': 0.07051, 'loss': 0.19032798, 'lr': 0, 'params': 202600, 'time_iter': 0.01763, 'accuracy': 0.96638, 'f1': 0.96636, 'auc': 0.96477}
test: {'epoch': 632, 'time_epoch': 0.06851, 'loss': 0.18525242, 'lr': 0, 'params': 202600, 'time_iter': 0.01713, 'accuracy': 0.96822, 'f1': 0.9682, 'auc': 0.96586}
> Epoch 632: took 1.5s (avg 1.5s) | Best so far: epoch 406	train_loss: 0.1548 train_accuracy: 0.9767	val_loss: 0.1785 val_accuracy: 0.9686	test_loss: 0.1728 test_accuracy: 0.9699
train: {'epoch': 633, 'time_epoch': 1.23442, 'eta': 406.90223, 'eta_hours': 0.11303, 'loss': 0.14496668, 'lr': 0.00038638, 'params': 202600, 'time_iter': 0.03086, 'accuracy': 0.97691, 'f1': 0.9769, 'auc': 0.96945}
val: {'epoch': 633, 'time_epoch': 0.06951, 'loss': 0.1903482, 'lr': 0, 'params': 202600, 'time_iter': 0.01738, 'accuracy': 0.96424, 'f1': 0.96422, 'auc': 0.96565}
test: {'epoch': 633, 'time_epoch': 0.06901, 'loss': 0.18487299, 'lr': 0, 'params': 202600, 'time_iter': 0.01725, 'accuracy': 0.96517, 'f1': 0.96516, 'auc': 0.96683}
> Epoch 633: took 1.6s (avg 1.5s) | Best so far: epoch 406	train_loss: 0.1548 train_accuracy: 0.9767	val_loss: 0.1785 val_accuracy: 0.9686	test_loss: 0.1728 test_accuracy: 0.9699
train: {'epoch': 634, 'time_epoch': 1.10229, 'eta': 405.78503, 'eta_hours': 0.11272, 'loss': 0.14440105, 'lr': 0.00038532, 'params': 202600, 'time_iter': 0.02756, 'accuracy': 0.97694, 'f1': 0.97692, 'auc': 0.96972}
val: {'epoch': 634, 'time_epoch': 0.069, 'loss': 0.18910446, 'lr': 0, 'params': 202600, 'time_iter': 0.01725, 'accuracy': 0.96539, 'f1': 0.96537, 'auc': 0.96608}
test: {'epoch': 634, 'time_epoch': 0.07151, 'loss': 0.18405613, 'lr': 0, 'params': 202600, 'time_iter': 0.01788, 'accuracy': 0.96674, 'f1': 0.96672, 'auc': 0.96706}
> Epoch 634: took 1.5s (avg 1.5s) | Best so far: epoch 406	train_loss: 0.1548 train_accuracy: 0.9767	val_loss: 0.1785 val_accuracy: 0.9686	test_loss: 0.1728 test_accuracy: 0.9699
train: {'epoch': 635, 'time_epoch': 1.10428, 'eta': 404.66902, 'eta_hours': 0.11241, 'loss': 0.14425018, 'lr': 0.00038427, 'params': 202600, 'time_iter': 0.02761, 'accuracy': 0.97685, 'f1': 0.97684, 'auc': 0.96973}
val: {'epoch': 635, 'time_epoch': 0.06951, 'loss': 0.19028629, 'lr': 0, 'params': 202600, 'time_iter': 0.01738, 'accuracy': 0.96585, 'f1': 0.96583, 'auc': 0.96609}
test: {'epoch': 635, 'time_epoch': 0.06951, 'loss': 0.1856985, 'lr': 0, 'params': 202600, 'time_iter': 0.01738, 'accuracy': 0.96683, 'f1': 0.96682, 'auc': 0.96704}
> Epoch 635: took 1.5s (avg 1.5s) | Best so far: epoch 406	train_loss: 0.1548 train_accuracy: 0.9767	val_loss: 0.1785 val_accuracy: 0.9686	test_loss: 0.1728 test_accuracy: 0.9699
train: {'epoch': 636, 'time_epoch': 1.10762, 'eta': 403.55495, 'eta_hours': 0.1121, 'loss': 0.14436545, 'lr': 0.00038322, 'params': 202600, 'time_iter': 0.02769, 'accuracy': 0.9769, 'f1': 0.97689, 'auc': 0.9698}
val: {'epoch': 636, 'time_epoch': 0.06951, 'loss': 0.19219082, 'lr': 0, 'params': 202600, 'time_iter': 0.01738, 'accuracy': 0.96417, 'f1': 0.96415, 'auc': 0.96611}
test: {'epoch': 636, 'time_epoch': 0.06851, 'loss': 0.18653972, 'lr': 0, 'params': 202600, 'time_iter': 0.01713, 'accuracy': 0.96585, 'f1': 0.96583, 'auc': 0.9673}
> Epoch 636: took 1.5s (avg 1.5s) | Best so far: epoch 406	train_loss: 0.1548 train_accuracy: 0.9767	val_loss: 0.1785 val_accuracy: 0.9686	test_loss: 0.1728 test_accuracy: 0.9699
train: {'epoch': 637, 'time_epoch': 1.1199, 'eta': 402.44787, 'eta_hours': 0.11179, 'loss': 0.14391724, 'lr': 0.00038217, 'params': 202600, 'time_iter': 0.028, 'accuracy': 0.97698, 'f1': 0.97697, 'auc': 0.96997}
val: {'epoch': 637, 'time_epoch': 0.07551, 'loss': 0.18978461, 'lr': 0, 'params': 202600, 'time_iter': 0.01888, 'accuracy': 0.96607, 'f1': 0.96605, 'auc': 0.96539}
test: {'epoch': 637, 'time_epoch': 0.08002, 'loss': 0.18464735, 'lr': 0, 'params': 202600, 'time_iter': 0.02, 'accuracy': 0.96745, 'f1': 0.96743, 'auc': 0.96641}
> Epoch 637: took 1.5s (avg 1.5s) | Best so far: epoch 406	train_loss: 0.1548 train_accuracy: 0.9767	val_loss: 0.1785 val_accuracy: 0.9686	test_loss: 0.1728 test_accuracy: 0.9699
train: {'epoch': 638, 'time_epoch': 1.09613, 'eta': 401.32732, 'eta_hours': 0.11148, 'loss': 0.14386967, 'lr': 0.00038111, 'params': 202600, 'time_iter': 0.0274, 'accuracy': 0.97673, 'f1': 0.97672, 'auc': 0.97016}
val: {'epoch': 638, 'time_epoch': 0.09051, 'loss': 0.19243203, 'lr': 0, 'params': 202600, 'time_iter': 0.02263, 'accuracy': 0.9649, 'f1': 0.96488, 'auc': 0.96648}
test: {'epoch': 638, 'time_epoch': 0.06851, 'loss': 0.18681898, 'lr': 0, 'params': 202600, 'time_iter': 0.01713, 'accuracy': 0.96592, 'f1': 0.9659, 'auc': 0.96772}
> Epoch 638: took 1.5s (avg 1.5s) | Best so far: epoch 406	train_loss: 0.1548 train_accuracy: 0.9767	val_loss: 0.1785 val_accuracy: 0.9686	test_loss: 0.1728 test_accuracy: 0.9699
train: {'epoch': 639, 'time_epoch': 1.08284, 'eta': 400.19937, 'eta_hours': 0.11117, 'loss': 0.14397845, 'lr': 0.00038006, 'params': 202600, 'time_iter': 0.02707, 'accuracy': 0.9768, 'f1': 0.97679, 'auc': 0.9701}
val: {'epoch': 639, 'time_epoch': 0.071, 'loss': 0.19190384, 'lr': 0, 'params': 202600, 'time_iter': 0.01775, 'accuracy': 0.96622, 'f1': 0.9662, 'auc': 0.96547}
test: {'epoch': 639, 'time_epoch': 0.06951, 'loss': 0.18521353, 'lr': 0, 'params': 202600, 'time_iter': 0.01738, 'accuracy': 0.96774, 'f1': 0.96772, 'auc': 0.96675}
> Epoch 639: took 1.5s (avg 1.5s) | Best so far: epoch 406	train_loss: 0.1548 train_accuracy: 0.9767	val_loss: 0.1785 val_accuracy: 0.9686	test_loss: 0.1728 test_accuracy: 0.9699
train: {'epoch': 640, 'time_epoch': 1.10683, 'eta': 399.08499, 'eta_hours': 0.11086, 'loss': 0.14415388, 'lr': 0.00037901, 'params': 202600, 'time_iter': 0.02767, 'accuracy': 0.97683, 'f1': 0.97682, 'auc': 0.9699}
val: {'epoch': 640, 'time_epoch': 0.07052, 'loss': 0.19246396, 'lr': 0, 'params': 202600, 'time_iter': 0.01763, 'accuracy': 0.96667, 'f1': 0.96665, 'auc': 0.9651}
test: {'epoch': 640, 'time_epoch': 0.06851, 'loss': 0.18638578, 'lr': 0, 'params': 202600, 'time_iter': 0.01713, 'accuracy': 0.96806, 'f1': 0.96804, 'auc': 0.96645}
> Epoch 640: took 1.5s (avg 1.5s) | Best so far: epoch 406	train_loss: 0.1548 train_accuracy: 0.9767	val_loss: 0.1785 val_accuracy: 0.9686	test_loss: 0.1728 test_accuracy: 0.9699
train: {'epoch': 641, 'time_epoch': 1.09902, 'eta': 397.96629, 'eta_hours': 0.11055, 'loss': 0.14387785, 'lr': 0.00037796, 'params': 202600, 'time_iter': 0.02748, 'accuracy': 0.97684, 'f1': 0.97683, 'auc': 0.97012}
val: {'epoch': 641, 'time_epoch': 0.07051, 'loss': 0.19023279, 'lr': 0, 'params': 202600, 'time_iter': 0.01763, 'accuracy': 0.96178, 'f1': 0.96177, 'auc': 0.96489}
test: {'epoch': 641, 'time_epoch': 0.06951, 'loss': 0.18402064, 'lr': 0, 'params': 202600, 'time_iter': 0.01738, 'accuracy': 0.96343, 'f1': 0.96341, 'auc': 0.966}
> Epoch 641: took 1.5s (avg 1.5s) | Best so far: epoch 406	train_loss: 0.1548 train_accuracy: 0.9767	val_loss: 0.1785 val_accuracy: 0.9686	test_loss: 0.1728 test_accuracy: 0.9699
train: {'epoch': 642, 'time_epoch': 1.11134, 'eta': 396.85449, 'eta_hours': 0.11024, 'loss': 0.14471025, 'lr': 0.0003769, 'params': 202600, 'time_iter': 0.02778, 'accuracy': 0.97684, 'f1': 0.97683, 'auc': 0.96988}
val: {'epoch': 642, 'time_epoch': 0.06951, 'loss': 0.19087494, 'lr': 0, 'params': 202600, 'time_iter': 0.01738, 'accuracy': 0.96401, 'f1': 0.96399, 'auc': 0.96639}
test: {'epoch': 642, 'time_epoch': 0.06801, 'loss': 0.18407228, 'lr': 0, 'params': 202600, 'time_iter': 0.017, 'accuracy': 0.96553, 'f1': 0.96551, 'auc': 0.96763}
> Epoch 642: took 1.5s (avg 1.5s) | Best so far: epoch 406	train_loss: 0.1548 train_accuracy: 0.9767	val_loss: 0.1785 val_accuracy: 0.9686	test_loss: 0.1728 test_accuracy: 0.9699
train: {'epoch': 643, 'time_epoch': 1.06228, 'eta': 395.71557, 'eta_hours': 0.10992, 'loss': 0.14376698, 'lr': 0.00037585, 'params': 202600, 'time_iter': 0.02656, 'accuracy': 0.97676, 'f1': 0.97675, 'auc': 0.9702}
val: {'epoch': 643, 'time_epoch': 0.18653, 'loss': 0.19177819, 'lr': 0, 'params': 202600, 'time_iter': 0.04663, 'accuracy': 0.96492, 'f1': 0.9649, 'auc': 0.96584}
test: {'epoch': 643, 'time_epoch': 0.07051, 'loss': 0.18522462, 'lr': 0, 'params': 202600, 'time_iter': 0.01763, 'accuracy': 0.96671, 'f1': 0.9667, 'auc': 0.9673}
> Epoch 643: took 1.6s (avg 1.5s) | Best so far: epoch 406	train_loss: 0.1548 train_accuracy: 0.9767	val_loss: 0.1785 val_accuracy: 0.9686	test_loss: 0.1728 test_accuracy: 0.9699
train: {'epoch': 644, 'time_epoch': 1.10253, 'eta': 394.59904, 'eta_hours': 0.10961, 'loss': 0.14401905, 'lr': 0.0003748, 'params': 202600, 'time_iter': 0.02756, 'accuracy': 0.9768, 'f1': 0.97678, 'auc': 0.97015}
val: {'epoch': 644, 'time_epoch': 0.07251, 'loss': 0.18964225, 'lr': 0, 'params': 202600, 'time_iter': 0.01813, 'accuracy': 0.96338, 'f1': 0.96336, 'auc': 0.96574}
test: {'epoch': 644, 'time_epoch': 0.06851, 'loss': 0.18297458, 'lr': 0, 'params': 202600, 'time_iter': 0.01713, 'accuracy': 0.96586, 'f1': 0.96584, 'auc': 0.96697}
> Epoch 644: took 1.5s (avg 1.5s) | Best so far: epoch 406	train_loss: 0.1548 train_accuracy: 0.9767	val_loss: 0.1785 val_accuracy: 0.9686	test_loss: 0.1728 test_accuracy: 0.9699
train: {'epoch': 645, 'time_epoch': 1.10551, 'eta': 393.48419, 'eta_hours': 0.1093, 'loss': 0.14439476, 'lr': 0.00037375, 'params': 202600, 'time_iter': 0.02764, 'accuracy': 0.97674, 'f1': 0.97673, 'auc': 0.96976}
val: {'epoch': 645, 'time_epoch': 0.06951, 'loss': 0.18985034, 'lr': 0, 'params': 202600, 'time_iter': 0.01738, 'accuracy': 0.96451, 'f1': 0.96449, 'auc': 0.96636}
test: {'epoch': 645, 'time_epoch': 0.08551, 'loss': 0.18433023, 'lr': 0, 'params': 202600, 'time_iter': 0.02138, 'accuracy': 0.96578, 'f1': 0.96576, 'auc': 0.96738}
> Epoch 645: took 1.5s (avg 1.5s) | Best so far: epoch 406	train_loss: 0.1548 train_accuracy: 0.9767	val_loss: 0.1785 val_accuracy: 0.9686	test_loss: 0.1728 test_accuracy: 0.9699
train: {'epoch': 646, 'time_epoch': 1.0946, 'eta': 392.36341, 'eta_hours': 0.10899, 'loss': 0.14373144, 'lr': 0.00037269, 'params': 202600, 'time_iter': 0.02737, 'accuracy': 0.9768, 'f1': 0.97679, 'auc': 0.97008}
val: {'epoch': 646, 'time_epoch': 0.07351, 'loss': 0.19468895, 'lr': 0, 'params': 202600, 'time_iter': 0.01838, 'accuracy': 0.96178, 'f1': 0.96177, 'auc': 0.96715}
test: {'epoch': 646, 'time_epoch': 0.07, 'loss': 0.18917664, 'lr': 0, 'params': 202600, 'time_iter': 0.0175, 'accuracy': 0.96343, 'f1': 0.96341, 'auc': 0.9681}
> Epoch 646: took 1.5s (avg 1.5s) | Best so far: epoch 406	train_loss: 0.1548 train_accuracy: 0.9767	val_loss: 0.1785 val_accuracy: 0.9686	test_loss: 0.1728 test_accuracy: 0.9699
train: {'epoch': 647, 'time_epoch': 1.10286, 'eta': 391.2472, 'eta_hours': 0.10868, 'loss': 0.14328248, 'lr': 0.00037164, 'params': 202600, 'time_iter': 0.02757, 'accuracy': 0.97692, 'f1': 0.97691, 'auc': 0.97051}
val: {'epoch': 647, 'time_epoch': 0.069, 'loss': 0.19285749, 'lr': 0, 'params': 202600, 'time_iter': 0.01725, 'accuracy': 0.95962, 'f1': 0.95961, 'auc': 0.96662}
test: {'epoch': 647, 'time_epoch': 0.068, 'loss': 0.18719638, 'lr': 0, 'params': 202600, 'time_iter': 0.017, 'accuracy': 0.9616, 'f1': 0.9616, 'auc': 0.96764}
> Epoch 647: took 1.5s (avg 1.5s) | Best so far: epoch 406	train_loss: 0.1548 train_accuracy: 0.9767	val_loss: 0.1785 val_accuracy: 0.9686	test_loss: 0.1728 test_accuracy: 0.9699
train: {'epoch': 648, 'time_epoch': 1.06385, 'eta': 390.10993, 'eta_hours': 0.10836, 'loss': 0.14385668, 'lr': 0.00037059, 'params': 202600, 'time_iter': 0.0266, 'accuracy': 0.9768, 'f1': 0.97679, 'auc': 0.97025}
val: {'epoch': 648, 'time_epoch': 0.07051, 'loss': 0.193751, 'lr': 0, 'params': 202600, 'time_iter': 0.01763, 'accuracy': 0.96524, 'f1': 0.96522, 'auc': 0.96628}
test: {'epoch': 648, 'time_epoch': 0.06951, 'loss': 0.18780981, 'lr': 0, 'params': 202600, 'time_iter': 0.01738, 'accuracy': 0.96681, 'f1': 0.9668, 'auc': 0.96737}
> Epoch 648: took 1.4s (avg 1.5s) | Best so far: epoch 406	train_loss: 0.1548 train_accuracy: 0.9767	val_loss: 0.1785 val_accuracy: 0.9686	test_loss: 0.1728 test_accuracy: 0.9699
train: {'epoch': 649, 'time_epoch': 1.1152, 'eta': 389.00054, 'eta_hours': 0.10806, 'loss': 0.14356813, 'lr': 0.00036954, 'params': 202600, 'time_iter': 0.02788, 'accuracy': 0.97683, 'f1': 0.97682, 'auc': 0.97027}
val: {'epoch': 649, 'time_epoch': 0.07051, 'loss': 0.19386009, 'lr': 0, 'params': 202600, 'time_iter': 0.01763, 'accuracy': 0.96552, 'f1': 0.9655, 'auc': 0.96646}
test: {'epoch': 649, 'time_epoch': 0.06851, 'loss': 0.18748264, 'lr': 0, 'params': 202600, 'time_iter': 0.01713, 'accuracy': 0.96728, 'f1': 0.96726, 'auc': 0.9677}
> Epoch 649: took 1.5s (avg 1.5s) | Best so far: epoch 406	train_loss: 0.1548 train_accuracy: 0.9767	val_loss: 0.1785 val_accuracy: 0.9686	test_loss: 0.1728 test_accuracy: 0.9699
train: {'epoch': 650, 'time_epoch': 1.07052, 'eta': 387.86718, 'eta_hours': 0.10774, 'loss': 0.14314154, 'lr': 0.00036848, 'params': 202600, 'time_iter': 0.02676, 'accuracy': 0.97676, 'f1': 0.97675, 'auc': 0.97056}
val: {'epoch': 650, 'time_epoch': 0.06851, 'loss': 0.19179022, 'lr': 0, 'params': 202600, 'time_iter': 0.01713, 'accuracy': 0.96417, 'f1': 0.96415, 'auc': 0.96643}
test: {'epoch': 650, 'time_epoch': 0.06951, 'loss': 0.18629007, 'lr': 0, 'params': 202600, 'time_iter': 0.01738, 'accuracy': 0.96555, 'f1': 0.96553, 'auc': 0.96769}
> Epoch 650: took 1.4s (avg 1.5s) | Best so far: epoch 406	train_loss: 0.1548 train_accuracy: 0.9767	val_loss: 0.1785 val_accuracy: 0.9686	test_loss: 0.1728 test_accuracy: 0.9699
train: {'epoch': 651, 'time_epoch': 1.06838, 'eta': 386.73287, 'eta_hours': 0.10743, 'loss': 0.1435745, 'lr': 0.00036743, 'params': 202600, 'time_iter': 0.02671, 'accuracy': 0.97688, 'f1': 0.97687, 'auc': 0.97011}
val: {'epoch': 651, 'time_epoch': 0.07655, 'loss': 0.18957378, 'lr': 0, 'params': 202600, 'time_iter': 0.01914, 'accuracy': 0.96714, 'f1': 0.96711, 'auc': 0.96591}
test: {'epoch': 651, 'time_epoch': 0.074, 'loss': 0.18457046, 'lr': 0, 'params': 202600, 'time_iter': 0.0185, 'accuracy': 0.96862, 'f1': 0.9686, 'auc': 0.96714}
> Epoch 651: took 1.5s (avg 1.5s) | Best so far: epoch 406	train_loss: 0.1548 train_accuracy: 0.9767	val_loss: 0.1785 val_accuracy: 0.9686	test_loss: 0.1728 test_accuracy: 0.9699
train: {'epoch': 652, 'time_epoch': 1.10334, 'eta': 385.61733, 'eta_hours': 0.10712, 'loss': 0.14323417, 'lr': 0.00036638, 'params': 202600, 'time_iter': 0.02758, 'accuracy': 0.9768, 'f1': 0.97679, 'auc': 0.97055}
val: {'epoch': 652, 'time_epoch': 0.068, 'loss': 0.19885626, 'lr': 0, 'params': 202600, 'time_iter': 0.017, 'accuracy': 0.96536, 'f1': 0.96533, 'auc': 0.96716}
test: {'epoch': 652, 'time_epoch': 0.0705, 'loss': 0.19146124, 'lr': 0, 'params': 202600, 'time_iter': 0.01763, 'accuracy': 0.96709, 'f1': 0.96707, 'auc': 0.96877}
> Epoch 652: took 1.5s (avg 1.5s) | Best so far: epoch 406	train_loss: 0.1548 train_accuracy: 0.9767	val_loss: 0.1785 val_accuracy: 0.9686	test_loss: 0.1728 test_accuracy: 0.9699
train: {'epoch': 653, 'time_epoch': 1.12432, 'eta': 384.51294, 'eta_hours': 0.10681, 'loss': 0.1433701, 'lr': 0.00036533, 'params': 202600, 'time_iter': 0.02811, 'accuracy': 0.97684, 'f1': 0.97682, 'auc': 0.97049}
val: {'epoch': 653, 'time_epoch': 0.069, 'loss': 0.19357064, 'lr': 0, 'params': 202600, 'time_iter': 0.01725, 'accuracy': 0.96592, 'f1': 0.9659, 'auc': 0.96611}
test: {'epoch': 653, 'time_epoch': 0.06751, 'loss': 0.18653659, 'lr': 0, 'params': 202600, 'time_iter': 0.01688, 'accuracy': 0.96699, 'f1': 0.96697, 'auc': 0.96747}
> Epoch 653: took 1.5s (avg 1.5s) | Best so far: epoch 406	train_loss: 0.1548 train_accuracy: 0.9767	val_loss: 0.1785 val_accuracy: 0.9686	test_loss: 0.1728 test_accuracy: 0.9699
train: {'epoch': 654, 'time_epoch': 1.21933, 'eta': 383.45852, 'eta_hours': 0.10652, 'loss': 0.14290616, 'lr': 0.00036427, 'params': 202600, 'time_iter': 0.03048, 'accuracy': 0.97671, 'f1': 0.9767, 'auc': 0.97057}
val: {'epoch': 654, 'time_epoch': 0.0712, 'loss': 0.20046061, 'lr': 0, 'params': 202600, 'time_iter': 0.0178, 'accuracy': 0.9593, 'f1': 0.95929, 'auc': 0.9683}
test: {'epoch': 654, 'time_epoch': 0.06951, 'loss': 0.19328402, 'lr': 0, 'params': 202600, 'time_iter': 0.01738, 'accuracy': 0.96054, 'f1': 0.96053, 'auc': 0.96965}
> Epoch 654: took 1.6s (avg 1.5s) | Best so far: epoch 406	train_loss: 0.1548 train_accuracy: 0.9767	val_loss: 0.1785 val_accuracy: 0.9686	test_loss: 0.1728 test_accuracy: 0.9699
train: {'epoch': 655, 'time_epoch': 1.10841, 'eta': 382.34544, 'eta_hours': 0.10621, 'loss': 0.14288766, 'lr': 0.00036322, 'params': 202600, 'time_iter': 0.02771, 'accuracy': 0.97684, 'f1': 0.97682, 'auc': 0.97083}
val: {'epoch': 655, 'time_epoch': 0.07051, 'loss': 0.19501599, 'lr': 0, 'params': 202600, 'time_iter': 0.01763, 'accuracy': 0.96491, 'f1': 0.96489, 'auc': 0.96636}
test: {'epoch': 655, 'time_epoch': 0.07002, 'loss': 0.18847087, 'lr': 0, 'params': 202600, 'time_iter': 0.0175, 'accuracy': 0.967, 'f1': 0.96698, 'auc': 0.96796}
> Epoch 655: took 1.5s (avg 1.5s) | Best so far: epoch 406	train_loss: 0.1548 train_accuracy: 0.9767	val_loss: 0.1785 val_accuracy: 0.9686	test_loss: 0.1728 test_accuracy: 0.9699
train: {'epoch': 656, 'time_epoch': 1.15688, 'eta': 381.25768, 'eta_hours': 0.1059, 'loss': 0.14301659, 'lr': 0.00036217, 'params': 202600, 'time_iter': 0.02892, 'accuracy': 0.97677, 'f1': 0.97676, 'auc': 0.97061}
val: {'epoch': 656, 'time_epoch': 0.07049, 'loss': 0.19707602, 'lr': 0, 'params': 202600, 'time_iter': 0.01762, 'accuracy': 0.96514, 'f1': 0.96511, 'auc': 0.9663}
test: {'epoch': 656, 'time_epoch': 0.0705, 'loss': 0.1887858, 'lr': 0, 'params': 202600, 'time_iter': 0.01763, 'accuracy': 0.96677, 'f1': 0.96675, 'auc': 0.96799}
> Epoch 656: took 1.5s (avg 1.5s) | Best so far: epoch 406	train_loss: 0.1548 train_accuracy: 0.9767	val_loss: 0.1785 val_accuracy: 0.9686	test_loss: 0.1728 test_accuracy: 0.9699
train: {'epoch': 657, 'time_epoch': 1.12224, 'eta': 380.1517, 'eta_hours': 0.1056, 'loss': 0.1427797, 'lr': 0.00036112, 'params': 202600, 'time_iter': 0.02806, 'accuracy': 0.9768, 'f1': 0.97679, 'auc': 0.97069}
val: {'epoch': 657, 'time_epoch': 0.07373, 'loss': 0.19912949, 'lr': 0, 'params': 202600, 'time_iter': 0.01843, 'accuracy': 0.96357, 'f1': 0.96355, 'auc': 0.96641}
test: {'epoch': 657, 'time_epoch': 0.0695, 'loss': 0.19297917, 'lr': 0, 'params': 202600, 'time_iter': 0.01738, 'accuracy': 0.96521, 'f1': 0.96519, 'auc': 0.9679}
> Epoch 657: took 1.5s (avg 1.5s) | Best so far: epoch 406	train_loss: 0.1548 train_accuracy: 0.9767	val_loss: 0.1785 val_accuracy: 0.9686	test_loss: 0.1728 test_accuracy: 0.9699
train: {'epoch': 658, 'time_epoch': 1.11356, 'eta': 379.04119, 'eta_hours': 0.10529, 'loss': 0.14240281, 'lr': 0.00036006, 'params': 202600, 'time_iter': 0.02784, 'accuracy': 0.97678, 'f1': 0.97677, 'auc': 0.97109}
val: {'epoch': 658, 'time_epoch': 0.07151, 'loss': 0.1925526, 'lr': 0, 'params': 202600, 'time_iter': 0.01788, 'accuracy': 0.96525, 'f1': 0.96522, 'auc': 0.96493}
test: {'epoch': 658, 'time_epoch': 0.06951, 'loss': 0.18741747, 'lr': 0, 'params': 202600, 'time_iter': 0.01738, 'accuracy': 0.96729, 'f1': 0.96727, 'auc': 0.96632}
> Epoch 658: took 1.5s (avg 1.5s) | Best so far: epoch 406	train_loss: 0.1548 train_accuracy: 0.9767	val_loss: 0.1785 val_accuracy: 0.9686	test_loss: 0.1728 test_accuracy: 0.9699
train: {'epoch': 659, 'time_epoch': 1.11063, 'eta': 377.92915, 'eta_hours': 0.10498, 'loss': 0.14308831, 'lr': 0.00035901, 'params': 202600, 'time_iter': 0.02777, 'accuracy': 0.9767, 'f1': 0.97668, 'auc': 0.97061}
val: {'epoch': 659, 'time_epoch': 0.07151, 'loss': 0.19284696, 'lr': 0, 'params': 202600, 'time_iter': 0.01788, 'accuracy': 0.96277, 'f1': 0.96276, 'auc': 0.9662}
test: {'epoch': 659, 'time_epoch': 0.07002, 'loss': 0.18730733, 'lr': 0, 'params': 202600, 'time_iter': 0.0175, 'accuracy': 0.96444, 'f1': 0.96443, 'auc': 0.96747}
> Epoch 659: took 1.5s (avg 1.5s) | Best so far: epoch 406	train_loss: 0.1548 train_accuracy: 0.9767	val_loss: 0.1785 val_accuracy: 0.9686	test_loss: 0.1728 test_accuracy: 0.9699
train: {'epoch': 660, 'time_epoch': 1.13162, 'eta': 376.82789, 'eta_hours': 0.10467, 'loss': 0.14287469, 'lr': 0.00035796, 'params': 202600, 'time_iter': 0.02829, 'accuracy': 0.97684, 'f1': 0.97683, 'auc': 0.97078}
val: {'epoch': 660, 'time_epoch': 0.06851, 'loss': 0.19195948, 'lr': 0, 'params': 202600, 'time_iter': 0.01713, 'accuracy': 0.96593, 'f1': 0.9659, 'auc': 0.96558}
test: {'epoch': 660, 'time_epoch': 0.06951, 'loss': 0.18561514, 'lr': 0, 'params': 202600, 'time_iter': 0.01738, 'accuracy': 0.96733, 'f1': 0.9673, 'auc': 0.96687}
> Epoch 660: took 1.5s (avg 1.5s) | Best so far: epoch 406	train_loss: 0.1548 train_accuracy: 0.9767	val_loss: 0.1785 val_accuracy: 0.9686	test_loss: 0.1728 test_accuracy: 0.9699
train: {'epoch': 661, 'time_epoch': 1.13775, 'eta': 375.72966, 'eta_hours': 0.10437, 'loss': 0.14239069, 'lr': 0.00035691, 'params': 202600, 'time_iter': 0.02844, 'accuracy': 0.97673, 'f1': 0.97672, 'auc': 0.97096}
val: {'epoch': 661, 'time_epoch': 0.06851, 'loss': 0.19334753, 'lr': 0, 'params': 202600, 'time_iter': 0.01713, 'accuracy': 0.96283, 'f1': 0.96282, 'auc': 0.96649}
test: {'epoch': 661, 'time_epoch': 0.06802, 'loss': 0.18722346, 'lr': 0, 'params': 202600, 'time_iter': 0.01701, 'accuracy': 0.96464, 'f1': 0.96463, 'auc': 0.9677}
> Epoch 661: took 1.5s (avg 1.5s) | Best so far: epoch 406	train_loss: 0.1548 train_accuracy: 0.9767	val_loss: 0.1785 val_accuracy: 0.9686	test_loss: 0.1728 test_accuracy: 0.9699
train: {'epoch': 662, 'time_epoch': 1.07766, 'eta': 374.60077, 'eta_hours': 0.10406, 'loss': 0.14266532, 'lr': 0.00035585, 'params': 202600, 'time_iter': 0.02694, 'accuracy': 0.97668, 'f1': 0.97666, 'auc': 0.97093}
val: {'epoch': 662, 'time_epoch': 0.07051, 'loss': 0.19250771, 'lr': 0, 'params': 202600, 'time_iter': 0.01763, 'accuracy': 0.96353, 'f1': 0.96351, 'auc': 0.96635}
test: {'epoch': 662, 'time_epoch': 0.06951, 'loss': 0.18710026, 'lr': 0, 'params': 202600, 'time_iter': 0.01738, 'accuracy': 0.96541, 'f1': 0.96539, 'auc': 0.96741}
> Epoch 662: took 1.5s (avg 1.5s) | Best so far: epoch 406	train_loss: 0.1548 train_accuracy: 0.9767	val_loss: 0.1785 val_accuracy: 0.9686	test_loss: 0.1728 test_accuracy: 0.9699
train: {'epoch': 663, 'time_epoch': 1.08431, 'eta': 373.47539, 'eta_hours': 0.10374, 'loss': 0.14278009, 'lr': 0.0003548, 'params': 202600, 'time_iter': 0.02711, 'accuracy': 0.9767, 'f1': 0.97669, 'auc': 0.97083}
val: {'epoch': 663, 'time_epoch': 0.071, 'loss': 0.19430789, 'lr': 0, 'params': 202600, 'time_iter': 0.01775, 'accuracy': 0.96395, 'f1': 0.96393, 'auc': 0.96572}
test: {'epoch': 663, 'time_epoch': 0.0735, 'loss': 0.18853157, 'lr': 0, 'params': 202600, 'time_iter': 0.01838, 'accuracy': 0.96547, 'f1': 0.96545, 'auc': 0.96679}
> Epoch 663: took 1.5s (avg 1.5s) | Best so far: epoch 406	train_loss: 0.1548 train_accuracy: 0.9767	val_loss: 0.1785 val_accuracy: 0.9686	test_loss: 0.1728 test_accuracy: 0.9699
train: {'epoch': 664, 'time_epoch': 1.10886, 'eta': 372.36252, 'eta_hours': 0.10343, 'loss': 0.14251215, 'lr': 0.00035375, 'params': 202600, 'time_iter': 0.02772, 'accuracy': 0.97669, 'f1': 0.97667, 'auc': 0.97097}
val: {'epoch': 664, 'time_epoch': 0.06951, 'loss': 0.19246952, 'lr': 0, 'params': 202600, 'time_iter': 0.01738, 'accuracy': 0.96451, 'f1': 0.96449, 'auc': 0.96572}
test: {'epoch': 664, 'time_epoch': 0.06815, 'loss': 0.18736117, 'lr': 0, 'params': 202600, 'time_iter': 0.01704, 'accuracy': 0.96631, 'f1': 0.96629, 'auc': 0.96689}
> Epoch 664: took 1.5s (avg 1.5s) | Best so far: epoch 406	train_loss: 0.1548 train_accuracy: 0.9767	val_loss: 0.1785 val_accuracy: 0.9686	test_loss: 0.1728 test_accuracy: 0.9699
train: {'epoch': 665, 'time_epoch': 1.09501, 'eta': 371.2427, 'eta_hours': 0.10312, 'loss': 0.14223702, 'lr': 0.0003527, 'params': 202600, 'time_iter': 0.02738, 'accuracy': 0.97681, 'f1': 0.9768, 'auc': 0.971}
val: {'epoch': 665, 'time_epoch': 0.07427, 'loss': 0.19377839, 'lr': 0, 'params': 202600, 'time_iter': 0.01857, 'accuracy': 0.96286, 'f1': 0.96284, 'auc': 0.96601}
test: {'epoch': 665, 'time_epoch': 0.07451, 'loss': 0.18844033, 'lr': 0, 'params': 202600, 'time_iter': 0.01863, 'accuracy': 0.96396, 'f1': 0.96394, 'auc': 0.96713}
> Epoch 665: took 1.5s (avg 1.5s) | Best so far: epoch 406	train_loss: 0.1548 train_accuracy: 0.9767	val_loss: 0.1785 val_accuracy: 0.9686	test_loss: 0.1728 test_accuracy: 0.9699
train: {'epoch': 666, 'time_epoch': 1.20866, 'eta': 370.1797, 'eta_hours': 0.10283, 'loss': 0.14243754, 'lr': 0.00035164, 'params': 202600, 'time_iter': 0.03022, 'accuracy': 0.97665, 'f1': 0.97664, 'auc': 0.9711}
val: {'epoch': 666, 'time_epoch': 0.07502, 'loss': 0.19362949, 'lr': 0, 'params': 202600, 'time_iter': 0.01875, 'accuracy': 0.9652, 'f1': 0.96517, 'auc': 0.96597}
test: {'epoch': 666, 'time_epoch': 0.07551, 'loss': 0.18732398, 'lr': 0, 'params': 202600, 'time_iter': 0.01888, 'accuracy': 0.96616, 'f1': 0.96614, 'auc': 0.96723}
> Epoch 666: took 1.6s (avg 1.5s) | Best so far: epoch 406	train_loss: 0.1548 train_accuracy: 0.9767	val_loss: 0.1785 val_accuracy: 0.9686	test_loss: 0.1728 test_accuracy: 0.9699
train: {'epoch': 667, 'time_epoch': 1.2587, 'eta': 369.14114, 'eta_hours': 0.10254, 'loss': 0.14247361, 'lr': 0.00035059, 'params': 202600, 'time_iter': 0.03147, 'accuracy': 0.97671, 'f1': 0.97669, 'auc': 0.97091}
val: {'epoch': 667, 'time_epoch': 0.07152, 'loss': 0.19336413, 'lr': 0, 'params': 202600, 'time_iter': 0.01788, 'accuracy': 0.96068, 'f1': 0.96066, 'auc': 0.96633}
test: {'epoch': 667, 'time_epoch': 0.06851, 'loss': 0.18725007, 'lr': 0, 'params': 202600, 'time_iter': 0.01713, 'accuracy': 0.96193, 'f1': 0.96192, 'auc': 0.96741}
> Epoch 667: took 1.6s (avg 1.5s) | Best so far: epoch 406	train_loss: 0.1548 train_accuracy: 0.9767	val_loss: 0.1785 val_accuracy: 0.9686	test_loss: 0.1728 test_accuracy: 0.9699
train: {'epoch': 668, 'time_epoch': 1.11394, 'eta': 368.03029, 'eta_hours': 0.10223, 'loss': 0.14242256, 'lr': 0.00034954, 'params': 202600, 'time_iter': 0.02785, 'accuracy': 0.97681, 'f1': 0.97679, 'auc': 0.97105}
val: {'epoch': 668, 'time_epoch': 0.06951, 'loss': 0.19564993, 'lr': 0, 'params': 202600, 'time_iter': 0.01738, 'accuracy': 0.96596, 'f1': 0.96594, 'auc': 0.96645}
test: {'epoch': 668, 'time_epoch': 0.06951, 'loss': 0.18958408, 'lr': 0, 'params': 202600, 'time_iter': 0.01738, 'accuracy': 0.96705, 'f1': 0.96703, 'auc': 0.96751}
> Epoch 668: took 1.5s (avg 1.5s) | Best so far: epoch 406	train_loss: 0.1548 train_accuracy: 0.9767	val_loss: 0.1785 val_accuracy: 0.9686	test_loss: 0.1728 test_accuracy: 0.9699
train: {'epoch': 669, 'time_epoch': 1.1058, 'eta': 366.91542, 'eta_hours': 0.10192, 'loss': 0.14225949, 'lr': 0.00034849, 'params': 202600, 'time_iter': 0.02764, 'accuracy': 0.9768, 'f1': 0.97679, 'auc': 0.97115}
val: {'epoch': 669, 'time_epoch': 0.07051, 'loss': 0.19462115, 'lr': 0, 'params': 202600, 'time_iter': 0.01763, 'accuracy': 0.96566, 'f1': 0.96564, 'auc': 0.96636}
test: {'epoch': 669, 'time_epoch': 0.068, 'loss': 0.18890344, 'lr': 0, 'params': 202600, 'time_iter': 0.017, 'accuracy': 0.96639, 'f1': 0.96637, 'auc': 0.96732}
> Epoch 669: took 1.5s (avg 1.5s) | Best so far: epoch 406	train_loss: 0.1548 train_accuracy: 0.9767	val_loss: 0.1785 val_accuracy: 0.9686	test_loss: 0.1728 test_accuracy: 0.9699
train: {'epoch': 670, 'time_epoch': 1.12086, 'eta': 365.80797, 'eta_hours': 0.10161, 'loss': 0.14197283, 'lr': 0.00034743, 'params': 202600, 'time_iter': 0.02802, 'accuracy': 0.97672, 'f1': 0.97671, 'auc': 0.97129}
val: {'epoch': 670, 'time_epoch': 0.07051, 'loss': 0.19601024, 'lr': 0, 'params': 202600, 'time_iter': 0.01763, 'accuracy': 0.96517, 'f1': 0.96514, 'auc': 0.96645}
test: {'epoch': 670, 'time_epoch': 0.072, 'loss': 0.18920243, 'lr': 0, 'params': 202600, 'time_iter': 0.018, 'accuracy': 0.96603, 'f1': 0.96601, 'auc': 0.96749}
> Epoch 670: took 1.5s (avg 1.5s) | Best so far: epoch 406	train_loss: 0.1548 train_accuracy: 0.9767	val_loss: 0.1785 val_accuracy: 0.9686	test_loss: 0.1728 test_accuracy: 0.9699
train: {'epoch': 671, 'time_epoch': 1.08859, 'eta': 364.68473, 'eta_hours': 0.1013, 'loss': 0.14189718, 'lr': 0.00034638, 'params': 202600, 'time_iter': 0.02721, 'accuracy': 0.97678, 'f1': 0.97676, 'auc': 0.97138}
val: {'epoch': 671, 'time_epoch': 0.0695, 'loss': 0.19650801, 'lr': 0, 'params': 202600, 'time_iter': 0.01738, 'accuracy': 0.96319, 'f1': 0.96318, 'auc': 0.96677}
test: {'epoch': 671, 'time_epoch': 0.07051, 'loss': 0.19031992, 'lr': 0, 'params': 202600, 'time_iter': 0.01763, 'accuracy': 0.96473, 'f1': 0.96472, 'auc': 0.96795}
> Epoch 671: took 1.5s (avg 1.5s) | Best so far: epoch 406	train_loss: 0.1548 train_accuracy: 0.9767	val_loss: 0.1785 val_accuracy: 0.9686	test_loss: 0.1728 test_accuracy: 0.9699
train: {'epoch': 672, 'time_epoch': 1.06961, 'eta': 363.55236, 'eta_hours': 0.10099, 'loss': 0.14232474, 'lr': 0.00034533, 'params': 202600, 'time_iter': 0.02674, 'accuracy': 0.9768, 'f1': 0.97679, 'auc': 0.97111}
val: {'epoch': 672, 'time_epoch': 0.06852, 'loss': 0.19559731, 'lr': 0, 'params': 202600, 'time_iter': 0.01713, 'accuracy': 0.96364, 'f1': 0.96362, 'auc': 0.96678}
test: {'epoch': 672, 'time_epoch': 0.068, 'loss': 0.1890052, 'lr': 0, 'params': 202600, 'time_iter': 0.017, 'accuracy': 0.96501, 'f1': 0.965, 'auc': 0.96821}
> Epoch 672: took 1.4s (avg 1.5s) | Best so far: epoch 406	train_loss: 0.1548 train_accuracy: 0.9767	val_loss: 0.1785 val_accuracy: 0.9686	test_loss: 0.1728 test_accuracy: 0.9699
train: {'epoch': 673, 'time_epoch': 1.09249, 'eta': 362.43125, 'eta_hours': 0.10068, 'loss': 0.14188414, 'lr': 0.00034428, 'params': 202600, 'time_iter': 0.02731, 'accuracy': 0.97679, 'f1': 0.97678, 'auc': 0.97115}
val: {'epoch': 673, 'time_epoch': 0.0695, 'loss': 0.19560451, 'lr': 0, 'params': 202600, 'time_iter': 0.01738, 'accuracy': 0.96428, 'f1': 0.96426, 'auc': 0.96697}
test: {'epoch': 673, 'time_epoch': 0.06751, 'loss': 0.18946808, 'lr': 0, 'params': 202600, 'time_iter': 0.01688, 'accuracy': 0.96512, 'f1': 0.96511, 'auc': 0.96803}
> Epoch 673: took 1.5s (avg 1.5s) | Best so far: epoch 406	train_loss: 0.1548 train_accuracy: 0.9767	val_loss: 0.1785 val_accuracy: 0.9686	test_loss: 0.1728 test_accuracy: 0.9699
train: {'epoch': 674, 'time_epoch': 1.23585, 'eta': 361.37925, 'eta_hours': 0.10038, 'loss': 0.14132483, 'lr': 0.00034322, 'params': 202600, 'time_iter': 0.0309, 'accuracy': 0.97674, 'f1': 0.97672, 'auc': 0.97144}
val: {'epoch': 674, 'time_epoch': 0.06851, 'loss': 0.19851428, 'lr': 0, 'params': 202600, 'time_iter': 0.01713, 'accuracy': 0.96498, 'f1': 0.96496, 'auc': 0.96702}
test: {'epoch': 674, 'time_epoch': 0.07051, 'loss': 0.19114414, 'lr': 0, 'params': 202600, 'time_iter': 0.01763, 'accuracy': 0.96624, 'f1': 0.96622, 'auc': 0.96827}
> Epoch 674: took 1.6s (avg 1.5s) | Best so far: epoch 406	train_loss: 0.1548 train_accuracy: 0.9767	val_loss: 0.1785 val_accuracy: 0.9686	test_loss: 0.1728 test_accuracy: 0.9699
train: {'epoch': 675, 'time_epoch': 1.1227, 'eta': 360.27247, 'eta_hours': 0.10008, 'loss': 0.14177831, 'lr': 0.00034217, 'params': 202600, 'time_iter': 0.02807, 'accuracy': 0.97679, 'f1': 0.97678, 'auc': 0.97142}
val: {'epoch': 675, 'time_epoch': 0.06851, 'loss': 0.19531129, 'lr': 0, 'params': 202600, 'time_iter': 0.01713, 'accuracy': 0.965, 'f1': 0.96498, 'auc': 0.96636}
test: {'epoch': 675, 'time_epoch': 0.07102, 'loss': 0.18860709, 'lr': 0, 'params': 202600, 'time_iter': 0.01776, 'accuracy': 0.9663, 'f1': 0.96628, 'auc': 0.96746}
> Epoch 675: took 1.5s (avg 1.5s) | Best so far: epoch 406	train_loss: 0.1548 train_accuracy: 0.9767	val_loss: 0.1785 val_accuracy: 0.9686	test_loss: 0.1728 test_accuracy: 0.9699
train: {'epoch': 676, 'time_epoch': 1.107, 'eta': 359.15816, 'eta_hours': 0.09977, 'loss': 0.14165484, 'lr': 0.00034112, 'params': 202600, 'time_iter': 0.02767, 'accuracy': 0.97668, 'f1': 0.97667, 'auc': 0.97149}
val: {'epoch': 676, 'time_epoch': 0.07202, 'loss': 0.19812752, 'lr': 0, 'params': 202600, 'time_iter': 0.018, 'accuracy': 0.96321, 'f1': 0.9632, 'auc': 0.96736}
test: {'epoch': 676, 'time_epoch': 0.06851, 'loss': 0.19152874, 'lr': 0, 'params': 202600, 'time_iter': 0.01713, 'accuracy': 0.96468, 'f1': 0.96467, 'auc': 0.96827}
> Epoch 676: took 1.5s (avg 1.5s) | Best so far: epoch 406	train_loss: 0.1548 train_accuracy: 0.9767	val_loss: 0.1785 val_accuracy: 0.9686	test_loss: 0.1728 test_accuracy: 0.9699
train: {'epoch': 677, 'time_epoch': 1.10014, 'eta': 358.04061, 'eta_hours': 0.09946, 'loss': 0.14170711, 'lr': 0.00034007, 'params': 202600, 'time_iter': 0.0275, 'accuracy': 0.97678, 'f1': 0.97677, 'auc': 0.97149}
val: {'epoch': 677, 'time_epoch': 0.09152, 'loss': 0.19741126, 'lr': 0, 'params': 202600, 'time_iter': 0.02288, 'accuracy': 0.96472, 'f1': 0.9647, 'auc': 0.96685}
test: {'epoch': 677, 'time_epoch': 0.07551, 'loss': 0.19091897, 'lr': 0, 'params': 202600, 'time_iter': 0.01888, 'accuracy': 0.96611, 'f1': 0.96609, 'auc': 0.96796}
> Epoch 677: took 1.5s (avg 1.5s) | Best so far: epoch 406	train_loss: 0.1548 train_accuracy: 0.9767	val_loss: 0.1785 val_accuracy: 0.9686	test_loss: 0.1728 test_accuracy: 0.9699
train: {'epoch': 678, 'time_epoch': 1.10779, 'eta': 356.92672, 'eta_hours': 0.09915, 'loss': 0.14165163, 'lr': 0.00033901, 'params': 202600, 'time_iter': 0.02769, 'accuracy': 0.97678, 'f1': 0.97676, 'auc': 0.97145}
val: {'epoch': 678, 'time_epoch': 0.07051, 'loss': 0.19537644, 'lr': 0, 'params': 202600, 'time_iter': 0.01763, 'accuracy': 0.96599, 'f1': 0.96597, 'auc': 0.96583}
test: {'epoch': 678, 'time_epoch': 0.06851, 'loss': 0.18691381, 'lr': 0, 'params': 202600, 'time_iter': 0.01713, 'accuracy': 0.96703, 'f1': 0.967, 'auc': 0.96717}
> Epoch 678: took 1.5s (avg 1.5s) | Best so far: epoch 406	train_loss: 0.1548 train_accuracy: 0.9767	val_loss: 0.1785 val_accuracy: 0.9686	test_loss: 0.1728 test_accuracy: 0.9699
train: {'epoch': 679, 'time_epoch': 1.11064, 'eta': 355.8142, 'eta_hours': 0.09884, 'loss': 0.14151642, 'lr': 0.00033796, 'params': 202600, 'time_iter': 0.02777, 'accuracy': 0.97673, 'f1': 0.97672, 'auc': 0.97139}
val: {'epoch': 679, 'time_epoch': 0.06951, 'loss': 0.19662668, 'lr': 0, 'params': 202600, 'time_iter': 0.01738, 'accuracy': 0.9633, 'f1': 0.96329, 'auc': 0.96719}
test: {'epoch': 679, 'time_epoch': 0.07, 'loss': 0.18936766, 'lr': 0, 'params': 202600, 'time_iter': 0.0175, 'accuracy': 0.96485, 'f1': 0.96484, 'auc': 0.96849}
> Epoch 679: took 1.5s (avg 1.5s) | Best so far: epoch 406	train_loss: 0.1548 train_accuracy: 0.9767	val_loss: 0.1785 val_accuracy: 0.9686	test_loss: 0.1728 test_accuracy: 0.9699
train: {'epoch': 680, 'time_epoch': 1.09566, 'eta': 354.69466, 'eta_hours': 0.09853, 'loss': 0.14118334, 'lr': 0.00033691, 'params': 202600, 'time_iter': 0.02739, 'accuracy': 0.97663, 'f1': 0.97662, 'auc': 0.97172}
val: {'epoch': 680, 'time_epoch': 0.069, 'loss': 0.19764921, 'lr': 0, 'params': 202600, 'time_iter': 0.01725, 'accuracy': 0.96227, 'f1': 0.96225, 'auc': 0.96661}
test: {'epoch': 680, 'time_epoch': 0.06851, 'loss': 0.19061651, 'lr': 0, 'params': 202600, 'time_iter': 0.01713, 'accuracy': 0.96386, 'f1': 0.96384, 'auc': 0.96775}
> Epoch 680: took 1.5s (avg 1.5s) | Best so far: epoch 406	train_loss: 0.1548 train_accuracy: 0.9767	val_loss: 0.1785 val_accuracy: 0.9686	test_loss: 0.1728 test_accuracy: 0.9699
train: {'epoch': 681, 'time_epoch': 1.11621, 'eta': 353.58478, 'eta_hours': 0.09822, 'loss': 0.14145427, 'lr': 0.00033586, 'params': 202600, 'time_iter': 0.02791, 'accuracy': 0.97666, 'f1': 0.97665, 'auc': 0.97153}
val: {'epoch': 681, 'time_epoch': 0.0695, 'loss': 0.20373227, 'lr': 0, 'params': 202600, 'time_iter': 0.01738, 'accuracy': 0.96335, 'f1': 0.96333, 'auc': 0.96717}
test: {'epoch': 681, 'time_epoch': 0.06951, 'loss': 0.19707423, 'lr': 0, 'params': 202600, 'time_iter': 0.01738, 'accuracy': 0.9647, 'f1': 0.96469, 'auc': 0.96826}
> Epoch 681: took 1.5s (avg 1.5s) | Best so far: epoch 406	train_loss: 0.1548 train_accuracy: 0.9767	val_loss: 0.1785 val_accuracy: 0.9686	test_loss: 0.1728 test_accuracy: 0.9699
train: {'epoch': 682, 'time_epoch': 1.10555, 'eta': 352.46993, 'eta_hours': 0.09791, 'loss': 0.14142652, 'lr': 0.0003348, 'params': 202600, 'time_iter': 0.02764, 'accuracy': 0.97672, 'f1': 0.97671, 'auc': 0.97163}
val: {'epoch': 682, 'time_epoch': 0.07051, 'loss': 0.19742518, 'lr': 0, 'params': 202600, 'time_iter': 0.01763, 'accuracy': 0.96268, 'f1': 0.96266, 'auc': 0.96701}
test: {'epoch': 682, 'time_epoch': 0.06851, 'loss': 0.19157643, 'lr': 0, 'params': 202600, 'time_iter': 0.01713, 'accuracy': 0.96391, 'f1': 0.96389, 'auc': 0.96819}
> Epoch 682: took 1.5s (avg 1.5s) | Best so far: epoch 406	train_loss: 0.1548 train_accuracy: 0.9767	val_loss: 0.1785 val_accuracy: 0.9686	test_loss: 0.1728 test_accuracy: 0.9699
train: {'epoch': 683, 'time_epoch': 1.10377, 'eta': 351.35429, 'eta_hours': 0.0976, 'loss': 0.14140285, 'lr': 0.00033375, 'params': 202600, 'time_iter': 0.02759, 'accuracy': 0.97663, 'f1': 0.97662, 'auc': 0.97172}
val: {'epoch': 683, 'time_epoch': 0.07051, 'loss': 0.19915272, 'lr': 0, 'params': 202600, 'time_iter': 0.01763, 'accuracy': 0.96181, 'f1': 0.9618, 'auc': 0.96716}
test: {'epoch': 683, 'time_epoch': 0.07151, 'loss': 0.19156357, 'lr': 0, 'params': 202600, 'time_iter': 0.01788, 'accuracy': 0.96335, 'f1': 0.96334, 'auc': 0.96836}
> Epoch 683: took 1.5s (avg 1.5s) | Best so far: epoch 406	train_loss: 0.1548 train_accuracy: 0.9767	val_loss: 0.1785 val_accuracy: 0.9686	test_loss: 0.1728 test_accuracy: 0.9699
train: {'epoch': 684, 'time_epoch': 1.08636, 'eta': 350.23067, 'eta_hours': 0.09729, 'loss': 0.14140389, 'lr': 0.0003327, 'params': 202600, 'time_iter': 0.02716, 'accuracy': 0.97673, 'f1': 0.97671, 'auc': 0.97173}
val: {'epoch': 684, 'time_epoch': 0.068, 'loss': 0.19842503, 'lr': 0, 'params': 202600, 'time_iter': 0.017, 'accuracy': 0.96305, 'f1': 0.96304, 'auc': 0.96668}
test: {'epoch': 684, 'time_epoch': 0.06851, 'loss': 0.19086804, 'lr': 0, 'params': 202600, 'time_iter': 0.01713, 'accuracy': 0.9643, 'f1': 0.96428, 'auc': 0.9679}
> Epoch 684: took 1.5s (avg 1.5s) | Best so far: epoch 406	train_loss: 0.1548 train_accuracy: 0.9767	val_loss: 0.1785 val_accuracy: 0.9686	test_loss: 0.1728 test_accuracy: 0.9699
train: {'epoch': 685, 'time_epoch': 1.24196, 'eta': 349.17838, 'eta_hours': 0.09699, 'loss': 0.14145161, 'lr': 0.00033165, 'params': 202600, 'time_iter': 0.03105, 'accuracy': 0.97668, 'f1': 0.97666, 'auc': 0.9717}
val: {'epoch': 685, 'time_epoch': 0.07001, 'loss': 0.19573709, 'lr': 0, 'params': 202600, 'time_iter': 0.0175, 'accuracy': 0.96406, 'f1': 0.96404, 'auc': 0.96618}
test: {'epoch': 685, 'time_epoch': 0.068, 'loss': 0.18893698, 'lr': 0, 'params': 202600, 'time_iter': 0.017, 'accuracy': 0.96534, 'f1': 0.96532, 'auc': 0.96726}
> Epoch 685: took 1.6s (avg 1.5s) | Best so far: epoch 406	train_loss: 0.1548 train_accuracy: 0.9767	val_loss: 0.1785 val_accuracy: 0.9686	test_loss: 0.1728 test_accuracy: 0.9699
train: {'epoch': 686, 'time_epoch': 1.09684, 'eta': 348.05943, 'eta_hours': 0.09668, 'loss': 0.14108876, 'lr': 0.00033059, 'params': 202600, 'time_iter': 0.02742, 'accuracy': 0.97674, 'f1': 0.97673, 'auc': 0.97183}
val: {'epoch': 686, 'time_epoch': 0.06951, 'loss': 0.19544349, 'lr': 0, 'params': 202600, 'time_iter': 0.01738, 'accuracy': 0.96514, 'f1': 0.96511, 'auc': 0.96575}
test: {'epoch': 686, 'time_epoch': 0.06902, 'loss': 0.18897352, 'lr': 0, 'params': 202600, 'time_iter': 0.01725, 'accuracy': 0.966, 'f1': 0.96598, 'auc': 0.96689}
> Epoch 686: took 1.5s (avg 1.5s) | Best so far: epoch 406	train_loss: 0.1548 train_accuracy: 0.9767	val_loss: 0.1785 val_accuracy: 0.9686	test_loss: 0.1728 test_accuracy: 0.9699
train: {'epoch': 687, 'time_epoch': 1.10665, 'eta': 346.94498, 'eta_hours': 0.09637, 'loss': 0.14095496, 'lr': 0.00032954, 'params': 202600, 'time_iter': 0.02767, 'accuracy': 0.97664, 'f1': 0.97662, 'auc': 0.9718}
val: {'epoch': 687, 'time_epoch': 0.07033, 'loss': 0.19917286, 'lr': 0, 'params': 202600, 'time_iter': 0.01758, 'accuracy': 0.96283, 'f1': 0.96282, 'auc': 0.967}
test: {'epoch': 687, 'time_epoch': 0.06815, 'loss': 0.19231839, 'lr': 0, 'params': 202600, 'time_iter': 0.01704, 'accuracy': 0.96411, 'f1': 0.9641, 'auc': 0.96829}
> Epoch 687: took 1.5s (avg 1.5s) | Best so far: epoch 406	train_loss: 0.1548 train_accuracy: 0.9767	val_loss: 0.1785 val_accuracy: 0.9686	test_loss: 0.1728 test_accuracy: 0.9699
train: {'epoch': 688, 'time_epoch': 1.11426, 'eta': 345.834, 'eta_hours': 0.09606, 'loss': 0.14092004, 'lr': 0.00032849, 'params': 202600, 'time_iter': 0.02786, 'accuracy': 0.97672, 'f1': 0.97671, 'auc': 0.97182}
val: {'epoch': 688, 'time_epoch': 0.07151, 'loss': 0.19866128, 'lr': 0, 'params': 202600, 'time_iter': 0.01788, 'accuracy': 0.96291, 'f1': 0.96289, 'auc': 0.96709}
test: {'epoch': 688, 'time_epoch': 0.06851, 'loss': 0.19230184, 'lr': 0, 'params': 202600, 'time_iter': 0.01713, 'accuracy': 0.96456, 'f1': 0.96454, 'auc': 0.96817}
> Epoch 688: took 1.5s (avg 1.5s) | Best so far: epoch 406	train_loss: 0.1548 train_accuracy: 0.9767	val_loss: 0.1785 val_accuracy: 0.9686	test_loss: 0.1728 test_accuracy: 0.9699
train: {'epoch': 689, 'time_epoch': 1.09012, 'eta': 344.71216, 'eta_hours': 0.09575, 'loss': 0.14084347, 'lr': 0.00032744, 'params': 202600, 'time_iter': 0.02725, 'accuracy': 0.9765, 'f1': 0.97648, 'auc': 0.97202}
val: {'epoch': 689, 'time_epoch': 0.07, 'loss': 0.19922689, 'lr': 0, 'params': 202600, 'time_iter': 0.0175, 'accuracy': 0.96337, 'f1': 0.96336, 'auc': 0.96634}
test: {'epoch': 689, 'time_epoch': 0.07002, 'loss': 0.19255388, 'lr': 0, 'params': 202600, 'time_iter': 0.0175, 'accuracy': 0.96503, 'f1': 0.96502, 'auc': 0.96749}
> Epoch 689: took 1.5s (avg 1.5s) | Best so far: epoch 406	train_loss: 0.1548 train_accuracy: 0.9767	val_loss: 0.1785 val_accuracy: 0.9686	test_loss: 0.1728 test_accuracy: 0.9699
train: {'epoch': 690, 'time_epoch': 1.1018, 'eta': 343.59563, 'eta_hours': 0.09544, 'loss': 0.14045801, 'lr': 0.00032638, 'params': 202600, 'time_iter': 0.02754, 'accuracy': 0.97665, 'f1': 0.97664, 'auc': 0.97208}
val: {'epoch': 690, 'time_epoch': 0.06951, 'loss': 0.19847533, 'lr': 0, 'params': 202600, 'time_iter': 0.01738, 'accuracy': 0.96551, 'f1': 0.96549, 'auc': 0.96641}
test: {'epoch': 690, 'time_epoch': 0.07063, 'loss': 0.19172792, 'lr': 0, 'params': 202600, 'time_iter': 0.01766, 'accuracy': 0.96674, 'f1': 0.96673, 'auc': 0.96748}
> Epoch 690: took 1.5s (avg 1.5s) | Best so far: epoch 406	train_loss: 0.1548 train_accuracy: 0.9767	val_loss: 0.1785 val_accuracy: 0.9686	test_loss: 0.1728 test_accuracy: 0.9699
train: {'epoch': 691, 'time_epoch': 1.10176, 'eta': 342.47913, 'eta_hours': 0.09513, 'loss': 0.14095295, 'lr': 0.00032533, 'params': 202600, 'time_iter': 0.02754, 'accuracy': 0.97669, 'f1': 0.97668, 'auc': 0.97188}
val: {'epoch': 691, 'time_epoch': 0.06851, 'loss': 0.19601353, 'lr': 0, 'params': 202600, 'time_iter': 0.01713, 'accuracy': 0.96408, 'f1': 0.96406, 'auc': 0.96658}
test: {'epoch': 691, 'time_epoch': 0.07051, 'loss': 0.1899272, 'lr': 0, 'params': 202600, 'time_iter': 0.01763, 'accuracy': 0.96561, 'f1': 0.96559, 'auc': 0.96755}
> Epoch 691: took 1.5s (avg 1.5s) | Best so far: epoch 406	train_loss: 0.1548 train_accuracy: 0.9767	val_loss: 0.1785 val_accuracy: 0.9686	test_loss: 0.1728 test_accuracy: 0.9699
train: {'epoch': 692, 'time_epoch': 1.12174, 'eta': 341.37153, 'eta_hours': 0.09483, 'loss': 0.14075537, 'lr': 0.00032428, 'params': 202600, 'time_iter': 0.02804, 'accuracy': 0.9766, 'f1': 0.97658, 'auc': 0.97187}
val: {'epoch': 692, 'time_epoch': 0.06851, 'loss': 0.19977679, 'lr': 0, 'params': 202600, 'time_iter': 0.01713, 'accuracy': 0.96443, 'f1': 0.96441, 'auc': 0.96754}
test: {'epoch': 692, 'time_epoch': 0.06751, 'loss': 0.1931328, 'lr': 0, 'params': 202600, 'time_iter': 0.01688, 'accuracy': 0.96602, 'f1': 0.966, 'auc': 0.96841}
> Epoch 692: took 1.5s (avg 1.5s) | Best so far: epoch 406	train_loss: 0.1548 train_accuracy: 0.9767	val_loss: 0.1785 val_accuracy: 0.9686	test_loss: 0.1728 test_accuracy: 0.9699
train: {'epoch': 693, 'time_epoch': 1.06555, 'eta': 340.2391, 'eta_hours': 0.09451, 'loss': 0.14079549, 'lr': 0.00032323, 'params': 202600, 'time_iter': 0.02664, 'accuracy': 0.97673, 'f1': 0.97671, 'auc': 0.97202}
val: {'epoch': 693, 'time_epoch': 0.0705, 'loss': 0.19853662, 'lr': 0, 'params': 202600, 'time_iter': 0.01763, 'accuracy': 0.96547, 'f1': 0.96545, 'auc': 0.96683}
test: {'epoch': 693, 'time_epoch': 0.06919, 'loss': 0.19268798, 'lr': 0, 'params': 202600, 'time_iter': 0.0173, 'accuracy': 0.96616, 'f1': 0.96614, 'auc': 0.96793}
> Epoch 693: took 1.4s (avg 1.5s) | Best so far: epoch 406	train_loss: 0.1548 train_accuracy: 0.9767	val_loss: 0.1785 val_accuracy: 0.9686	test_loss: 0.1728 test_accuracy: 0.9699
train: {'epoch': 694, 'time_epoch': 1.09588, 'eta': 339.12018, 'eta_hours': 0.0942, 'loss': 0.14031929, 'lr': 0.00032217, 'params': 202600, 'time_iter': 0.0274, 'accuracy': 0.9767, 'f1': 0.97669, 'auc': 0.97222}
val: {'epoch': 694, 'time_epoch': 0.07051, 'loss': 0.19870935, 'lr': 0, 'params': 202600, 'time_iter': 0.01763, 'accuracy': 0.96346, 'f1': 0.96345, 'auc': 0.9671}
test: {'epoch': 694, 'time_epoch': 0.06951, 'loss': 0.19218062, 'lr': 0, 'params': 202600, 'time_iter': 0.01738, 'accuracy': 0.96496, 'f1': 0.96495, 'auc': 0.9681}
> Epoch 694: took 1.5s (avg 1.5s) | Best so far: epoch 406	train_loss: 0.1548 train_accuracy: 0.9767	val_loss: 0.1785 val_accuracy: 0.9686	test_loss: 0.1728 test_accuracy: 0.9699
train: {'epoch': 695, 'time_epoch': 1.13576, 'eta': 338.01875, 'eta_hours': 0.09389, 'loss': 0.14060946, 'lr': 0.00032112, 'params': 202600, 'time_iter': 0.02839, 'accuracy': 0.97664, 'f1': 0.97663, 'auc': 0.97218}
val: {'epoch': 695, 'time_epoch': 0.06851, 'loss': 0.19817267, 'lr': 0, 'params': 202600, 'time_iter': 0.01713, 'accuracy': 0.96095, 'f1': 0.96094, 'auc': 0.96704}
test: {'epoch': 695, 'time_epoch': 0.06851, 'loss': 0.1915468, 'lr': 0, 'params': 202600, 'time_iter': 0.01713, 'accuracy': 0.96326, 'f1': 0.96325, 'auc': 0.968}
> Epoch 695: took 1.5s (avg 1.5s) | Best so far: epoch 406	train_loss: 0.1548 train_accuracy: 0.9767	val_loss: 0.1785 val_accuracy: 0.9686	test_loss: 0.1728 test_accuracy: 0.9699
train: {'epoch': 696, 'time_epoch': 1.09434, 'eta': 336.89921, 'eta_hours': 0.09358, 'loss': 0.140516, 'lr': 0.00032007, 'params': 202600, 'time_iter': 0.02736, 'accuracy': 0.97661, 'f1': 0.97659, 'auc': 0.97238}
val: {'epoch': 696, 'time_epoch': 0.07051, 'loss': 0.19949808, 'lr': 0, 'params': 202600, 'time_iter': 0.01763, 'accuracy': 0.96491, 'f1': 0.96489, 'auc': 0.96724}
test: {'epoch': 696, 'time_epoch': 0.069, 'loss': 0.19326576, 'lr': 0, 'params': 202600, 'time_iter': 0.01725, 'accuracy': 0.96595, 'f1': 0.96593, 'auc': 0.96819}
> Epoch 696: took 1.5s (avg 1.5s) | Best so far: epoch 406	train_loss: 0.1548 train_accuracy: 0.9767	val_loss: 0.1785 val_accuracy: 0.9686	test_loss: 0.1728 test_accuracy: 0.9699
train: {'epoch': 697, 'time_epoch': 1.1009, 'eta': 335.78258, 'eta_hours': 0.09327, 'loss': 0.14058184, 'lr': 0.00031902, 'params': 202600, 'time_iter': 0.02752, 'accuracy': 0.9767, 'f1': 0.97669, 'auc': 0.9721}
val: {'epoch': 697, 'time_epoch': 0.07165, 'loss': 0.19790381, 'lr': 0, 'params': 202600, 'time_iter': 0.01791, 'accuracy': 0.96378, 'f1': 0.96376, 'auc': 0.96702}
test: {'epoch': 697, 'time_epoch': 0.06851, 'loss': 0.19208772, 'lr': 0, 'params': 202600, 'time_iter': 0.01713, 'accuracy': 0.96539, 'f1': 0.96537, 'auc': 0.96818}
> Epoch 697: took 1.5s (avg 1.5s) | Best so far: epoch 406	train_loss: 0.1548 train_accuracy: 0.9767	val_loss: 0.1785 val_accuracy: 0.9686	test_loss: 0.1728 test_accuracy: 0.9699
train: {'epoch': 698, 'time_epoch': 1.08701, 'eta': 334.66002, 'eta_hours': 0.09296, 'loss': 0.14026549, 'lr': 0.00031796, 'params': 202600, 'time_iter': 0.02718, 'accuracy': 0.97664, 'f1': 0.97663, 'auc': 0.97223}
val: {'epoch': 698, 'time_epoch': 0.06951, 'loss': 0.20203791, 'lr': 0, 'params': 202600, 'time_iter': 0.01738, 'accuracy': 0.96289, 'f1': 0.96287, 'auc': 0.96709}
test: {'epoch': 698, 'time_epoch': 0.06801, 'loss': 0.19600129, 'lr': 0, 'params': 202600, 'time_iter': 0.017, 'accuracy': 0.96436, 'f1': 0.96435, 'auc': 0.96815}
> Epoch 698: took 1.5s (avg 1.5s) | Best so far: epoch 406	train_loss: 0.1548 train_accuracy: 0.9767	val_loss: 0.1785 val_accuracy: 0.9686	test_loss: 0.1728 test_accuracy: 0.9699
train: {'epoch': 699, 'time_epoch': 1.10473, 'eta': 333.54515, 'eta_hours': 0.09265, 'loss': 0.14024965, 'lr': 0.00031691, 'params': 202600, 'time_iter': 0.02762, 'accuracy': 0.97669, 'f1': 0.97668, 'auc': 0.9723}
val: {'epoch': 699, 'time_epoch': 0.06901, 'loss': 0.19815091, 'lr': 0, 'params': 202600, 'time_iter': 0.01725, 'accuracy': 0.96463, 'f1': 0.96461, 'auc': 0.96734}
test: {'epoch': 699, 'time_epoch': 0.069, 'loss': 0.19286155, 'lr': 0, 'params': 202600, 'time_iter': 0.01725, 'accuracy': 0.96614, 'f1': 0.96612, 'auc': 0.96842}
> Epoch 699: took 1.5s (avg 1.5s) | Best so far: epoch 406	train_loss: 0.1548 train_accuracy: 0.9767	val_loss: 0.1785 val_accuracy: 0.9686	test_loss: 0.1728 test_accuracy: 0.9699
train: {'epoch': 700, 'time_epoch': 1.06232, 'eta': 332.41222, 'eta_hours': 0.09234, 'loss': 0.14014119, 'lr': 0.00031586, 'params': 202600, 'time_iter': 0.02656, 'accuracy': 0.97665, 'f1': 0.97664, 'auc': 0.97244}
val: {'epoch': 700, 'time_epoch': 0.07151, 'loss': 0.20297763, 'lr': 0, 'params': 202600, 'time_iter': 0.01788, 'accuracy': 0.96422, 'f1': 0.9642, 'auc': 0.96742}
test: {'epoch': 700, 'time_epoch': 0.06951, 'loss': 0.19562273, 'lr': 0, 'params': 202600, 'time_iter': 0.01738, 'accuracy': 0.96535, 'f1': 0.96533, 'auc': 0.9686}
> Epoch 700: took 1.4s (avg 1.5s) | Best so far: epoch 406	train_loss: 0.1548 train_accuracy: 0.9767	val_loss: 0.1785 val_accuracy: 0.9686	test_loss: 0.1728 test_accuracy: 0.9699
train: {'epoch': 701, 'time_epoch': 1.10792, 'eta': 331.29885, 'eta_hours': 0.09203, 'loss': 0.139968, 'lr': 0.00031481, 'params': 202600, 'time_iter': 0.0277, 'accuracy': 0.97662, 'f1': 0.9766, 'auc': 0.97242}
val: {'epoch': 701, 'time_epoch': 0.07002, 'loss': 0.20421473, 'lr': 0, 'params': 202600, 'time_iter': 0.0175, 'accuracy': 0.96296, 'f1': 0.96295, 'auc': 0.96771}
test: {'epoch': 701, 'time_epoch': 0.06951, 'loss': 0.1972146, 'lr': 0, 'params': 202600, 'time_iter': 0.01738, 'accuracy': 0.96393, 'f1': 0.96392, 'auc': 0.96888}
> Epoch 701: took 1.5s (avg 1.5s) | Best so far: epoch 406	train_loss: 0.1548 train_accuracy: 0.9767	val_loss: 0.1785 val_accuracy: 0.9686	test_loss: 0.1728 test_accuracy: 0.9699
train: {'epoch': 702, 'time_epoch': 1.10074, 'eta': 330.18246, 'eta_hours': 0.09172, 'loss': 0.14014724, 'lr': 0.00031375, 'params': 202600, 'time_iter': 0.02752, 'accuracy': 0.97657, 'f1': 0.97656, 'auc': 0.97247}
val: {'epoch': 702, 'time_epoch': 0.07001, 'loss': 0.20001015, 'lr': 0, 'params': 202600, 'time_iter': 0.0175, 'accuracy': 0.9639, 'f1': 0.96388, 'auc': 0.96698}
test: {'epoch': 702, 'time_epoch': 0.08851, 'loss': 0.19418285, 'lr': 0, 'params': 202600, 'time_iter': 0.02213, 'accuracy': 0.96533, 'f1': 0.96531, 'auc': 0.96803}
> Epoch 702: took 1.5s (avg 1.5s) | Best so far: epoch 406	train_loss: 0.1548 train_accuracy: 0.9767	val_loss: 0.1785 val_accuracy: 0.9686	test_loss: 0.1728 test_accuracy: 0.9699
train: {'epoch': 703, 'time_epoch': 1.0761, 'eta': 329.05576, 'eta_hours': 0.0914, 'loss': 0.14009412, 'lr': 0.0003127, 'params': 202600, 'time_iter': 0.0269, 'accuracy': 0.97677, 'f1': 0.97676, 'auc': 0.97244}
val: {'epoch': 703, 'time_epoch': 0.06951, 'loss': 0.19644259, 'lr': 0, 'params': 202600, 'time_iter': 0.01738, 'accuracy': 0.96288, 'f1': 0.96286, 'auc': 0.96674}
test: {'epoch': 703, 'time_epoch': 0.06851, 'loss': 0.19153694, 'lr': 0, 'params': 202600, 'time_iter': 0.01713, 'accuracy': 0.96405, 'f1': 0.96403, 'auc': 0.96757}
> Epoch 703: took 1.4s (avg 1.5s) | Best so far: epoch 406	train_loss: 0.1548 train_accuracy: 0.9767	val_loss: 0.1785 val_accuracy: 0.9686	test_loss: 0.1728 test_accuracy: 0.9699
train: {'epoch': 704, 'time_epoch': 1.10024, 'eta': 327.9393, 'eta_hours': 0.09109, 'loss': 0.14014497, 'lr': 0.00031165, 'params': 202600, 'time_iter': 0.02751, 'accuracy': 0.9766, 'f1': 0.97659, 'auc': 0.97249}
val: {'epoch': 704, 'time_epoch': 0.07051, 'loss': 0.20002825, 'lr': 0, 'params': 202600, 'time_iter': 0.01763, 'accuracy': 0.96396, 'f1': 0.96394, 'auc': 0.96754}
test: {'epoch': 704, 'time_epoch': 0.07051, 'loss': 0.19346839, 'lr': 0, 'params': 202600, 'time_iter': 0.01763, 'accuracy': 0.96579, 'f1': 0.96577, 'auc': 0.96853}
> Epoch 704: took 1.5s (avg 1.5s) | Best so far: epoch 406	train_loss: 0.1548 train_accuracy: 0.9767	val_loss: 0.1785 val_accuracy: 0.9686	test_loss: 0.1728 test_accuracy: 0.9699
train: {'epoch': 705, 'time_epoch': 1.2139, 'eta': 326.87021, 'eta_hours': 0.0908, 'loss': 0.1400917, 'lr': 0.0003106, 'params': 202600, 'time_iter': 0.03035, 'accuracy': 0.97671, 'f1': 0.9767, 'auc': 0.97231}
val: {'epoch': 705, 'time_epoch': 0.07151, 'loss': 0.20007172, 'lr': 0, 'params': 202600, 'time_iter': 0.01788, 'accuracy': 0.96467, 'f1': 0.96465, 'auc': 0.96692}
test: {'epoch': 705, 'time_epoch': 0.06851, 'loss': 0.19355704, 'lr': 0, 'params': 202600, 'time_iter': 0.01713, 'accuracy': 0.96597, 'f1': 0.96595, 'auc': 0.96801}
> Epoch 705: took 1.6s (avg 1.5s) | Best so far: epoch 406	train_loss: 0.1548 train_accuracy: 0.9767	val_loss: 0.1785 val_accuracy: 0.9686	test_loss: 0.1728 test_accuracy: 0.9699
train: {'epoch': 706, 'time_epoch': 1.1701, 'eta': 325.78257, 'eta_hours': 0.0905, 'loss': 0.14027384, 'lr': 0.00030954, 'params': 202600, 'time_iter': 0.02925, 'accuracy': 0.97662, 'f1': 0.97661, 'auc': 0.97223}
val: {'epoch': 706, 'time_epoch': 0.06951, 'loss': 0.20031308, 'lr': 0, 'params': 202600, 'time_iter': 0.01738, 'accuracy': 0.96464, 'f1': 0.96462, 'auc': 0.96697}
test: {'epoch': 706, 'time_epoch': 0.06902, 'loss': 0.1938265, 'lr': 0, 'params': 202600, 'time_iter': 0.01726, 'accuracy': 0.96542, 'f1': 0.9654, 'auc': 0.96809}
> Epoch 706: took 1.5s (avg 1.5s) | Best so far: epoch 406	train_loss: 0.1548 train_accuracy: 0.9767	val_loss: 0.1785 val_accuracy: 0.9686	test_loss: 0.1728 test_accuracy: 0.9699
train: {'epoch': 707, 'time_epoch': 1.10762, 'eta': 324.66893, 'eta_hours': 0.09019, 'loss': 0.1398168, 'lr': 0.00030849, 'params': 202600, 'time_iter': 0.02769, 'accuracy': 0.97657, 'f1': 0.97655, 'auc': 0.97246}
val: {'epoch': 707, 'time_epoch': 0.06902, 'loss': 0.2009378, 'lr': 0, 'params': 202600, 'time_iter': 0.01726, 'accuracy': 0.96549, 'f1': 0.96547, 'auc': 0.96697}
test: {'epoch': 707, 'time_epoch': 0.06751, 'loss': 0.19467109, 'lr': 0, 'params': 202600, 'time_iter': 0.01688, 'accuracy': 0.96704, 'f1': 0.96702, 'auc': 0.96809}
> Epoch 707: took 1.5s (avg 1.5s) | Best so far: epoch 406	train_loss: 0.1548 train_accuracy: 0.9767	val_loss: 0.1785 val_accuracy: 0.9686	test_loss: 0.1728 test_accuracy: 0.9699
train: {'epoch': 708, 'time_epoch': 1.11881, 'eta': 323.55989, 'eta_hours': 0.08988, 'loss': 0.13982466, 'lr': 0.00030744, 'params': 202600, 'time_iter': 0.02797, 'accuracy': 0.97655, 'f1': 0.97654, 'auc': 0.97265}
val: {'epoch': 708, 'time_epoch': 0.06916, 'loss': 0.2002572, 'lr': 0, 'params': 202600, 'time_iter': 0.01729, 'accuracy': 0.96423, 'f1': 0.96421, 'auc': 0.96702}
test: {'epoch': 708, 'time_epoch': 0.069, 'loss': 0.1955144, 'lr': 0, 'params': 202600, 'time_iter': 0.01725, 'accuracy': 0.96525, 'f1': 0.96523, 'auc': 0.96802}
> Epoch 708: took 1.5s (avg 1.5s) | Best so far: epoch 406	train_loss: 0.1548 train_accuracy: 0.9767	val_loss: 0.1785 val_accuracy: 0.9686	test_loss: 0.1728 test_accuracy: 0.9699
train: {'epoch': 709, 'time_epoch': 1.12312, 'eta': 322.45259, 'eta_hours': 0.08957, 'loss': 0.1392655, 'lr': 0.00030639, 'params': 202600, 'time_iter': 0.02808, 'accuracy': 0.97669, 'f1': 0.97668, 'auc': 0.97276}
val: {'epoch': 709, 'time_epoch': 0.073, 'loss': 0.19889512, 'lr': 0, 'params': 202600, 'time_iter': 0.01825, 'accuracy': 0.96389, 'f1': 0.96387, 'auc': 0.96638}
test: {'epoch': 709, 'time_epoch': 0.10351, 'loss': 0.1941191, 'lr': 0, 'params': 202600, 'time_iter': 0.02588, 'accuracy': 0.96509, 'f1': 0.96508, 'auc': 0.9674}
> Epoch 709: took 1.5s (avg 1.5s) | Best so far: epoch 406	train_loss: 0.1548 train_accuracy: 0.9767	val_loss: 0.1785 val_accuracy: 0.9686	test_loss: 0.1728 test_accuracy: 0.9699
train: {'epoch': 710, 'time_epoch': 1.1017, 'eta': 321.33653, 'eta_hours': 0.08926, 'loss': 0.14063619, 'lr': 0.00030533, 'params': 202600, 'time_iter': 0.02754, 'accuracy': 0.97648, 'f1': 0.97647, 'auc': 0.97236}
val: {'epoch': 710, 'time_epoch': 0.067, 'loss': 0.19842402, 'lr': 0, 'params': 202600, 'time_iter': 0.01675, 'accuracy': 0.96414, 'f1': 0.96412, 'auc': 0.96633}
test: {'epoch': 710, 'time_epoch': 0.07, 'loss': 0.19186165, 'lr': 0, 'params': 202600, 'time_iter': 0.0175, 'accuracy': 0.96646, 'f1': 0.96644, 'auc': 0.96742}
> Epoch 710: took 1.5s (avg 1.5s) | Best so far: epoch 406	train_loss: 0.1548 train_accuracy: 0.9767	val_loss: 0.1785 val_accuracy: 0.9686	test_loss: 0.1728 test_accuracy: 0.9699
train: {'epoch': 711, 'time_epoch': 1.09985, 'eta': 320.21977, 'eta_hours': 0.08895, 'loss': 0.14024738, 'lr': 0.00030428, 'params': 202600, 'time_iter': 0.0275, 'accuracy': 0.97668, 'f1': 0.97667, 'auc': 0.97218}
val: {'epoch': 711, 'time_epoch': 0.06951, 'loss': 0.20110906, 'lr': 0, 'params': 202600, 'time_iter': 0.01738, 'accuracy': 0.96399, 'f1': 0.96397, 'auc': 0.96747}
test: {'epoch': 711, 'time_epoch': 0.07051, 'loss': 0.19640431, 'lr': 0, 'params': 202600, 'time_iter': 0.01763, 'accuracy': 0.96535, 'f1': 0.96533, 'auc': 0.96855}
> Epoch 711: took 1.5s (avg 1.5s) | Best so far: epoch 406	train_loss: 0.1548 train_accuracy: 0.9767	val_loss: 0.1785 val_accuracy: 0.9686	test_loss: 0.1728 test_accuracy: 0.9699
train: {'epoch': 712, 'time_epoch': 1.08581, 'eta': 319.0974, 'eta_hours': 0.08864, 'loss': 0.1395481, 'lr': 0.00030323, 'params': 202600, 'time_iter': 0.02715, 'accuracy': 0.97654, 'f1': 0.97653, 'auc': 0.97265}
val: {'epoch': 712, 'time_epoch': 0.06951, 'loss': 0.20038469, 'lr': 0, 'params': 202600, 'time_iter': 0.01738, 'accuracy': 0.96443, 'f1': 0.96441, 'auc': 0.96766}
test: {'epoch': 712, 'time_epoch': 0.06928, 'loss': 0.19575872, 'lr': 0, 'params': 202600, 'time_iter': 0.01732, 'accuracy': 0.96522, 'f1': 0.9652, 'auc': 0.96864}
> Epoch 712: took 1.5s (avg 1.5s) | Best so far: epoch 406	train_loss: 0.1548 train_accuracy: 0.9767	val_loss: 0.1785 val_accuracy: 0.9686	test_loss: 0.1728 test_accuracy: 0.9699
train: {'epoch': 713, 'time_epoch': 1.10704, 'eta': 317.98364, 'eta_hours': 0.08833, 'loss': 0.13962581, 'lr': 0.00030218, 'params': 202600, 'time_iter': 0.02768, 'accuracy': 0.97666, 'f1': 0.97665, 'auc': 0.97283}
val: {'epoch': 713, 'time_epoch': 0.07151, 'loss': 0.20098525, 'lr': 0, 'params': 202600, 'time_iter': 0.01788, 'accuracy': 0.96508, 'f1': 0.96506, 'auc': 0.9667}
test: {'epoch': 713, 'time_epoch': 0.07051, 'loss': 0.19578487, 'lr': 0, 'params': 202600, 'time_iter': 0.01763, 'accuracy': 0.96639, 'f1': 0.96637, 'auc': 0.9679}
> Epoch 713: took 1.5s (avg 1.5s) | Best so far: epoch 406	train_loss: 0.1548 train_accuracy: 0.9767	val_loss: 0.1785 val_accuracy: 0.9686	test_loss: 0.1728 test_accuracy: 0.9699
train: {'epoch': 714, 'time_epoch': 1.11385, 'eta': 316.87262, 'eta_hours': 0.08802, 'loss': 0.13942077, 'lr': 0.00030112, 'params': 202600, 'time_iter': 0.02785, 'accuracy': 0.97655, 'f1': 0.97653, 'auc': 0.97285}
val: {'epoch': 714, 'time_epoch': 0.07051, 'loss': 0.20217475, 'lr': 0, 'params': 202600, 'time_iter': 0.01763, 'accuracy': 0.9656, 'f1': 0.96557, 'auc': 0.96706}
test: {'epoch': 714, 'time_epoch': 0.07, 'loss': 0.19612188, 'lr': 0, 'params': 202600, 'time_iter': 0.0175, 'accuracy': 0.96683, 'f1': 0.96681, 'auc': 0.96803}
> Epoch 714: took 1.5s (avg 1.5s) | Best so far: epoch 406	train_loss: 0.1548 train_accuracy: 0.9767	val_loss: 0.1785 val_accuracy: 0.9686	test_loss: 0.1728 test_accuracy: 0.9699
train: {'epoch': 715, 'time_epoch': 1.10733, 'eta': 315.759, 'eta_hours': 0.08771, 'loss': 0.13934298, 'lr': 0.00030007, 'params': 202600, 'time_iter': 0.02768, 'accuracy': 0.97658, 'f1': 0.97657, 'auc': 0.97274}
val: {'epoch': 715, 'time_epoch': 0.069, 'loss': 0.20254593, 'lr': 0, 'params': 202600, 'time_iter': 0.01725, 'accuracy': 0.96311, 'f1': 0.96309, 'auc': 0.96707}
test: {'epoch': 715, 'time_epoch': 0.068, 'loss': 0.19575139, 'lr': 0, 'params': 202600, 'time_iter': 0.017, 'accuracy': 0.96426, 'f1': 0.96424, 'auc': 0.96797}
> Epoch 715: took 1.5s (avg 1.5s) | Best so far: epoch 406	train_loss: 0.1548 train_accuracy: 0.9767	val_loss: 0.1785 val_accuracy: 0.9686	test_loss: 0.1728 test_accuracy: 0.9699
train: {'epoch': 716, 'time_epoch': 1.22342, 'eta': 314.69121, 'eta_hours': 0.08741, 'loss': 0.13924984, 'lr': 0.00029902, 'params': 202600, 'time_iter': 0.03059, 'accuracy': 0.97659, 'f1': 0.97658, 'auc': 0.97304}
val: {'epoch': 716, 'time_epoch': 0.07191, 'loss': 0.19877121, 'lr': 0, 'params': 202600, 'time_iter': 0.01798, 'accuracy': 0.96324, 'f1': 0.96323, 'auc': 0.96654}
test: {'epoch': 716, 'time_epoch': 0.06908, 'loss': 0.19258039, 'lr': 0, 'params': 202600, 'time_iter': 0.01727, 'accuracy': 0.96491, 'f1': 0.9649, 'auc': 0.96774}
> Epoch 716: took 1.6s (avg 1.5s) | Best so far: epoch 406	train_loss: 0.1548 train_accuracy: 0.9767	val_loss: 0.1785 val_accuracy: 0.9686	test_loss: 0.1728 test_accuracy: 0.9699
train: {'epoch': 717, 'time_epoch': 1.10149, 'eta': 313.57511, 'eta_hours': 0.0871, 'loss': 0.139534, 'lr': 0.00029796, 'params': 202600, 'time_iter': 0.02754, 'accuracy': 0.97664, 'f1': 0.97662, 'auc': 0.97269}
val: {'epoch': 717, 'time_epoch': 0.06951, 'loss': 0.20396181, 'lr': 0, 'params': 202600, 'time_iter': 0.01738, 'accuracy': 0.96237, 'f1': 0.96235, 'auc': 0.96824}
test: {'epoch': 717, 'time_epoch': 0.07002, 'loss': 0.19731827, 'lr': 0, 'params': 202600, 'time_iter': 0.0175, 'accuracy': 0.96325, 'f1': 0.96324, 'auc': 0.9693}
> Epoch 717: took 1.5s (avg 1.5s) | Best so far: epoch 406	train_loss: 0.1548 train_accuracy: 0.9767	val_loss: 0.1785 val_accuracy: 0.9686	test_loss: 0.1728 test_accuracy: 0.9699
train: {'epoch': 718, 'time_epoch': 1.16126, 'eta': 312.48241, 'eta_hours': 0.0868, 'loss': 0.13923097, 'lr': 0.00029691, 'params': 202600, 'time_iter': 0.02903, 'accuracy': 0.97655, 'f1': 0.97654, 'auc': 0.97308}
val: {'epoch': 718, 'time_epoch': 0.07, 'loss': 0.19848628, 'lr': 0, 'params': 202600, 'time_iter': 0.0175, 'accuracy': 0.96378, 'f1': 0.96375, 'auc': 0.96662}
test: {'epoch': 718, 'time_epoch': 0.07, 'loss': 0.19192762, 'lr': 0, 'params': 202600, 'time_iter': 0.0175, 'accuracy': 0.96553, 'f1': 0.96551, 'auc': 0.96778}
> Epoch 718: took 1.5s (avg 1.5s) | Best so far: epoch 406	train_loss: 0.1548 train_accuracy: 0.9767	val_loss: 0.1785 val_accuracy: 0.9686	test_loss: 0.1728 test_accuracy: 0.9699
train: {'epoch': 719, 'time_epoch': 1.08976, 'eta': 311.3617, 'eta_hours': 0.08649, 'loss': 0.1397693, 'lr': 0.00029586, 'params': 202600, 'time_iter': 0.02724, 'accuracy': 0.97646, 'f1': 0.97644, 'auc': 0.97272}
val: {'epoch': 719, 'time_epoch': 0.06951, 'loss': 0.19854366, 'lr': 0, 'params': 202600, 'time_iter': 0.01738, 'accuracy': 0.96539, 'f1': 0.96536, 'auc': 0.96671}
test: {'epoch': 719, 'time_epoch': 0.06851, 'loss': 0.19280087, 'lr': 0, 'params': 202600, 'time_iter': 0.01713, 'accuracy': 0.96648, 'f1': 0.96646, 'auc': 0.96801}
> Epoch 719: took 1.5s (avg 1.5s) | Best so far: epoch 406	train_loss: 0.1548 train_accuracy: 0.9767	val_loss: 0.1785 val_accuracy: 0.9686	test_loss: 0.1728 test_accuracy: 0.9699
train: {'epoch': 720, 'time_epoch': 1.1262, 'eta': 310.25519, 'eta_hours': 0.08618, 'loss': 0.13905225, 'lr': 0.00029481, 'params': 202600, 'time_iter': 0.02816, 'accuracy': 0.97659, 'f1': 0.97658, 'auc': 0.97292}
val: {'epoch': 720, 'time_epoch': 0.07102, 'loss': 0.20352607, 'lr': 0, 'params': 202600, 'time_iter': 0.01776, 'accuracy': 0.96407, 'f1': 0.96405, 'auc': 0.96781}
test: {'epoch': 720, 'time_epoch': 0.06951, 'loss': 0.19778292, 'lr': 0, 'params': 202600, 'time_iter': 0.01738, 'accuracy': 0.96507, 'f1': 0.96506, 'auc': 0.96897}
> Epoch 720: took 1.5s (avg 1.5s) | Best so far: epoch 406	train_loss: 0.1548 train_accuracy: 0.9767	val_loss: 0.1785 val_accuracy: 0.9686	test_loss: 0.1728 test_accuracy: 0.9699
train: {'epoch': 721, 'time_epoch': 1.08991, 'eta': 309.13465, 'eta_hours': 0.08587, 'loss': 0.13885093, 'lr': 0.00029375, 'params': 202600, 'time_iter': 0.02725, 'accuracy': 0.97659, 'f1': 0.97658, 'auc': 0.97314}
val: {'epoch': 721, 'time_epoch': 0.06852, 'loss': 0.20408994, 'lr': 0, 'params': 202600, 'time_iter': 0.01713, 'accuracy': 0.96172, 'f1': 0.96171, 'auc': 0.96754}
test: {'epoch': 721, 'time_epoch': 0.06601, 'loss': 0.19805887, 'lr': 0, 'params': 202600, 'time_iter': 0.0165, 'accuracy': 0.96329, 'f1': 0.96328, 'auc': 0.96843}
> Epoch 721: took 1.5s (avg 1.5s) | Best so far: epoch 406	train_loss: 0.1548 train_accuracy: 0.9767	val_loss: 0.1785 val_accuracy: 0.9686	test_loss: 0.1728 test_accuracy: 0.9699
train: {'epoch': 722, 'time_epoch': 1.06894, 'eta': 308.00616, 'eta_hours': 0.08556, 'loss': 0.13875294, 'lr': 0.0002927, 'params': 202600, 'time_iter': 0.02672, 'accuracy': 0.97653, 'f1': 0.97652, 'auc': 0.97332}
val: {'epoch': 722, 'time_epoch': 0.06951, 'loss': 0.20655511, 'lr': 0, 'params': 202600, 'time_iter': 0.01738, 'accuracy': 0.96096, 'f1': 0.96095, 'auc': 0.96831}
test: {'epoch': 722, 'time_epoch': 0.07551, 'loss': 0.19928516, 'lr': 0, 'params': 202600, 'time_iter': 0.01888, 'accuracy': 0.96327, 'f1': 0.96326, 'auc': 0.9693}
> Epoch 722: took 1.4s (avg 1.5s) | Best so far: epoch 406	train_loss: 0.1548 train_accuracy: 0.9767	val_loss: 0.1785 val_accuracy: 0.9686	test_loss: 0.1728 test_accuracy: 0.9699
train: {'epoch': 723, 'time_epoch': 1.14528, 'eta': 306.90694, 'eta_hours': 0.08525, 'loss': 0.13868029, 'lr': 0.00029165, 'params': 202600, 'time_iter': 0.02863, 'accuracy': 0.97663, 'f1': 0.97661, 'auc': 0.97316}
val: {'epoch': 723, 'time_epoch': 0.07151, 'loss': 0.20221837, 'lr': 0, 'params': 202600, 'time_iter': 0.01788, 'accuracy': 0.96326, 'f1': 0.96324, 'auc': 0.96747}
test: {'epoch': 723, 'time_epoch': 0.0675, 'loss': 0.19455175, 'lr': 0, 'params': 202600, 'time_iter': 0.01688, 'accuracy': 0.96489, 'f1': 0.96488, 'auc': 0.96887}
> Epoch 723: took 1.5s (avg 1.5s) | Best so far: epoch 406	train_loss: 0.1548 train_accuracy: 0.9767	val_loss: 0.1785 val_accuracy: 0.9686	test_loss: 0.1728 test_accuracy: 0.9699
train: {'epoch': 724, 'time_epoch': 1.11375, 'eta': 305.79562, 'eta_hours': 0.08494, 'loss': 0.13887281, 'lr': 0.0002906, 'params': 202600, 'time_iter': 0.02784, 'accuracy': 0.97638, 'f1': 0.97637, 'auc': 0.97329}
val: {'epoch': 724, 'time_epoch': 0.06951, 'loss': 0.20730002, 'lr': 0, 'params': 202600, 'time_iter': 0.01738, 'accuracy': 0.96349, 'f1': 0.96347, 'auc': 0.96825}
test: {'epoch': 724, 'time_epoch': 0.06851, 'loss': 0.19992719, 'lr': 0, 'params': 202600, 'time_iter': 0.01713, 'accuracy': 0.96464, 'f1': 0.96463, 'auc': 0.96945}
> Epoch 724: took 1.5s (avg 1.5s) | Best so far: epoch 406	train_loss: 0.1548 train_accuracy: 0.9767	val_loss: 0.1785 val_accuracy: 0.9686	test_loss: 0.1728 test_accuracy: 0.9699
train: {'epoch': 725, 'time_epoch': 1.0756, 'eta': 304.66991, 'eta_hours': 0.08463, 'loss': 0.13900054, 'lr': 0.00028954, 'params': 202600, 'time_iter': 0.02689, 'accuracy': 0.97652, 'f1': 0.97651, 'auc': 0.97316}
val: {'epoch': 725, 'time_epoch': 0.06951, 'loss': 0.20367826, 'lr': 0, 'params': 202600, 'time_iter': 0.01738, 'accuracy': 0.96431, 'f1': 0.96429, 'auc': 0.9668}
test: {'epoch': 725, 'time_epoch': 0.067, 'loss': 0.19736095, 'lr': 0, 'params': 202600, 'time_iter': 0.01675, 'accuracy': 0.96569, 'f1': 0.96567, 'auc': 0.96799}
> Epoch 725: took 1.5s (avg 1.5s) | Best so far: epoch 406	train_loss: 0.1548 train_accuracy: 0.9767	val_loss: 0.1785 val_accuracy: 0.9686	test_loss: 0.1728 test_accuracy: 0.9699
train: {'epoch': 726, 'time_epoch': 1.07274, 'eta': 303.54326, 'eta_hours': 0.08432, 'loss': 0.13875483, 'lr': 0.00028849, 'params': 202600, 'time_iter': 0.02682, 'accuracy': 0.9766, 'f1': 0.97659, 'auc': 0.9733}
val: {'epoch': 726, 'time_epoch': 0.07251, 'loss': 0.20068725, 'lr': 0, 'params': 202600, 'time_iter': 0.01813, 'accuracy': 0.96352, 'f1': 0.9635, 'auc': 0.96759}
test: {'epoch': 726, 'time_epoch': 0.06951, 'loss': 0.19476419, 'lr': 0, 'params': 202600, 'time_iter': 0.01738, 'accuracy': 0.96483, 'f1': 0.96482, 'auc': 0.96867}
> Epoch 726: took 1.5s (avg 1.5s) | Best so far: epoch 406	train_loss: 0.1548 train_accuracy: 0.9767	val_loss: 0.1785 val_accuracy: 0.9686	test_loss: 0.1728 test_accuracy: 0.9699
train: {'epoch': 727, 'time_epoch': 1.1111, 'eta': 302.43109, 'eta_hours': 0.08401, 'loss': 0.13920192, 'lr': 0.00028744, 'params': 202600, 'time_iter': 0.02778, 'accuracy': 0.97655, 'f1': 0.97653, 'auc': 0.97295}
val: {'epoch': 727, 'time_epoch': 0.07151, 'loss': 0.20334234, 'lr': 0, 'params': 202600, 'time_iter': 0.01788, 'accuracy': 0.96465, 'f1': 0.96463, 'auc': 0.96731}
test: {'epoch': 727, 'time_epoch': 0.07023, 'loss': 0.19648701, 'lr': 0, 'params': 202600, 'time_iter': 0.01756, 'accuracy': 0.96633, 'f1': 0.96631, 'auc': 0.9685}
> Epoch 727: took 1.5s (avg 1.5s) | Best so far: epoch 406	train_loss: 0.1548 train_accuracy: 0.9767	val_loss: 0.1785 val_accuracy: 0.9686	test_loss: 0.1728 test_accuracy: 0.9699
train: {'epoch': 728, 'time_epoch': 1.10099, 'eta': 301.31516, 'eta_hours': 0.0837, 'loss': 0.13900908, 'lr': 0.00028639, 'params': 202600, 'time_iter': 0.02752, 'accuracy': 0.97637, 'f1': 0.97636, 'auc': 0.97321}
val: {'epoch': 728, 'time_epoch': 0.06851, 'loss': 0.20446336, 'lr': 0, 'params': 202600, 'time_iter': 0.01713, 'accuracy': 0.96287, 'f1': 0.96285, 'auc': 0.96767}
test: {'epoch': 728, 'time_epoch': 0.06851, 'loss': 0.196914, 'lr': 0, 'params': 202600, 'time_iter': 0.01713, 'accuracy': 0.96436, 'f1': 0.96435, 'auc': 0.96886}
> Epoch 728: took 1.5s (avg 1.5s) | Best so far: epoch 406	train_loss: 0.1548 train_accuracy: 0.9767	val_loss: 0.1785 val_accuracy: 0.9686	test_loss: 0.1728 test_accuracy: 0.9699
train: {'epoch': 729, 'time_epoch': 1.07863, 'eta': 300.191, 'eta_hours': 0.08339, 'loss': 0.13885363, 'lr': 0.00028533, 'params': 202600, 'time_iter': 0.02697, 'accuracy': 0.97658, 'f1': 0.97657, 'auc': 0.97305}
val: {'epoch': 729, 'time_epoch': 0.068, 'loss': 0.20662067, 'lr': 0, 'params': 202600, 'time_iter': 0.017, 'accuracy': 0.96439, 'f1': 0.96437, 'auc': 0.96792}
test: {'epoch': 729, 'time_epoch': 0.068, 'loss': 0.198262, 'lr': 0, 'params': 202600, 'time_iter': 0.017, 'accuracy': 0.9656, 'f1': 0.96558, 'auc': 0.96894}
> Epoch 729: took 1.5s (avg 1.5s) | Best so far: epoch 406	train_loss: 0.1548 train_accuracy: 0.9767	val_loss: 0.1785 val_accuracy: 0.9686	test_loss: 0.1728 test_accuracy: 0.9699
train: {'epoch': 730, 'time_epoch': 1.0822, 'eta': 299.06828, 'eta_hours': 0.08307, 'loss': 0.13865087, 'lr': 0.00028428, 'params': 202600, 'time_iter': 0.02706, 'accuracy': 0.97647, 'f1': 0.97646, 'auc': 0.97337}
val: {'epoch': 730, 'time_epoch': 0.07151, 'loss': 0.20344598, 'lr': 0, 'params': 202600, 'time_iter': 0.01788, 'accuracy': 0.96132, 'f1': 0.96131, 'auc': 0.968}
test: {'epoch': 730, 'time_epoch': 0.06951, 'loss': 0.19621803, 'lr': 0, 'params': 202600, 'time_iter': 0.01738, 'accuracy': 0.96278, 'f1': 0.96277, 'auc': 0.96904}
> Epoch 730: took 1.5s (avg 1.5s) | Best so far: epoch 406	train_loss: 0.1548 train_accuracy: 0.9767	val_loss: 0.1785 val_accuracy: 0.9686	test_loss: 0.1728 test_accuracy: 0.9699
train: {'epoch': 731, 'time_epoch': 1.13416, 'eta': 297.9647, 'eta_hours': 0.08277, 'loss': 0.1391459, 'lr': 0.00028323, 'params': 202600, 'time_iter': 0.02835, 'accuracy': 0.97642, 'f1': 0.97641, 'auc': 0.97312}
val: {'epoch': 731, 'time_epoch': 0.06851, 'loss': 0.20506369, 'lr': 0, 'params': 202600, 'time_iter': 0.01713, 'accuracy': 0.96607, 'f1': 0.96605, 'auc': 0.96808}
test: {'epoch': 731, 'time_epoch': 0.06851, 'loss': 0.19776549, 'lr': 0, 'params': 202600, 'time_iter': 0.01713, 'accuracy': 0.96658, 'f1': 0.96656, 'auc': 0.96916}
> Epoch 731: took 1.5s (avg 1.5s) | Best so far: epoch 406	train_loss: 0.1548 train_accuracy: 0.9767	val_loss: 0.1785 val_accuracy: 0.9686	test_loss: 0.1728 test_accuracy: 0.9699
train: {'epoch': 732, 'time_epoch': 1.13287, 'eta': 296.86056, 'eta_hours': 0.08246, 'loss': 0.13847058, 'lr': 0.00028218, 'params': 202600, 'time_iter': 0.02832, 'accuracy': 0.97659, 'f1': 0.97658, 'auc': 0.9734}
val: {'epoch': 732, 'time_epoch': 0.07451, 'loss': 0.20347397, 'lr': 0, 'params': 202600, 'time_iter': 0.01863, 'accuracy': 0.96316, 'f1': 0.96314, 'auc': 0.96698}
test: {'epoch': 732, 'time_epoch': 0.06851, 'loss': 0.19610835, 'lr': 0, 'params': 202600, 'time_iter': 0.01713, 'accuracy': 0.96472, 'f1': 0.96471, 'auc': 0.96822}
> Epoch 732: took 1.5s (avg 1.5s) | Best so far: epoch 406	train_loss: 0.1548 train_accuracy: 0.9767	val_loss: 0.1785 val_accuracy: 0.9686	test_loss: 0.1728 test_accuracy: 0.9699
train: {'epoch': 733, 'time_epoch': 1.11486, 'eta': 295.74982, 'eta_hours': 0.08215, 'loss': 0.13860656, 'lr': 0.00028112, 'params': 202600, 'time_iter': 0.02787, 'accuracy': 0.97666, 'f1': 0.97665, 'auc': 0.97328}
val: {'epoch': 733, 'time_epoch': 0.07151, 'loss': 0.19931896, 'lr': 0, 'params': 202600, 'time_iter': 0.01788, 'accuracy': 0.96524, 'f1': 0.96521, 'auc': 0.96647}
test: {'epoch': 733, 'time_epoch': 0.06851, 'loss': 0.19266625, 'lr': 0, 'params': 202600, 'time_iter': 0.01713, 'accuracy': 0.96694, 'f1': 0.96692, 'auc': 0.96768}
> Epoch 733: took 1.5s (avg 1.5s) | Best so far: epoch 406	train_loss: 0.1548 train_accuracy: 0.9767	val_loss: 0.1785 val_accuracy: 0.9686	test_loss: 0.1728 test_accuracy: 0.9699
train: {'epoch': 734, 'time_epoch': 1.11306, 'eta': 294.63842, 'eta_hours': 0.08184, 'loss': 0.13851856, 'lr': 0.00028007, 'params': 202600, 'time_iter': 0.02783, 'accuracy': 0.97654, 'f1': 0.97653, 'auc': 0.97325}
val: {'epoch': 734, 'time_epoch': 0.06951, 'loss': 0.20235387, 'lr': 0, 'params': 202600, 'time_iter': 0.01738, 'accuracy': 0.96318, 'f1': 0.96316, 'auc': 0.96711}
test: {'epoch': 734, 'time_epoch': 0.08751, 'loss': 0.19605176, 'lr': 0, 'params': 202600, 'time_iter': 0.02188, 'accuracy': 0.96477, 'f1': 0.96476, 'auc': 0.96807}
> Epoch 734: took 1.5s (avg 1.5s) | Best so far: epoch 406	train_loss: 0.1548 train_accuracy: 0.9767	val_loss: 0.1785 val_accuracy: 0.9686	test_loss: 0.1728 test_accuracy: 0.9699
train: {'epoch': 735, 'time_epoch': 1.10469, 'eta': 293.52401, 'eta_hours': 0.08153, 'loss': 0.13840454, 'lr': 0.00027902, 'params': 202600, 'time_iter': 0.02762, 'accuracy': 0.97637, 'f1': 0.97636, 'auc': 0.97333}
val: {'epoch': 735, 'time_epoch': 0.07151, 'loss': 0.20600779, 'lr': 0, 'params': 202600, 'time_iter': 0.01788, 'accuracy': 0.96217, 'f1': 0.96215, 'auc': 0.96763}
test: {'epoch': 735, 'time_epoch': 0.06851, 'loss': 0.19995967, 'lr': 0, 'params': 202600, 'time_iter': 0.01713, 'accuracy': 0.96309, 'f1': 0.96308, 'auc': 0.96867}
> Epoch 735: took 1.5s (avg 1.5s) | Best so far: epoch 406	train_loss: 0.1548 train_accuracy: 0.9767	val_loss: 0.1785 val_accuracy: 0.9686	test_loss: 0.1728 test_accuracy: 0.9699
train: {'epoch': 736, 'time_epoch': 1.23981, 'eta': 292.45784, 'eta_hours': 0.08124, 'loss': 0.13873628, 'lr': 0.00027797, 'params': 202600, 'time_iter': 0.031, 'accuracy': 0.97659, 'f1': 0.97658, 'auc': 0.97322}
val: {'epoch': 736, 'time_epoch': 0.06951, 'loss': 0.20206956, 'lr': 0, 'params': 202600, 'time_iter': 0.01738, 'accuracy': 0.96543, 'f1': 0.96541, 'auc': 0.96714}
test: {'epoch': 736, 'time_epoch': 0.06751, 'loss': 0.19564691, 'lr': 0, 'params': 202600, 'time_iter': 0.01688, 'accuracy': 0.96678, 'f1': 0.96676, 'auc': 0.96829}
> Epoch 736: took 1.6s (avg 1.5s) | Best so far: epoch 406	train_loss: 0.1548 train_accuracy: 0.9767	val_loss: 0.1785 val_accuracy: 0.9686	test_loss: 0.1728 test_accuracy: 0.9699
train: {'epoch': 737, 'time_epoch': 1.13877, 'eta': 291.35534, 'eta_hours': 0.08093, 'loss': 0.13883713, 'lr': 0.00027691, 'params': 202600, 'time_iter': 0.02847, 'accuracy': 0.97647, 'f1': 0.97646, 'auc': 0.97307}
val: {'epoch': 737, 'time_epoch': 0.07151, 'loss': 0.20731343, 'lr': 0, 'params': 202600, 'time_iter': 0.01788, 'accuracy': 0.96353, 'f1': 0.96351, 'auc': 0.96764}
test: {'epoch': 737, 'time_epoch': 0.06951, 'loss': 0.19992183, 'lr': 0, 'params': 202600, 'time_iter': 0.01738, 'accuracy': 0.96511, 'f1': 0.9651, 'auc': 0.96878}
> Epoch 737: took 1.5s (avg 1.5s) | Best so far: epoch 406	train_loss: 0.1548 train_accuracy: 0.9767	val_loss: 0.1785 val_accuracy: 0.9686	test_loss: 0.1728 test_accuracy: 0.9699
train: {'epoch': 738, 'time_epoch': 1.13082, 'eta': 290.24992, 'eta_hours': 0.08062, 'loss': 0.13825518, 'lr': 0.00027586, 'params': 202600, 'time_iter': 0.02827, 'accuracy': 0.97671, 'f1': 0.9767, 'auc': 0.97338}
val: {'epoch': 738, 'time_epoch': 0.07051, 'loss': 0.2027507, 'lr': 0, 'params': 202600, 'time_iter': 0.01763, 'accuracy': 0.96232, 'f1': 0.9623, 'auc': 0.96702}
test: {'epoch': 738, 'time_epoch': 0.06851, 'loss': 0.19607803, 'lr': 0, 'params': 202600, 'time_iter': 0.01713, 'accuracy': 0.96419, 'f1': 0.96418, 'auc': 0.9681}
> Epoch 738: took 1.5s (avg 1.5s) | Best so far: epoch 406	train_loss: 0.1548 train_accuracy: 0.9767	val_loss: 0.1785 val_accuracy: 0.9686	test_loss: 0.1728 test_accuracy: 0.9699
train: {'epoch': 739, 'time_epoch': 1.11924, 'eta': 289.14038, 'eta_hours': 0.08032, 'loss': 0.13896923, 'lr': 0.00027481, 'params': 202600, 'time_iter': 0.02798, 'accuracy': 0.97648, 'f1': 0.97647, 'auc': 0.97311}
val: {'epoch': 739, 'time_epoch': 0.07051, 'loss': 0.20682507, 'lr': 0, 'params': 202600, 'time_iter': 0.01763, 'accuracy': 0.96492, 'f1': 0.9649, 'auc': 0.968}
test: {'epoch': 739, 'time_epoch': 0.06917, 'loss': 0.20032377, 'lr': 0, 'params': 202600, 'time_iter': 0.01729, 'accuracy': 0.96639, 'f1': 0.96637, 'auc': 0.96898}
> Epoch 739: took 1.5s (avg 1.5s) | Best so far: epoch 406	train_loss: 0.1548 train_accuracy: 0.9767	val_loss: 0.1785 val_accuracy: 0.9686	test_loss: 0.1728 test_accuracy: 0.9699
train: {'epoch': 740, 'time_epoch': 1.11346, 'eta': 288.02878, 'eta_hours': 0.08001, 'loss': 0.13811542, 'lr': 0.00027376, 'params': 202600, 'time_iter': 0.02784, 'accuracy': 0.97652, 'f1': 0.97651, 'auc': 0.97357}
val: {'epoch': 740, 'time_epoch': 0.06952, 'loss': 0.20678945, 'lr': 0, 'params': 202600, 'time_iter': 0.01738, 'accuracy': 0.96426, 'f1': 0.96424, 'auc': 0.96841}
test: {'epoch': 740, 'time_epoch': 0.06951, 'loss': 0.20000696, 'lr': 0, 'params': 202600, 'time_iter': 0.01738, 'accuracy': 0.96513, 'f1': 0.96512, 'auc': 0.9695}
> Epoch 740: took 1.5s (avg 1.5s) | Best so far: epoch 406	train_loss: 0.1548 train_accuracy: 0.9767	val_loss: 0.1785 val_accuracy: 0.9686	test_loss: 0.1728 test_accuracy: 0.9699
train: {'epoch': 741, 'time_epoch': 1.12207, 'eta': 286.92017, 'eta_hours': 0.0797, 'loss': 0.13797245, 'lr': 0.0002727, 'params': 202600, 'time_iter': 0.02805, 'accuracy': 0.97648, 'f1': 0.97647, 'auc': 0.97373}
val: {'epoch': 741, 'time_epoch': 0.07151, 'loss': 0.20172046, 'lr': 0, 'params': 202600, 'time_iter': 0.01788, 'accuracy': 0.96445, 'f1': 0.96443, 'auc': 0.9671}
test: {'epoch': 741, 'time_epoch': 0.09402, 'loss': 0.19503933, 'lr': 0, 'params': 202600, 'time_iter': 0.0235, 'accuracy': 0.96553, 'f1': 0.96551, 'auc': 0.96825}
> Epoch 741: took 1.5s (avg 1.5s) | Best so far: epoch 406	train_loss: 0.1548 train_accuracy: 0.9767	val_loss: 0.1785 val_accuracy: 0.9686	test_loss: 0.1728 test_accuracy: 0.9699
train: {'epoch': 742, 'time_epoch': 1.0674, 'eta': 285.79262, 'eta_hours': 0.07939, 'loss': 0.1383757, 'lr': 0.00027165, 'params': 202600, 'time_iter': 0.02669, 'accuracy': 0.97645, 'f1': 0.97643, 'auc': 0.97352}
val: {'epoch': 742, 'time_epoch': 0.07051, 'loss': 0.2045063, 'lr': 0, 'params': 202600, 'time_iter': 0.01763, 'accuracy': 0.96424, 'f1': 0.96422, 'auc': 0.96748}
test: {'epoch': 742, 'time_epoch': 0.06801, 'loss': 0.19739441, 'lr': 0, 'params': 202600, 'time_iter': 0.017, 'accuracy': 0.96565, 'f1': 0.96563, 'auc': 0.96857}
> Epoch 742: took 1.4s (avg 1.5s) | Best so far: epoch 406	train_loss: 0.1548 train_accuracy: 0.9767	val_loss: 0.1785 val_accuracy: 0.9686	test_loss: 0.1728 test_accuracy: 0.9699
train: {'epoch': 743, 'time_epoch': 1.09261, 'eta': 284.6739, 'eta_hours': 0.07908, 'loss': 0.1375496, 'lr': 0.0002706, 'params': 202600, 'time_iter': 0.02732, 'accuracy': 0.97662, 'f1': 0.97661, 'auc': 0.9737}
val: {'epoch': 743, 'time_epoch': 0.069, 'loss': 0.20401164, 'lr': 0, 'params': 202600, 'time_iter': 0.01725, 'accuracy': 0.96318, 'f1': 0.96317, 'auc': 0.96699}
test: {'epoch': 743, 'time_epoch': 0.06851, 'loss': 0.19599021, 'lr': 0, 'params': 202600, 'time_iter': 0.01713, 'accuracy': 0.96503, 'f1': 0.96502, 'auc': 0.9681}
> Epoch 743: took 1.5s (avg 1.5s) | Best so far: epoch 406	train_loss: 0.1548 train_accuracy: 0.9767	val_loss: 0.1785 val_accuracy: 0.9686	test_loss: 0.1728 test_accuracy: 0.9699
train: {'epoch': 744, 'time_epoch': 1.0836, 'eta': 283.55217, 'eta_hours': 0.07876, 'loss': 0.13802181, 'lr': 0.00026955, 'params': 202600, 'time_iter': 0.02709, 'accuracy': 0.97655, 'f1': 0.97654, 'auc': 0.97349}
val: {'epoch': 744, 'time_epoch': 0.06912, 'loss': 0.20693595, 'lr': 0, 'params': 202600, 'time_iter': 0.01728, 'accuracy': 0.96302, 'f1': 0.96301, 'auc': 0.96797}
test: {'epoch': 744, 'time_epoch': 0.06751, 'loss': 0.19988358, 'lr': 0, 'params': 202600, 'time_iter': 0.01688, 'accuracy': 0.9647, 'f1': 0.96469, 'auc': 0.96904}
> Epoch 744: took 1.5s (avg 1.5s) | Best so far: epoch 406	train_loss: 0.1548 train_accuracy: 0.9767	val_loss: 0.1785 val_accuracy: 0.9686	test_loss: 0.1728 test_accuracy: 0.9699
train: {'epoch': 745, 'time_epoch': 1.09011, 'eta': 282.43276, 'eta_hours': 0.07845, 'loss': 0.13802283, 'lr': 0.00026849, 'params': 202600, 'time_iter': 0.02725, 'accuracy': 0.97654, 'f1': 0.97653, 'auc': 0.97358}
val: {'epoch': 745, 'time_epoch': 0.07152, 'loss': 0.20416305, 'lr': 0, 'params': 202600, 'time_iter': 0.01788, 'accuracy': 0.96467, 'f1': 0.96465, 'auc': 0.96741}
test: {'epoch': 745, 'time_epoch': 0.071, 'loss': 0.19723675, 'lr': 0, 'params': 202600, 'time_iter': 0.01775, 'accuracy': 0.96581, 'f1': 0.96579, 'auc': 0.96867}
> Epoch 745: took 1.5s (avg 1.5s) | Best so far: epoch 406	train_loss: 0.1548 train_accuracy: 0.9767	val_loss: 0.1785 val_accuracy: 0.9686	test_loss: 0.1728 test_accuracy: 0.9699
train: {'epoch': 746, 'time_epoch': 1.16711, 'eta': 281.33951, 'eta_hours': 0.07815, 'loss': 0.13771008, 'lr': 0.00026744, 'params': 202600, 'time_iter': 0.02918, 'accuracy': 0.97658, 'f1': 0.97657, 'auc': 0.97379}
val: {'epoch': 746, 'time_epoch': 0.07251, 'loss': 0.20585516, 'lr': 0, 'params': 202600, 'time_iter': 0.01813, 'accuracy': 0.96303, 'f1': 0.96301, 'auc': 0.96796}
test: {'epoch': 746, 'time_epoch': 0.07051, 'loss': 0.19957168, 'lr': 0, 'params': 202600, 'time_iter': 0.01763, 'accuracy': 0.96461, 'f1': 0.9646, 'auc': 0.96923}
> Epoch 746: took 1.5s (avg 1.5s) | Best so far: epoch 406	train_loss: 0.1548 train_accuracy: 0.9767	val_loss: 0.1785 val_accuracy: 0.9686	test_loss: 0.1728 test_accuracy: 0.9699
train: {'epoch': 747, 'time_epoch': 1.2998, 'eta': 280.29076, 'eta_hours': 0.07786, 'loss': 0.13727778, 'lr': 0.00026639, 'params': 202600, 'time_iter': 0.0325, 'accuracy': 0.97653, 'f1': 0.97652, 'auc': 0.97393}
val: {'epoch': 747, 'time_epoch': 0.07151, 'loss': 0.20531898, 'lr': 0, 'params': 202600, 'time_iter': 0.01788, 'accuracy': 0.96397, 'f1': 0.96395, 'auc': 0.96777}
test: {'epoch': 747, 'time_epoch': 0.07051, 'loss': 0.19821808, 'lr': 0, 'params': 202600, 'time_iter': 0.01763, 'accuracy': 0.96527, 'f1': 0.96525, 'auc': 0.96899}
> Epoch 747: took 1.7s (avg 1.5s) | Best so far: epoch 406	train_loss: 0.1548 train_accuracy: 0.9767	val_loss: 0.1785 val_accuracy: 0.9686	test_loss: 0.1728 test_accuracy: 0.9699
train: {'epoch': 748, 'time_epoch': 1.18414, 'eta': 279.20258, 'eta_hours': 0.07756, 'loss': 0.13790745, 'lr': 0.00026534, 'params': 202600, 'time_iter': 0.0296, 'accuracy': 0.97658, 'f1': 0.97657, 'auc': 0.97349}
val: {'epoch': 748, 'time_epoch': 0.10051, 'loss': 0.20990443, 'lr': 0, 'params': 202600, 'time_iter': 0.02513, 'accuracy': 0.96225, 'f1': 0.96223, 'auc': 0.96858}
test: {'epoch': 748, 'time_epoch': 0.06964, 'loss': 0.20295329, 'lr': 0, 'params': 202600, 'time_iter': 0.01741, 'accuracy': 0.96346, 'f1': 0.96344, 'auc': 0.96957}
> Epoch 748: took 1.6s (avg 1.5s) | Best so far: epoch 406	train_loss: 0.1548 train_accuracy: 0.9767	val_loss: 0.1785 val_accuracy: 0.9686	test_loss: 0.1728 test_accuracy: 0.9699
train: {'epoch': 749, 'time_epoch': 1.09564, 'eta': 278.08464, 'eta_hours': 0.07725, 'loss': 0.13727159, 'lr': 0.00026428, 'params': 202600, 'time_iter': 0.02739, 'accuracy': 0.97661, 'f1': 0.9766, 'auc': 0.9741}
val: {'epoch': 749, 'time_epoch': 0.0692, 'loss': 0.20725227, 'lr': 0, 'params': 202600, 'time_iter': 0.0173, 'accuracy': 0.96302, 'f1': 0.96301, 'auc': 0.96803}
test: {'epoch': 749, 'time_epoch': 0.06851, 'loss': 0.20071155, 'lr': 0, 'params': 202600, 'time_iter': 0.01713, 'accuracy': 0.96422, 'f1': 0.96421, 'auc': 0.96919}
> Epoch 749: took 1.5s (avg 1.5s) | Best so far: epoch 406	train_loss: 0.1548 train_accuracy: 0.9767	val_loss: 0.1785 val_accuracy: 0.9686	test_loss: 0.1728 test_accuracy: 0.9699
train: {'epoch': 750, 'time_epoch': 1.09838, 'eta': 276.96768, 'eta_hours': 0.07694, 'loss': 0.13772724, 'lr': 0.00026323, 'params': 202600, 'time_iter': 0.02746, 'accuracy': 0.97658, 'f1': 0.97657, 'auc': 0.97376}
val: {'epoch': 750, 'time_epoch': 0.07051, 'loss': 0.20742549, 'lr': 0, 'params': 202600, 'time_iter': 0.01763, 'accuracy': 0.96319, 'f1': 0.96318, 'auc': 0.96827}
test: {'epoch': 750, 'time_epoch': 0.07645, 'loss': 0.1999409, 'lr': 0, 'params': 202600, 'time_iter': 0.01911, 'accuracy': 0.96506, 'f1': 0.96505, 'auc': 0.96938}
> Epoch 750: took 1.5s (avg 1.5s) | Best so far: epoch 406	train_loss: 0.1548 train_accuracy: 0.9767	val_loss: 0.1785 val_accuracy: 0.9686	test_loss: 0.1728 test_accuracy: 0.9699
train: {'epoch': 751, 'time_epoch': 1.1138, 'eta': 275.85585, 'eta_hours': 0.07663, 'loss': 0.13733775, 'lr': 0.00026218, 'params': 202600, 'time_iter': 0.02785, 'accuracy': 0.97657, 'f1': 0.97656, 'auc': 0.9739}
val: {'epoch': 751, 'time_epoch': 0.06901, 'loss': 0.20450218, 'lr': 0, 'params': 202600, 'time_iter': 0.01725, 'accuracy': 0.96362, 'f1': 0.9636, 'auc': 0.9674}
test: {'epoch': 751, 'time_epoch': 0.07106, 'loss': 0.1982023, 'lr': 0, 'params': 202600, 'time_iter': 0.01777, 'accuracy': 0.96499, 'f1': 0.96498, 'auc': 0.96834}
> Epoch 751: took 1.5s (avg 1.5s) | Best so far: epoch 406	train_loss: 0.1548 train_accuracy: 0.9767	val_loss: 0.1785 val_accuracy: 0.9686	test_loss: 0.1728 test_accuracy: 0.9699
train: {'epoch': 752, 'time_epoch': 1.1389, 'eta': 274.75224, 'eta_hours': 0.07632, 'loss': 0.13741057, 'lr': 0.00026113, 'params': 202600, 'time_iter': 0.02847, 'accuracy': 0.97638, 'f1': 0.97637, 'auc': 0.97384}
val: {'epoch': 752, 'time_epoch': 0.07051, 'loss': 0.20677597, 'lr': 0, 'params': 202600, 'time_iter': 0.01763, 'accuracy': 0.96281, 'f1': 0.96279, 'auc': 0.96799}
test: {'epoch': 752, 'time_epoch': 0.06851, 'loss': 0.1991709, 'lr': 0, 'params': 202600, 'time_iter': 0.01713, 'accuracy': 0.96401, 'f1': 0.96399, 'auc': 0.96904}
> Epoch 752: took 1.5s (avg 1.5s) | Best so far: epoch 406	train_loss: 0.1548 train_accuracy: 0.9767	val_loss: 0.1785 val_accuracy: 0.9686	test_loss: 0.1728 test_accuracy: 0.9699
train: {'epoch': 753, 'time_epoch': 1.10661, 'eta': 273.63801, 'eta_hours': 0.07601, 'loss': 0.13738285, 'lr': 0.00026007, 'params': 202600, 'time_iter': 0.02767, 'accuracy': 0.97651, 'f1': 0.9765, 'auc': 0.9739}
val: {'epoch': 753, 'time_epoch': 0.074, 'loss': 0.2015609, 'lr': 0, 'params': 202600, 'time_iter': 0.0185, 'accuracy': 0.96554, 'f1': 0.96551, 'auc': 0.96704}
test: {'epoch': 753, 'time_epoch': 0.07051, 'loss': 0.19446355, 'lr': 0, 'params': 202600, 'time_iter': 0.01763, 'accuracy': 0.96639, 'f1': 0.96637, 'auc': 0.96828}
> Epoch 753: took 1.5s (avg 1.5s) | Best so far: epoch 406	train_loss: 0.1548 train_accuracy: 0.9767	val_loss: 0.1785 val_accuracy: 0.9686	test_loss: 0.1728 test_accuracy: 0.9699
train: {'epoch': 754, 'time_epoch': 1.09877, 'eta': 272.52125, 'eta_hours': 0.0757, 'loss': 0.13823104, 'lr': 0.00025902, 'params': 202600, 'time_iter': 0.02747, 'accuracy': 0.9763, 'f1': 0.97629, 'auc': 0.97354}
val: {'epoch': 754, 'time_epoch': 0.06951, 'loss': 0.20871733, 'lr': 0, 'params': 202600, 'time_iter': 0.01738, 'accuracy': 0.96214, 'f1': 0.96212, 'auc': 0.96864}
test: {'epoch': 754, 'time_epoch': 0.07051, 'loss': 0.20132185, 'lr': 0, 'params': 202600, 'time_iter': 0.01763, 'accuracy': 0.96365, 'f1': 0.96363, 'auc': 0.96966}
> Epoch 754: took 1.5s (avg 1.5s) | Best so far: epoch 406	train_loss: 0.1548 train_accuracy: 0.9767	val_loss: 0.1785 val_accuracy: 0.9686	test_loss: 0.1728 test_accuracy: 0.9699
train: {'epoch': 755, 'time_epoch': 1.12562, 'eta': 271.41321, 'eta_hours': 0.07539, 'loss': 0.13749266, 'lr': 0.00025797, 'params': 202600, 'time_iter': 0.02814, 'accuracy': 0.97659, 'f1': 0.97657, 'auc': 0.97395}
val: {'epoch': 755, 'time_epoch': 0.0733, 'loss': 0.20407995, 'lr': 0, 'params': 202600, 'time_iter': 0.01832, 'accuracy': 0.9647, 'f1': 0.96468, 'auc': 0.96666}
test: {'epoch': 755, 'time_epoch': 0.06851, 'loss': 0.19573326, 'lr': 0, 'params': 202600, 'time_iter': 0.01713, 'accuracy': 0.96627, 'f1': 0.96625, 'auc': 0.96775}
> Epoch 755: took 1.5s (avg 1.5s) | Best so far: epoch 406	train_loss: 0.1548 train_accuracy: 0.9767	val_loss: 0.1785 val_accuracy: 0.9686	test_loss: 0.1728 test_accuracy: 0.9699
train: {'epoch': 756, 'time_epoch': 1.13826, 'eta': 270.30918, 'eta_hours': 0.07509, 'loss': 0.13728113, 'lr': 0.00025692, 'params': 202600, 'time_iter': 0.02846, 'accuracy': 0.97643, 'f1': 0.97642, 'auc': 0.97397}
val: {'epoch': 756, 'time_epoch': 0.07151, 'loss': 0.20634001, 'lr': 0, 'params': 202600, 'time_iter': 0.01788, 'accuracy': 0.96435, 'f1': 0.96433, 'auc': 0.96768}
test: {'epoch': 756, 'time_epoch': 0.06851, 'loss': 0.19749362, 'lr': 0, 'params': 202600, 'time_iter': 0.01713, 'accuracy': 0.96589, 'f1': 0.96587, 'auc': 0.96877}
> Epoch 756: took 1.5s (avg 1.5s) | Best so far: epoch 406	train_loss: 0.1548 train_accuracy: 0.9767	val_loss: 0.1785 val_accuracy: 0.9686	test_loss: 0.1728 test_accuracy: 0.9699
train: {'epoch': 757, 'time_epoch': 1.11733, 'eta': 269.19837, 'eta_hours': 0.07478, 'loss': 0.13755926, 'lr': 0.00025586, 'params': 202600, 'time_iter': 0.02793, 'accuracy': 0.97642, 'f1': 0.97641, 'auc': 0.97388}
val: {'epoch': 757, 'time_epoch': 0.06951, 'loss': 0.20418697, 'lr': 0, 'params': 202600, 'time_iter': 0.01738, 'accuracy': 0.96502, 'f1': 0.965, 'auc': 0.96778}
test: {'epoch': 757, 'time_epoch': 0.06852, 'loss': 0.19684404, 'lr': 0, 'params': 202600, 'time_iter': 0.01713, 'accuracy': 0.9659, 'f1': 0.96588, 'auc': 0.96886}
> Epoch 757: took 1.5s (avg 1.5s) | Best so far: epoch 406	train_loss: 0.1548 train_accuracy: 0.9767	val_loss: 0.1785 val_accuracy: 0.9686	test_loss: 0.1728 test_accuracy: 0.9699
train: {'epoch': 758, 'time_epoch': 1.14999, 'eta': 268.09792, 'eta_hours': 0.07447, 'loss': 0.13720577, 'lr': 0.00025481, 'params': 202600, 'time_iter': 0.02875, 'accuracy': 0.97666, 'f1': 0.97665, 'auc': 0.97399}
val: {'epoch': 758, 'time_epoch': 0.07051, 'loss': 0.20812083, 'lr': 0, 'params': 202600, 'time_iter': 0.01763, 'accuracy': 0.96318, 'f1': 0.96316, 'auc': 0.96777}
test: {'epoch': 758, 'time_epoch': 0.07013, 'loss': 0.20194882, 'lr': 0, 'params': 202600, 'time_iter': 0.01753, 'accuracy': 0.96455, 'f1': 0.96454, 'auc': 0.96878}
> Epoch 758: took 1.5s (avg 1.5s) | Best so far: epoch 406	train_loss: 0.1548 train_accuracy: 0.9767	val_loss: 0.1785 val_accuracy: 0.9686	test_loss: 0.1728 test_accuracy: 0.9699
train: {'epoch': 759, 'time_epoch': 1.1442, 'eta': 266.99551, 'eta_hours': 0.07417, 'loss': 0.13697657, 'lr': 0.00025376, 'params': 202600, 'time_iter': 0.0286, 'accuracy': 0.97644, 'f1': 0.97642, 'auc': 0.97404}
val: {'epoch': 759, 'time_epoch': 0.06951, 'loss': 0.20616705, 'lr': 0, 'params': 202600, 'time_iter': 0.01738, 'accuracy': 0.9643, 'f1': 0.96428, 'auc': 0.9683}
test: {'epoch': 759, 'time_epoch': 0.06915, 'loss': 0.19900985, 'lr': 0, 'params': 202600, 'time_iter': 0.01729, 'accuracy': 0.96556, 'f1': 0.96554, 'auc': 0.96931}
> Epoch 759: took 1.5s (avg 1.5s) | Best so far: epoch 406	train_loss: 0.1548 train_accuracy: 0.9767	val_loss: 0.1785 val_accuracy: 0.9686	test_loss: 0.1728 test_accuracy: 0.9699
train: {'epoch': 760, 'time_epoch': 1.12215, 'eta': 265.88607, 'eta_hours': 0.07386, 'loss': 0.13748142, 'lr': 0.00025271, 'params': 202600, 'time_iter': 0.02805, 'accuracy': 0.97649, 'f1': 0.97647, 'auc': 0.97407}
val: {'epoch': 760, 'time_epoch': 0.07015, 'loss': 0.20749462, 'lr': 0, 'params': 202600, 'time_iter': 0.01754, 'accuracy': 0.96385, 'f1': 0.96383, 'auc': 0.96764}
test: {'epoch': 760, 'time_epoch': 0.07051, 'loss': 0.20048083, 'lr': 0, 'params': 202600, 'time_iter': 0.01763, 'accuracy': 0.96572, 'f1': 0.9657, 'auc': 0.96873}
> Epoch 760: took 1.5s (avg 1.5s) | Best so far: epoch 406	train_loss: 0.1548 train_accuracy: 0.9767	val_loss: 0.1785 val_accuracy: 0.9686	test_loss: 0.1728 test_accuracy: 0.9699
train: {'epoch': 761, 'time_epoch': 1.1261, 'eta': 264.77782, 'eta_hours': 0.07355, 'loss': 0.13676331, 'lr': 0.00025165, 'params': 202600, 'time_iter': 0.02815, 'accuracy': 0.97656, 'f1': 0.97655, 'auc': 0.97407}
val: {'epoch': 761, 'time_epoch': 0.07301, 'loss': 0.21257843, 'lr': 0, 'params': 202600, 'time_iter': 0.01825, 'accuracy': 0.96416, 'f1': 0.96414, 'auc': 0.96836}
test: {'epoch': 761, 'time_epoch': 0.07251, 'loss': 0.20501009, 'lr': 0, 'params': 202600, 'time_iter': 0.01813, 'accuracy': 0.96568, 'f1': 0.96566, 'auc': 0.9693}
> Epoch 761: took 1.5s (avg 1.5s) | Best so far: epoch 406	train_loss: 0.1548 train_accuracy: 0.9767	val_loss: 0.1785 val_accuracy: 0.9686	test_loss: 0.1728 test_accuracy: 0.9699
train: {'epoch': 762, 'time_epoch': 1.1115, 'eta': 263.66499, 'eta_hours': 0.07324, 'loss': 0.13665605, 'lr': 0.0002506, 'params': 202600, 'time_iter': 0.02779, 'accuracy': 0.97643, 'f1': 0.97642, 'auc': 0.97447}
val: {'epoch': 762, 'time_epoch': 0.07251, 'loss': 0.20819888, 'lr': 0, 'params': 202600, 'time_iter': 0.01813, 'accuracy': 0.96344, 'f1': 0.96342, 'auc': 0.96733}
test: {'epoch': 762, 'time_epoch': 0.07251, 'loss': 0.20123063, 'lr': 0, 'params': 202600, 'time_iter': 0.01813, 'accuracy': 0.96524, 'f1': 0.96522, 'auc': 0.96863}
> Epoch 762: took 1.5s (avg 1.5s) | Best so far: epoch 406	train_loss: 0.1548 train_accuracy: 0.9767	val_loss: 0.1785 val_accuracy: 0.9686	test_loss: 0.1728 test_accuracy: 0.9699
train: {'epoch': 763, 'time_epoch': 1.17626, 'eta': 262.57218, 'eta_hours': 0.07294, 'loss': 0.13707018, 'lr': 0.00024955, 'params': 202600, 'time_iter': 0.02941, 'accuracy': 0.9764, 'f1': 0.97639, 'auc': 0.97418}
val: {'epoch': 763, 'time_epoch': 0.06951, 'loss': 0.20937946, 'lr': 0, 'params': 202600, 'time_iter': 0.01738, 'accuracy': 0.96212, 'f1': 0.9621, 'auc': 0.96813}
test: {'epoch': 763, 'time_epoch': 0.06851, 'loss': 0.20157443, 'lr': 0, 'params': 202600, 'time_iter': 0.01713, 'accuracy': 0.96402, 'f1': 0.964, 'auc': 0.9692}
> Epoch 763: took 1.5s (avg 1.5s) | Best so far: epoch 406	train_loss: 0.1548 train_accuracy: 0.9767	val_loss: 0.1785 val_accuracy: 0.9686	test_loss: 0.1728 test_accuracy: 0.9699
train: {'epoch': 764, 'time_epoch': 1.12259, 'eta': 261.46265, 'eta_hours': 0.07263, 'loss': 0.13675785, 'lr': 0.0002485, 'params': 202600, 'time_iter': 0.02806, 'accuracy': 0.97655, 'f1': 0.97654, 'auc': 0.97415}
val: {'epoch': 764, 'time_epoch': 0.06951, 'loss': 0.20614644, 'lr': 0, 'params': 202600, 'time_iter': 0.01738, 'accuracy': 0.96397, 'f1': 0.96395, 'auc': 0.96736}
test: {'epoch': 764, 'time_epoch': 0.06851, 'loss': 0.19917236, 'lr': 0, 'params': 202600, 'time_iter': 0.01713, 'accuracy': 0.96534, 'f1': 0.96532, 'auc': 0.96838}
> Epoch 764: took 1.5s (avg 1.5s) | Best so far: epoch 406	train_loss: 0.1548 train_accuracy: 0.9767	val_loss: 0.1785 val_accuracy: 0.9686	test_loss: 0.1728 test_accuracy: 0.9699
train: {'epoch': 765, 'time_epoch': 1.11511, 'eta': 260.35081, 'eta_hours': 0.07232, 'loss': 0.13681089, 'lr': 0.00024744, 'params': 202600, 'time_iter': 0.02788, 'accuracy': 0.97642, 'f1': 0.97641, 'auc': 0.97431}
val: {'epoch': 765, 'time_epoch': 0.06851, 'loss': 0.20960306, 'lr': 0, 'params': 202600, 'time_iter': 0.01713, 'accuracy': 0.9637, 'f1': 0.96368, 'auc': 0.96803}
test: {'epoch': 765, 'time_epoch': 0.06951, 'loss': 0.20317317, 'lr': 0, 'params': 202600, 'time_iter': 0.01738, 'accuracy': 0.96506, 'f1': 0.96505, 'auc': 0.96918}
> Epoch 765: took 1.5s (avg 1.5s) | Best so far: epoch 406	train_loss: 0.1548 train_accuracy: 0.9767	val_loss: 0.1785 val_accuracy: 0.9686	test_loss: 0.1728 test_accuracy: 0.9699
train: {'epoch': 766, 'time_epoch': 1.14476, 'eta': 259.24797, 'eta_hours': 0.07201, 'loss': 0.13636972, 'lr': 0.00024639, 'params': 202600, 'time_iter': 0.02862, 'accuracy': 0.97644, 'f1': 0.97643, 'auc': 0.97449}
val: {'epoch': 766, 'time_epoch': 0.07051, 'loss': 0.21185368, 'lr': 0, 'params': 202600, 'time_iter': 0.01763, 'accuracy': 0.96196, 'f1': 0.96194, 'auc': 0.96853}
test: {'epoch': 766, 'time_epoch': 0.06951, 'loss': 0.20376425, 'lr': 0, 'params': 202600, 'time_iter': 0.01738, 'accuracy': 0.96331, 'f1': 0.9633, 'auc': 0.9696}
> Epoch 766: took 1.5s (avg 1.5s) | Best so far: epoch 406	train_loss: 0.1548 train_accuracy: 0.9767	val_loss: 0.1785 val_accuracy: 0.9686	test_loss: 0.1728 test_accuracy: 0.9699
train: {'epoch': 767, 'time_epoch': 1.25351, 'eta': 258.17787, 'eta_hours': 0.07172, 'loss': 0.13630331, 'lr': 0.00024534, 'params': 202600, 'time_iter': 0.03134, 'accuracy': 0.97648, 'f1': 0.97647, 'auc': 0.97461}
val: {'epoch': 767, 'time_epoch': 0.07151, 'loss': 0.20824915, 'lr': 0, 'params': 202600, 'time_iter': 0.01788, 'accuracy': 0.96255, 'f1': 0.96253, 'auc': 0.96824}
test: {'epoch': 767, 'time_epoch': 0.06951, 'loss': 0.1996048, 'lr': 0, 'params': 202600, 'time_iter': 0.01738, 'accuracy': 0.96388, 'f1': 0.96386, 'auc': 0.9694}
> Epoch 767: took 1.6s (avg 1.5s) | Best so far: epoch 406	train_loss: 0.1548 train_accuracy: 0.9767	val_loss: 0.1785 val_accuracy: 0.9686	test_loss: 0.1728 test_accuracy: 0.9699
train: {'epoch': 768, 'time_epoch': 1.10821, 'eta': 257.06364, 'eta_hours': 0.07141, 'loss': 0.13671518, 'lr': 0.00024429, 'params': 202600, 'time_iter': 0.02771, 'accuracy': 0.9765, 'f1': 0.97649, 'auc': 0.97417}
val: {'epoch': 768, 'time_epoch': 0.07051, 'loss': 0.20817392, 'lr': 0, 'params': 202600, 'time_iter': 0.01763, 'accuracy': 0.96481, 'f1': 0.96479, 'auc': 0.96776}
test: {'epoch': 768, 'time_epoch': 0.06988, 'loss': 0.20151789, 'lr': 0, 'params': 202600, 'time_iter': 0.01747, 'accuracy': 0.96553, 'f1': 0.96551, 'auc': 0.96893}
> Epoch 768: took 1.5s (avg 1.5s) | Best so far: epoch 406	train_loss: 0.1548 train_accuracy: 0.9767	val_loss: 0.1785 val_accuracy: 0.9686	test_loss: 0.1728 test_accuracy: 0.9699
train: {'epoch': 769, 'time_epoch': 1.10011, 'eta': 255.94701, 'eta_hours': 0.0711, 'loss': 0.13701218, 'lr': 0.00024323, 'params': 202600, 'time_iter': 0.0275, 'accuracy': 0.97659, 'f1': 0.97658, 'auc': 0.97413}
val: {'epoch': 769, 'time_epoch': 0.069, 'loss': 0.20742968, 'lr': 0, 'params': 202600, 'time_iter': 0.01725, 'accuracy': 0.96492, 'f1': 0.9649, 'auc': 0.96763}
test: {'epoch': 769, 'time_epoch': 0.06717, 'loss': 0.20062656, 'lr': 0, 'params': 202600, 'time_iter': 0.01679, 'accuracy': 0.96615, 'f1': 0.96613, 'auc': 0.96864}
> Epoch 769: took 1.5s (avg 1.5s) | Best so far: epoch 406	train_loss: 0.1548 train_accuracy: 0.9767	val_loss: 0.1785 val_accuracy: 0.9686	test_loss: 0.1728 test_accuracy: 0.9699
train: {'epoch': 770, 'time_epoch': 1.1235, 'eta': 254.83737, 'eta_hours': 0.07079, 'loss': 0.13636809, 'lr': 0.00024218, 'params': 202600, 'time_iter': 0.02809, 'accuracy': 0.97646, 'f1': 0.97645, 'auc': 0.97452}
val: {'epoch': 770, 'time_epoch': 0.06951, 'loss': 0.21303942, 'lr': 0, 'params': 202600, 'time_iter': 0.01738, 'accuracy': 0.96334, 'f1': 0.96333, 'auc': 0.96804}
test: {'epoch': 770, 'time_epoch': 0.07051, 'loss': 0.2054466, 'lr': 0, 'params': 202600, 'time_iter': 0.01763, 'accuracy': 0.96478, 'f1': 0.96477, 'auc': 0.96896}
> Epoch 770: took 1.5s (avg 1.5s) | Best so far: epoch 406	train_loss: 0.1548 train_accuracy: 0.9767	val_loss: 0.1785 val_accuracy: 0.9686	test_loss: 0.1728 test_accuracy: 0.9699
train: {'epoch': 771, 'time_epoch': 1.11279, 'eta': 253.72454, 'eta_hours': 0.07048, 'loss': 0.13602475, 'lr': 0.00024113, 'params': 202600, 'time_iter': 0.02782, 'accuracy': 0.97644, 'f1': 0.97643, 'auc': 0.97466}
val: {'epoch': 771, 'time_epoch': 0.07001, 'loss': 0.20989706, 'lr': 0, 'params': 202600, 'time_iter': 0.0175, 'accuracy': 0.96343, 'f1': 0.96342, 'auc': 0.96874}
test: {'epoch': 771, 'time_epoch': 0.06951, 'loss': 0.20314171, 'lr': 0, 'params': 202600, 'time_iter': 0.01738, 'accuracy': 0.96424, 'f1': 0.96422, 'auc': 0.96966}
> Epoch 771: took 1.5s (avg 1.5s) | Best so far: epoch 406	train_loss: 0.1548 train_accuracy: 0.9767	val_loss: 0.1785 val_accuracy: 0.9686	test_loss: 0.1728 test_accuracy: 0.9699
train: {'epoch': 772, 'time_epoch': 1.10649, 'eta': 252.60985, 'eta_hours': 0.07017, 'loss': 0.13664619, 'lr': 0.00024008, 'params': 202600, 'time_iter': 0.02766, 'accuracy': 0.97632, 'f1': 0.9763, 'auc': 0.97453}
val: {'epoch': 772, 'time_epoch': 0.07151, 'loss': 0.21001922, 'lr': 0, 'params': 202600, 'time_iter': 0.01788, 'accuracy': 0.96358, 'f1': 0.96356, 'auc': 0.96751}
test: {'epoch': 772, 'time_epoch': 0.07251, 'loss': 0.2025774, 'lr': 0, 'params': 202600, 'time_iter': 0.01813, 'accuracy': 0.96475, 'f1': 0.96474, 'auc': 0.96865}
> Epoch 772: took 1.5s (avg 1.5s) | Best so far: epoch 406	train_loss: 0.1548 train_accuracy: 0.9767	val_loss: 0.1785 val_accuracy: 0.9686	test_loss: 0.1728 test_accuracy: 0.9699
train: {'epoch': 773, 'time_epoch': 1.13028, 'eta': 251.50213, 'eta_hours': 0.06986, 'loss': 0.13647818, 'lr': 0.00023902, 'params': 202600, 'time_iter': 0.02826, 'accuracy': 0.97637, 'f1': 0.97636, 'auc': 0.97454}
val: {'epoch': 773, 'time_epoch': 0.06951, 'loss': 0.20816255, 'lr': 0, 'params': 202600, 'time_iter': 0.01738, 'accuracy': 0.96564, 'f1': 0.96562, 'auc': 0.96727}
test: {'epoch': 773, 'time_epoch': 0.07051, 'loss': 0.20068198, 'lr': 0, 'params': 202600, 'time_iter': 0.01763, 'accuracy': 0.96656, 'f1': 0.96654, 'auc': 0.96833}
> Epoch 773: took 1.5s (avg 1.5s) | Best so far: epoch 406	train_loss: 0.1548 train_accuracy: 0.9767	val_loss: 0.1785 val_accuracy: 0.9686	test_loss: 0.1728 test_accuracy: 0.9699
train: {'epoch': 774, 'time_epoch': 1.10095, 'eta': 250.38583, 'eta_hours': 0.06955, 'loss': 0.13651453, 'lr': 0.00023797, 'params': 202600, 'time_iter': 0.02752, 'accuracy': 0.97645, 'f1': 0.97644, 'auc': 0.97453}
val: {'epoch': 774, 'time_epoch': 0.07, 'loss': 0.20945716, 'lr': 0, 'params': 202600, 'time_iter': 0.0175, 'accuracy': 0.9637, 'f1': 0.96368, 'auc': 0.96836}
test: {'epoch': 774, 'time_epoch': 0.06851, 'loss': 0.20248531, 'lr': 0, 'params': 202600, 'time_iter': 0.01713, 'accuracy': 0.96465, 'f1': 0.96464, 'auc': 0.96952}
> Epoch 774: took 1.5s (avg 1.5s) | Best so far: epoch 406	train_loss: 0.1548 train_accuracy: 0.9767	val_loss: 0.1785 val_accuracy: 0.9686	test_loss: 0.1728 test_accuracy: 0.9699
train: {'epoch': 775, 'time_epoch': 1.09835, 'eta': 249.26883, 'eta_hours': 0.06924, 'loss': 0.13624954, 'lr': 0.00023692, 'params': 202600, 'time_iter': 0.02746, 'accuracy': 0.97637, 'f1': 0.97636, 'auc': 0.97461}
val: {'epoch': 775, 'time_epoch': 0.06851, 'loss': 0.21003136, 'lr': 0, 'params': 202600, 'time_iter': 0.01713, 'accuracy': 0.96573, 'f1': 0.96571, 'auc': 0.96801}
test: {'epoch': 775, 'time_epoch': 0.06751, 'loss': 0.20363992, 'lr': 0, 'params': 202600, 'time_iter': 0.01688, 'accuracy': 0.96608, 'f1': 0.96606, 'auc': 0.96906}
> Epoch 775: took 1.5s (avg 1.5s) | Best so far: epoch 406	train_loss: 0.1548 train_accuracy: 0.9767	val_loss: 0.1785 val_accuracy: 0.9686	test_loss: 0.1728 test_accuracy: 0.9699
train: {'epoch': 776, 'time_epoch': 1.09875, 'eta': 248.15199, 'eta_hours': 0.06893, 'loss': 0.13625214, 'lr': 0.00023587, 'params': 202600, 'time_iter': 0.02747, 'accuracy': 0.97651, 'f1': 0.9765, 'auc': 0.9747}
val: {'epoch': 776, 'time_epoch': 0.07, 'loss': 0.21318616, 'lr': 0, 'params': 202600, 'time_iter': 0.0175, 'accuracy': 0.9632, 'f1': 0.96318, 'auc': 0.96787}
test: {'epoch': 776, 'time_epoch': 0.069, 'loss': 0.20460017, 'lr': 0, 'params': 202600, 'time_iter': 0.01725, 'accuracy': 0.96451, 'f1': 0.96449, 'auc': 0.96897}
> Epoch 776: took 1.5s (avg 1.5s) | Best so far: epoch 406	train_loss: 0.1548 train_accuracy: 0.9767	val_loss: 0.1785 val_accuracy: 0.9686	test_loss: 0.1728 test_accuracy: 0.9699
train: {'epoch': 777, 'time_epoch': 1.14219, 'eta': 247.04759, 'eta_hours': 0.06862, 'loss': 0.13626673, 'lr': 0.00023481, 'params': 202600, 'time_iter': 0.02855, 'accuracy': 0.97638, 'f1': 0.97637, 'auc': 0.97463}
val: {'epoch': 777, 'time_epoch': 0.18852, 'loss': 0.209198, 'lr': 0, 'params': 202600, 'time_iter': 0.04713, 'accuracy': 0.96422, 'f1': 0.9642, 'auc': 0.96808}
test: {'epoch': 777, 'time_epoch': 0.06951, 'loss': 0.20222437, 'lr': 0, 'params': 202600, 'time_iter': 0.01738, 'accuracy': 0.96528, 'f1': 0.96526, 'auc': 0.96902}
> Epoch 777: took 1.6s (avg 1.5s) | Best so far: epoch 406	train_loss: 0.1548 train_accuracy: 0.9767	val_loss: 0.1785 val_accuracy: 0.9686	test_loss: 0.1728 test_accuracy: 0.9699
train: {'epoch': 778, 'time_epoch': 1.1068, 'eta': 245.93305, 'eta_hours': 0.06831, 'loss': 0.13634415, 'lr': 0.00023376, 'params': 202600, 'time_iter': 0.02767, 'accuracy': 0.97661, 'f1': 0.9766, 'auc': 0.97443}
val: {'epoch': 778, 'time_epoch': 0.07001, 'loss': 0.20728859, 'lr': 0, 'params': 202600, 'time_iter': 0.0175, 'accuracy': 0.96536, 'f1': 0.96533, 'auc': 0.96754}
test: {'epoch': 778, 'time_epoch': 0.07074, 'loss': 0.20019199, 'lr': 0, 'params': 202600, 'time_iter': 0.01768, 'accuracy': 0.96678, 'f1': 0.96676, 'auc': 0.96851}
> Epoch 778: took 1.5s (avg 1.5s) | Best so far: epoch 406	train_loss: 0.1548 train_accuracy: 0.9767	val_loss: 0.1785 val_accuracy: 0.9686	test_loss: 0.1728 test_accuracy: 0.9699
train: {'epoch': 779, 'time_epoch': 1.10862, 'eta': 244.81905, 'eta_hours': 0.06801, 'loss': 0.13602576, 'lr': 0.00023271, 'params': 202600, 'time_iter': 0.02772, 'accuracy': 0.9765, 'f1': 0.97648, 'auc': 0.9747}
val: {'epoch': 779, 'time_epoch': 0.06901, 'loss': 0.21405833, 'lr': 0, 'params': 202600, 'time_iter': 0.01725, 'accuracy': 0.96368, 'f1': 0.96366, 'auc': 0.9687}
test: {'epoch': 779, 'time_epoch': 0.06951, 'loss': 0.20561897, 'lr': 0, 'params': 202600, 'time_iter': 0.01738, 'accuracy': 0.96465, 'f1': 0.96464, 'auc': 0.96957}
> Epoch 779: took 1.5s (avg 1.5s) | Best so far: epoch 406	train_loss: 0.1548 train_accuracy: 0.9767	val_loss: 0.1785 val_accuracy: 0.9686	test_loss: 0.1728 test_accuracy: 0.9699
train: {'epoch': 780, 'time_epoch': 1.1156, 'eta': 243.70702, 'eta_hours': 0.0677, 'loss': 0.13607586, 'lr': 0.00023166, 'params': 202600, 'time_iter': 0.02789, 'accuracy': 0.97643, 'f1': 0.97641, 'auc': 0.97471}
val: {'epoch': 780, 'time_epoch': 0.06851, 'loss': 0.21233859, 'lr': 0, 'params': 202600, 'time_iter': 0.01713, 'accuracy': 0.9624, 'f1': 0.96238, 'auc': 0.96854}
test: {'epoch': 780, 'time_epoch': 0.07051, 'loss': 0.20425351, 'lr': 0, 'params': 202600, 'time_iter': 0.01763, 'accuracy': 0.96415, 'f1': 0.96414, 'auc': 0.96954}
> Epoch 780: took 1.5s (avg 1.5s) | Best so far: epoch 406	train_loss: 0.1548 train_accuracy: 0.9767	val_loss: 0.1785 val_accuracy: 0.9686	test_loss: 0.1728 test_accuracy: 0.9699
train: {'epoch': 781, 'time_epoch': 1.10112, 'eta': 242.59094, 'eta_hours': 0.06739, 'loss': 0.13632273, 'lr': 0.0002306, 'params': 202600, 'time_iter': 0.02753, 'accuracy': 0.97645, 'f1': 0.97644, 'auc': 0.97461}
val: {'epoch': 781, 'time_epoch': 0.06851, 'loss': 0.21117603, 'lr': 0, 'params': 202600, 'time_iter': 0.01713, 'accuracy': 0.96374, 'f1': 0.96372, 'auc': 0.96815}
test: {'epoch': 781, 'time_epoch': 0.06801, 'loss': 0.20457514, 'lr': 0, 'params': 202600, 'time_iter': 0.017, 'accuracy': 0.96496, 'f1': 0.96495, 'auc': 0.96907}
> Epoch 781: took 1.5s (avg 1.5s) | Best so far: epoch 406	train_loss: 0.1548 train_accuracy: 0.9767	val_loss: 0.1785 val_accuracy: 0.9686	test_loss: 0.1728 test_accuracy: 0.9699
train: {'epoch': 782, 'time_epoch': 1.11496, 'eta': 241.47873, 'eta_hours': 0.06708, 'loss': 0.135969, 'lr': 0.00022955, 'params': 202600, 'time_iter': 0.02787, 'accuracy': 0.97656, 'f1': 0.97655, 'auc': 0.97473}
val: {'epoch': 782, 'time_epoch': 0.07, 'loss': 0.2144112, 'lr': 0, 'params': 202600, 'time_iter': 0.0175, 'accuracy': 0.96446, 'f1': 0.96444, 'auc': 0.96869}
test: {'epoch': 782, 'time_epoch': 0.0695, 'loss': 0.20675341, 'lr': 0, 'params': 202600, 'time_iter': 0.01738, 'accuracy': 0.96587, 'f1': 0.96585, 'auc': 0.96953}
> Epoch 782: took 1.5s (avg 1.5s) | Best so far: epoch 406	train_loss: 0.1548 train_accuracy: 0.9767	val_loss: 0.1785 val_accuracy: 0.9686	test_loss: 0.1728 test_accuracy: 0.9699
train: {'epoch': 783, 'time_epoch': 1.1165, 'eta': 240.36694, 'eta_hours': 0.06677, 'loss': 0.13604609, 'lr': 0.0002285, 'params': 202600, 'time_iter': 0.02791, 'accuracy': 0.97633, 'f1': 0.97632, 'auc': 0.97474}
val: {'epoch': 783, 'time_epoch': 0.06851, 'loss': 0.20857437, 'lr': 0, 'params': 202600, 'time_iter': 0.01713, 'accuracy': 0.96373, 'f1': 0.96371, 'auc': 0.96781}
test: {'epoch': 783, 'time_epoch': 0.06951, 'loss': 0.20053388, 'lr': 0, 'params': 202600, 'time_iter': 0.01738, 'accuracy': 0.96523, 'f1': 0.96521, 'auc': 0.96891}
> Epoch 783: took 1.5s (avg 1.5s) | Best so far: epoch 406	train_loss: 0.1548 train_accuracy: 0.9767	val_loss: 0.1785 val_accuracy: 0.9686	test_loss: 0.1728 test_accuracy: 0.9699
train: {'epoch': 784, 'time_epoch': 1.15314, 'eta': 239.26518, 'eta_hours': 0.06646, 'loss': 0.1363677, 'lr': 0.00022745, 'params': 202600, 'time_iter': 0.02883, 'accuracy': 0.97637, 'f1': 0.97635, 'auc': 0.97477}
val: {'epoch': 784, 'time_epoch': 0.068, 'loss': 0.21118917, 'lr': 0, 'params': 202600, 'time_iter': 0.017, 'accuracy': 0.9644, 'f1': 0.96438, 'auc': 0.96801}
test: {'epoch': 784, 'time_epoch': 0.06851, 'loss': 0.20352756, 'lr': 0, 'params': 202600, 'time_iter': 0.01713, 'accuracy': 0.96538, 'f1': 0.96536, 'auc': 0.96902}
> Epoch 784: took 1.5s (avg 1.5s) | Best so far: epoch 406	train_loss: 0.1548 train_accuracy: 0.9767	val_loss: 0.1785 val_accuracy: 0.9686	test_loss: 0.1728 test_accuracy: 0.9699
train: {'epoch': 785, 'time_epoch': 1.10703, 'eta': 238.15073, 'eta_hours': 0.06615, 'loss': 0.13557104, 'lr': 0.00022639, 'params': 202600, 'time_iter': 0.02768, 'accuracy': 0.97656, 'f1': 0.97655, 'auc': 0.9749}
val: {'epoch': 785, 'time_epoch': 0.06851, 'loss': 0.21197904, 'lr': 0, 'params': 202600, 'time_iter': 0.01713, 'accuracy': 0.96345, 'f1': 0.96344, 'auc': 0.96827}
test: {'epoch': 785, 'time_epoch': 0.06802, 'loss': 0.20260372, 'lr': 0, 'params': 202600, 'time_iter': 0.01701, 'accuracy': 0.96515, 'f1': 0.96514, 'auc': 0.9694}
> Epoch 785: took 1.5s (avg 1.5s) | Best so far: epoch 406	train_loss: 0.1548 train_accuracy: 0.9767	val_loss: 0.1785 val_accuracy: 0.9686	test_loss: 0.1728 test_accuracy: 0.9699
train: {'epoch': 786, 'time_epoch': 1.11537, 'eta': 237.03856, 'eta_hours': 0.06584, 'loss': 0.13587442, 'lr': 0.00022534, 'params': 202600, 'time_iter': 0.02788, 'accuracy': 0.97639, 'f1': 0.97638, 'auc': 0.97484}
val: {'epoch': 786, 'time_epoch': 0.06751, 'loss': 0.20968536, 'lr': 0, 'params': 202600, 'time_iter': 0.01688, 'accuracy': 0.96413, 'f1': 0.96411, 'auc': 0.96794}
test: {'epoch': 786, 'time_epoch': 0.06851, 'loss': 0.20176798, 'lr': 0, 'params': 202600, 'time_iter': 0.01713, 'accuracy': 0.96531, 'f1': 0.96529, 'auc': 0.969}
> Epoch 786: took 1.5s (avg 1.5s) | Best so far: epoch 406	train_loss: 0.1548 train_accuracy: 0.9767	val_loss: 0.1785 val_accuracy: 0.9686	test_loss: 0.1728 test_accuracy: 0.9699
train: {'epoch': 787, 'time_epoch': 1.08818, 'eta': 235.91906, 'eta_hours': 0.06553, 'loss': 0.13559696, 'lr': 0.00022429, 'params': 202600, 'time_iter': 0.0272, 'accuracy': 0.97646, 'f1': 0.97645, 'auc': 0.97492}
val: {'epoch': 787, 'time_epoch': 0.07, 'loss': 0.21182131, 'lr': 0, 'params': 202600, 'time_iter': 0.0175, 'accuracy': 0.96508, 'f1': 0.96506, 'auc': 0.96768}
test: {'epoch': 787, 'time_epoch': 0.07101, 'loss': 0.20497071, 'lr': 0, 'params': 202600, 'time_iter': 0.01775, 'accuracy': 0.96609, 'f1': 0.96607, 'auc': 0.96871}
> Epoch 787: took 1.5s (avg 1.5s) | Best so far: epoch 406	train_loss: 0.1548 train_accuracy: 0.9767	val_loss: 0.1785 val_accuracy: 0.9686	test_loss: 0.1728 test_accuracy: 0.9699
train: {'epoch': 788, 'time_epoch': 1.2336, 'eta': 234.83854, 'eta_hours': 0.06523, 'loss': 0.13575791, 'lr': 0.00022324, 'params': 202600, 'time_iter': 0.03084, 'accuracy': 0.97641, 'f1': 0.9764, 'auc': 0.97491}
val: {'epoch': 788, 'time_epoch': 0.071, 'loss': 0.21259872, 'lr': 0, 'params': 202600, 'time_iter': 0.01775, 'accuracy': 0.96454, 'f1': 0.96452, 'auc': 0.96797}
test: {'epoch': 788, 'time_epoch': 0.06751, 'loss': 0.20433976, 'lr': 0, 'params': 202600, 'time_iter': 0.01688, 'accuracy': 0.96569, 'f1': 0.96567, 'auc': 0.969}
> Epoch 788: took 1.6s (avg 1.5s) | Best so far: epoch 406	train_loss: 0.1548 train_accuracy: 0.9767	val_loss: 0.1785 val_accuracy: 0.9686	test_loss: 0.1728 test_accuracy: 0.9699
train: {'epoch': 789, 'time_epoch': 1.11585, 'eta': 233.72632, 'eta_hours': 0.06492, 'loss': 0.13541365, 'lr': 0.00022218, 'params': 202600, 'time_iter': 0.0279, 'accuracy': 0.97652, 'f1': 0.97651, 'auc': 0.97484}
val: {'epoch': 789, 'time_epoch': 0.07051, 'loss': 0.21302798, 'lr': 0, 'params': 202600, 'time_iter': 0.01763, 'accuracy': 0.96299, 'f1': 0.96298, 'auc': 0.96797}
test: {'epoch': 789, 'time_epoch': 0.06901, 'loss': 0.20555543, 'lr': 0, 'params': 202600, 'time_iter': 0.01725, 'accuracy': 0.96473, 'f1': 0.96472, 'auc': 0.96904}
> Epoch 789: took 1.5s (avg 1.5s) | Best so far: epoch 406	train_loss: 0.1548 train_accuracy: 0.9767	val_loss: 0.1785 val_accuracy: 0.9686	test_loss: 0.1728 test_accuracy: 0.9699
train: {'epoch': 790, 'time_epoch': 1.11526, 'eta': 232.61394, 'eta_hours': 0.06461, 'loss': 0.13512735, 'lr': 0.00022113, 'params': 202600, 'time_iter': 0.02788, 'accuracy': 0.97645, 'f1': 0.97643, 'auc': 0.97515}
val: {'epoch': 790, 'time_epoch': 0.06951, 'loss': 0.21294525, 'lr': 0, 'params': 202600, 'time_iter': 0.01738, 'accuracy': 0.96398, 'f1': 0.96396, 'auc': 0.96823}
test: {'epoch': 790, 'time_epoch': 0.06851, 'loss': 0.20543897, 'lr': 0, 'params': 202600, 'time_iter': 0.01713, 'accuracy': 0.96519, 'f1': 0.96517, 'auc': 0.96931}
> Epoch 790: took 1.5s (avg 1.5s) | Best so far: epoch 406	train_loss: 0.1548 train_accuracy: 0.9767	val_loss: 0.1785 val_accuracy: 0.9686	test_loss: 0.1728 test_accuracy: 0.9699
train: {'epoch': 791, 'time_epoch': 1.14522, 'eta': 231.50942, 'eta_hours': 0.06431, 'loss': 0.13556764, 'lr': 0.00022008, 'params': 202600, 'time_iter': 0.02863, 'accuracy': 0.97631, 'f1': 0.97629, 'auc': 0.97507}
val: {'epoch': 791, 'time_epoch': 0.06917, 'loss': 0.21619672, 'lr': 0, 'params': 202600, 'time_iter': 0.01729, 'accuracy': 0.96553, 'f1': 0.96551, 'auc': 0.96808}
test: {'epoch': 791, 'time_epoch': 0.06851, 'loss': 0.20912058, 'lr': 0, 'params': 202600, 'time_iter': 0.01713, 'accuracy': 0.96668, 'f1': 0.96666, 'auc': 0.96915}
> Epoch 791: took 1.5s (avg 1.5s) | Best so far: epoch 406	train_loss: 0.1548 train_accuracy: 0.9767	val_loss: 0.1785 val_accuracy: 0.9686	test_loss: 0.1728 test_accuracy: 0.9699
train: {'epoch': 792, 'time_epoch': 1.10252, 'eta': 230.39365, 'eta_hours': 0.064, 'loss': 0.13525335, 'lr': 0.00021903, 'params': 202600, 'time_iter': 0.02756, 'accuracy': 0.97648, 'f1': 0.97646, 'auc': 0.97526}
val: {'epoch': 792, 'time_epoch': 0.06951, 'loss': 0.21641701, 'lr': 0, 'params': 202600, 'time_iter': 0.01738, 'accuracy': 0.96375, 'f1': 0.96373, 'auc': 0.9685}
test: {'epoch': 792, 'time_epoch': 0.06951, 'loss': 0.20872261, 'lr': 0, 'params': 202600, 'time_iter': 0.01738, 'accuracy': 0.96466, 'f1': 0.96465, 'auc': 0.96944}
> Epoch 792: took 1.5s (avg 1.5s) | Best so far: epoch 406	train_loss: 0.1548 train_accuracy: 0.9767	val_loss: 0.1785 val_accuracy: 0.9686	test_loss: 0.1728 test_accuracy: 0.9699
train: {'epoch': 793, 'time_epoch': 1.08217, 'eta': 229.27264, 'eta_hours': 0.06369, 'loss': 0.13499696, 'lr': 0.00021797, 'params': 202600, 'time_iter': 0.02705, 'accuracy': 0.97646, 'f1': 0.97644, 'auc': 0.97517}
val: {'epoch': 793, 'time_epoch': 0.06902, 'loss': 0.21532655, 'lr': 0, 'params': 202600, 'time_iter': 0.01725, 'accuracy': 0.96312, 'f1': 0.96311, 'auc': 0.96868}
test: {'epoch': 793, 'time_epoch': 0.06951, 'loss': 0.20750635, 'lr': 0, 'params': 202600, 'time_iter': 0.01738, 'accuracy': 0.96415, 'f1': 0.96413, 'auc': 0.96955}
> Epoch 793: took 1.4s (avg 1.5s) | Best so far: epoch 406	train_loss: 0.1548 train_accuracy: 0.9767	val_loss: 0.1785 val_accuracy: 0.9686	test_loss: 0.1728 test_accuracy: 0.9699
train: {'epoch': 794, 'time_epoch': 1.06113, 'eta': 228.1463, 'eta_hours': 0.06337, 'loss': 0.13527707, 'lr': 0.00021692, 'params': 202600, 'time_iter': 0.02653, 'accuracy': 0.97641, 'f1': 0.9764, 'auc': 0.97509}
val: {'epoch': 794, 'time_epoch': 0.07, 'loss': 0.21281799, 'lr': 0, 'params': 202600, 'time_iter': 0.0175, 'accuracy': 0.96265, 'f1': 0.96263, 'auc': 0.96824}
test: {'epoch': 794, 'time_epoch': 0.06951, 'loss': 0.20506106, 'lr': 0, 'params': 202600, 'time_iter': 0.01738, 'accuracy': 0.96438, 'f1': 0.96437, 'auc': 0.96913}
> Epoch 794: took 1.4s (avg 1.5s) | Best so far: epoch 406	train_loss: 0.1548 train_accuracy: 0.9767	val_loss: 0.1785 val_accuracy: 0.9686	test_loss: 0.1728 test_accuracy: 0.9699
train: {'epoch': 795, 'time_epoch': 1.12276, 'eta': 227.03591, 'eta_hours': 0.06307, 'loss': 0.13541495, 'lr': 0.00021587, 'params': 202600, 'time_iter': 0.02807, 'accuracy': 0.97635, 'f1': 0.97634, 'auc': 0.97521}
val: {'epoch': 795, 'time_epoch': 0.07051, 'loss': 0.2184734, 'lr': 0, 'params': 202600, 'time_iter': 0.01763, 'accuracy': 0.96363, 'f1': 0.96361, 'auc': 0.96864}
test: {'epoch': 795, 'time_epoch': 0.06951, 'loss': 0.20989794, 'lr': 0, 'params': 202600, 'time_iter': 0.01738, 'accuracy': 0.96532, 'f1': 0.9653, 'auc': 0.96976}
> Epoch 795: took 1.5s (avg 1.5s) | Best so far: epoch 406	train_loss: 0.1548 train_accuracy: 0.9767	val_loss: 0.1785 val_accuracy: 0.9686	test_loss: 0.1728 test_accuracy: 0.9699
train: {'epoch': 796, 'time_epoch': 1.09614, 'eta': 225.91872, 'eta_hours': 0.06276, 'loss': 0.13553034, 'lr': 0.00021482, 'params': 202600, 'time_iter': 0.0274, 'accuracy': 0.97651, 'f1': 0.97649, 'auc': 0.97512}
val: {'epoch': 796, 'time_epoch': 0.06851, 'loss': 0.21450504, 'lr': 0, 'params': 202600, 'time_iter': 0.01713, 'accuracy': 0.96359, 'f1': 0.96357, 'auc': 0.96806}
test: {'epoch': 796, 'time_epoch': 0.06851, 'loss': 0.20565271, 'lr': 0, 'params': 202600, 'time_iter': 0.01713, 'accuracy': 0.96547, 'f1': 0.96545, 'auc': 0.96904}
> Epoch 796: took 1.5s (avg 1.5s) | Best so far: epoch 406	train_loss: 0.1548 train_accuracy: 0.9767	val_loss: 0.1785 val_accuracy: 0.9686	test_loss: 0.1728 test_accuracy: 0.9699
train: {'epoch': 797, 'time_epoch': 1.06775, 'eta': 224.79439, 'eta_hours': 0.06244, 'loss': 0.13513925, 'lr': 0.00021376, 'params': 202600, 'time_iter': 0.02669, 'accuracy': 0.9766, 'f1': 0.97659, 'auc': 0.97526}
val: {'epoch': 797, 'time_epoch': 0.06848, 'loss': 0.20973967, 'lr': 0, 'params': 202600, 'time_iter': 0.01712, 'accuracy': 0.96274, 'f1': 0.96272, 'auc': 0.96798}
test: {'epoch': 797, 'time_epoch': 0.06951, 'loss': 0.20291562, 'lr': 0, 'params': 202600, 'time_iter': 0.01738, 'accuracy': 0.96405, 'f1': 0.96403, 'auc': 0.96896}
> Epoch 797: took 1.4s (avg 1.5s) | Best so far: epoch 406	train_loss: 0.1548 train_accuracy: 0.9767	val_loss: 0.1785 val_accuracy: 0.9686	test_loss: 0.1728 test_accuracy: 0.9699
train: {'epoch': 798, 'time_epoch': 1.16048, 'eta': 223.69353, 'eta_hours': 0.06214, 'loss': 0.13448486, 'lr': 0.00021271, 'params': 202600, 'time_iter': 0.02901, 'accuracy': 0.97643, 'f1': 0.97642, 'auc': 0.97543}
val: {'epoch': 798, 'time_epoch': 0.073, 'loss': 0.21634881, 'lr': 0, 'params': 202600, 'time_iter': 0.01825, 'accuracy': 0.96351, 'f1': 0.96349, 'auc': 0.96904}
test: {'epoch': 798, 'time_epoch': 0.071, 'loss': 0.2081087, 'lr': 0, 'params': 202600, 'time_iter': 0.01775, 'accuracy': 0.96524, 'f1': 0.96522, 'auc': 0.96994}
> Epoch 798: took 1.5s (avg 1.5s) | Best so far: epoch 406	train_loss: 0.1548 train_accuracy: 0.9767	val_loss: 0.1785 val_accuracy: 0.9686	test_loss: 0.1728 test_accuracy: 0.9699
train: {'epoch': 799, 'time_epoch': 1.09741, 'eta': 222.57675, 'eta_hours': 0.06183, 'loss': 0.13467738, 'lr': 0.00021166, 'params': 202600, 'time_iter': 0.02744, 'accuracy': 0.97639, 'f1': 0.97638, 'auc': 0.9754}
val: {'epoch': 799, 'time_epoch': 0.06951, 'loss': 0.21503635, 'lr': 0, 'params': 202600, 'time_iter': 0.01738, 'accuracy': 0.9616, 'f1': 0.96159, 'auc': 0.96875}
test: {'epoch': 799, 'time_epoch': 0.07051, 'loss': 0.20768765, 'lr': 0, 'params': 202600, 'time_iter': 0.01763, 'accuracy': 0.96369, 'f1': 0.96367, 'auc': 0.96972}
> Epoch 799: took 1.5s (avg 1.5s) | Best so far: epoch 406	train_loss: 0.1548 train_accuracy: 0.9767	val_loss: 0.1785 val_accuracy: 0.9686	test_loss: 0.1728 test_accuracy: 0.9699
train: {'epoch': 800, 'time_epoch': 1.07765, 'eta': 221.45512, 'eta_hours': 0.06152, 'loss': 0.13495128, 'lr': 0.00021061, 'params': 202600, 'time_iter': 0.02694, 'accuracy': 0.97645, 'f1': 0.97644, 'auc': 0.97539}
val: {'epoch': 800, 'time_epoch': 0.069, 'loss': 0.21172276, 'lr': 0, 'params': 202600, 'time_iter': 0.01725, 'accuracy': 0.96272, 'f1': 0.9627, 'auc': 0.96799}
test: {'epoch': 800, 'time_epoch': 0.06951, 'loss': 0.20297517, 'lr': 0, 'params': 202600, 'time_iter': 0.01738, 'accuracy': 0.96501, 'f1': 0.965, 'auc': 0.96904}
> Epoch 800: took 1.4s (avg 1.5s) | Best so far: epoch 406	train_loss: 0.1548 train_accuracy: 0.9767	val_loss: 0.1785 val_accuracy: 0.9686	test_loss: 0.1728 test_accuracy: 0.9699
train: {'epoch': 801, 'time_epoch': 1.06794, 'eta': 220.33119, 'eta_hours': 0.0612, 'loss': 0.13540054, 'lr': 0.00020955, 'params': 202600, 'time_iter': 0.0267, 'accuracy': 0.97631, 'f1': 0.9763, 'auc': 0.97517}
val: {'epoch': 801, 'time_epoch': 0.07018, 'loss': 0.21496316, 'lr': 0, 'params': 202600, 'time_iter': 0.01754, 'accuracy': 0.96268, 'f1': 0.96266, 'auc': 0.9688}
test: {'epoch': 801, 'time_epoch': 0.07251, 'loss': 0.20597033, 'lr': 0, 'params': 202600, 'time_iter': 0.01813, 'accuracy': 0.96444, 'f1': 0.96443, 'auc': 0.96987}
> Epoch 801: took 1.4s (avg 1.5s) | Best so far: epoch 406	train_loss: 0.1548 train_accuracy: 0.9767	val_loss: 0.1785 val_accuracy: 0.9686	test_loss: 0.1728 test_accuracy: 0.9699
train: {'epoch': 802, 'time_epoch': 1.13976, 'eta': 219.22503, 'eta_hours': 0.0609, 'loss': 0.13505257, 'lr': 0.0002085, 'params': 202600, 'time_iter': 0.02849, 'accuracy': 0.97645, 'f1': 0.97644, 'auc': 0.97525}
val: {'epoch': 802, 'time_epoch': 0.07051, 'loss': 0.21371984, 'lr': 0, 'params': 202600, 'time_iter': 0.01763, 'accuracy': 0.96427, 'f1': 0.96425, 'auc': 0.96865}
test: {'epoch': 802, 'time_epoch': 0.07051, 'loss': 0.20522396, 'lr': 0, 'params': 202600, 'time_iter': 0.01763, 'accuracy': 0.96544, 'f1': 0.96542, 'auc': 0.96975}
> Epoch 802: took 1.5s (avg 1.5s) | Best so far: epoch 406	train_loss: 0.1548 train_accuracy: 0.9767	val_loss: 0.1785 val_accuracy: 0.9686	test_loss: 0.1728 test_accuracy: 0.9699
train: {'epoch': 803, 'time_epoch': 1.09337, 'eta': 218.10747, 'eta_hours': 0.06059, 'loss': 0.13513125, 'lr': 0.00020745, 'params': 202600, 'time_iter': 0.02733, 'accuracy': 0.97646, 'f1': 0.97645, 'auc': 0.97542}
val: {'epoch': 803, 'time_epoch': 0.07051, 'loss': 0.21700086, 'lr': 0, 'params': 202600, 'time_iter': 0.01763, 'accuracy': 0.96326, 'f1': 0.96325, 'auc': 0.96832}
test: {'epoch': 803, 'time_epoch': 0.071, 'loss': 0.20813237, 'lr': 0, 'params': 202600, 'time_iter': 0.01775, 'accuracy': 0.96513, 'f1': 0.96512, 'auc': 0.96943}
> Epoch 803: took 1.5s (avg 1.5s) | Best so far: epoch 406	train_loss: 0.1548 train_accuracy: 0.9767	val_loss: 0.1785 val_accuracy: 0.9686	test_loss: 0.1728 test_accuracy: 0.9699
train: {'epoch': 804, 'time_epoch': 1.10474, 'eta': 216.99273, 'eta_hours': 0.06028, 'loss': 0.13474333, 'lr': 0.0002064, 'params': 202600, 'time_iter': 0.02762, 'accuracy': 0.97655, 'f1': 0.97653, 'auc': 0.97528}
val: {'epoch': 804, 'time_epoch': 0.069, 'loss': 0.21405633, 'lr': 0, 'params': 202600, 'time_iter': 0.01725, 'accuracy': 0.96426, 'f1': 0.96424, 'auc': 0.96828}
test: {'epoch': 804, 'time_epoch': 0.0675, 'loss': 0.20579143, 'lr': 0, 'params': 202600, 'time_iter': 0.01688, 'accuracy': 0.96606, 'f1': 0.96604, 'auc': 0.9695}
> Epoch 804: took 1.5s (avg 1.5s) | Best so far: epoch 406	train_loss: 0.1548 train_accuracy: 0.9767	val_loss: 0.1785 val_accuracy: 0.9686	test_loss: 0.1728 test_accuracy: 0.9699
train: {'epoch': 805, 'time_epoch': 1.09512, 'eta': 215.87569, 'eta_hours': 0.05997, 'loss': 0.13496703, 'lr': 0.00020534, 'params': 202600, 'time_iter': 0.02738, 'accuracy': 0.97638, 'f1': 0.97637, 'auc': 0.97532}
val: {'epoch': 805, 'time_epoch': 0.07051, 'loss': 0.21405642, 'lr': 0, 'params': 202600, 'time_iter': 0.01763, 'accuracy': 0.96317, 'f1': 0.96316, 'auc': 0.96846}
test: {'epoch': 805, 'time_epoch': 0.09451, 'loss': 0.20636508, 'lr': 0, 'params': 202600, 'time_iter': 0.02363, 'accuracy': 0.96407, 'f1': 0.96405, 'auc': 0.96964}
> Epoch 805: took 1.5s (avg 1.5s) | Best so far: epoch 406	train_loss: 0.1548 train_accuracy: 0.9767	val_loss: 0.1785 val_accuracy: 0.9686	test_loss: 0.1728 test_accuracy: 0.9699
train: {'epoch': 806, 'time_epoch': 1.09143, 'eta': 214.75783, 'eta_hours': 0.05965, 'loss': 0.13428251, 'lr': 0.00020429, 'params': 202600, 'time_iter': 0.02729, 'accuracy': 0.97647, 'f1': 0.97646, 'auc': 0.97565}
val: {'epoch': 806, 'time_epoch': 0.07051, 'loss': 0.2150718, 'lr': 0, 'params': 202600, 'time_iter': 0.01763, 'accuracy': 0.963, 'f1': 0.96299, 'auc': 0.96835}
test: {'epoch': 806, 'time_epoch': 0.06851, 'loss': 0.20721283, 'lr': 0, 'params': 202600, 'time_iter': 0.01713, 'accuracy': 0.96469, 'f1': 0.96468, 'auc': 0.96955}
> Epoch 806: took 1.5s (avg 1.5s) | Best so far: epoch 406	train_loss: 0.1548 train_accuracy: 0.9767	val_loss: 0.1785 val_accuracy: 0.9686	test_loss: 0.1728 test_accuracy: 0.9699
train: {'epoch': 807, 'time_epoch': 1.08387, 'eta': 213.63824, 'eta_hours': 0.05934, 'loss': 0.13479083, 'lr': 0.00020324, 'params': 202600, 'time_iter': 0.0271, 'accuracy': 0.97642, 'f1': 0.97641, 'auc': 0.97546}
val: {'epoch': 807, 'time_epoch': 0.07051, 'loss': 0.21665819, 'lr': 0, 'params': 202600, 'time_iter': 0.01763, 'accuracy': 0.96189, 'f1': 0.96187, 'auc': 0.96885}
test: {'epoch': 807, 'time_epoch': 0.06851, 'loss': 0.20843512, 'lr': 0, 'params': 202600, 'time_iter': 0.01713, 'accuracy': 0.96428, 'f1': 0.96427, 'auc': 0.96994}
> Epoch 807: took 1.5s (avg 1.5s) | Best so far: epoch 406	train_loss: 0.1548 train_accuracy: 0.9767	val_loss: 0.1785 val_accuracy: 0.9686	test_loss: 0.1728 test_accuracy: 0.9699
train: {'epoch': 808, 'time_epoch': 1.26037, 'eta': 212.5604, 'eta_hours': 0.05904, 'loss': 0.13459254, 'lr': 0.00020219, 'params': 202600, 'time_iter': 0.03151, 'accuracy': 0.97649, 'f1': 0.97648, 'auc': 0.9756}
val: {'epoch': 808, 'time_epoch': 0.07, 'loss': 0.21549712, 'lr': 0, 'params': 202600, 'time_iter': 0.0175, 'accuracy': 0.96293, 'f1': 0.96291, 'auc': 0.96853}
test: {'epoch': 808, 'time_epoch': 0.069, 'loss': 0.20745409, 'lr': 0, 'params': 202600, 'time_iter': 0.01725, 'accuracy': 0.96455, 'f1': 0.96454, 'auc': 0.96971}
> Epoch 808: took 1.6s (avg 1.5s) | Best so far: epoch 406	train_loss: 0.1548 train_accuracy: 0.9767	val_loss: 0.1785 val_accuracy: 0.9686	test_loss: 0.1728 test_accuracy: 0.9699
train: {'epoch': 809, 'time_epoch': 1.14241, 'eta': 211.45445, 'eta_hours': 0.05874, 'loss': 0.13461981, 'lr': 0.00020113, 'params': 202600, 'time_iter': 0.02856, 'accuracy': 0.97628, 'f1': 0.97626, 'auc': 0.97555}
val: {'epoch': 809, 'time_epoch': 0.068, 'loss': 0.21149457, 'lr': 0, 'params': 202600, 'time_iter': 0.017, 'accuracy': 0.96415, 'f1': 0.96413, 'auc': 0.96795}
test: {'epoch': 809, 'time_epoch': 0.07, 'loss': 0.20318811, 'lr': 0, 'params': 202600, 'time_iter': 0.0175, 'accuracy': 0.96572, 'f1': 0.9657, 'auc': 0.96904}
> Epoch 809: took 1.5s (avg 1.5s) | Best so far: epoch 406	train_loss: 0.1548 train_accuracy: 0.9767	val_loss: 0.1785 val_accuracy: 0.9686	test_loss: 0.1728 test_accuracy: 0.9699
train: {'epoch': 810, 'time_epoch': 1.12049, 'eta': 210.34329, 'eta_hours': 0.05843, 'loss': 0.13486457, 'lr': 0.00020008, 'params': 202600, 'time_iter': 0.02801, 'accuracy': 0.97637, 'f1': 0.97636, 'auc': 0.97538}
val: {'epoch': 810, 'time_epoch': 0.06951, 'loss': 0.21175191, 'lr': 0, 'params': 202600, 'time_iter': 0.01738, 'accuracy': 0.96312, 'f1': 0.96311, 'auc': 0.96802}
test: {'epoch': 810, 'time_epoch': 0.07064, 'loss': 0.20409162, 'lr': 0, 'params': 202600, 'time_iter': 0.01766, 'accuracy': 0.96463, 'f1': 0.96462, 'auc': 0.96905}
> Epoch 810: took 1.5s (avg 1.5s) | Best so far: epoch 406	train_loss: 0.1548 train_accuracy: 0.9767	val_loss: 0.1785 val_accuracy: 0.9686	test_loss: 0.1728 test_accuracy: 0.9699
train: {'epoch': 811, 'time_epoch': 1.10208, 'eta': 209.22785, 'eta_hours': 0.05812, 'loss': 0.13476527, 'lr': 0.00019903, 'params': 202600, 'time_iter': 0.02755, 'accuracy': 0.97641, 'f1': 0.9764, 'auc': 0.97544}
val: {'epoch': 811, 'time_epoch': 0.06851, 'loss': 0.21391163, 'lr': 0, 'params': 202600, 'time_iter': 0.01713, 'accuracy': 0.96275, 'f1': 0.96273, 'auc': 0.96855}
test: {'epoch': 811, 'time_epoch': 0.06851, 'loss': 0.20525446, 'lr': 0, 'params': 202600, 'time_iter': 0.01713, 'accuracy': 0.9643, 'f1': 0.96429, 'auc': 0.96969}
> Epoch 811: took 1.5s (avg 1.5s) | Best so far: epoch 406	train_loss: 0.1548 train_accuracy: 0.9767	val_loss: 0.1785 val_accuracy: 0.9686	test_loss: 0.1728 test_accuracy: 0.9699
train: {'epoch': 812, 'time_epoch': 1.10348, 'eta': 208.11277, 'eta_hours': 0.05781, 'loss': 0.13393792, 'lr': 0.00019797, 'params': 202600, 'time_iter': 0.02759, 'accuracy': 0.97644, 'f1': 0.97643, 'auc': 0.97575}
val: {'epoch': 812, 'time_epoch': 0.07251, 'loss': 0.21806292, 'lr': 0, 'params': 202600, 'time_iter': 0.01813, 'accuracy': 0.96507, 'f1': 0.96505, 'auc': 0.96848}
test: {'epoch': 812, 'time_epoch': 0.08502, 'loss': 0.20887131, 'lr': 0, 'params': 202600, 'time_iter': 0.02126, 'accuracy': 0.96617, 'f1': 0.96615, 'auc': 0.96961}
> Epoch 812: took 1.5s (avg 1.5s) | Best so far: epoch 406	train_loss: 0.1548 train_accuracy: 0.9767	val_loss: 0.1785 val_accuracy: 0.9686	test_loss: 0.1728 test_accuracy: 0.9699
train: {'epoch': 813, 'time_epoch': 1.10817, 'eta': 206.99879, 'eta_hours': 0.0575, 'loss': 0.1337813, 'lr': 0.00019692, 'params': 202600, 'time_iter': 0.0277, 'accuracy': 0.97638, 'f1': 0.97637, 'auc': 0.9759}
val: {'epoch': 813, 'time_epoch': 0.07051, 'loss': 0.21799482, 'lr': 0, 'params': 202600, 'time_iter': 0.01763, 'accuracy': 0.96277, 'f1': 0.96275, 'auc': 0.96846}
test: {'epoch': 813, 'time_epoch': 0.06951, 'loss': 0.2081673, 'lr': 0, 'params': 202600, 'time_iter': 0.01738, 'accuracy': 0.96456, 'f1': 0.96455, 'auc': 0.9696}
> Epoch 813: took 1.5s (avg 1.5s) | Best so far: epoch 406	train_loss: 0.1548 train_accuracy: 0.9767	val_loss: 0.1785 val_accuracy: 0.9686	test_loss: 0.1728 test_accuracy: 0.9699
train: {'epoch': 814, 'time_epoch': 1.10377, 'eta': 205.88382, 'eta_hours': 0.05719, 'loss': 0.13422786, 'lr': 0.00019587, 'params': 202600, 'time_iter': 0.02759, 'accuracy': 0.97632, 'f1': 0.97631, 'auc': 0.97576}
val: {'epoch': 814, 'time_epoch': 0.06951, 'loss': 0.21970653, 'lr': 0, 'params': 202600, 'time_iter': 0.01738, 'accuracy': 0.96411, 'f1': 0.96409, 'auc': 0.9688}
test: {'epoch': 814, 'time_epoch': 0.06864, 'loss': 0.21116021, 'lr': 0, 'params': 202600, 'time_iter': 0.01716, 'accuracy': 0.96511, 'f1': 0.9651, 'auc': 0.96994}
> Epoch 814: took 1.5s (avg 1.5s) | Best so far: epoch 406	train_loss: 0.1548 train_accuracy: 0.9767	val_loss: 0.1785 val_accuracy: 0.9686	test_loss: 0.1728 test_accuracy: 0.9699
train: {'epoch': 815, 'time_epoch': 1.09664, 'eta': 204.76727, 'eta_hours': 0.05688, 'loss': 0.13436889, 'lr': 0.00019482, 'params': 202600, 'time_iter': 0.02742, 'accuracy': 0.9765, 'f1': 0.97648, 'auc': 0.97564}
val: {'epoch': 815, 'time_epoch': 0.07, 'loss': 0.21345986, 'lr': 0, 'params': 202600, 'time_iter': 0.0175, 'accuracy': 0.96273, 'f1': 0.96271, 'auc': 0.96835}
test: {'epoch': 815, 'time_epoch': 0.06851, 'loss': 0.20604447, 'lr': 0, 'params': 202600, 'time_iter': 0.01713, 'accuracy': 0.96407, 'f1': 0.96405, 'auc': 0.96937}
> Epoch 815: took 1.5s (avg 1.5s) | Best so far: epoch 406	train_loss: 0.1548 train_accuracy: 0.9767	val_loss: 0.1785 val_accuracy: 0.9686	test_loss: 0.1728 test_accuracy: 0.9699
train: {'epoch': 816, 'time_epoch': 1.14491, 'eta': 203.66158, 'eta_hours': 0.05657, 'loss': 0.13454993, 'lr': 0.00019376, 'params': 202600, 'time_iter': 0.02862, 'accuracy': 0.97629, 'f1': 0.97628, 'auc': 0.97561}
val: {'epoch': 816, 'time_epoch': 0.069, 'loss': 0.21877667, 'lr': 0, 'params': 202600, 'time_iter': 0.01725, 'accuracy': 0.96495, 'f1': 0.96493, 'auc': 0.96841}
test: {'epoch': 816, 'time_epoch': 0.06851, 'loss': 0.20933924, 'lr': 0, 'params': 202600, 'time_iter': 0.01713, 'accuracy': 0.96618, 'f1': 0.96616, 'auc': 0.9694}
> Epoch 816: took 1.5s (avg 1.5s) | Best so far: epoch 406	train_loss: 0.1548 train_accuracy: 0.9767	val_loss: 0.1785 val_accuracy: 0.9686	test_loss: 0.1728 test_accuracy: 0.9699
train: {'epoch': 817, 'time_epoch': 1.14856, 'eta': 202.55661, 'eta_hours': 0.05627, 'loss': 0.13473919, 'lr': 0.00019271, 'params': 202600, 'time_iter': 0.02871, 'accuracy': 0.97637, 'f1': 0.97636, 'auc': 0.97555}
val: {'epoch': 817, 'time_epoch': 0.07052, 'loss': 0.21757394, 'lr': 0, 'params': 202600, 'time_iter': 0.01763, 'accuracy': 0.96356, 'f1': 0.96354, 'auc': 0.96854}
test: {'epoch': 817, 'time_epoch': 0.06879, 'loss': 0.20908026, 'lr': 0, 'params': 202600, 'time_iter': 0.0172, 'accuracy': 0.96522, 'f1': 0.9652, 'auc': 0.96965}
> Epoch 817: took 1.5s (avg 1.5s) | Best so far: epoch 406	train_loss: 0.1548 train_accuracy: 0.9767	val_loss: 0.1785 val_accuracy: 0.9686	test_loss: 0.1728 test_accuracy: 0.9699
train: {'epoch': 818, 'time_epoch': 1.09811, 'eta': 201.44038, 'eta_hours': 0.05596, 'loss': 0.13419769, 'lr': 0.00019166, 'params': 202600, 'time_iter': 0.02745, 'accuracy': 0.97635, 'f1': 0.97634, 'auc': 0.97588}
val: {'epoch': 818, 'time_epoch': 0.07137, 'loss': 0.21398347, 'lr': 0, 'params': 202600, 'time_iter': 0.01784, 'accuracy': 0.96408, 'f1': 0.96406, 'auc': 0.96849}
test: {'epoch': 818, 'time_epoch': 0.07202, 'loss': 0.20552156, 'lr': 0, 'params': 202600, 'time_iter': 0.018, 'accuracy': 0.96552, 'f1': 0.9655, 'auc': 0.96953}
> Epoch 818: took 1.5s (avg 1.5s) | Best so far: epoch 406	train_loss: 0.1548 train_accuracy: 0.9767	val_loss: 0.1785 val_accuracy: 0.9686	test_loss: 0.1728 test_accuracy: 0.9699
train: {'epoch': 819, 'time_epoch': 1.19921, 'eta': 200.34639, 'eta_hours': 0.05565, 'loss': 0.13430746, 'lr': 0.00019061, 'params': 202600, 'time_iter': 0.02998, 'accuracy': 0.97645, 'f1': 0.97644, 'auc': 0.97567}
val: {'epoch': 819, 'time_epoch': 0.07051, 'loss': 0.21259643, 'lr': 0, 'params': 202600, 'time_iter': 0.01763, 'accuracy': 0.96279, 'f1': 0.96277, 'auc': 0.96816}
test: {'epoch': 819, 'time_epoch': 0.06851, 'loss': 0.20312389, 'lr': 0, 'params': 202600, 'time_iter': 0.01713, 'accuracy': 0.96417, 'f1': 0.96415, 'auc': 0.9694}
> Epoch 819: took 1.6s (avg 1.5s) | Best so far: epoch 406	train_loss: 0.1548 train_accuracy: 0.9767	val_loss: 0.1785 val_accuracy: 0.9686	test_loss: 0.1728 test_accuracy: 0.9699
train: {'epoch': 820, 'time_epoch': 1.09456, 'eta': 199.22933, 'eta_hours': 0.05534, 'loss': 0.13433261, 'lr': 0.00018955, 'params': 202600, 'time_iter': 0.02736, 'accuracy': 0.9764, 'f1': 0.97639, 'auc': 0.97554}
val: {'epoch': 820, 'time_epoch': 0.07, 'loss': 0.21747655, 'lr': 0, 'params': 202600, 'time_iter': 0.0175, 'accuracy': 0.96424, 'f1': 0.96422, 'auc': 0.96888}
test: {'epoch': 820, 'time_epoch': 0.06876, 'loss': 0.20749166, 'lr': 0, 'params': 202600, 'time_iter': 0.01719, 'accuracy': 0.96561, 'f1': 0.96559, 'auc': 0.97002}
> Epoch 820: took 1.5s (avg 1.5s) | Best so far: epoch 406	train_loss: 0.1548 train_accuracy: 0.9767	val_loss: 0.1785 val_accuracy: 0.9686	test_loss: 0.1728 test_accuracy: 0.9699
train: {'epoch': 821, 'time_epoch': 1.09424, 'eta': 198.11225, 'eta_hours': 0.05503, 'loss': 0.13452873, 'lr': 0.0001885, 'params': 202600, 'time_iter': 0.02736, 'accuracy': 0.9762, 'f1': 0.97619, 'auc': 0.97574}
val: {'epoch': 821, 'time_epoch': 0.06851, 'loss': 0.21844852, 'lr': 0, 'params': 202600, 'time_iter': 0.01713, 'accuracy': 0.96316, 'f1': 0.96315, 'auc': 0.96902}
test: {'epoch': 821, 'time_epoch': 0.06851, 'loss': 0.20991092, 'lr': 0, 'params': 202600, 'time_iter': 0.01713, 'accuracy': 0.9646, 'f1': 0.96459, 'auc': 0.96997}
> Epoch 821: took 1.5s (avg 1.5s) | Best so far: epoch 406	train_loss: 0.1548 train_accuracy: 0.9767	val_loss: 0.1785 val_accuracy: 0.9686	test_loss: 0.1728 test_accuracy: 0.9699
train: {'epoch': 822, 'time_epoch': 1.08576, 'eta': 196.99341, 'eta_hours': 0.05472, 'loss': 0.13398696, 'lr': 0.00018745, 'params': 202600, 'time_iter': 0.02714, 'accuracy': 0.9765, 'f1': 0.97649, 'auc': 0.97588}
val: {'epoch': 822, 'time_epoch': 0.06827, 'loss': 0.21815551, 'lr': 0, 'params': 202600, 'time_iter': 0.01707, 'accuracy': 0.96304, 'f1': 0.96302, 'auc': 0.96876}
test: {'epoch': 822, 'time_epoch': 0.06851, 'loss': 0.20858047, 'lr': 0, 'params': 202600, 'time_iter': 0.01713, 'accuracy': 0.96499, 'f1': 0.96498, 'auc': 0.96995}
> Epoch 822: took 1.5s (avg 1.5s) | Best so far: epoch 406	train_loss: 0.1548 train_accuracy: 0.9767	val_loss: 0.1785 val_accuracy: 0.9686	test_loss: 0.1728 test_accuracy: 0.9699
train: {'epoch': 823, 'time_epoch': 1.13029, 'eta': 195.88415, 'eta_hours': 0.05441, 'loss': 0.1353297, 'lr': 0.0001864, 'params': 202600, 'time_iter': 0.02826, 'accuracy': 0.97637, 'f1': 0.97636, 'auc': 0.97529}
val: {'epoch': 823, 'time_epoch': 0.07051, 'loss': 0.21284846, 'lr': 0, 'params': 202600, 'time_iter': 0.01763, 'accuracy': 0.96168, 'f1': 0.96167, 'auc': 0.9681}
test: {'epoch': 823, 'time_epoch': 0.06951, 'loss': 0.20388888, 'lr': 0, 'params': 202600, 'time_iter': 0.01738, 'accuracy': 0.96322, 'f1': 0.96321, 'auc': 0.96945}
> Epoch 823: took 1.5s (avg 1.5s) | Best so far: epoch 406	train_loss: 0.1548 train_accuracy: 0.9767	val_loss: 0.1785 val_accuracy: 0.9686	test_loss: 0.1728 test_accuracy: 0.9699
train: {'epoch': 824, 'time_epoch': 1.1002, 'eta': 194.76846, 'eta_hours': 0.0541, 'loss': 0.13477182, 'lr': 0.00018534, 'params': 202600, 'time_iter': 0.02751, 'accuracy': 0.97645, 'f1': 0.97644, 'auc': 0.97541}
val: {'epoch': 824, 'time_epoch': 0.071, 'loss': 0.2155384, 'lr': 0, 'params': 202600, 'time_iter': 0.01775, 'accuracy': 0.96399, 'f1': 0.96397, 'auc': 0.96815}
test: {'epoch': 824, 'time_epoch': 0.069, 'loss': 0.20569231, 'lr': 0, 'params': 202600, 'time_iter': 0.01725, 'accuracy': 0.96554, 'f1': 0.96552, 'auc': 0.96951}
> Epoch 824: took 1.5s (avg 1.5s) | Best so far: epoch 406	train_loss: 0.1548 train_accuracy: 0.9767	val_loss: 0.1785 val_accuracy: 0.9686	test_loss: 0.1728 test_accuracy: 0.9699
train: {'epoch': 825, 'time_epoch': 1.07251, 'eta': 193.64698, 'eta_hours': 0.05379, 'loss': 0.13408734, 'lr': 0.00018429, 'params': 202600, 'time_iter': 0.02681, 'accuracy': 0.97645, 'f1': 0.97644, 'auc': 0.97571}
val: {'epoch': 825, 'time_epoch': 0.06851, 'loss': 0.21635783, 'lr': 0, 'params': 202600, 'time_iter': 0.01713, 'accuracy': 0.962, 'f1': 0.96198, 'auc': 0.96864}
test: {'epoch': 825, 'time_epoch': 0.06816, 'loss': 0.20690719, 'lr': 0, 'params': 202600, 'time_iter': 0.01704, 'accuracy': 0.96379, 'f1': 0.96377, 'auc': 0.96982}
> Epoch 825: took 1.4s (avg 1.5s) | Best so far: epoch 406	train_loss: 0.1548 train_accuracy: 0.9767	val_loss: 0.1785 val_accuracy: 0.9686	test_loss: 0.1728 test_accuracy: 0.9699
train: {'epoch': 826, 'time_epoch': 1.06115, 'eta': 192.52324, 'eta_hours': 0.05348, 'loss': 0.13410173, 'lr': 0.00018324, 'params': 202600, 'time_iter': 0.02653, 'accuracy': 0.97652, 'f1': 0.97651, 'auc': 0.97572}
val: {'epoch': 826, 'time_epoch': 0.069, 'loss': 0.2134562, 'lr': 0, 'params': 202600, 'time_iter': 0.01725, 'accuracy': 0.96283, 'f1': 0.96281, 'auc': 0.96814}
test: {'epoch': 826, 'time_epoch': 0.073, 'loss': 0.20435908, 'lr': 0, 'params': 202600, 'time_iter': 0.01825, 'accuracy': 0.96419, 'f1': 0.96417, 'auc': 0.96941}
> Epoch 826: took 1.4s (avg 1.5s) | Best so far: epoch 406	train_loss: 0.1548 train_accuracy: 0.9767	val_loss: 0.1785 val_accuracy: 0.9686	test_loss: 0.1728 test_accuracy: 0.9699
train: {'epoch': 827, 'time_epoch': 1.20413, 'eta': 191.42935, 'eta_hours': 0.05317, 'loss': 0.13431836, 'lr': 0.00018219, 'params': 202600, 'time_iter': 0.0301, 'accuracy': 0.9763, 'f1': 0.97629, 'auc': 0.97565}
val: {'epoch': 827, 'time_epoch': 0.06951, 'loss': 0.21532716, 'lr': 0, 'params': 202600, 'time_iter': 0.01738, 'accuracy': 0.96313, 'f1': 0.96311, 'auc': 0.96846}
test: {'epoch': 827, 'time_epoch': 0.06951, 'loss': 0.20583343, 'lr': 0, 'params': 202600, 'time_iter': 0.01738, 'accuracy': 0.96469, 'f1': 0.96468, 'auc': 0.96964}
> Epoch 827: took 1.6s (avg 1.5s) | Best so far: epoch 406	train_loss: 0.1548 train_accuracy: 0.9767	val_loss: 0.1785 val_accuracy: 0.9686	test_loss: 0.1728 test_accuracy: 0.9699
train: {'epoch': 828, 'time_epoch': 1.10126, 'eta': 190.31397, 'eta_hours': 0.05286, 'loss': 0.13381265, 'lr': 0.00018113, 'params': 202600, 'time_iter': 0.02753, 'accuracy': 0.97643, 'f1': 0.97641, 'auc': 0.97569}
val: {'epoch': 828, 'time_epoch': 0.06952, 'loss': 0.21570182, 'lr': 0, 'params': 202600, 'time_iter': 0.01738, 'accuracy': 0.96279, 'f1': 0.96277, 'auc': 0.96875}
test: {'epoch': 828, 'time_epoch': 0.06804, 'loss': 0.20610785, 'lr': 0, 'params': 202600, 'time_iter': 0.01701, 'accuracy': 0.96406, 'f1': 0.96404, 'auc': 0.96979}
> Epoch 828: took 1.5s (avg 1.5s) | Best so far: epoch 406	train_loss: 0.1548 train_accuracy: 0.9767	val_loss: 0.1785 val_accuracy: 0.9686	test_loss: 0.1728 test_accuracy: 0.9699
train: {'epoch': 829, 'time_epoch': 1.10969, 'eta': 189.20036, 'eta_hours': 0.05256, 'loss': 0.13413653, 'lr': 0.00018008, 'params': 202600, 'time_iter': 0.02774, 'accuracy': 0.97624, 'f1': 0.97623, 'auc': 0.97588}
val: {'epoch': 829, 'time_epoch': 0.06901, 'loss': 0.21374869, 'lr': 0, 'params': 202600, 'time_iter': 0.01725, 'accuracy': 0.9631, 'f1': 0.96309, 'auc': 0.96812}
test: {'epoch': 829, 'time_epoch': 0.069, 'loss': 0.20408512, 'lr': 0, 'params': 202600, 'time_iter': 0.01725, 'accuracy': 0.96414, 'f1': 0.96412, 'auc': 0.96939}
> Epoch 829: took 1.5s (avg 1.5s) | Best so far: epoch 406	train_loss: 0.1548 train_accuracy: 0.9767	val_loss: 0.1785 val_accuracy: 0.9686	test_loss: 0.1728 test_accuracy: 0.9699
train: {'epoch': 830, 'time_epoch': 1.0833, 'eta': 188.08139, 'eta_hours': 0.05224, 'loss': 0.13426505, 'lr': 0.00017903, 'params': 202600, 'time_iter': 0.02708, 'accuracy': 0.97642, 'f1': 0.97641, 'auc': 0.97551}
val: {'epoch': 830, 'time_epoch': 0.07151, 'loss': 0.21572089, 'lr': 0, 'params': 202600, 'time_iter': 0.01788, 'accuracy': 0.96317, 'f1': 0.96316, 'auc': 0.96881}
test: {'epoch': 830, 'time_epoch': 0.06851, 'loss': 0.20580879, 'lr': 0, 'params': 202600, 'time_iter': 0.01713, 'accuracy': 0.96455, 'f1': 0.96454, 'auc': 0.97003}
> Epoch 830: took 1.5s (avg 1.5s) | Best so far: epoch 406	train_loss: 0.1548 train_accuracy: 0.9767	val_loss: 0.1785 val_accuracy: 0.9686	test_loss: 0.1728 test_accuracy: 0.9699
train: {'epoch': 831, 'time_epoch': 1.07229, 'eta': 186.96028, 'eta_hours': 0.05193, 'loss': 0.13394875, 'lr': 0.00017798, 'params': 202600, 'time_iter': 0.02681, 'accuracy': 0.97627, 'f1': 0.97626, 'auc': 0.97598}
val: {'epoch': 831, 'time_epoch': 0.07, 'loss': 0.21529219, 'lr': 0, 'params': 202600, 'time_iter': 0.0175, 'accuracy': 0.96394, 'f1': 0.96392, 'auc': 0.96819}
test: {'epoch': 831, 'time_epoch': 0.069, 'loss': 0.20526795, 'lr': 0, 'params': 202600, 'time_iter': 0.01725, 'accuracy': 0.96526, 'f1': 0.96524, 'auc': 0.9694}
> Epoch 831: took 1.4s (avg 1.5s) | Best so far: epoch 406	train_loss: 0.1548 train_accuracy: 0.9767	val_loss: 0.1785 val_accuracy: 0.9686	test_loss: 0.1728 test_accuracy: 0.9699
train: {'epoch': 832, 'time_epoch': 1.1043, 'eta': 185.8457, 'eta_hours': 0.05162, 'loss': 0.13424836, 'lr': 0.00017692, 'params': 202600, 'time_iter': 0.02761, 'accuracy': 0.97632, 'f1': 0.97631, 'auc': 0.9757}
val: {'epoch': 832, 'time_epoch': 0.07351, 'loss': 0.21209936, 'lr': 0, 'params': 202600, 'time_iter': 0.01838, 'accuracy': 0.96476, 'f1': 0.96474, 'auc': 0.96756}
test: {'epoch': 832, 'time_epoch': 0.06851, 'loss': 0.20288942, 'lr': 0, 'params': 202600, 'time_iter': 0.01713, 'accuracy': 0.96591, 'f1': 0.96589, 'auc': 0.96881}
> Epoch 832: took 1.5s (avg 1.5s) | Best so far: epoch 406	train_loss: 0.1548 train_accuracy: 0.9767	val_loss: 0.1785 val_accuracy: 0.9686	test_loss: 0.1728 test_accuracy: 0.9699
train: {'epoch': 833, 'time_epoch': 1.10049, 'eta': 184.73039, 'eta_hours': 0.05131, 'loss': 0.13420959, 'lr': 0.00017587, 'params': 202600, 'time_iter': 0.02751, 'accuracy': 0.97644, 'f1': 0.97643, 'auc': 0.97567}
val: {'epoch': 833, 'time_epoch': 0.06951, 'loss': 0.2149409, 'lr': 0, 'params': 202600, 'time_iter': 0.01738, 'accuracy': 0.96267, 'f1': 0.96265, 'auc': 0.96885}
test: {'epoch': 833, 'time_epoch': 0.06851, 'loss': 0.20557145, 'lr': 0, 'params': 202600, 'time_iter': 0.01713, 'accuracy': 0.9641, 'f1': 0.96408, 'auc': 0.97012}
> Epoch 833: took 1.5s (avg 1.5s) | Best so far: epoch 406	train_loss: 0.1548 train_accuracy: 0.9767	val_loss: 0.1785 val_accuracy: 0.9686	test_loss: 0.1728 test_accuracy: 0.9699
train: {'epoch': 834, 'time_epoch': 1.14454, 'eta': 183.62383, 'eta_hours': 0.05101, 'loss': 0.13380988, 'lr': 0.00017482, 'params': 202600, 'time_iter': 0.02861, 'accuracy': 0.9765, 'f1': 0.97649, 'auc': 0.97583}
val: {'epoch': 834, 'time_epoch': 0.07052, 'loss': 0.22000178, 'lr': 0, 'params': 202600, 'time_iter': 0.01763, 'accuracy': 0.9641, 'f1': 0.96408, 'auc': 0.96928}
test: {'epoch': 834, 'time_epoch': 0.06915, 'loss': 0.20974161, 'lr': 0, 'params': 202600, 'time_iter': 0.01729, 'accuracy': 0.96551, 'f1': 0.96549, 'auc': 0.97031}
> Epoch 834: took 1.5s (avg 1.5s) | Best so far: epoch 406	train_loss: 0.1548 train_accuracy: 0.9767	val_loss: 0.1785 val_accuracy: 0.9686	test_loss: 0.1728 test_accuracy: 0.9699
train: {'epoch': 835, 'time_epoch': 1.10712, 'eta': 182.50983, 'eta_hours': 0.0507, 'loss': 0.13378167, 'lr': 0.00017377, 'params': 202600, 'time_iter': 0.02768, 'accuracy': 0.97646, 'f1': 0.97644, 'auc': 0.97599}
val: {'epoch': 835, 'time_epoch': 0.06951, 'loss': 0.22091312, 'lr': 0, 'params': 202600, 'time_iter': 0.01738, 'accuracy': 0.96292, 'f1': 0.96291, 'auc': 0.96903}
test: {'epoch': 835, 'time_epoch': 0.06951, 'loss': 0.21105376, 'lr': 0, 'params': 202600, 'time_iter': 0.01738, 'accuracy': 0.96412, 'f1': 0.9641, 'auc': 0.97011}
> Epoch 835: took 1.5s (avg 1.5s) | Best so far: epoch 406	train_loss: 0.1548 train_accuracy: 0.9767	val_loss: 0.1785 val_accuracy: 0.9686	test_loss: 0.1728 test_accuracy: 0.9699
train: {'epoch': 836, 'time_epoch': 1.1267, 'eta': 181.39965, 'eta_hours': 0.05039, 'loss': 0.13387734, 'lr': 0.00017271, 'params': 202600, 'time_iter': 0.02817, 'accuracy': 0.97649, 'f1': 0.97648, 'auc': 0.97595}
val: {'epoch': 836, 'time_epoch': 0.06951, 'loss': 0.22046007, 'lr': 0, 'params': 202600, 'time_iter': 0.01738, 'accuracy': 0.9636, 'f1': 0.96358, 'auc': 0.96895}
test: {'epoch': 836, 'time_epoch': 0.07151, 'loss': 0.20949649, 'lr': 0, 'params': 202600, 'time_iter': 0.01788, 'accuracy': 0.96511, 'f1': 0.9651, 'auc': 0.9701}
> Epoch 836: took 1.5s (avg 1.5s) | Best so far: epoch 406	train_loss: 0.1548 train_accuracy: 0.9767	val_loss: 0.1785 val_accuracy: 0.9686	test_loss: 0.1728 test_accuracy: 0.9699
train: {'epoch': 837, 'time_epoch': 1.11034, 'eta': 180.28628, 'eta_hours': 0.05008, 'loss': 0.13314236, 'lr': 0.00017166, 'params': 202600, 'time_iter': 0.02776, 'accuracy': 0.9765, 'f1': 0.97648, 'auc': 0.9761}
val: {'epoch': 837, 'time_epoch': 0.06951, 'loss': 0.21987934, 'lr': 0, 'params': 202600, 'time_iter': 0.01738, 'accuracy': 0.96303, 'f1': 0.96302, 'auc': 0.9687}
test: {'epoch': 837, 'time_epoch': 0.08251, 'loss': 0.20897208, 'lr': 0, 'params': 202600, 'time_iter': 0.02063, 'accuracy': 0.96461, 'f1': 0.9646, 'auc': 0.96993}
> Epoch 837: took 1.5s (avg 1.5s) | Best so far: epoch 406	train_loss: 0.1548 train_accuracy: 0.9767	val_loss: 0.1785 val_accuracy: 0.9686	test_loss: 0.1728 test_accuracy: 0.9699
train: {'epoch': 838, 'time_epoch': 1.10919, 'eta': 179.1727, 'eta_hours': 0.04977, 'loss': 0.13366877, 'lr': 0.00017061, 'params': 202600, 'time_iter': 0.02773, 'accuracy': 0.97644, 'f1': 0.97643, 'auc': 0.97596}
val: {'epoch': 838, 'time_epoch': 0.07052, 'loss': 0.21718329, 'lr': 0, 'params': 202600, 'time_iter': 0.01763, 'accuracy': 0.96471, 'f1': 0.96469, 'auc': 0.9687}
test: {'epoch': 838, 'time_epoch': 0.06951, 'loss': 0.20670864, 'lr': 0, 'params': 202600, 'time_iter': 0.01738, 'accuracy': 0.96539, 'f1': 0.96537, 'auc': 0.96986}
> Epoch 838: took 1.5s (avg 1.5s) | Best so far: epoch 406	train_loss: 0.1548 train_accuracy: 0.9767	val_loss: 0.1785 val_accuracy: 0.9686	test_loss: 0.1728 test_accuracy: 0.9699
train: {'epoch': 839, 'time_epoch': 1.24689, 'eta': 178.08535, 'eta_hours': 0.04947, 'loss': 0.13353407, 'lr': 0.00016956, 'params': 202600, 'time_iter': 0.03117, 'accuracy': 0.97638, 'f1': 0.97637, 'auc': 0.97611}
val: {'epoch': 839, 'time_epoch': 0.07151, 'loss': 0.21968304, 'lr': 0, 'params': 202600, 'time_iter': 0.01788, 'accuracy': 0.96412, 'f1': 0.9641, 'auc': 0.96825}
test: {'epoch': 839, 'time_epoch': 0.07051, 'loss': 0.20926687, 'lr': 0, 'params': 202600, 'time_iter': 0.01763, 'accuracy': 0.96551, 'f1': 0.96549, 'auc': 0.96941}
> Epoch 839: took 1.6s (avg 1.5s) | Best so far: epoch 406	train_loss: 0.1548 train_accuracy: 0.9767	val_loss: 0.1785 val_accuracy: 0.9686	test_loss: 0.1728 test_accuracy: 0.9699
train: {'epoch': 840, 'time_epoch': 1.10825, 'eta': 176.97141, 'eta_hours': 0.04916, 'loss': 0.13311555, 'lr': 0.0001685, 'params': 202600, 'time_iter': 0.02771, 'accuracy': 0.97631, 'f1': 0.9763, 'auc': 0.97612}
val: {'epoch': 840, 'time_epoch': 0.06951, 'loss': 0.21570297, 'lr': 0, 'params': 202600, 'time_iter': 0.01738, 'accuracy': 0.96277, 'f1': 0.96275, 'auc': 0.96882}
test: {'epoch': 840, 'time_epoch': 0.06951, 'loss': 0.20590785, 'lr': 0, 'params': 202600, 'time_iter': 0.01738, 'accuracy': 0.96393, 'f1': 0.96391, 'auc': 0.97002}
> Epoch 840: took 1.5s (avg 1.5s) | Best so far: epoch 406	train_loss: 0.1548 train_accuracy: 0.9767	val_loss: 0.1785 val_accuracy: 0.9686	test_loss: 0.1728 test_accuracy: 0.9699
train: {'epoch': 841, 'time_epoch': 1.12954, 'eta': 175.86148, 'eta_hours': 0.04885, 'loss': 0.13344432, 'lr': 0.00016745, 'params': 202600, 'time_iter': 0.02824, 'accuracy': 0.97642, 'f1': 0.9764, 'auc': 0.97601}
val: {'epoch': 841, 'time_epoch': 0.07051, 'loss': 0.21455157, 'lr': 0, 'params': 202600, 'time_iter': 0.01763, 'accuracy': 0.9646, 'f1': 0.96458, 'auc': 0.96841}
test: {'epoch': 841, 'time_epoch': 0.06851, 'loss': 0.20489262, 'lr': 0, 'params': 202600, 'time_iter': 0.01713, 'accuracy': 0.96556, 'f1': 0.96554, 'auc': 0.96966}
> Epoch 841: took 1.5s (avg 1.5s) | Best so far: epoch 406	train_loss: 0.1548 train_accuracy: 0.9767	val_loss: 0.1785 val_accuracy: 0.9686	test_loss: 0.1728 test_accuracy: 0.9699
train: {'epoch': 842, 'time_epoch': 1.10767, 'eta': 174.74743, 'eta_hours': 0.04854, 'loss': 0.13383721, 'lr': 0.0001664, 'params': 202600, 'time_iter': 0.02769, 'accuracy': 0.97629, 'f1': 0.97627, 'auc': 0.97584}
val: {'epoch': 842, 'time_epoch': 0.06973, 'loss': 0.21777971, 'lr': 0, 'params': 202600, 'time_iter': 0.01743, 'accuracy': 0.96403, 'f1': 0.96401, 'auc': 0.9688}
test: {'epoch': 842, 'time_epoch': 0.07, 'loss': 0.20809931, 'lr': 0, 'params': 202600, 'time_iter': 0.0175, 'accuracy': 0.96501, 'f1': 0.965, 'auc': 0.97002}
> Epoch 842: took 1.5s (avg 1.5s) | Best so far: epoch 406	train_loss: 0.1548 train_accuracy: 0.9767	val_loss: 0.1785 val_accuracy: 0.9686	test_loss: 0.1728 test_accuracy: 0.9699
train: {'epoch': 843, 'time_epoch': 1.11055, 'eta': 173.63393, 'eta_hours': 0.04823, 'loss': 0.13302296, 'lr': 0.00016535, 'params': 202600, 'time_iter': 0.02776, 'accuracy': 0.97644, 'f1': 0.97643, 'auc': 0.97626}
val: {'epoch': 843, 'time_epoch': 0.069, 'loss': 0.21809659, 'lr': 0, 'params': 202600, 'time_iter': 0.01725, 'accuracy': 0.964, 'f1': 0.96398, 'auc': 0.96875}
test: {'epoch': 843, 'time_epoch': 0.068, 'loss': 0.20858885, 'lr': 0, 'params': 202600, 'time_iter': 0.017, 'accuracy': 0.96476, 'f1': 0.96475, 'auc': 0.97}
> Epoch 843: took 1.5s (avg 1.5s) | Best so far: epoch 406	train_loss: 0.1548 train_accuracy: 0.9767	val_loss: 0.1785 val_accuracy: 0.9686	test_loss: 0.1728 test_accuracy: 0.9699
train: {'epoch': 844, 'time_epoch': 1.1055, 'eta': 172.51951, 'eta_hours': 0.04792, 'loss': 0.13352056, 'lr': 0.00016429, 'params': 202600, 'time_iter': 0.02764, 'accuracy': 0.97641, 'f1': 0.9764, 'auc': 0.97612}
val: {'epoch': 844, 'time_epoch': 0.06951, 'loss': 0.2166761, 'lr': 0, 'params': 202600, 'time_iter': 0.01738, 'accuracy': 0.96432, 'f1': 0.9643, 'auc': 0.96841}
test: {'epoch': 844, 'time_epoch': 0.06851, 'loss': 0.20705218, 'lr': 0, 'params': 202600, 'time_iter': 0.01713, 'accuracy': 0.96542, 'f1': 0.9654, 'auc': 0.96956}
> Epoch 844: took 1.5s (avg 1.5s) | Best so far: epoch 406	train_loss: 0.1548 train_accuracy: 0.9767	val_loss: 0.1785 val_accuracy: 0.9686	test_loss: 0.1728 test_accuracy: 0.9699
train: {'epoch': 845, 'time_epoch': 1.10111, 'eta': 171.40431, 'eta_hours': 0.04761, 'loss': 0.1335522, 'lr': 0.00016324, 'params': 202600, 'time_iter': 0.02753, 'accuracy': 0.97635, 'f1': 0.97634, 'auc': 0.97601}
val: {'epoch': 845, 'time_epoch': 0.06802, 'loss': 0.21691339, 'lr': 0, 'params': 202600, 'time_iter': 0.017, 'accuracy': 0.96364, 'f1': 0.96362, 'auc': 0.96841}
test: {'epoch': 845, 'time_epoch': 0.06751, 'loss': 0.20632561, 'lr': 0, 'params': 202600, 'time_iter': 0.01688, 'accuracy': 0.96441, 'f1': 0.9644, 'auc': 0.96956}
> Epoch 845: took 1.5s (avg 1.5s) | Best so far: epoch 406	train_loss: 0.1548 train_accuracy: 0.9767	val_loss: 0.1785 val_accuracy: 0.9686	test_loss: 0.1728 test_accuracy: 0.9699
train: {'epoch': 846, 'time_epoch': 1.09992, 'eta': 170.28893, 'eta_hours': 0.0473, 'loss': 0.13337491, 'lr': 0.00016219, 'params': 202600, 'time_iter': 0.0275, 'accuracy': 0.97645, 'f1': 0.97644, 'auc': 0.97602}
val: {'epoch': 846, 'time_epoch': 0.068, 'loss': 0.21743572, 'lr': 0, 'params': 202600, 'time_iter': 0.017, 'accuracy': 0.96334, 'f1': 0.96333, 'auc': 0.96869}
test: {'epoch': 846, 'time_epoch': 0.068, 'loss': 0.20721194, 'lr': 0, 'params': 202600, 'time_iter': 0.017, 'accuracy': 0.96526, 'f1': 0.96524, 'auc': 0.96981}
> Epoch 846: took 1.5s (avg 1.5s) | Best so far: epoch 406	train_loss: 0.1548 train_accuracy: 0.9767	val_loss: 0.1785 val_accuracy: 0.9686	test_loss: 0.1728 test_accuracy: 0.9699
train: {'epoch': 847, 'time_epoch': 1.08359, 'eta': 169.17066, 'eta_hours': 0.04699, 'loss': 0.13329688, 'lr': 0.00016114, 'params': 202600, 'time_iter': 0.02709, 'accuracy': 0.97647, 'f1': 0.97645, 'auc': 0.9761}
val: {'epoch': 847, 'time_epoch': 0.07151, 'loss': 0.21923076, 'lr': 0, 'params': 202600, 'time_iter': 0.01788, 'accuracy': 0.96426, 'f1': 0.96424, 'auc': 0.96879}
test: {'epoch': 847, 'time_epoch': 0.06851, 'loss': 0.20824219, 'lr': 0, 'params': 202600, 'time_iter': 0.01713, 'accuracy': 0.96504, 'f1': 0.96503, 'auc': 0.97013}
> Epoch 847: took 1.4s (avg 1.5s) | Best so far: epoch 406	train_loss: 0.1548 train_accuracy: 0.9767	val_loss: 0.1785 val_accuracy: 0.9686	test_loss: 0.1728 test_accuracy: 0.9699
train: {'epoch': 848, 'time_epoch': 1.15299, 'eta': 168.06481, 'eta_hours': 0.04668, 'loss': 0.13286148, 'lr': 0.00016008, 'params': 202600, 'time_iter': 0.02882, 'accuracy': 0.97623, 'f1': 0.97622, 'auc': 0.97648}
val: {'epoch': 848, 'time_epoch': 0.0687, 'loss': 0.22064937, 'lr': 0, 'params': 202600, 'time_iter': 0.01717, 'accuracy': 0.96452, 'f1': 0.9645, 'auc': 0.96924}
test: {'epoch': 848, 'time_epoch': 0.06851, 'loss': 0.2099829, 'lr': 0, 'params': 202600, 'time_iter': 0.01713, 'accuracy': 0.96544, 'f1': 0.96542, 'auc': 0.9704}
> Epoch 848: took 1.5s (avg 1.5s) | Best so far: epoch 406	train_loss: 0.1548 train_accuracy: 0.9767	val_loss: 0.1785 val_accuracy: 0.9686	test_loss: 0.1728 test_accuracy: 0.9699
train: {'epoch': 849, 'time_epoch': 1.0921, 'eta': 166.94811, 'eta_hours': 0.04637, 'loss': 0.1334008, 'lr': 0.00015903, 'params': 202600, 'time_iter': 0.0273, 'accuracy': 0.97632, 'f1': 0.97631, 'auc': 0.97623}
val: {'epoch': 849, 'time_epoch': 0.06751, 'loss': 0.21967376, 'lr': 0, 'params': 202600, 'time_iter': 0.01688, 'accuracy': 0.96345, 'f1': 0.96344, 'auc': 0.9687}
test: {'epoch': 849, 'time_epoch': 0.06751, 'loss': 0.20970711, 'lr': 0, 'params': 202600, 'time_iter': 0.01688, 'accuracy': 0.96491, 'f1': 0.9649, 'auc': 0.96992}
> Epoch 849: took 1.5s (avg 1.5s) | Best so far: epoch 406	train_loss: 0.1548 train_accuracy: 0.9767	val_loss: 0.1785 val_accuracy: 0.9686	test_loss: 0.1728 test_accuracy: 0.9699
train: {'epoch': 850, 'time_epoch': 1.18386, 'eta': 165.84753, 'eta_hours': 0.04607, 'loss': 0.13308231, 'lr': 0.00015798, 'params': 202600, 'time_iter': 0.0296, 'accuracy': 0.9764, 'f1': 0.97639, 'auc': 0.97626}
val: {'epoch': 850, 'time_epoch': 0.072, 'loss': 0.21854277, 'lr': 0, 'params': 202600, 'time_iter': 0.018, 'accuracy': 0.96433, 'f1': 0.96431, 'auc': 0.96851}
test: {'epoch': 850, 'time_epoch': 0.06833, 'loss': 0.20834191, 'lr': 0, 'params': 202600, 'time_iter': 0.01708, 'accuracy': 0.9652, 'f1': 0.96518, 'auc': 0.96967}
> Epoch 850: took 1.6s (avg 1.5s) | Best so far: epoch 406	train_loss: 0.1548 train_accuracy: 0.9767	val_loss: 0.1785 val_accuracy: 0.9686	test_loss: 0.1728 test_accuracy: 0.9699
train: {'epoch': 851, 'time_epoch': 1.08677, 'eta': 164.72989, 'eta_hours': 0.04576, 'loss': 0.13247786, 'lr': 0.00015693, 'params': 202600, 'time_iter': 0.02717, 'accuracy': 0.97642, 'f1': 0.97641, 'auc': 0.97658}
val: {'epoch': 851, 'time_epoch': 0.07051, 'loss': 0.22110047, 'lr': 0, 'params': 202600, 'time_iter': 0.01763, 'accuracy': 0.96369, 'f1': 0.96367, 'auc': 0.9689}
test: {'epoch': 851, 'time_epoch': 0.06851, 'loss': 0.20986817, 'lr': 0, 'params': 202600, 'time_iter': 0.01713, 'accuracy': 0.96491, 'f1': 0.9649, 'auc': 0.97021}
> Epoch 851: took 1.5s (avg 1.5s) | Best so far: epoch 406	train_loss: 0.1548 train_accuracy: 0.9767	val_loss: 0.1785 val_accuracy: 0.9686	test_loss: 0.1728 test_accuracy: 0.9699
train: {'epoch': 852, 'time_epoch': 1.12459, 'eta': 163.61884, 'eta_hours': 0.04545, 'loss': 0.13320837, 'lr': 0.00015587, 'params': 202600, 'time_iter': 0.02811, 'accuracy': 0.97631, 'f1': 0.97629, 'auc': 0.97625}
val: {'epoch': 852, 'time_epoch': 0.06851, 'loss': 0.2210538, 'lr': 0, 'params': 202600, 'time_iter': 0.01713, 'accuracy': 0.96268, 'f1': 0.96266, 'auc': 0.96887}
test: {'epoch': 852, 'time_epoch': 0.06951, 'loss': 0.20980675, 'lr': 0, 'params': 202600, 'time_iter': 0.01738, 'accuracy': 0.96451, 'f1': 0.9645, 'auc': 0.9701}
> Epoch 852: took 1.5s (avg 1.5s) | Best so far: epoch 406	train_loss: 0.1548 train_accuracy: 0.9767	val_loss: 0.1785 val_accuracy: 0.9686	test_loss: 0.1728 test_accuracy: 0.9699
train: {'epoch': 853, 'time_epoch': 1.10605, 'eta': 162.50459, 'eta_hours': 0.04514, 'loss': 0.13296191, 'lr': 0.00015482, 'params': 202600, 'time_iter': 0.02765, 'accuracy': 0.97633, 'f1': 0.97631, 'auc': 0.97643}
val: {'epoch': 853, 'time_epoch': 0.06951, 'loss': 0.21788437, 'lr': 0, 'params': 202600, 'time_iter': 0.01738, 'accuracy': 0.96271, 'f1': 0.96269, 'auc': 0.96875}
test: {'epoch': 853, 'time_epoch': 0.06951, 'loss': 0.20728887, 'lr': 0, 'params': 202600, 'time_iter': 0.01738, 'accuracy': 0.96411, 'f1': 0.96409, 'auc': 0.96988}
> Epoch 853: took 1.5s (avg 1.5s) | Best so far: epoch 406	train_loss: 0.1548 train_accuracy: 0.9767	val_loss: 0.1785 val_accuracy: 0.9686	test_loss: 0.1728 test_accuracy: 0.9699
train: {'epoch': 854, 'time_epoch': 1.09775, 'eta': 161.38895, 'eta_hours': 0.04483, 'loss': 0.13269976, 'lr': 0.00015377, 'params': 202600, 'time_iter': 0.02744, 'accuracy': 0.97637, 'f1': 0.97636, 'auc': 0.97651}
val: {'epoch': 854, 'time_epoch': 0.071, 'loss': 0.21965765, 'lr': 0, 'params': 202600, 'time_iter': 0.01775, 'accuracy': 0.96301, 'f1': 0.963, 'auc': 0.9691}
test: {'epoch': 854, 'time_epoch': 0.069, 'loss': 0.20879417, 'lr': 0, 'params': 202600, 'time_iter': 0.01725, 'accuracy': 0.96451, 'f1': 0.9645, 'auc': 0.97024}
> Epoch 854: took 1.5s (avg 1.5s) | Best so far: epoch 406	train_loss: 0.1548 train_accuracy: 0.9767	val_loss: 0.1785 val_accuracy: 0.9686	test_loss: 0.1728 test_accuracy: 0.9699
train: {'epoch': 855, 'time_epoch': 1.11995, 'eta': 160.27709, 'eta_hours': 0.04452, 'loss': 0.13304895, 'lr': 0.00015272, 'params': 202600, 'time_iter': 0.028, 'accuracy': 0.97636, 'f1': 0.97635, 'auc': 0.97633}
val: {'epoch': 855, 'time_epoch': 0.072, 'loss': 0.22006587, 'lr': 0, 'params': 202600, 'time_iter': 0.018, 'accuracy': 0.96383, 'f1': 0.96381, 'auc': 0.96893}
test: {'epoch': 855, 'time_epoch': 0.0685, 'loss': 0.20965774, 'lr': 0, 'params': 202600, 'time_iter': 0.01713, 'accuracy': 0.96517, 'f1': 0.96516, 'auc': 0.97017}
> Epoch 855: took 1.5s (avg 1.5s) | Best so far: epoch 406	train_loss: 0.1548 train_accuracy: 0.9767	val_loss: 0.1785 val_accuracy: 0.9686	test_loss: 0.1728 test_accuracy: 0.9699
train: {'epoch': 856, 'time_epoch': 1.06817, 'eta': 159.15657, 'eta_hours': 0.04421, 'loss': 0.13260245, 'lr': 0.00015166, 'params': 202600, 'time_iter': 0.0267, 'accuracy': 0.97638, 'f1': 0.97636, 'auc': 0.97664}
val: {'epoch': 856, 'time_epoch': 0.06851, 'loss': 0.22022173, 'lr': 0, 'params': 202600, 'time_iter': 0.01713, 'accuracy': 0.96277, 'f1': 0.96275, 'auc': 0.96888}
test: {'epoch': 856, 'time_epoch': 0.06851, 'loss': 0.20930273, 'lr': 0, 'params': 202600, 'time_iter': 0.01713, 'accuracy': 0.96442, 'f1': 0.96441, 'auc': 0.97008}
> Epoch 856: took 1.4s (avg 1.5s) | Best so far: epoch 406	train_loss: 0.1548 train_accuracy: 0.9767	val_loss: 0.1785 val_accuracy: 0.9686	test_loss: 0.1728 test_accuracy: 0.9699
train: {'epoch': 857, 'time_epoch': 1.08103, 'eta': 158.0383, 'eta_hours': 0.0439, 'loss': 0.13274895, 'lr': 0.00015061, 'params': 202600, 'time_iter': 0.02703, 'accuracy': 0.97648, 'f1': 0.97647, 'auc': 0.97634}
val: {'epoch': 857, 'time_epoch': 0.0765, 'loss': 0.22259521, 'lr': 0, 'params': 202600, 'time_iter': 0.01913, 'accuracy': 0.96252, 'f1': 0.9625, 'auc': 0.969}
test: {'epoch': 857, 'time_epoch': 0.06951, 'loss': 0.21188765, 'lr': 0, 'params': 202600, 'time_iter': 0.01738, 'accuracy': 0.96388, 'f1': 0.96386, 'auc': 0.97013}
> Epoch 857: took 1.5s (avg 1.5s) | Best so far: epoch 406	train_loss: 0.1548 train_accuracy: 0.9767	val_loss: 0.1785 val_accuracy: 0.9686	test_loss: 0.1728 test_accuracy: 0.9699
train: {'epoch': 858, 'time_epoch': 1.08699, 'eta': 156.92109, 'eta_hours': 0.04359, 'loss': 0.13272432, 'lr': 0.00014956, 'params': 202600, 'time_iter': 0.02717, 'accuracy': 0.97641, 'f1': 0.9764, 'auc': 0.97652}
val: {'epoch': 858, 'time_epoch': 0.06751, 'loss': 0.22396065, 'lr': 0, 'params': 202600, 'time_iter': 0.01688, 'accuracy': 0.9638, 'f1': 0.96378, 'auc': 0.96899}
test: {'epoch': 858, 'time_epoch': 0.06852, 'loss': 0.21339546, 'lr': 0, 'params': 202600, 'time_iter': 0.01713, 'accuracy': 0.96523, 'f1': 0.96521, 'auc': 0.97006}
> Epoch 858: took 1.5s (avg 1.5s) | Best so far: epoch 406	train_loss: 0.1548 train_accuracy: 0.9767	val_loss: 0.1785 val_accuracy: 0.9686	test_loss: 0.1728 test_accuracy: 0.9699
train: {'epoch': 859, 'time_epoch': 1.11506, 'eta': 155.80853, 'eta_hours': 0.04328, 'loss': 0.13282555, 'lr': 0.00014851, 'params': 202600, 'time_iter': 0.02788, 'accuracy': 0.97634, 'f1': 0.97633, 'auc': 0.97654}
val: {'epoch': 859, 'time_epoch': 0.07151, 'loss': 0.22208467, 'lr': 0, 'params': 202600, 'time_iter': 0.01788, 'accuracy': 0.9624, 'f1': 0.96238, 'auc': 0.9695}
test: {'epoch': 859, 'time_epoch': 0.06974, 'loss': 0.2120922, 'lr': 0, 'params': 202600, 'time_iter': 0.01743, 'accuracy': 0.96416, 'f1': 0.96415, 'auc': 0.97054}
> Epoch 859: took 1.5s (avg 1.5s) | Best so far: epoch 406	train_loss: 0.1548 train_accuracy: 0.9767	val_loss: 0.1785 val_accuracy: 0.9686	test_loss: 0.1728 test_accuracy: 0.9699
train: {'epoch': 860, 'time_epoch': 1.12487, 'eta': 154.69754, 'eta_hours': 0.04297, 'loss': 0.13314492, 'lr': 0.00014745, 'params': 202600, 'time_iter': 0.02812, 'accuracy': 0.97621, 'f1': 0.9762, 'auc': 0.97648}
val: {'epoch': 860, 'time_epoch': 0.06951, 'loss': 0.22416418, 'lr': 0, 'params': 202600, 'time_iter': 0.01738, 'accuracy': 0.96374, 'f1': 0.96372, 'auc': 0.96927}
test: {'epoch': 860, 'time_epoch': 0.06751, 'loss': 0.2144667, 'lr': 0, 'params': 202600, 'time_iter': 0.01688, 'accuracy': 0.96519, 'f1': 0.96517, 'auc': 0.97039}
> Epoch 860: took 1.5s (avg 1.5s) | Best so far: epoch 406	train_loss: 0.1548 train_accuracy: 0.9767	val_loss: 0.1785 val_accuracy: 0.9686	test_loss: 0.1728 test_accuracy: 0.9699
train: {'epoch': 861, 'time_epoch': 1.09866, 'eta': 153.58232, 'eta_hours': 0.04266, 'loss': 0.13284806, 'lr': 0.0001464, 'params': 202600, 'time_iter': 0.02747, 'accuracy': 0.97654, 'f1': 0.97653, 'auc': 0.97651}
val: {'epoch': 861, 'time_epoch': 0.07, 'loss': 0.22382185, 'lr': 0, 'params': 202600, 'time_iter': 0.0175, 'accuracy': 0.96368, 'f1': 0.96366, 'auc': 0.96925}
test: {'epoch': 861, 'time_epoch': 0.068, 'loss': 0.21383786, 'lr': 0, 'params': 202600, 'time_iter': 0.017, 'accuracy': 0.96495, 'f1': 0.96494, 'auc': 0.97037}
> Epoch 861: took 1.5s (avg 1.5s) | Best so far: epoch 406	train_loss: 0.1548 train_accuracy: 0.9767	val_loss: 0.1785 val_accuracy: 0.9686	test_loss: 0.1728 test_accuracy: 0.9699
train: {'epoch': 862, 'time_epoch': 1.09968, 'eta': 152.4673, 'eta_hours': 0.04235, 'loss': 0.13275042, 'lr': 0.00014535, 'params': 202600, 'time_iter': 0.02749, 'accuracy': 0.97648, 'f1': 0.97646, 'auc': 0.97648}
val: {'epoch': 862, 'time_epoch': 0.069, 'loss': 0.22342157, 'lr': 0, 'params': 202600, 'time_iter': 0.01725, 'accuracy': 0.96301, 'f1': 0.96299, 'auc': 0.96925}
test: {'epoch': 862, 'time_epoch': 0.06901, 'loss': 0.21273005, 'lr': 0, 'params': 202600, 'time_iter': 0.01725, 'accuracy': 0.96493, 'f1': 0.96492, 'auc': 0.97034}
> Epoch 862: took 1.5s (avg 1.5s) | Best so far: epoch 406	train_loss: 0.1548 train_accuracy: 0.9767	val_loss: 0.1785 val_accuracy: 0.9686	test_loss: 0.1728 test_accuracy: 0.9699
train: {'epoch': 863, 'time_epoch': 1.08204, 'eta': 151.34955, 'eta_hours': 0.04204, 'loss': 0.13250559, 'lr': 0.0001443, 'params': 202600, 'time_iter': 0.02705, 'accuracy': 0.97638, 'f1': 0.97636, 'auc': 0.97661}
val: {'epoch': 863, 'time_epoch': 0.06951, 'loss': 0.21909755, 'lr': 0, 'params': 202600, 'time_iter': 0.01738, 'accuracy': 0.96251, 'f1': 0.96249, 'auc': 0.96907}
test: {'epoch': 863, 'time_epoch': 0.06851, 'loss': 0.20945941, 'lr': 0, 'params': 202600, 'time_iter': 0.01713, 'accuracy': 0.96398, 'f1': 0.96396, 'auc': 0.97025}
> Epoch 863: took 1.5s (avg 1.5s) | Best so far: epoch 406	train_loss: 0.1548 train_accuracy: 0.9767	val_loss: 0.1785 val_accuracy: 0.9686	test_loss: 0.1728 test_accuracy: 0.9699
train: {'epoch': 864, 'time_epoch': 1.09369, 'eta': 150.23369, 'eta_hours': 0.04173, 'loss': 0.13256792, 'lr': 0.00014324, 'params': 202600, 'time_iter': 0.02734, 'accuracy': 0.97626, 'f1': 0.97625, 'auc': 0.97663}
val: {'epoch': 864, 'time_epoch': 0.07051, 'loss': 0.22269966, 'lr': 0, 'params': 202600, 'time_iter': 0.01763, 'accuracy': 0.96243, 'f1': 0.96241, 'auc': 0.96916}
test: {'epoch': 864, 'time_epoch': 0.06751, 'loss': 0.21246379, 'lr': 0, 'params': 202600, 'time_iter': 0.01688, 'accuracy': 0.96402, 'f1': 0.964, 'auc': 0.97037}
> Epoch 864: took 1.5s (avg 1.5s) | Best so far: epoch 406	train_loss: 0.1548 train_accuracy: 0.9767	val_loss: 0.1785 val_accuracy: 0.9686	test_loss: 0.1728 test_accuracy: 0.9699
train: {'epoch': 865, 'time_epoch': 1.11349, 'eta': 149.12095, 'eta_hours': 0.04142, 'loss': 0.13230023, 'lr': 0.00014219, 'params': 202600, 'time_iter': 0.02784, 'accuracy': 0.97643, 'f1': 0.97641, 'auc': 0.97678}
val: {'epoch': 865, 'time_epoch': 0.07051, 'loss': 0.22362926, 'lr': 0, 'params': 202600, 'time_iter': 0.01763, 'accuracy': 0.96404, 'f1': 0.96402, 'auc': 0.96906}
test: {'epoch': 865, 'time_epoch': 0.069, 'loss': 0.21386011, 'lr': 0, 'params': 202600, 'time_iter': 0.01725, 'accuracy': 0.96561, 'f1': 0.96559, 'auc': 0.97024}
> Epoch 865: took 1.5s (avg 1.5s) | Best so far: epoch 406	train_loss: 0.1548 train_accuracy: 0.9767	val_loss: 0.1785 val_accuracy: 0.9686	test_loss: 0.1728 test_accuracy: 0.9699
train: {'epoch': 866, 'time_epoch': 1.14403, 'eta': 148.01289, 'eta_hours': 0.04111, 'loss': 0.13262241, 'lr': 0.00014114, 'params': 202600, 'time_iter': 0.0286, 'accuracy': 0.97633, 'f1': 0.97631, 'auc': 0.97661}
val: {'epoch': 866, 'time_epoch': 0.06905, 'loss': 0.22242696, 'lr': 0, 'params': 202600, 'time_iter': 0.01726, 'accuracy': 0.96409, 'f1': 0.96407, 'auc': 0.96879}
test: {'epoch': 866, 'time_epoch': 0.06951, 'loss': 0.21151723, 'lr': 0, 'params': 202600, 'time_iter': 0.01738, 'accuracy': 0.9659, 'f1': 0.96588, 'auc': 0.97}
> Epoch 866: took 1.5s (avg 1.5s) | Best so far: epoch 406	train_loss: 0.1548 train_accuracy: 0.9767	val_loss: 0.1785 val_accuracy: 0.9686	test_loss: 0.1728 test_accuracy: 0.9699
train: {'epoch': 867, 'time_epoch': 1.13375, 'eta': 146.90318, 'eta_hours': 0.04081, 'loss': 0.1328927, 'lr': 0.00014009, 'params': 202600, 'time_iter': 0.02834, 'accuracy': 0.97652, 'f1': 0.97651, 'auc': 0.97637}
val: {'epoch': 867, 'time_epoch': 0.07051, 'loss': 0.22380838, 'lr': 0, 'params': 202600, 'time_iter': 0.01763, 'accuracy': 0.96397, 'f1': 0.96395, 'auc': 0.96904}
test: {'epoch': 867, 'time_epoch': 0.07051, 'loss': 0.21262738, 'lr': 0, 'params': 202600, 'time_iter': 0.01763, 'accuracy': 0.96566, 'f1': 0.96564, 'auc': 0.97025}
> Epoch 867: took 1.5s (avg 1.5s) | Best so far: epoch 406	train_loss: 0.1548 train_accuracy: 0.9767	val_loss: 0.1785 val_accuracy: 0.9686	test_loss: 0.1728 test_accuracy: 0.9699
train: {'epoch': 868, 'time_epoch': 1.09959, 'eta': 145.78827, 'eta_hours': 0.0405, 'loss': 0.13242029, 'lr': 0.00013903, 'params': 202600, 'time_iter': 0.02749, 'accuracy': 0.97632, 'f1': 0.97631, 'auc': 0.97665}
val: {'epoch': 868, 'time_epoch': 0.069, 'loss': 0.22530157, 'lr': 0, 'params': 202600, 'time_iter': 0.01725, 'accuracy': 0.96193, 'f1': 0.96191, 'auc': 0.96953}
test: {'epoch': 868, 'time_epoch': 0.068, 'loss': 0.21445874, 'lr': 0, 'params': 202600, 'time_iter': 0.017, 'accuracy': 0.96388, 'f1': 0.96386, 'auc': 0.97064}
> Epoch 868: took 1.5s (avg 1.5s) | Best so far: epoch 406	train_loss: 0.1548 train_accuracy: 0.9767	val_loss: 0.1785 val_accuracy: 0.9686	test_loss: 0.1728 test_accuracy: 0.9699
train: {'epoch': 869, 'time_epoch': 1.11209, 'eta': 144.67527, 'eta_hours': 0.04019, 'loss': 0.13220042, 'lr': 0.00013798, 'params': 202600, 'time_iter': 0.0278, 'accuracy': 0.97642, 'f1': 0.97641, 'auc': 0.97673}
val: {'epoch': 869, 'time_epoch': 0.07126, 'loss': 0.2267447, 'lr': 0, 'params': 202600, 'time_iter': 0.01781, 'accuracy': 0.96361, 'f1': 0.96359, 'auc': 0.96943}
test: {'epoch': 869, 'time_epoch': 0.06851, 'loss': 0.21524242, 'lr': 0, 'params': 202600, 'time_iter': 0.01713, 'accuracy': 0.96551, 'f1': 0.96549, 'auc': 0.97052}
> Epoch 869: took 1.5s (avg 1.5s) | Best so far: epoch 406	train_loss: 0.1548 train_accuracy: 0.9767	val_loss: 0.1785 val_accuracy: 0.9686	test_loss: 0.1728 test_accuracy: 0.9699
train: {'epoch': 870, 'time_epoch': 1.22728, 'eta': 143.57932, 'eta_hours': 0.03988, 'loss': 0.1326469, 'lr': 0.00013693, 'params': 202600, 'time_iter': 0.03068, 'accuracy': 0.97631, 'f1': 0.97629, 'auc': 0.97666}
val: {'epoch': 870, 'time_epoch': 0.06923, 'loss': 0.22375516, 'lr': 0, 'params': 202600, 'time_iter': 0.01731, 'accuracy': 0.96344, 'f1': 0.96343, 'auc': 0.96904}
test: {'epoch': 870, 'time_epoch': 0.06751, 'loss': 0.21271157, 'lr': 0, 'params': 202600, 'time_iter': 0.01688, 'accuracy': 0.96514, 'f1': 0.96513, 'auc': 0.97015}
> Epoch 870: took 1.6s (avg 1.5s) | Best so far: epoch 406	train_loss: 0.1548 train_accuracy: 0.9767	val_loss: 0.1785 val_accuracy: 0.9686	test_loss: 0.1728 test_accuracy: 0.9699
train: {'epoch': 871, 'time_epoch': 1.07851, 'eta': 142.46124, 'eta_hours': 0.03957, 'loss': 0.13208667, 'lr': 0.00013588, 'params': 202600, 'time_iter': 0.02696, 'accuracy': 0.97644, 'f1': 0.97642, 'auc': 0.97672}
val: {'epoch': 871, 'time_epoch': 0.07001, 'loss': 0.22253317, 'lr': 0, 'params': 202600, 'time_iter': 0.0175, 'accuracy': 0.96385, 'f1': 0.96383, 'auc': 0.96928}
test: {'epoch': 871, 'time_epoch': 0.069, 'loss': 0.21171072, 'lr': 0, 'params': 202600, 'time_iter': 0.01725, 'accuracy': 0.96502, 'f1': 0.96501, 'auc': 0.97045}
> Epoch 871: took 1.4s (avg 1.5s) | Best so far: epoch 406	train_loss: 0.1548 train_accuracy: 0.9767	val_loss: 0.1785 val_accuracy: 0.9686	test_loss: 0.1728 test_accuracy: 0.9699
train: {'epoch': 872, 'time_epoch': 1.10519, 'eta': 141.34713, 'eta_hours': 0.03926, 'loss': 0.13195078, 'lr': 0.00013482, 'params': 202600, 'time_iter': 0.02763, 'accuracy': 0.97634, 'f1': 0.97633, 'auc': 0.97679}
val: {'epoch': 872, 'time_epoch': 0.06951, 'loss': 0.22551071, 'lr': 0, 'params': 202600, 'time_iter': 0.01738, 'accuracy': 0.96269, 'f1': 0.96267, 'auc': 0.96946}
test: {'epoch': 872, 'time_epoch': 0.07051, 'loss': 0.21398839, 'lr': 0, 'params': 202600, 'time_iter': 0.01763, 'accuracy': 0.96386, 'f1': 0.96384, 'auc': 0.97067}
> Epoch 872: took 1.5s (avg 1.5s) | Best so far: epoch 406	train_loss: 0.1548 train_accuracy: 0.9767	val_loss: 0.1785 val_accuracy: 0.9686	test_loss: 0.1728 test_accuracy: 0.9699
train: {'epoch': 873, 'time_epoch': 1.13501, 'eta': 140.23734, 'eta_hours': 0.03895, 'loss': 0.13246139, 'lr': 0.00013377, 'params': 202600, 'time_iter': 0.02838, 'accuracy': 0.97633, 'f1': 0.97632, 'auc': 0.97662}
val: {'epoch': 873, 'time_epoch': 0.07083, 'loss': 0.22199548, 'lr': 0, 'params': 202600, 'time_iter': 0.01771, 'accuracy': 0.96293, 'f1': 0.96292, 'auc': 0.96891}
test: {'epoch': 873, 'time_epoch': 0.06851, 'loss': 0.21161686, 'lr': 0, 'params': 202600, 'time_iter': 0.01713, 'accuracy': 0.96431, 'f1': 0.9643, 'auc': 0.97003}
> Epoch 873: took 1.5s (avg 1.5s) | Best so far: epoch 406	train_loss: 0.1548 train_accuracy: 0.9767	val_loss: 0.1785 val_accuracy: 0.9686	test_loss: 0.1728 test_accuracy: 0.9699
train: {'epoch': 874, 'time_epoch': 1.09882, 'eta': 139.12232, 'eta_hours': 0.03865, 'loss': 0.13232264, 'lr': 0.00013272, 'params': 202600, 'time_iter': 0.02747, 'accuracy': 0.97645, 'f1': 0.97644, 'auc': 0.97662}
val: {'epoch': 874, 'time_epoch': 0.0712, 'loss': 0.22719925, 'lr': 0, 'params': 202600, 'time_iter': 0.0178, 'accuracy': 0.9634, 'f1': 0.96339, 'auc': 0.9697}
test: {'epoch': 874, 'time_epoch': 0.06851, 'loss': 0.2160695, 'lr': 0, 'params': 202600, 'time_iter': 0.01713, 'accuracy': 0.965, 'f1': 0.96499, 'auc': 0.97079}
> Epoch 874: took 1.5s (avg 1.5s) | Best so far: epoch 406	train_loss: 0.1548 train_accuracy: 0.9767	val_loss: 0.1785 val_accuracy: 0.9686	test_loss: 0.1728 test_accuracy: 0.9699
train: {'epoch': 875, 'time_epoch': 1.08631, 'eta': 138.00556, 'eta_hours': 0.03833, 'loss': 0.13203893, 'lr': 0.00013167, 'params': 202600, 'time_iter': 0.02716, 'accuracy': 0.97629, 'f1': 0.97628, 'auc': 0.97697}
val: {'epoch': 875, 'time_epoch': 0.06901, 'loss': 0.22523015, 'lr': 0, 'params': 202600, 'time_iter': 0.01725, 'accuracy': 0.96353, 'f1': 0.96351, 'auc': 0.96945}
test: {'epoch': 875, 'time_epoch': 0.068, 'loss': 0.21379833, 'lr': 0, 'params': 202600, 'time_iter': 0.017, 'accuracy': 0.96431, 'f1': 0.9643, 'auc': 0.97051}
> Epoch 875: took 1.5s (avg 1.5s) | Best so far: epoch 406	train_loss: 0.1548 train_accuracy: 0.9767	val_loss: 0.1785 val_accuracy: 0.9686	test_loss: 0.1728 test_accuracy: 0.9699
train: {'epoch': 876, 'time_epoch': 1.09354, 'eta': 136.88989, 'eta_hours': 0.03802, 'loss': 0.13210586, 'lr': 0.00013061, 'params': 202600, 'time_iter': 0.02734, 'accuracy': 0.97642, 'f1': 0.97641, 'auc': 0.97687}
val: {'epoch': 876, 'time_epoch': 0.06851, 'loss': 0.22344627, 'lr': 0, 'params': 202600, 'time_iter': 0.01713, 'accuracy': 0.96383, 'f1': 0.96381, 'auc': 0.9693}
test: {'epoch': 876, 'time_epoch': 0.06851, 'loss': 0.21265526, 'lr': 0, 'params': 202600, 'time_iter': 0.01713, 'accuracy': 0.96546, 'f1': 0.96544, 'auc': 0.97038}
> Epoch 876: took 1.5s (avg 1.5s) | Best so far: epoch 406	train_loss: 0.1548 train_accuracy: 0.9767	val_loss: 0.1785 val_accuracy: 0.9686	test_loss: 0.1728 test_accuracy: 0.9699
train: {'epoch': 877, 'time_epoch': 1.10228, 'eta': 135.77549, 'eta_hours': 0.03772, 'loss': 0.13189733, 'lr': 0.00012956, 'params': 202600, 'time_iter': 0.02756, 'accuracy': 0.97632, 'f1': 0.9763, 'auc': 0.97691}
val: {'epoch': 877, 'time_epoch': 0.06851, 'loss': 0.22615127, 'lr': 0, 'params': 202600, 'time_iter': 0.01713, 'accuracy': 0.96306, 'f1': 0.96305, 'auc': 0.96958}
test: {'epoch': 877, 'time_epoch': 0.06802, 'loss': 0.21508326, 'lr': 0, 'params': 202600, 'time_iter': 0.01701, 'accuracy': 0.96418, 'f1': 0.96416, 'auc': 0.97069}
> Epoch 877: took 1.5s (avg 1.5s) | Best so far: epoch 406	train_loss: 0.1548 train_accuracy: 0.9767	val_loss: 0.1785 val_accuracy: 0.9686	test_loss: 0.1728 test_accuracy: 0.9699
train: {'epoch': 878, 'time_epoch': 1.08975, 'eta': 134.65939, 'eta_hours': 0.03741, 'loss': 0.13212973, 'lr': 0.00012851, 'params': 202600, 'time_iter': 0.02724, 'accuracy': 0.97645, 'f1': 0.97643, 'auc': 0.97678}
val: {'epoch': 878, 'time_epoch': 0.07, 'loss': 0.22487914, 'lr': 0, 'params': 202600, 'time_iter': 0.0175, 'accuracy': 0.96358, 'f1': 0.96356, 'auc': 0.96894}
test: {'epoch': 878, 'time_epoch': 0.07, 'loss': 0.21361346, 'lr': 0, 'params': 202600, 'time_iter': 0.0175, 'accuracy': 0.96502, 'f1': 0.96501, 'auc': 0.97004}
> Epoch 878: took 1.5s (avg 1.5s) | Best so far: epoch 406	train_loss: 0.1548 train_accuracy: 0.9767	val_loss: 0.1785 val_accuracy: 0.9686	test_loss: 0.1728 test_accuracy: 0.9699
train: {'epoch': 879, 'time_epoch': 1.15915, 'eta': 133.55281, 'eta_hours': 0.0371, 'loss': 0.13238653, 'lr': 0.00012746, 'params': 202600, 'time_iter': 0.02898, 'accuracy': 0.97636, 'f1': 0.97635, 'auc': 0.97669}
val: {'epoch': 879, 'time_epoch': 0.07052, 'loss': 0.22149239, 'lr': 0, 'params': 202600, 'time_iter': 0.01763, 'accuracy': 0.96322, 'f1': 0.96321, 'auc': 0.96896}
test: {'epoch': 879, 'time_epoch': 0.06951, 'loss': 0.21024968, 'lr': 0, 'params': 202600, 'time_iter': 0.01738, 'accuracy': 0.96481, 'f1': 0.9648, 'auc': 0.97002}
> Epoch 879: took 1.5s (avg 1.5s) | Best so far: epoch 406	train_loss: 0.1548 train_accuracy: 0.9767	val_loss: 0.1785 val_accuracy: 0.9686	test_loss: 0.1728 test_accuracy: 0.9699
train: {'epoch': 880, 'time_epoch': 1.09379, 'eta': 132.43728, 'eta_hours': 0.03679, 'loss': 0.13245736, 'lr': 0.0001264, 'params': 202600, 'time_iter': 0.02734, 'accuracy': 0.97632, 'f1': 0.97631, 'auc': 0.97652}
val: {'epoch': 880, 'time_epoch': 0.07001, 'loss': 0.22323346, 'lr': 0, 'params': 202600, 'time_iter': 0.0175, 'accuracy': 0.96345, 'f1': 0.96344, 'auc': 0.96922}
test: {'epoch': 880, 'time_epoch': 0.069, 'loss': 0.21176325, 'lr': 0, 'params': 202600, 'time_iter': 0.01725, 'accuracy': 0.96483, 'f1': 0.96482, 'auc': 0.97036}
> Epoch 880: took 1.5s (avg 1.5s) | Best so far: epoch 406	train_loss: 0.1548 train_accuracy: 0.9767	val_loss: 0.1785 val_accuracy: 0.9686	test_loss: 0.1728 test_accuracy: 0.9699
train: {'epoch': 881, 'time_epoch': 1.20509, 'eta': 131.33669, 'eta_hours': 0.03648, 'loss': 0.13177007, 'lr': 0.00012535, 'params': 202600, 'time_iter': 0.03013, 'accuracy': 0.97638, 'f1': 0.97637, 'auc': 0.977}
val: {'epoch': 881, 'time_epoch': 0.07051, 'loss': 0.22436335, 'lr': 0, 'params': 202600, 'time_iter': 0.01763, 'accuracy': 0.96358, 'f1': 0.96356, 'auc': 0.96895}
test: {'epoch': 881, 'time_epoch': 0.06818, 'loss': 0.21306622, 'lr': 0, 'params': 202600, 'time_iter': 0.01704, 'accuracy': 0.96478, 'f1': 0.96477, 'auc': 0.97009}
> Epoch 881: took 1.6s (avg 1.5s) | Best so far: epoch 406	train_loss: 0.1548 train_accuracy: 0.9767	val_loss: 0.1785 val_accuracy: 0.9686	test_loss: 0.1728 test_accuracy: 0.9699
train: {'epoch': 882, 'time_epoch': 1.05977, 'eta': 130.21661, 'eta_hours': 0.03617, 'loss': 0.13216677, 'lr': 0.0001243, 'params': 202600, 'time_iter': 0.02649, 'accuracy': 0.97641, 'f1': 0.97639, 'auc': 0.97683}
val: {'epoch': 882, 'time_epoch': 0.06868, 'loss': 0.22051355, 'lr': 0, 'params': 202600, 'time_iter': 0.01717, 'accuracy': 0.9629, 'f1': 0.96288, 'auc': 0.96891}
test: {'epoch': 882, 'time_epoch': 0.069, 'loss': 0.20998169, 'lr': 0, 'params': 202600, 'time_iter': 0.01725, 'accuracy': 0.96448, 'f1': 0.96447, 'auc': 0.97001}
> Epoch 882: took 1.4s (avg 1.5s) | Best so far: epoch 406	train_loss: 0.1548 train_accuracy: 0.9767	val_loss: 0.1785 val_accuracy: 0.9686	test_loss: 0.1728 test_accuracy: 0.9699
train: {'epoch': 883, 'time_epoch': 1.09558, 'eta': 129.10137, 'eta_hours': 0.03586, 'loss': 0.1318901, 'lr': 0.00012325, 'params': 202600, 'time_iter': 0.02739, 'accuracy': 0.97639, 'f1': 0.97638, 'auc': 0.97691}
val: {'epoch': 883, 'time_epoch': 0.06951, 'loss': 0.22289729, 'lr': 0, 'params': 202600, 'time_iter': 0.01738, 'accuracy': 0.96413, 'f1': 0.96411, 'auc': 0.96887}
test: {'epoch': 883, 'time_epoch': 0.07251, 'loss': 0.21258039, 'lr': 0, 'params': 202600, 'time_iter': 0.01813, 'accuracy': 0.96532, 'f1': 0.9653, 'auc': 0.96993}
> Epoch 883: took 1.5s (avg 1.5s) | Best so far: epoch 406	train_loss: 0.1548 train_accuracy: 0.9767	val_loss: 0.1785 val_accuracy: 0.9686	test_loss: 0.1728 test_accuracy: 0.9699
train: {'epoch': 884, 'time_epoch': 1.18339, 'eta': 127.99758, 'eta_hours': 0.03555, 'loss': 0.13228823, 'lr': 0.00012219, 'params': 202600, 'time_iter': 0.02958, 'accuracy': 0.9763, 'f1': 0.97629, 'auc': 0.97673}
val: {'epoch': 884, 'time_epoch': 0.06951, 'loss': 0.22553762, 'lr': 0, 'params': 202600, 'time_iter': 0.01738, 'accuracy': 0.96385, 'f1': 0.96383, 'auc': 0.9696}
test: {'epoch': 884, 'time_epoch': 0.06902, 'loss': 0.21448252, 'lr': 0, 'params': 202600, 'time_iter': 0.01726, 'accuracy': 0.96495, 'f1': 0.96494, 'auc': 0.97061}
> Epoch 884: took 1.6s (avg 1.5s) | Best so far: epoch 406	train_loss: 0.1548 train_accuracy: 0.9767	val_loss: 0.1785 val_accuracy: 0.9686	test_loss: 0.1728 test_accuracy: 0.9699
train: {'epoch': 885, 'time_epoch': 1.12114, 'eta': 126.8856, 'eta_hours': 0.03525, 'loss': 0.13196382, 'lr': 0.00012114, 'params': 202600, 'time_iter': 0.02803, 'accuracy': 0.97635, 'f1': 0.97634, 'auc': 0.97674}
val: {'epoch': 885, 'time_epoch': 0.06951, 'loss': 0.2253794, 'lr': 0, 'params': 202600, 'time_iter': 0.01738, 'accuracy': 0.9637, 'f1': 0.96368, 'auc': 0.96939}
test: {'epoch': 885, 'time_epoch': 0.07051, 'loss': 0.21418835, 'lr': 0, 'params': 202600, 'time_iter': 0.01763, 'accuracy': 0.9651, 'f1': 0.96509, 'auc': 0.97045}
> Epoch 885: took 1.5s (avg 1.5s) | Best so far: epoch 406	train_loss: 0.1548 train_accuracy: 0.9767	val_loss: 0.1785 val_accuracy: 0.9686	test_loss: 0.1728 test_accuracy: 0.9699
train: {'epoch': 886, 'time_epoch': 1.12964, 'eta': 125.77469, 'eta_hours': 0.03494, 'loss': 0.13178863, 'lr': 0.00012009, 'params': 202600, 'time_iter': 0.02824, 'accuracy': 0.97629, 'f1': 0.97628, 'auc': 0.97705}
val: {'epoch': 886, 'time_epoch': 0.07151, 'loss': 0.22661603, 'lr': 0, 'params': 202600, 'time_iter': 0.01788, 'accuracy': 0.96383, 'f1': 0.96381, 'auc': 0.96973}
test: {'epoch': 886, 'time_epoch': 0.06732, 'loss': 0.21467684, 'lr': 0, 'params': 202600, 'time_iter': 0.01683, 'accuracy': 0.96514, 'f1': 0.96513, 'auc': 0.97079}
> Epoch 886: took 1.5s (avg 1.5s) | Best so far: epoch 406	train_loss: 0.1548 train_accuracy: 0.9767	val_loss: 0.1785 val_accuracy: 0.9686	test_loss: 0.1728 test_accuracy: 0.9699
train: {'epoch': 887, 'time_epoch': 1.1121, 'eta': 124.66152, 'eta_hours': 0.03463, 'loss': 0.13175735, 'lr': 0.00011904, 'params': 202600, 'time_iter': 0.0278, 'accuracy': 0.9763, 'f1': 0.97629, 'auc': 0.977}
val: {'epoch': 887, 'time_epoch': 0.07151, 'loss': 0.2278237, 'lr': 0, 'params': 202600, 'time_iter': 0.01788, 'accuracy': 0.96339, 'f1': 0.96338, 'auc': 0.96996}
test: {'epoch': 887, 'time_epoch': 0.07051, 'loss': 0.21656567, 'lr': 0, 'params': 202600, 'time_iter': 0.01763, 'accuracy': 0.96437, 'f1': 0.96436, 'auc': 0.971}
> Epoch 887: took 1.5s (avg 1.5s) | Best so far: epoch 406	train_loss: 0.1548 train_accuracy: 0.9767	val_loss: 0.1785 val_accuracy: 0.9686	test_loss: 0.1728 test_accuracy: 0.9699
train: {'epoch': 888, 'time_epoch': 1.1007, 'eta': 123.54692, 'eta_hours': 0.03432, 'loss': 0.13166562, 'lr': 0.00011798, 'params': 202600, 'time_iter': 0.02752, 'accuracy': 0.97644, 'f1': 0.97643, 'auc': 0.97704}
val: {'epoch': 888, 'time_epoch': 0.07301, 'loss': 0.22693122, 'lr': 0, 'params': 202600, 'time_iter': 0.01825, 'accuracy': 0.9631, 'f1': 0.96309, 'auc': 0.96965}
test: {'epoch': 888, 'time_epoch': 0.073, 'loss': 0.21539381, 'lr': 0, 'params': 202600, 'time_iter': 0.01825, 'accuracy': 0.96419, 'f1': 0.96417, 'auc': 0.9707}
> Epoch 888: took 1.5s (avg 1.5s) | Best so far: epoch 406	train_loss: 0.1548 train_accuracy: 0.9767	val_loss: 0.1785 val_accuracy: 0.9686	test_loss: 0.1728 test_accuracy: 0.9699
train: {'epoch': 889, 'time_epoch': 1.09476, 'eta': 122.43163, 'eta_hours': 0.03401, 'loss': 0.13158674, 'lr': 0.00011693, 'params': 202600, 'time_iter': 0.02737, 'accuracy': 0.97636, 'f1': 0.97634, 'auc': 0.97715}
val: {'epoch': 889, 'time_epoch': 0.07051, 'loss': 0.22621356, 'lr': 0, 'params': 202600, 'time_iter': 0.01763, 'accuracy': 0.96391, 'f1': 0.96389, 'auc': 0.9692}
test: {'epoch': 889, 'time_epoch': 0.06951, 'loss': 0.21455398, 'lr': 0, 'params': 202600, 'time_iter': 0.01738, 'accuracy': 0.96516, 'f1': 0.96515, 'auc': 0.9703}
> Epoch 889: took 1.5s (avg 1.5s) | Best so far: epoch 406	train_loss: 0.1548 train_accuracy: 0.9767	val_loss: 0.1785 val_accuracy: 0.9686	test_loss: 0.1728 test_accuracy: 0.9699
train: {'epoch': 890, 'time_epoch': 1.11094, 'eta': 121.31836, 'eta_hours': 0.0337, 'loss': 0.1317752, 'lr': 0.00011588, 'params': 202600, 'time_iter': 0.02777, 'accuracy': 0.97643, 'f1': 0.97642, 'auc': 0.97699}
val: {'epoch': 890, 'time_epoch': 0.07082, 'loss': 0.22480306, 'lr': 0, 'params': 202600, 'time_iter': 0.01771, 'accuracy': 0.96329, 'f1': 0.96328, 'auc': 0.96928}
test: {'epoch': 890, 'time_epoch': 0.06851, 'loss': 0.21413607, 'lr': 0, 'params': 202600, 'time_iter': 0.01713, 'accuracy': 0.9642, 'f1': 0.96418, 'auc': 0.97039}
> Epoch 890: took 1.5s (avg 1.5s) | Best so far: epoch 406	train_loss: 0.1548 train_accuracy: 0.9767	val_loss: 0.1785 val_accuracy: 0.9686	test_loss: 0.1728 test_accuracy: 0.9699
train: {'epoch': 891, 'time_epoch': 1.11679, 'eta': 120.20581, 'eta_hours': 0.03339, 'loss': 0.13193633, 'lr': 0.00011483, 'params': 202600, 'time_iter': 0.02792, 'accuracy': 0.97633, 'f1': 0.97631, 'auc': 0.97692}
val: {'epoch': 891, 'time_epoch': 0.07051, 'loss': 0.22448701, 'lr': 0, 'params': 202600, 'time_iter': 0.01763, 'accuracy': 0.96363, 'f1': 0.96361, 'auc': 0.96892}
test: {'epoch': 891, 'time_epoch': 0.06952, 'loss': 0.21313709, 'lr': 0, 'params': 202600, 'time_iter': 0.01738, 'accuracy': 0.96511, 'f1': 0.9651, 'auc': 0.9701}
> Epoch 891: took 1.5s (avg 1.5s) | Best so far: epoch 406	train_loss: 0.1548 train_accuracy: 0.9767	val_loss: 0.1785 val_accuracy: 0.9686	test_loss: 0.1728 test_accuracy: 0.9699
train: {'epoch': 892, 'time_epoch': 1.12078, 'eta': 119.09372, 'eta_hours': 0.03308, 'loss': 0.13169771, 'lr': 0.00011377, 'params': 202600, 'time_iter': 0.02802, 'accuracy': 0.97635, 'f1': 0.97633, 'auc': 0.97712}
val: {'epoch': 892, 'time_epoch': 0.06991, 'loss': 0.22232353, 'lr': 0, 'params': 202600, 'time_iter': 0.01748, 'accuracy': 0.96307, 'f1': 0.96306, 'auc': 0.96902}
test: {'epoch': 892, 'time_epoch': 0.06951, 'loss': 0.21094046, 'lr': 0, 'params': 202600, 'time_iter': 0.01738, 'accuracy': 0.96471, 'f1': 0.9647, 'auc': 0.97035}
> Epoch 892: took 1.5s (avg 1.5s) | Best so far: epoch 406	train_loss: 0.1548 train_accuracy: 0.9767	val_loss: 0.1785 val_accuracy: 0.9686	test_loss: 0.1728 test_accuracy: 0.9699
train: {'epoch': 893, 'time_epoch': 1.12944, 'eta': 117.98264, 'eta_hours': 0.03277, 'loss': 0.13179716, 'lr': 0.00011272, 'params': 202600, 'time_iter': 0.02824, 'accuracy': 0.97631, 'f1': 0.9763, 'auc': 0.97698}
val: {'epoch': 893, 'time_epoch': 0.07251, 'loss': 0.22094427, 'lr': 0, 'params': 202600, 'time_iter': 0.01813, 'accuracy': 0.96391, 'f1': 0.96389, 'auc': 0.96881}
test: {'epoch': 893, 'time_epoch': 0.06951, 'loss': 0.21033448, 'lr': 0, 'params': 202600, 'time_iter': 0.01738, 'accuracy': 0.96506, 'f1': 0.96505, 'auc': 0.96994}
> Epoch 893: took 1.5s (avg 1.5s) | Best so far: epoch 406	train_loss: 0.1548 train_accuracy: 0.9767	val_loss: 0.1785 val_accuracy: 0.9686	test_loss: 0.1728 test_accuracy: 0.9699
train: {'epoch': 894, 'time_epoch': 1.10367, 'eta': 116.8685, 'eta_hours': 0.03246, 'loss': 0.13189202, 'lr': 0.00011167, 'params': 202600, 'time_iter': 0.02759, 'accuracy': 0.97629, 'f1': 0.97628, 'auc': 0.97692}
val: {'epoch': 894, 'time_epoch': 0.06951, 'loss': 0.22377712, 'lr': 0, 'params': 202600, 'time_iter': 0.01738, 'accuracy': 0.96342, 'f1': 0.96341, 'auc': 0.96926}
test: {'epoch': 894, 'time_epoch': 0.1035, 'loss': 0.21245492, 'lr': 0, 'params': 202600, 'time_iter': 0.02588, 'accuracy': 0.9649, 'f1': 0.96489, 'auc': 0.9704}
> Epoch 894: took 1.5s (avg 1.5s) | Best so far: epoch 406	train_loss: 0.1548 train_accuracy: 0.9767	val_loss: 0.1785 val_accuracy: 0.9686	test_loss: 0.1728 test_accuracy: 0.9699
train: {'epoch': 895, 'time_epoch': 1.0945, 'eta': 115.75331, 'eta_hours': 0.03215, 'loss': 0.13196158, 'lr': 0.00011062, 'params': 202600, 'time_iter': 0.02736, 'accuracy': 0.97642, 'f1': 0.97641, 'auc': 0.97689}
val: {'epoch': 895, 'time_epoch': 0.06951, 'loss': 0.22155022, 'lr': 0, 'params': 202600, 'time_iter': 0.01738, 'accuracy': 0.96319, 'f1': 0.96318, 'auc': 0.96921}
test: {'epoch': 895, 'time_epoch': 0.068, 'loss': 0.21069515, 'lr': 0, 'params': 202600, 'time_iter': 0.017, 'accuracy': 0.96453, 'f1': 0.96451, 'auc': 0.97039}
> Epoch 895: took 1.5s (avg 1.5s) | Best so far: epoch 406	train_loss: 0.1548 train_accuracy: 0.9767	val_loss: 0.1785 val_accuracy: 0.9686	test_loss: 0.1728 test_accuracy: 0.9699
train: {'epoch': 896, 'time_epoch': 1.09961, 'eta': 114.63876, 'eta_hours': 0.03184, 'loss': 0.13144422, 'lr': 0.00010956, 'params': 202600, 'time_iter': 0.02749, 'accuracy': 0.97633, 'f1': 0.97632, 'auc': 0.97716}
val: {'epoch': 896, 'time_epoch': 0.0695, 'loss': 0.22279989, 'lr': 0, 'params': 202600, 'time_iter': 0.01738, 'accuracy': 0.96353, 'f1': 0.96351, 'auc': 0.96888}
test: {'epoch': 896, 'time_epoch': 0.0685, 'loss': 0.21122375, 'lr': 0, 'params': 202600, 'time_iter': 0.01713, 'accuracy': 0.96501, 'f1': 0.965, 'auc': 0.97018}
> Epoch 896: took 1.5s (avg 1.5s) | Best so far: epoch 406	train_loss: 0.1548 train_accuracy: 0.9767	val_loss: 0.1785 val_accuracy: 0.9686	test_loss: 0.1728 test_accuracy: 0.9699
train: {'epoch': 897, 'time_epoch': 1.07905, 'eta': 113.52191, 'eta_hours': 0.03153, 'loss': 0.13166417, 'lr': 0.00010851, 'params': 202600, 'time_iter': 0.02698, 'accuracy': 0.97631, 'f1': 0.9763, 'auc': 0.97702}
val: {'epoch': 897, 'time_epoch': 0.06951, 'loss': 0.22308957, 'lr': 0, 'params': 202600, 'time_iter': 0.01738, 'accuracy': 0.96316, 'f1': 0.96315, 'auc': 0.96925}
test: {'epoch': 897, 'time_epoch': 0.07151, 'loss': 0.21178026, 'lr': 0, 'params': 202600, 'time_iter': 0.01788, 'accuracy': 0.96451, 'f1': 0.9645, 'auc': 0.97052}
> Epoch 897: took 1.5s (avg 1.5s) | Best so far: epoch 406	train_loss: 0.1548 train_accuracy: 0.9767	val_loss: 0.1785 val_accuracy: 0.9686	test_loss: 0.1728 test_accuracy: 0.9699
train: {'epoch': 898, 'time_epoch': 1.14968, 'eta': 112.41307, 'eta_hours': 0.03123, 'loss': 0.13135228, 'lr': 0.00010746, 'params': 202600, 'time_iter': 0.02874, 'accuracy': 0.97635, 'f1': 0.97634, 'auc': 0.97701}
val: {'epoch': 898, 'time_epoch': 0.06851, 'loss': 0.22718743, 'lr': 0, 'params': 202600, 'time_iter': 0.01713, 'accuracy': 0.96312, 'f1': 0.96311, 'auc': 0.96938}
test: {'epoch': 898, 'time_epoch': 0.06751, 'loss': 0.2147819, 'lr': 0, 'params': 202600, 'time_iter': 0.01688, 'accuracy': 0.96465, 'f1': 0.96464, 'auc': 0.97063}
> Epoch 898: took 1.5s (avg 1.5s) | Best so far: epoch 406	train_loss: 0.1548 train_accuracy: 0.9767	val_loss: 0.1785 val_accuracy: 0.9686	test_loss: 0.1728 test_accuracy: 0.9699
train: {'epoch': 899, 'time_epoch': 1.09794, 'eta': 111.2984, 'eta_hours': 0.03092, 'loss': 0.13176463, 'lr': 0.00010641, 'params': 202600, 'time_iter': 0.02745, 'accuracy': 0.97631, 'f1': 0.9763, 'auc': 0.97699}
val: {'epoch': 899, 'time_epoch': 0.06851, 'loss': 0.22883827, 'lr': 0, 'params': 202600, 'time_iter': 0.01713, 'accuracy': 0.96285, 'f1': 0.96283, 'auc': 0.96937}
test: {'epoch': 899, 'time_epoch': 0.067, 'loss': 0.21609219, 'lr': 0, 'params': 202600, 'time_iter': 0.01675, 'accuracy': 0.96407, 'f1': 0.96405, 'auc': 0.97071}
> Epoch 899: took 1.5s (avg 1.5s) | Best so far: epoch 406	train_loss: 0.1548 train_accuracy: 0.9767	val_loss: 0.1785 val_accuracy: 0.9686	test_loss: 0.1728 test_accuracy: 0.9699
train: {'epoch': 900, 'time_epoch': 1.08668, 'eta': 110.18252, 'eta_hours': 0.03061, 'loss': 0.1314763, 'lr': 0.00010535, 'params': 202600, 'time_iter': 0.02717, 'accuracy': 0.9764, 'f1': 0.97639, 'auc': 0.9771}
val: {'epoch': 900, 'time_epoch': 0.06851, 'loss': 0.22898212, 'lr': 0, 'params': 202600, 'time_iter': 0.01713, 'accuracy': 0.96313, 'f1': 0.96312, 'auc': 0.96954}
test: {'epoch': 900, 'time_epoch': 0.0675, 'loss': 0.21573218, 'lr': 0, 'params': 202600, 'time_iter': 0.01688, 'accuracy': 0.9644, 'f1': 0.96439, 'auc': 0.97081}
> Epoch 900: took 1.5s (avg 1.5s) | Best so far: epoch 406	train_loss: 0.1548 train_accuracy: 0.9767	val_loss: 0.1785 val_accuracy: 0.9686	test_loss: 0.1728 test_accuracy: 0.9699
train: {'epoch': 901, 'time_epoch': 1.18734, 'eta': 109.07765, 'eta_hours': 0.0303, 'loss': 0.13144532, 'lr': 0.0001043, 'params': 202600, 'time_iter': 0.02968, 'accuracy': 0.97639, 'f1': 0.97638, 'auc': 0.97735}
val: {'epoch': 901, 'time_epoch': 0.07051, 'loss': 0.22425989, 'lr': 0, 'params': 202600, 'time_iter': 0.01763, 'accuracy': 0.9625, 'f1': 0.96248, 'auc': 0.96901}
test: {'epoch': 901, 'time_epoch': 0.06951, 'loss': 0.21201114, 'lr': 0, 'params': 202600, 'time_iter': 0.01738, 'accuracy': 0.96378, 'f1': 0.96376, 'auc': 0.97035}
> Epoch 901: took 1.6s (avg 1.5s) | Best so far: epoch 406	train_loss: 0.1548 train_accuracy: 0.9767	val_loss: 0.1785 val_accuracy: 0.9686	test_loss: 0.1728 test_accuracy: 0.9699
train: {'epoch': 902, 'time_epoch': 1.12486, 'eta': 107.96588, 'eta_hours': 0.02999, 'loss': 0.1312608, 'lr': 0.00010325, 'params': 202600, 'time_iter': 0.02812, 'accuracy': 0.97623, 'f1': 0.97622, 'auc': 0.97705}
val: {'epoch': 902, 'time_epoch': 0.07225, 'loss': 0.22556426, 'lr': 0, 'params': 202600, 'time_iter': 0.01806, 'accuracy': 0.96255, 'f1': 0.96253, 'auc': 0.96918}
test: {'epoch': 902, 'time_epoch': 0.07351, 'loss': 0.213068, 'lr': 0, 'params': 202600, 'time_iter': 0.01838, 'accuracy': 0.96422, 'f1': 0.96421, 'auc': 0.97054}
> Epoch 902: took 1.5s (avg 1.5s) | Best so far: epoch 406	train_loss: 0.1548 train_accuracy: 0.9767	val_loss: 0.1785 val_accuracy: 0.9686	test_loss: 0.1728 test_accuracy: 0.9699
train: {'epoch': 903, 'time_epoch': 1.10108, 'eta': 106.85156, 'eta_hours': 0.02968, 'loss': 0.13153382, 'lr': 0.0001022, 'params': 202600, 'time_iter': 0.02753, 'accuracy': 0.97644, 'f1': 0.97643, 'auc': 0.97703}
val: {'epoch': 903, 'time_epoch': 0.06951, 'loss': 0.22636741, 'lr': 0, 'params': 202600, 'time_iter': 0.01738, 'accuracy': 0.96356, 'f1': 0.96354, 'auc': 0.96929}
test: {'epoch': 903, 'time_epoch': 0.06821, 'loss': 0.21372982, 'lr': 0, 'params': 202600, 'time_iter': 0.01705, 'accuracy': 0.96442, 'f1': 0.9644, 'auc': 0.97056}
> Epoch 903: took 1.5s (avg 1.5s) | Best so far: epoch 406	train_loss: 0.1548 train_accuracy: 0.9767	val_loss: 0.1785 val_accuracy: 0.9686	test_loss: 0.1728 test_accuracy: 0.9699
train: {'epoch': 904, 'time_epoch': 1.10261, 'eta': 105.73743, 'eta_hours': 0.02937, 'loss': 0.13151691, 'lr': 0.00010114, 'params': 202600, 'time_iter': 0.02757, 'accuracy': 0.97625, 'f1': 0.97624, 'auc': 0.97721}
val: {'epoch': 904, 'time_epoch': 0.068, 'loss': 0.22778297, 'lr': 0, 'params': 202600, 'time_iter': 0.017, 'accuracy': 0.96297, 'f1': 0.96296, 'auc': 0.96945}
test: {'epoch': 904, 'time_epoch': 0.07251, 'loss': 0.21550447, 'lr': 0, 'params': 202600, 'time_iter': 0.01813, 'accuracy': 0.96411, 'f1': 0.96409, 'auc': 0.97074}
> Epoch 904: took 1.5s (avg 1.5s) | Best so far: epoch 406	train_loss: 0.1548 train_accuracy: 0.9767	val_loss: 0.1785 val_accuracy: 0.9686	test_loss: 0.1728 test_accuracy: 0.9699
train: {'epoch': 905, 'time_epoch': 1.10612, 'eta': 104.62369, 'eta_hours': 0.02906, 'loss': 0.13165464, 'lr': 0.00010009, 'params': 202600, 'time_iter': 0.02765, 'accuracy': 0.97635, 'f1': 0.97634, 'auc': 0.97709}
val: {'epoch': 905, 'time_epoch': 0.07001, 'loss': 0.22330129, 'lr': 0, 'params': 202600, 'time_iter': 0.0175, 'accuracy': 0.96382, 'f1': 0.9638, 'auc': 0.96896}
test: {'epoch': 905, 'time_epoch': 0.06851, 'loss': 0.21242576, 'lr': 0, 'params': 202600, 'time_iter': 0.01713, 'accuracy': 0.9648, 'f1': 0.96479, 'auc': 0.97019}
> Epoch 905: took 1.5s (avg 1.5s) | Best so far: epoch 406	train_loss: 0.1548 train_accuracy: 0.9767	val_loss: 0.1785 val_accuracy: 0.9686	test_loss: 0.1728 test_accuracy: 0.9699
train: {'epoch': 906, 'time_epoch': 1.09276, 'eta': 103.50859, 'eta_hours': 0.02875, 'loss': 0.13126309, 'lr': 9.904e-05, 'params': 202600, 'time_iter': 0.02732, 'accuracy': 0.97628, 'f1': 0.97627, 'auc': 0.97719}
val: {'epoch': 906, 'time_epoch': 0.06951, 'loss': 0.22497931, 'lr': 0, 'params': 202600, 'time_iter': 0.01738, 'accuracy': 0.96342, 'f1': 0.96341, 'auc': 0.96923}
test: {'epoch': 906, 'time_epoch': 0.06851, 'loss': 0.21346943, 'lr': 0, 'params': 202600, 'time_iter': 0.01713, 'accuracy': 0.96458, 'f1': 0.96457, 'auc': 0.97062}
> Epoch 906: took 1.5s (avg 1.5s) | Best so far: epoch 406	train_loss: 0.1548 train_accuracy: 0.9767	val_loss: 0.1785 val_accuracy: 0.9686	test_loss: 0.1728 test_accuracy: 0.9699
train: {'epoch': 907, 'time_epoch': 1.105, 'eta': 102.39479, 'eta_hours': 0.02844, 'loss': 0.13132574, 'lr': 9.798e-05, 'params': 202600, 'time_iter': 0.02763, 'accuracy': 0.97627, 'f1': 0.97626, 'auc': 0.97729}
val: {'epoch': 907, 'time_epoch': 0.07851, 'loss': 0.2231718, 'lr': 0, 'params': 202600, 'time_iter': 0.01963, 'accuracy': 0.96361, 'f1': 0.96359, 'auc': 0.96913}
test: {'epoch': 907, 'time_epoch': 0.07351, 'loss': 0.21180828, 'lr': 0, 'params': 202600, 'time_iter': 0.01838, 'accuracy': 0.96446, 'f1': 0.96445, 'auc': 0.97051}
> Epoch 907: took 1.5s (avg 1.5s) | Best so far: epoch 406	train_loss: 0.1548 train_accuracy: 0.9767	val_loss: 0.1785 val_accuracy: 0.9686	test_loss: 0.1728 test_accuracy: 0.9699
train: {'epoch': 908, 'time_epoch': 1.16931, 'eta': 101.28744, 'eta_hours': 0.02814, 'loss': 0.13080687, 'lr': 9.693e-05, 'params': 202600, 'time_iter': 0.02923, 'accuracy': 0.97628, 'f1': 0.97627, 'auc': 0.97737}
val: {'epoch': 908, 'time_epoch': 0.072, 'loss': 0.22821915, 'lr': 0, 'params': 202600, 'time_iter': 0.018, 'accuracy': 0.96296, 'f1': 0.96295, 'auc': 0.96985}
test: {'epoch': 908, 'time_epoch': 0.07151, 'loss': 0.2160219, 'lr': 0, 'params': 202600, 'time_iter': 0.01788, 'accuracy': 0.96374, 'f1': 0.96372, 'auc': 0.97121}
> Epoch 908: took 1.6s (avg 1.5s) | Best so far: epoch 406	train_loss: 0.1548 train_accuracy: 0.9767	val_loss: 0.1785 val_accuracy: 0.9686	test_loss: 0.1728 test_accuracy: 0.9699
train: {'epoch': 909, 'time_epoch': 1.18129, 'eta': 100.18114, 'eta_hours': 0.02783, 'loss': 0.13102516, 'lr': 9.588e-05, 'params': 202600, 'time_iter': 0.02953, 'accuracy': 0.97645, 'f1': 0.97644, 'auc': 0.9773}
val: {'epoch': 909, 'time_epoch': 0.07051, 'loss': 0.22308016, 'lr': 0, 'params': 202600, 'time_iter': 0.01763, 'accuracy': 0.96383, 'f1': 0.96381, 'auc': 0.96913}
test: {'epoch': 909, 'time_epoch': 0.06851, 'loss': 0.21147589, 'lr': 0, 'params': 202600, 'time_iter': 0.01713, 'accuracy': 0.96485, 'f1': 0.96484, 'auc': 0.97049}
> Epoch 909: took 1.6s (avg 1.5s) | Best so far: epoch 406	train_loss: 0.1548 train_accuracy: 0.9767	val_loss: 0.1785 val_accuracy: 0.9686	test_loss: 0.1728 test_accuracy: 0.9699
train: {'epoch': 910, 'time_epoch': 1.10901, 'eta': 99.06761, 'eta_hours': 0.02752, 'loss': 0.13157075, 'lr': 9.483e-05, 'params': 202600, 'time_iter': 0.02773, 'accuracy': 0.97628, 'f1': 0.97627, 'auc': 0.97712}
val: {'epoch': 910, 'time_epoch': 0.07051, 'loss': 0.22189157, 'lr': 0, 'params': 202600, 'time_iter': 0.01763, 'accuracy': 0.96333, 'f1': 0.96332, 'auc': 0.96887}
test: {'epoch': 910, 'time_epoch': 0.06951, 'loss': 0.2102654, 'lr': 0, 'params': 202600, 'time_iter': 0.01738, 'accuracy': 0.9648, 'f1': 0.96479, 'auc': 0.97023}
> Epoch 910: took 1.5s (avg 1.5s) | Best so far: epoch 406	train_loss: 0.1548 train_accuracy: 0.9767	val_loss: 0.1785 val_accuracy: 0.9686	test_loss: 0.1728 test_accuracy: 0.9699
train: {'epoch': 911, 'time_epoch': 1.10875, 'eta': 97.95407, 'eta_hours': 0.02721, 'loss': 0.13115928, 'lr': 9.377e-05, 'params': 202600, 'time_iter': 0.02772, 'accuracy': 0.97633, 'f1': 0.97632, 'auc': 0.97717}
val: {'epoch': 911, 'time_epoch': 0.18653, 'loss': 0.22524242, 'lr': 0, 'params': 202600, 'time_iter': 0.04663, 'accuracy': 0.9638, 'f1': 0.96378, 'auc': 0.96916}
test: {'epoch': 911, 'time_epoch': 0.06951, 'loss': 0.21362159, 'lr': 0, 'params': 202600, 'time_iter': 0.01738, 'accuracy': 0.9649, 'f1': 0.96489, 'auc': 0.97051}
> Epoch 911: took 1.6s (avg 1.5s) | Best so far: epoch 406	train_loss: 0.1548 train_accuracy: 0.9767	val_loss: 0.1785 val_accuracy: 0.9686	test_loss: 0.1728 test_accuracy: 0.9699
train: {'epoch': 912, 'time_epoch': 1.13841, 'eta': 96.84337, 'eta_hours': 0.0269, 'loss': 0.13081634, 'lr': 9.272e-05, 'params': 202600, 'time_iter': 0.02846, 'accuracy': 0.97644, 'f1': 0.97643, 'auc': 0.9774}
val: {'epoch': 912, 'time_epoch': 0.06849, 'loss': 0.22463956, 'lr': 0, 'params': 202600, 'time_iter': 0.01712, 'accuracy': 0.96273, 'f1': 0.96271, 'auc': 0.96918}
test: {'epoch': 912, 'time_epoch': 0.07051, 'loss': 0.21321502, 'lr': 0, 'params': 202600, 'time_iter': 0.01763, 'accuracy': 0.96389, 'f1': 0.96387, 'auc': 0.97057}
> Epoch 912: took 1.5s (avg 1.5s) | Best so far: epoch 406	train_loss: 0.1548 train_accuracy: 0.9767	val_loss: 0.1785 val_accuracy: 0.9686	test_loss: 0.1728 test_accuracy: 0.9699
train: {'epoch': 913, 'time_epoch': 1.08334, 'eta': 95.72742, 'eta_hours': 0.02659, 'loss': 0.1309937, 'lr': 9.167e-05, 'params': 202600, 'time_iter': 0.02708, 'accuracy': 0.97625, 'f1': 0.97624, 'auc': 0.97736}
val: {'epoch': 913, 'time_epoch': 0.071, 'loss': 0.22729049, 'lr': 0, 'params': 202600, 'time_iter': 0.01775, 'accuracy': 0.96201, 'f1': 0.96199, 'auc': 0.9696}
test: {'epoch': 913, 'time_epoch': 0.069, 'loss': 0.21625561, 'lr': 0, 'params': 202600, 'time_iter': 0.01725, 'accuracy': 0.96344, 'f1': 0.96342, 'auc': 0.97093}
> Epoch 913: took 1.5s (avg 1.5s) | Best so far: epoch 406	train_loss: 0.1548 train_accuracy: 0.9767	val_loss: 0.1785 val_accuracy: 0.9686	test_loss: 0.1728 test_accuracy: 0.9699
train: {'epoch': 914, 'time_epoch': 1.09437, 'eta': 94.61257, 'eta_hours': 0.02628, 'loss': 0.13063914, 'lr': 9.062e-05, 'params': 202600, 'time_iter': 0.02736, 'accuracy': 0.97629, 'f1': 0.97628, 'auc': 0.97748}
val: {'epoch': 914, 'time_epoch': 0.07196, 'loss': 0.22742833, 'lr': 0, 'params': 202600, 'time_iter': 0.01799, 'accuracy': 0.96358, 'f1': 0.96356, 'auc': 0.96927}
test: {'epoch': 914, 'time_epoch': 0.07151, 'loss': 0.21584987, 'lr': 0, 'params': 202600, 'time_iter': 0.01788, 'accuracy': 0.96515, 'f1': 0.96514, 'auc': 0.97061}
> Epoch 914: took 1.5s (avg 1.5s) | Best so far: epoch 406	train_loss: 0.1548 train_accuracy: 0.9767	val_loss: 0.1785 val_accuracy: 0.9686	test_loss: 0.1728 test_accuracy: 0.9699
train: {'epoch': 915, 'time_epoch': 1.11772, 'eta': 93.49991, 'eta_hours': 0.02597, 'loss': 0.13079156, 'lr': 8.956e-05, 'params': 202600, 'time_iter': 0.02794, 'accuracy': 0.97632, 'f1': 0.97631, 'auc': 0.97754}
val: {'epoch': 915, 'time_epoch': 0.06951, 'loss': 0.22516554, 'lr': 0, 'params': 202600, 'time_iter': 0.01738, 'accuracy': 0.96226, 'f1': 0.96224, 'auc': 0.96939}
test: {'epoch': 915, 'time_epoch': 0.06852, 'loss': 0.2140948, 'lr': 0, 'params': 202600, 'time_iter': 0.01713, 'accuracy': 0.96408, 'f1': 0.96406, 'auc': 0.97068}
> Epoch 915: took 1.5s (avg 1.5s) | Best so far: epoch 406	train_loss: 0.1548 train_accuracy: 0.9767	val_loss: 0.1785 val_accuracy: 0.9686	test_loss: 0.1728 test_accuracy: 0.9699
train: {'epoch': 916, 'time_epoch': 1.14212, 'eta': 92.38944, 'eta_hours': 0.02566, 'loss': 0.13091067, 'lr': 8.851e-05, 'params': 202600, 'time_iter': 0.02855, 'accuracy': 0.97638, 'f1': 0.97637, 'auc': 0.97742}
val: {'epoch': 916, 'time_epoch': 0.08351, 'loss': 0.22788967, 'lr': 0, 'params': 202600, 'time_iter': 0.02088, 'accuracy': 0.96229, 'f1': 0.96227, 'auc': 0.96949}
test: {'epoch': 916, 'time_epoch': 0.07232, 'loss': 0.2167321, 'lr': 0, 'params': 202600, 'time_iter': 0.01808, 'accuracy': 0.96376, 'f1': 0.96374, 'auc': 0.97086}
> Epoch 916: took 1.5s (avg 1.5s) | Best so far: epoch 406	train_loss: 0.1548 train_accuracy: 0.9767	val_loss: 0.1785 val_accuracy: 0.9686	test_loss: 0.1728 test_accuracy: 0.9699
train: {'epoch': 917, 'time_epoch': 1.12226, 'eta': 91.27713, 'eta_hours': 0.02535, 'loss': 0.13078435, 'lr': 8.746e-05, 'params': 202600, 'time_iter': 0.02806, 'accuracy': 0.97642, 'f1': 0.97641, 'auc': 0.97732}
val: {'epoch': 917, 'time_epoch': 0.071, 'loss': 0.22570388, 'lr': 0, 'params': 202600, 'time_iter': 0.01775, 'accuracy': 0.96355, 'f1': 0.96353, 'auc': 0.96927}
test: {'epoch': 917, 'time_epoch': 0.07, 'loss': 0.21564568, 'lr': 0, 'params': 202600, 'time_iter': 0.0175, 'accuracy': 0.96438, 'f1': 0.96436, 'auc': 0.97062}
> Epoch 917: took 1.5s (avg 1.5s) | Best so far: epoch 406	train_loss: 0.1548 train_accuracy: 0.9767	val_loss: 0.1785 val_accuracy: 0.9686	test_loss: 0.1728 test_accuracy: 0.9699
train: {'epoch': 918, 'time_epoch': 1.12725, 'eta': 90.16524, 'eta_hours': 0.02505, 'loss': 0.13078174, 'lr': 8.641e-05, 'params': 202600, 'time_iter': 0.02818, 'accuracy': 0.97633, 'f1': 0.97632, 'auc': 0.97747}
val: {'epoch': 918, 'time_epoch': 0.07165, 'loss': 0.22628725, 'lr': 0, 'params': 202600, 'time_iter': 0.01791, 'accuracy': 0.96356, 'f1': 0.96354, 'auc': 0.96918}
test: {'epoch': 918, 'time_epoch': 0.07, 'loss': 0.21546419, 'lr': 0, 'params': 202600, 'time_iter': 0.0175, 'accuracy': 0.96477, 'f1': 0.96476, 'auc': 0.97044}
> Epoch 918: took 1.5s (avg 1.5s) | Best so far: epoch 406	train_loss: 0.1548 train_accuracy: 0.9767	val_loss: 0.1785 val_accuracy: 0.9686	test_loss: 0.1728 test_accuracy: 0.9699
train: {'epoch': 919, 'time_epoch': 1.1632, 'eta': 89.05644, 'eta_hours': 0.02474, 'loss': 0.13107596, 'lr': 8.535e-05, 'params': 202600, 'time_iter': 0.02908, 'accuracy': 0.97619, 'f1': 0.97618, 'auc': 0.97726}
val: {'epoch': 919, 'time_epoch': 0.06997, 'loss': 0.22746322, 'lr': 0, 'params': 202600, 'time_iter': 0.01749, 'accuracy': 0.96351, 'f1': 0.96349, 'auc': 0.9694}
test: {'epoch': 919, 'time_epoch': 0.06751, 'loss': 0.21638486, 'lr': 0, 'params': 202600, 'time_iter': 0.01688, 'accuracy': 0.96481, 'f1': 0.9648, 'auc': 0.97068}
> Epoch 919: took 1.5s (avg 1.5s) | Best so far: epoch 406	train_loss: 0.1548 train_accuracy: 0.9767	val_loss: 0.1785 val_accuracy: 0.9686	test_loss: 0.1728 test_accuracy: 0.9699
train: {'epoch': 920, 'time_epoch': 1.09746, 'eta': 87.94188, 'eta_hours': 0.02443, 'loss': 0.13108111, 'lr': 8.43e-05, 'params': 202600, 'time_iter': 0.02744, 'accuracy': 0.97631, 'f1': 0.9763, 'auc': 0.97728}
val: {'epoch': 920, 'time_epoch': 0.07065, 'loss': 0.22628357, 'lr': 0, 'params': 202600, 'time_iter': 0.01766, 'accuracy': 0.96242, 'f1': 0.9624, 'auc': 0.96938}
test: {'epoch': 920, 'time_epoch': 0.068, 'loss': 0.21484898, 'lr': 0, 'params': 202600, 'time_iter': 0.017, 'accuracy': 0.96405, 'f1': 0.96403, 'auc': 0.97069}
> Epoch 920: took 1.5s (avg 1.5s) | Best so far: epoch 406	train_loss: 0.1548 train_accuracy: 0.9767	val_loss: 0.1785 val_accuracy: 0.9686	test_loss: 0.1728 test_accuracy: 0.9699
train: {'epoch': 921, 'time_epoch': 1.09384, 'eta': 86.82706, 'eta_hours': 0.02412, 'loss': 0.13130647, 'lr': 8.325e-05, 'params': 202600, 'time_iter': 0.02735, 'accuracy': 0.97622, 'f1': 0.97621, 'auc': 0.97728}
val: {'epoch': 921, 'time_epoch': 0.07102, 'loss': 0.22657521, 'lr': 0, 'params': 202600, 'time_iter': 0.01775, 'accuracy': 0.96224, 'f1': 0.96222, 'auc': 0.9694}
test: {'epoch': 921, 'time_epoch': 0.07051, 'loss': 0.21577478, 'lr': 0, 'params': 202600, 'time_iter': 0.01763, 'accuracy': 0.96404, 'f1': 0.96402, 'auc': 0.97056}
> Epoch 921: took 1.5s (avg 1.5s) | Best so far: epoch 406	train_loss: 0.1548 train_accuracy: 0.9767	val_loss: 0.1785 val_accuracy: 0.9686	test_loss: 0.1728 test_accuracy: 0.9699
train: {'epoch': 922, 'time_epoch': 1.2069, 'eta': 85.72171, 'eta_hours': 0.02381, 'loss': 0.13110329, 'lr': 8.22e-05, 'params': 202600, 'time_iter': 0.03017, 'accuracy': 0.97631, 'f1': 0.9763, 'auc': 0.97733}
val: {'epoch': 922, 'time_epoch': 0.07022, 'loss': 0.2265719, 'lr': 0, 'params': 202600, 'time_iter': 0.01756, 'accuracy': 0.96393, 'f1': 0.96391, 'auc': 0.96931}
test: {'epoch': 922, 'time_epoch': 0.06751, 'loss': 0.21546947, 'lr': 0, 'params': 202600, 'time_iter': 0.01688, 'accuracy': 0.96519, 'f1': 0.96517, 'auc': 0.97061}
> Epoch 922: took 1.6s (avg 1.5s) | Best so far: epoch 406	train_loss: 0.1548 train_accuracy: 0.9767	val_loss: 0.1785 val_accuracy: 0.9686	test_loss: 0.1728 test_accuracy: 0.9699
train: {'epoch': 923, 'time_epoch': 1.11512, 'eta': 84.60859, 'eta_hours': 0.0235, 'loss': 0.13080044, 'lr': 8.114e-05, 'params': 202600, 'time_iter': 0.02788, 'accuracy': 0.97634, 'f1': 0.97633, 'auc': 0.97733}
val: {'epoch': 923, 'time_epoch': 0.06951, 'loss': 0.22728085, 'lr': 0, 'params': 202600, 'time_iter': 0.01738, 'accuracy': 0.96287, 'f1': 0.96286, 'auc': 0.9695}
test: {'epoch': 923, 'time_epoch': 0.07002, 'loss': 0.21671831, 'lr': 0, 'params': 202600, 'time_iter': 0.01751, 'accuracy': 0.96392, 'f1': 0.9639, 'auc': 0.97079}
> Epoch 923: took 1.5s (avg 1.5s) | Best so far: epoch 406	train_loss: 0.1548 train_accuracy: 0.9767	val_loss: 0.1785 val_accuracy: 0.9686	test_loss: 0.1728 test_accuracy: 0.9699
train: {'epoch': 924, 'time_epoch': 1.1086, 'eta': 83.49494, 'eta_hours': 0.02319, 'loss': 0.1305805, 'lr': 8.009e-05, 'params': 202600, 'time_iter': 0.02771, 'accuracy': 0.97638, 'f1': 0.97637, 'auc': 0.97747}
val: {'epoch': 924, 'time_epoch': 0.06951, 'loss': 0.22587222, 'lr': 0, 'params': 202600, 'time_iter': 0.01738, 'accuracy': 0.96354, 'f1': 0.96352, 'auc': 0.96939}
test: {'epoch': 924, 'time_epoch': 0.068, 'loss': 0.21476244, 'lr': 0, 'params': 202600, 'time_iter': 0.017, 'accuracy': 0.9644, 'f1': 0.96438, 'auc': 0.97068}
> Epoch 924: took 1.5s (avg 1.5s) | Best so far: epoch 406	train_loss: 0.1548 train_accuracy: 0.9767	val_loss: 0.1785 val_accuracy: 0.9686	test_loss: 0.1728 test_accuracy: 0.9699
train: {'epoch': 925, 'time_epoch': 1.09317, 'eta': 82.38007, 'eta_hours': 0.02288, 'loss': 0.13081231, 'lr': 7.904e-05, 'params': 202600, 'time_iter': 0.02733, 'accuracy': 0.97621, 'f1': 0.9762, 'auc': 0.97752}
val: {'epoch': 925, 'time_epoch': 0.06751, 'loss': 0.22568315, 'lr': 0, 'params': 202600, 'time_iter': 0.01688, 'accuracy': 0.96398, 'f1': 0.96396, 'auc': 0.96931}
test: {'epoch': 925, 'time_epoch': 0.06751, 'loss': 0.21410589, 'lr': 0, 'params': 202600, 'time_iter': 0.01688, 'accuracy': 0.96497, 'f1': 0.96496, 'auc': 0.97058}
> Epoch 925: took 1.5s (avg 1.5s) | Best so far: epoch 406	train_loss: 0.1548 train_accuracy: 0.9767	val_loss: 0.1785 val_accuracy: 0.9686	test_loss: 0.1728 test_accuracy: 0.9699
train: {'epoch': 926, 'time_epoch': 1.05425, 'eta': 81.26218, 'eta_hours': 0.02257, 'loss': 0.13086496, 'lr': 7.799e-05, 'params': 202600, 'time_iter': 0.02636, 'accuracy': 0.97646, 'f1': 0.97644, 'auc': 0.97729}
val: {'epoch': 926, 'time_epoch': 0.07, 'loss': 0.2261418, 'lr': 0, 'params': 202600, 'time_iter': 0.0175, 'accuracy': 0.96368, 'f1': 0.96366, 'auc': 0.96897}
test: {'epoch': 926, 'time_epoch': 0.06751, 'loss': 0.21498708, 'lr': 0, 'params': 202600, 'time_iter': 0.01688, 'accuracy': 0.96512, 'f1': 0.96511, 'auc': 0.97029}
> Epoch 926: took 1.4s (avg 1.5s) | Best so far: epoch 406	train_loss: 0.1548 train_accuracy: 0.9767	val_loss: 0.1785 val_accuracy: 0.9686	test_loss: 0.1728 test_accuracy: 0.9699
train: {'epoch': 927, 'time_epoch': 1.09612, 'eta': 80.14768, 'eta_hours': 0.02226, 'loss': 0.13124717, 'lr': 7.693e-05, 'params': 202600, 'time_iter': 0.0274, 'accuracy': 0.97631, 'f1': 0.9763, 'auc': 0.97732}
val: {'epoch': 927, 'time_epoch': 0.06851, 'loss': 0.22903178, 'lr': 0, 'params': 202600, 'time_iter': 0.01713, 'accuracy': 0.96405, 'f1': 0.96403, 'auc': 0.9696}
test: {'epoch': 927, 'time_epoch': 0.06851, 'loss': 0.21714505, 'lr': 0, 'params': 202600, 'time_iter': 0.01713, 'accuracy': 0.96514, 'f1': 0.96513, 'auc': 0.97087}
> Epoch 927: took 1.5s (avg 1.5s) | Best so far: epoch 406	train_loss: 0.1548 train_accuracy: 0.9767	val_loss: 0.1785 val_accuracy: 0.9686	test_loss: 0.1728 test_accuracy: 0.9699
train: {'epoch': 928, 'time_epoch': 1.08676, 'eta': 79.0325, 'eta_hours': 0.02195, 'loss': 0.13062607, 'lr': 7.588e-05, 'params': 202600, 'time_iter': 0.02717, 'accuracy': 0.9763, 'f1': 0.97628, 'auc': 0.97746}
val: {'epoch': 928, 'time_epoch': 0.06901, 'loss': 0.22471896, 'lr': 0, 'params': 202600, 'time_iter': 0.01725, 'accuracy': 0.96409, 'f1': 0.96407, 'auc': 0.96905}
test: {'epoch': 928, 'time_epoch': 0.069, 'loss': 0.21363024, 'lr': 0, 'params': 202600, 'time_iter': 0.01725, 'accuracy': 0.96555, 'f1': 0.96553, 'auc': 0.97039}
> Epoch 928: took 1.5s (avg 1.5s) | Best so far: epoch 406	train_loss: 0.1548 train_accuracy: 0.9767	val_loss: 0.1785 val_accuracy: 0.9686	test_loss: 0.1728 test_accuracy: 0.9699
train: {'epoch': 929, 'time_epoch': 1.08408, 'eta': 77.91718, 'eta_hours': 0.02164, 'loss': 0.13052801, 'lr': 7.483e-05, 'params': 202600, 'time_iter': 0.0271, 'accuracy': 0.97621, 'f1': 0.9762, 'auc': 0.97751}
val: {'epoch': 929, 'time_epoch': 0.06951, 'loss': 0.22947659, 'lr': 0, 'params': 202600, 'time_iter': 0.01738, 'accuracy': 0.96298, 'f1': 0.96297, 'auc': 0.9697}
test: {'epoch': 929, 'time_epoch': 0.06851, 'loss': 0.21795086, 'lr': 0, 'params': 202600, 'time_iter': 0.01713, 'accuracy': 0.96367, 'f1': 0.96365, 'auc': 0.97101}
> Epoch 929: took 1.5s (avg 1.5s) | Best so far: epoch 406	train_loss: 0.1548 train_accuracy: 0.9767	val_loss: 0.1785 val_accuracy: 0.9686	test_loss: 0.1728 test_accuracy: 0.9699
train: {'epoch': 930, 'time_epoch': 1.10937, 'eta': 76.8038, 'eta_hours': 0.02133, 'loss': 0.13056869, 'lr': 7.378e-05, 'params': 202600, 'time_iter': 0.02773, 'accuracy': 0.97638, 'f1': 0.97637, 'auc': 0.97759}
val: {'epoch': 930, 'time_epoch': 0.07051, 'loss': 0.2278161, 'lr': 0, 'params': 202600, 'time_iter': 0.01763, 'accuracy': 0.96298, 'f1': 0.96297, 'auc': 0.96936}
test: {'epoch': 930, 'time_epoch': 0.07051, 'loss': 0.2161441, 'lr': 0, 'params': 202600, 'time_iter': 0.01763, 'accuracy': 0.96417, 'f1': 0.96415, 'auc': 0.97069}
> Epoch 930: took 1.5s (avg 1.5s) | Best so far: epoch 406	train_loss: 0.1548 train_accuracy: 0.9767	val_loss: 0.1785 val_accuracy: 0.9686	test_loss: 0.1728 test_accuracy: 0.9699
train: {'epoch': 931, 'time_epoch': 1.08938, 'eta': 75.68897, 'eta_hours': 0.02102, 'loss': 0.13047545, 'lr': 7.272e-05, 'params': 202600, 'time_iter': 0.02723, 'accuracy': 0.97633, 'f1': 0.97631, 'auc': 0.97758}
val: {'epoch': 931, 'time_epoch': 0.07, 'loss': 0.22687136, 'lr': 0, 'params': 202600, 'time_iter': 0.0175, 'accuracy': 0.96299, 'f1': 0.96298, 'auc': 0.9693}
test: {'epoch': 931, 'time_epoch': 0.068, 'loss': 0.21553312, 'lr': 0, 'params': 202600, 'time_iter': 0.017, 'accuracy': 0.96399, 'f1': 0.96397, 'auc': 0.97064}
> Epoch 931: took 1.5s (avg 1.5s) | Best so far: epoch 406	train_loss: 0.1548 train_accuracy: 0.9767	val_loss: 0.1785 val_accuracy: 0.9686	test_loss: 0.1728 test_accuracy: 0.9699
train: {'epoch': 932, 'time_epoch': 1.08867, 'eta': 74.57414, 'eta_hours': 0.02072, 'loss': 0.13064389, 'lr': 7.167e-05, 'params': 202600, 'time_iter': 0.02722, 'accuracy': 0.9762, 'f1': 0.97619, 'auc': 0.97759}
val: {'epoch': 932, 'time_epoch': 0.06833, 'loss': 0.22910091, 'lr': 0, 'params': 202600, 'time_iter': 0.01708, 'accuracy': 0.96334, 'f1': 0.96333, 'auc': 0.96949}
test: {'epoch': 932, 'time_epoch': 0.06851, 'loss': 0.21765301, 'lr': 0, 'params': 202600, 'time_iter': 0.01713, 'accuracy': 0.96415, 'f1': 0.96413, 'auc': 0.97076}
> Epoch 932: took 1.5s (avg 1.5s) | Best so far: epoch 406	train_loss: 0.1548 train_accuracy: 0.9767	val_loss: 0.1785 val_accuracy: 0.9686	test_loss: 0.1728 test_accuracy: 0.9699
train: {'epoch': 933, 'time_epoch': 1.0831, 'eta': 73.45898, 'eta_hours': 0.02041, 'loss': 0.13093665, 'lr': 7.062e-05, 'params': 202600, 'time_iter': 0.02708, 'accuracy': 0.97631, 'f1': 0.9763, 'auc': 0.97739}
val: {'epoch': 933, 'time_epoch': 0.06851, 'loss': 0.22916273, 'lr': 0, 'params': 202600, 'time_iter': 0.01713, 'accuracy': 0.96324, 'f1': 0.96323, 'auc': 0.96964}
test: {'epoch': 933, 'time_epoch': 0.07051, 'loss': 0.2175897, 'lr': 0, 'params': 202600, 'time_iter': 0.01763, 'accuracy': 0.96457, 'f1': 0.96456, 'auc': 0.97094}
> Epoch 933: took 1.5s (avg 1.5s) | Best so far: epoch 406	train_loss: 0.1548 train_accuracy: 0.9767	val_loss: 0.1785 val_accuracy: 0.9686	test_loss: 0.1728 test_accuracy: 0.9699
train: {'epoch': 934, 'time_epoch': 1.10458, 'eta': 72.34538, 'eta_hours': 0.0201, 'loss': 0.13047087, 'lr': 6.957e-05, 'params': 202600, 'time_iter': 0.02761, 'accuracy': 0.97647, 'f1': 0.97646, 'auc': 0.97767}
val: {'epoch': 934, 'time_epoch': 0.071, 'loss': 0.22550725, 'lr': 0, 'params': 202600, 'time_iter': 0.01775, 'accuracy': 0.96305, 'f1': 0.96304, 'auc': 0.96914}
test: {'epoch': 934, 'time_epoch': 0.07, 'loss': 0.21429041, 'lr': 0, 'params': 202600, 'time_iter': 0.0175, 'accuracy': 0.96418, 'f1': 0.96416, 'auc': 0.97039}
> Epoch 934: took 1.5s (avg 1.5s) | Best so far: epoch 406	train_loss: 0.1548 train_accuracy: 0.9767	val_loss: 0.1785 val_accuracy: 0.9686	test_loss: 0.1728 test_accuracy: 0.9699
train: {'epoch': 935, 'time_epoch': 1.10662, 'eta': 71.23194, 'eta_hours': 0.01979, 'loss': 0.1308145, 'lr': 6.851e-05, 'params': 202600, 'time_iter': 0.02767, 'accuracy': 0.97631, 'f1': 0.97629, 'auc': 0.97749}
val: {'epoch': 935, 'time_epoch': 0.07, 'loss': 0.22666461, 'lr': 0, 'params': 202600, 'time_iter': 0.0175, 'accuracy': 0.96385, 'f1': 0.96383, 'auc': 0.96939}
test: {'epoch': 935, 'time_epoch': 0.07051, 'loss': 0.21519834, 'lr': 0, 'params': 202600, 'time_iter': 0.01763, 'accuracy': 0.96532, 'f1': 0.9653, 'auc': 0.97064}
> Epoch 935: took 1.5s (avg 1.5s) | Best so far: epoch 406	train_loss: 0.1548 train_accuracy: 0.9767	val_loss: 0.1785 val_accuracy: 0.9686	test_loss: 0.1728 test_accuracy: 0.9699
train: {'epoch': 936, 'time_epoch': 1.10255, 'eta': 70.11823, 'eta_hours': 0.01948, 'loss': 0.13005535, 'lr': 6.746e-05, 'params': 202600, 'time_iter': 0.02756, 'accuracy': 0.97642, 'f1': 0.97641, 'auc': 0.97762}
val: {'epoch': 936, 'time_epoch': 0.06951, 'loss': 0.23030164, 'lr': 0, 'params': 202600, 'time_iter': 0.01738, 'accuracy': 0.96209, 'f1': 0.96207, 'auc': 0.96948}
test: {'epoch': 936, 'time_epoch': 0.07051, 'loss': 0.21869861, 'lr': 0, 'params': 202600, 'time_iter': 0.01763, 'accuracy': 0.96355, 'f1': 0.96353, 'auc': 0.97072}
> Epoch 936: took 1.5s (avg 1.5s) | Best so far: epoch 406	train_loss: 0.1548 train_accuracy: 0.9767	val_loss: 0.1785 val_accuracy: 0.9686	test_loss: 0.1728 test_accuracy: 0.9699
train: {'epoch': 937, 'time_epoch': 1.13561, 'eta': 69.00674, 'eta_hours': 0.01917, 'loss': 0.13031955, 'lr': 6.641e-05, 'params': 202600, 'time_iter': 0.02839, 'accuracy': 0.9764, 'f1': 0.97639, 'auc': 0.97767}
val: {'epoch': 937, 'time_epoch': 0.06951, 'loss': 0.22964103, 'lr': 0, 'params': 202600, 'time_iter': 0.01738, 'accuracy': 0.96349, 'f1': 0.96347, 'auc': 0.96954}
test: {'epoch': 937, 'time_epoch': 0.06951, 'loss': 0.21755824, 'lr': 0, 'params': 202600, 'time_iter': 0.01738, 'accuracy': 0.9647, 'f1': 0.96469, 'auc': 0.97077}
> Epoch 937: took 1.5s (avg 1.5s) | Best so far: epoch 406	train_loss: 0.1548 train_accuracy: 0.9767	val_loss: 0.1785 val_accuracy: 0.9686	test_loss: 0.1728 test_accuracy: 0.9699
train: {'epoch': 938, 'time_epoch': 1.11222, 'eta': 67.89368, 'eta_hours': 0.01886, 'loss': 0.13052555, 'lr': 6.536e-05, 'params': 202600, 'time_iter': 0.02781, 'accuracy': 0.97628, 'f1': 0.97627, 'auc': 0.97756}
val: {'epoch': 938, 'time_epoch': 0.07151, 'loss': 0.22762899, 'lr': 0, 'params': 202600, 'time_iter': 0.01788, 'accuracy': 0.96344, 'f1': 0.96343, 'auc': 0.96927}
test: {'epoch': 938, 'time_epoch': 0.06831, 'loss': 0.21579453, 'lr': 0, 'params': 202600, 'time_iter': 0.01708, 'accuracy': 0.96454, 'f1': 0.96453, 'auc': 0.97048}
> Epoch 938: took 1.5s (avg 1.5s) | Best so far: epoch 406	train_loss: 0.1548 train_accuracy: 0.9767	val_loss: 0.1785 val_accuracy: 0.9686	test_loss: 0.1728 test_accuracy: 0.9699
train: {'epoch': 939, 'time_epoch': 1.12074, 'eta': 66.78116, 'eta_hours': 0.01855, 'loss': 0.13042916, 'lr': 6.43e-05, 'params': 202600, 'time_iter': 0.02802, 'accuracy': 0.97639, 'f1': 0.97638, 'auc': 0.97754}
val: {'epoch': 939, 'time_epoch': 0.07051, 'loss': 0.22894194, 'lr': 0, 'params': 202600, 'time_iter': 0.01763, 'accuracy': 0.96355, 'f1': 0.96353, 'auc': 0.96952}
test: {'epoch': 939, 'time_epoch': 0.07222, 'loss': 0.21730377, 'lr': 0, 'params': 202600, 'time_iter': 0.01806, 'accuracy': 0.96433, 'f1': 0.96432, 'auc': 0.97067}
> Epoch 939: took 1.5s (avg 1.5s) | Best so far: epoch 406	train_loss: 0.1548 train_accuracy: 0.9767	val_loss: 0.1785 val_accuracy: 0.9686	test_loss: 0.1728 test_accuracy: 0.9699
train: {'epoch': 940, 'time_epoch': 1.10451, 'eta': 65.66761, 'eta_hours': 0.01824, 'loss': 0.13021188, 'lr': 6.325e-05, 'params': 202600, 'time_iter': 0.02761, 'accuracy': 0.97632, 'f1': 0.97631, 'auc': 0.97769}
val: {'epoch': 940, 'time_epoch': 0.07051, 'loss': 0.22928222, 'lr': 0, 'params': 202600, 'time_iter': 0.01763, 'accuracy': 0.96362, 'f1': 0.9636, 'auc': 0.96974}
test: {'epoch': 940, 'time_epoch': 0.06851, 'loss': 0.2174374, 'lr': 0, 'params': 202600, 'time_iter': 0.01713, 'accuracy': 0.96441, 'f1': 0.96439, 'auc': 0.97091}
> Epoch 940: took 1.5s (avg 1.5s) | Best so far: epoch 406	train_loss: 0.1548 train_accuracy: 0.9767	val_loss: 0.1785 val_accuracy: 0.9686	test_loss: 0.1728 test_accuracy: 0.9699
train: {'epoch': 941, 'time_epoch': 1.15032, 'eta': 64.55689, 'eta_hours': 0.01793, 'loss': 0.12985743, 'lr': 6.22e-05, 'params': 202600, 'time_iter': 0.02876, 'accuracy': 0.97636, 'f1': 0.97635, 'auc': 0.97779}
val: {'epoch': 941, 'time_epoch': 0.06951, 'loss': 0.23130204, 'lr': 0, 'params': 202600, 'time_iter': 0.01738, 'accuracy': 0.96242, 'f1': 0.9624, 'auc': 0.96995}
test: {'epoch': 941, 'time_epoch': 0.06951, 'loss': 0.21927202, 'lr': 0, 'params': 202600, 'time_iter': 0.01738, 'accuracy': 0.96403, 'f1': 0.96401, 'auc': 0.97117}
> Epoch 941: took 1.5s (avg 1.5s) | Best so far: epoch 406	train_loss: 0.1548 train_accuracy: 0.9767	val_loss: 0.1785 val_accuracy: 0.9686	test_loss: 0.1728 test_accuracy: 0.9699
train: {'epoch': 942, 'time_epoch': 1.22098, 'eta': 63.45037, 'eta_hours': 0.01763, 'loss': 0.12987418, 'lr': 6.115e-05, 'params': 202600, 'time_iter': 0.03052, 'accuracy': 0.97637, 'f1': 0.97635, 'auc': 0.97783}
val: {'epoch': 942, 'time_epoch': 0.07051, 'loss': 0.22784327, 'lr': 0, 'params': 202600, 'time_iter': 0.01763, 'accuracy': 0.96363, 'f1': 0.96361, 'auc': 0.96945}
test: {'epoch': 942, 'time_epoch': 0.06851, 'loss': 0.21639227, 'lr': 0, 'params': 202600, 'time_iter': 0.01713, 'accuracy': 0.9646, 'f1': 0.96459, 'auc': 0.97072}
> Epoch 942: took 1.6s (avg 1.5s) | Best so far: epoch 406	train_loss: 0.1548 train_accuracy: 0.9767	val_loss: 0.1785 val_accuracy: 0.9686	test_loss: 0.1728 test_accuracy: 0.9699
train: {'epoch': 943, 'time_epoch': 1.11675, 'eta': 62.33742, 'eta_hours': 0.01732, 'loss': 0.13018914, 'lr': 6.009e-05, 'params': 202600, 'time_iter': 0.02792, 'accuracy': 0.97635, 'f1': 0.97634, 'auc': 0.97769}
val: {'epoch': 943, 'time_epoch': 0.07051, 'loss': 0.22666442, 'lr': 0, 'params': 202600, 'time_iter': 0.01763, 'accuracy': 0.96311, 'f1': 0.9631, 'auc': 0.96932}
test: {'epoch': 943, 'time_epoch': 0.06851, 'loss': 0.21530312, 'lr': 0, 'params': 202600, 'time_iter': 0.01713, 'accuracy': 0.96443, 'f1': 0.96442, 'auc': 0.97055}
> Epoch 943: took 1.5s (avg 1.5s) | Best so far: epoch 406	train_loss: 0.1548 train_accuracy: 0.9767	val_loss: 0.1785 val_accuracy: 0.9686	test_loss: 0.1728 test_accuracy: 0.9699
train: {'epoch': 944, 'time_epoch': 1.14287, 'eta': 61.22598, 'eta_hours': 0.01701, 'loss': 0.13027995, 'lr': 5.904e-05, 'params': 202600, 'time_iter': 0.02857, 'accuracy': 0.97623, 'f1': 0.97622, 'auc': 0.97762}
val: {'epoch': 944, 'time_epoch': 0.06951, 'loss': 0.22851128, 'lr': 0, 'params': 202600, 'time_iter': 0.01738, 'accuracy': 0.96293, 'f1': 0.96292, 'auc': 0.96952}
test: {'epoch': 944, 'time_epoch': 0.07018, 'loss': 0.21703675, 'lr': 0, 'params': 202600, 'time_iter': 0.01754, 'accuracy': 0.96391, 'f1': 0.96389, 'auc': 0.9708}
> Epoch 944: took 1.5s (avg 1.5s) | Best so far: epoch 406	train_loss: 0.1548 train_accuracy: 0.9767	val_loss: 0.1785 val_accuracy: 0.9686	test_loss: 0.1728 test_accuracy: 0.9699
train: {'epoch': 945, 'time_epoch': 1.105, 'eta': 60.11231, 'eta_hours': 0.0167, 'loss': 0.13058062, 'lr': 5.799e-05, 'params': 202600, 'time_iter': 0.02762, 'accuracy': 0.97635, 'f1': 0.97634, 'auc': 0.97769}
val: {'epoch': 945, 'time_epoch': 0.07051, 'loss': 0.22681744, 'lr': 0, 'params': 202600, 'time_iter': 0.01763, 'accuracy': 0.96215, 'f1': 0.96213, 'auc': 0.96933}
test: {'epoch': 945, 'time_epoch': 0.06751, 'loss': 0.2155964, 'lr': 0, 'params': 202600, 'time_iter': 0.01688, 'accuracy': 0.96358, 'f1': 0.96356, 'auc': 0.97062}
> Epoch 945: took 1.5s (avg 1.5s) | Best so far: epoch 406	train_loss: 0.1548 train_accuracy: 0.9767	val_loss: 0.1785 val_accuracy: 0.9686	test_loss: 0.1728 test_accuracy: 0.9699
train: {'epoch': 946, 'time_epoch': 1.0972, 'eta': 58.99822, 'eta_hours': 0.01639, 'loss': 0.13057851, 'lr': 5.694e-05, 'params': 202600, 'time_iter': 0.02743, 'accuracy': 0.97634, 'f1': 0.97633, 'auc': 0.9776}
val: {'epoch': 946, 'time_epoch': 0.071, 'loss': 0.22678411, 'lr': 0, 'params': 202600, 'time_iter': 0.01775, 'accuracy': 0.96322, 'f1': 0.96321, 'auc': 0.96936}
test: {'epoch': 946, 'time_epoch': 0.069, 'loss': 0.21510027, 'lr': 0, 'params': 202600, 'time_iter': 0.01725, 'accuracy': 0.96431, 'f1': 0.96429, 'auc': 0.97067}
> Epoch 946: took 1.5s (avg 1.5s) | Best so far: epoch 406	train_loss: 0.1548 train_accuracy: 0.9767	val_loss: 0.1785 val_accuracy: 0.9686	test_loss: 0.1728 test_accuracy: 0.9699
train: {'epoch': 947, 'time_epoch': 1.11976, 'eta': 57.88541, 'eta_hours': 0.01608, 'loss': 0.13055456, 'lr': 5.588e-05, 'params': 202600, 'time_iter': 0.02799, 'accuracy': 0.97639, 'f1': 0.97638, 'auc': 0.97747}
val: {'epoch': 947, 'time_epoch': 0.076, 'loss': 0.22932278, 'lr': 0, 'params': 202600, 'time_iter': 0.019, 'accuracy': 0.96275, 'f1': 0.96274, 'auc': 0.96957}
test: {'epoch': 947, 'time_epoch': 0.073, 'loss': 0.2170707, 'lr': 0, 'params': 202600, 'time_iter': 0.01825, 'accuracy': 0.96418, 'f1': 0.96417, 'auc': 0.97079}
> Epoch 947: took 1.5s (avg 1.5s) | Best so far: epoch 406	train_loss: 0.1548 train_accuracy: 0.9767	val_loss: 0.1785 val_accuracy: 0.9686	test_loss: 0.1728 test_accuracy: 0.9699
train: {'epoch': 948, 'time_epoch': 1.12133, 'eta': 56.77267, 'eta_hours': 0.01577, 'loss': 0.13054394, 'lr': 5.483e-05, 'params': 202600, 'time_iter': 0.02803, 'accuracy': 0.97621, 'f1': 0.9762, 'auc': 0.97764}
val: {'epoch': 948, 'time_epoch': 0.07, 'loss': 0.22743636, 'lr': 0, 'params': 202600, 'time_iter': 0.0175, 'accuracy': 0.96346, 'f1': 0.96345, 'auc': 0.96959}
test: {'epoch': 948, 'time_epoch': 0.071, 'loss': 0.21544099, 'lr': 0, 'params': 202600, 'time_iter': 0.01775, 'accuracy': 0.96478, 'f1': 0.96477, 'auc': 0.97079}
> Epoch 948: took 1.5s (avg 1.5s) | Best so far: epoch 406	train_loss: 0.1548 train_accuracy: 0.9767	val_loss: 0.1785 val_accuracy: 0.9686	test_loss: 0.1728 test_accuracy: 0.9699
train: {'epoch': 949, 'time_epoch': 1.09427, 'eta': 55.65848, 'eta_hours': 0.01546, 'loss': 0.13057232, 'lr': 5.378e-05, 'params': 202600, 'time_iter': 0.02736, 'accuracy': 0.97625, 'f1': 0.97624, 'auc': 0.97765}
val: {'epoch': 949, 'time_epoch': 0.06951, 'loss': 0.22876051, 'lr': 0, 'params': 202600, 'time_iter': 0.01738, 'accuracy': 0.96333, 'f1': 0.96332, 'auc': 0.96953}
test: {'epoch': 949, 'time_epoch': 0.06851, 'loss': 0.21659319, 'lr': 0, 'params': 202600, 'time_iter': 0.01713, 'accuracy': 0.96458, 'f1': 0.96457, 'auc': 0.97069}
> Epoch 949: took 1.5s (avg 1.5s) | Best so far: epoch 406	train_loss: 0.1548 train_accuracy: 0.9767	val_loss: 0.1785 val_accuracy: 0.9686	test_loss: 0.1728 test_accuracy: 0.9699
train: {'epoch': 950, 'time_epoch': 1.07678, 'eta': 54.54344, 'eta_hours': 0.01515, 'loss': 0.12994882, 'lr': 5.273e-05, 'params': 202600, 'time_iter': 0.02692, 'accuracy': 0.97642, 'f1': 0.9764, 'auc': 0.9777}
val: {'epoch': 950, 'time_epoch': 0.069, 'loss': 0.23061136, 'lr': 0, 'params': 202600, 'time_iter': 0.01725, 'accuracy': 0.96256, 'f1': 0.96254, 'auc': 0.96994}
test: {'epoch': 950, 'time_epoch': 0.06951, 'loss': 0.2181537, 'lr': 0, 'params': 202600, 'time_iter': 0.01738, 'accuracy': 0.9636, 'f1': 0.96358, 'auc': 0.97118}
> Epoch 950: took 1.4s (avg 1.5s) | Best so far: epoch 406	train_loss: 0.1548 train_accuracy: 0.9767	val_loss: 0.1785 val_accuracy: 0.9686	test_loss: 0.1728 test_accuracy: 0.9699
train: {'epoch': 951, 'time_epoch': 1.07614, 'eta': 53.42844, 'eta_hours': 0.01484, 'loss': 0.1301014, 'lr': 5.167e-05, 'params': 202600, 'time_iter': 0.0269, 'accuracy': 0.97643, 'f1': 0.97642, 'auc': 0.97782}
val: {'epoch': 951, 'time_epoch': 0.07302, 'loss': 0.22715397, 'lr': 0, 'params': 202600, 'time_iter': 0.01826, 'accuracy': 0.96332, 'f1': 0.96331, 'auc': 0.96956}
test: {'epoch': 951, 'time_epoch': 0.06951, 'loss': 0.21542421, 'lr': 0, 'params': 202600, 'time_iter': 0.01738, 'accuracy': 0.96427, 'f1': 0.96426, 'auc': 0.97079}
> Epoch 951: took 1.5s (avg 1.5s) | Best so far: epoch 406	train_loss: 0.1548 train_accuracy: 0.9767	val_loss: 0.1785 val_accuracy: 0.9686	test_loss: 0.1728 test_accuracy: 0.9699
train: {'epoch': 952, 'time_epoch': 1.10398, 'eta': 52.3149, 'eta_hours': 0.01453, 'loss': 0.13020901, 'lr': 5.062e-05, 'params': 202600, 'time_iter': 0.0276, 'accuracy': 0.97621, 'f1': 0.9762, 'auc': 0.97768}
val: {'epoch': 952, 'time_epoch': 0.06951, 'loss': 0.23030785, 'lr': 0, 'params': 202600, 'time_iter': 0.01738, 'accuracy': 0.96284, 'f1': 0.96282, 'auc': 0.96975}
test: {'epoch': 952, 'time_epoch': 0.06951, 'loss': 0.2183158, 'lr': 0, 'params': 202600, 'time_iter': 0.01738, 'accuracy': 0.964, 'f1': 0.96398, 'auc': 0.97099}
> Epoch 952: took 1.5s (avg 1.5s) | Best so far: epoch 406	train_loss: 0.1548 train_accuracy: 0.9767	val_loss: 0.1785 val_accuracy: 0.9686	test_loss: 0.1728 test_accuracy: 0.9699
train: {'epoch': 953, 'time_epoch': 1.21674, 'eta': 51.20681, 'eta_hours': 0.01422, 'loss': 0.1298711, 'lr': 4.957e-05, 'params': 202600, 'time_iter': 0.03042, 'accuracy': 0.97644, 'f1': 0.97642, 'auc': 0.97795}
val: {'epoch': 953, 'time_epoch': 0.07051, 'loss': 0.22750364, 'lr': 0, 'params': 202600, 'time_iter': 0.01763, 'accuracy': 0.96279, 'f1': 0.96277, 'auc': 0.96949}
test: {'epoch': 953, 'time_epoch': 0.07221, 'loss': 0.21546931, 'lr': 0, 'params': 202600, 'time_iter': 0.01805, 'accuracy': 0.9638, 'f1': 0.96378, 'auc': 0.97076}
> Epoch 953: took 1.6s (avg 1.5s) | Best so far: epoch 406	train_loss: 0.1548 train_accuracy: 0.9767	val_loss: 0.1785 val_accuracy: 0.9686	test_loss: 0.1728 test_accuracy: 0.9699
train: {'epoch': 954, 'time_epoch': 1.10002, 'eta': 50.093, 'eta_hours': 0.01391, 'loss': 0.13044701, 'lr': 4.852e-05, 'params': 202600, 'time_iter': 0.0275, 'accuracy': 0.9762, 'f1': 0.97618, 'auc': 0.97748}
val: {'epoch': 954, 'time_epoch': 0.069, 'loss': 0.22731823, 'lr': 0, 'params': 202600, 'time_iter': 0.01725, 'accuracy': 0.96338, 'f1': 0.96337, 'auc': 0.96951}
test: {'epoch': 954, 'time_epoch': 0.0685, 'loss': 0.21566743, 'lr': 0, 'params': 202600, 'time_iter': 0.01713, 'accuracy': 0.96447, 'f1': 0.96446, 'auc': 0.97074}
> Epoch 954: took 1.5s (avg 1.5s) | Best so far: epoch 406	train_loss: 0.1548 train_accuracy: 0.9767	val_loss: 0.1785 val_accuracy: 0.9686	test_loss: 0.1728 test_accuracy: 0.9699
train: {'epoch': 955, 'time_epoch': 1.11077, 'eta': 48.97971, 'eta_hours': 0.01361, 'loss': 0.13003826, 'lr': 4.746e-05, 'params': 202600, 'time_iter': 0.02777, 'accuracy': 0.97625, 'f1': 0.97623, 'auc': 0.97772}
val: {'epoch': 955, 'time_epoch': 0.07052, 'loss': 0.23073234, 'lr': 0, 'params': 202600, 'time_iter': 0.01763, 'accuracy': 0.96313, 'f1': 0.96312, 'auc': 0.96974}
test: {'epoch': 955, 'time_epoch': 0.06951, 'loss': 0.21854051, 'lr': 0, 'params': 202600, 'time_iter': 0.01738, 'accuracy': 0.96449, 'f1': 0.96448, 'auc': 0.97096}
> Epoch 955: took 1.5s (avg 1.5s) | Best so far: epoch 406	train_loss: 0.1548 train_accuracy: 0.9767	val_loss: 0.1785 val_accuracy: 0.9686	test_loss: 0.1728 test_accuracy: 0.9699
train: {'epoch': 956, 'time_epoch': 1.10046, 'eta': 47.86597, 'eta_hours': 0.0133, 'loss': 0.13031384, 'lr': 4.641e-05, 'params': 202600, 'time_iter': 0.02751, 'accuracy': 0.97634, 'f1': 0.97633, 'auc': 0.97777}
val: {'epoch': 956, 'time_epoch': 0.07151, 'loss': 0.22661874, 'lr': 0, 'params': 202600, 'time_iter': 0.01788, 'accuracy': 0.9635, 'f1': 0.96348, 'auc': 0.96944}
test: {'epoch': 956, 'time_epoch': 0.06851, 'loss': 0.215081, 'lr': 0, 'params': 202600, 'time_iter': 0.01713, 'accuracy': 0.96459, 'f1': 0.96458, 'auc': 0.97072}
> Epoch 956: took 1.5s (avg 1.5s) | Best so far: epoch 406	train_loss: 0.1548 train_accuracy: 0.9767	val_loss: 0.1785 val_accuracy: 0.9686	test_loss: 0.1728 test_accuracy: 0.9699
train: {'epoch': 957, 'time_epoch': 1.08871, 'eta': 46.75173, 'eta_hours': 0.01299, 'loss': 0.12965295, 'lr': 4.536e-05, 'params': 202600, 'time_iter': 0.02722, 'accuracy': 0.97651, 'f1': 0.9765, 'auc': 0.97786}
val: {'epoch': 957, 'time_epoch': 0.068, 'loss': 0.22950799, 'lr': 0, 'params': 202600, 'time_iter': 0.017, 'accuracy': 0.96313, 'f1': 0.96312, 'auc': 0.96965}
test: {'epoch': 957, 'time_epoch': 0.068, 'loss': 0.21790753, 'lr': 0, 'params': 202600, 'time_iter': 0.017, 'accuracy': 0.9644, 'f1': 0.96439, 'auc': 0.97092}
> Epoch 957: took 1.5s (avg 1.5s) | Best so far: epoch 406	train_loss: 0.1548 train_accuracy: 0.9767	val_loss: 0.1785 val_accuracy: 0.9686	test_loss: 0.1728 test_accuracy: 0.9699
train: {'epoch': 958, 'time_epoch': 1.06206, 'eta': 45.63641, 'eta_hours': 0.01268, 'loss': 0.13004049, 'lr': 4.431e-05, 'params': 202600, 'time_iter': 0.02655, 'accuracy': 0.97638, 'f1': 0.97637, 'auc': 0.97792}
val: {'epoch': 958, 'time_epoch': 0.06951, 'loss': 0.23007361, 'lr': 0, 'params': 202600, 'time_iter': 0.01738, 'accuracy': 0.9629, 'f1': 0.96289, 'auc': 0.96985}
test: {'epoch': 958, 'time_epoch': 0.09951, 'loss': 0.21809261, 'lr': 0, 'params': 202600, 'time_iter': 0.02488, 'accuracy': 0.96412, 'f1': 0.9641, 'auc': 0.9711}
> Epoch 958: took 1.5s (avg 1.5s) | Best so far: epoch 406	train_loss: 0.1548 train_accuracy: 0.9767	val_loss: 0.1785 val_accuracy: 0.9686	test_loss: 0.1728 test_accuracy: 0.9699
train: {'epoch': 959, 'time_epoch': 1.12304, 'eta': 44.52374, 'eta_hours': 0.01237, 'loss': 0.13005996, 'lr': 4.325e-05, 'params': 202600, 'time_iter': 0.02808, 'accuracy': 0.97624, 'f1': 0.97623, 'auc': 0.97766}
val: {'epoch': 959, 'time_epoch': 0.06951, 'loss': 0.23037055, 'lr': 0, 'params': 202600, 'time_iter': 0.01738, 'accuracy': 0.96234, 'f1': 0.96232, 'auc': 0.96983}
test: {'epoch': 959, 'time_epoch': 0.07409, 'loss': 0.21896504, 'lr': 0, 'params': 202600, 'time_iter': 0.01852, 'accuracy': 0.96371, 'f1': 0.96369, 'auc': 0.97103}
> Epoch 959: took 1.5s (avg 1.5s) | Best so far: epoch 406	train_loss: 0.1548 train_accuracy: 0.9767	val_loss: 0.1785 val_accuracy: 0.9686	test_loss: 0.1728 test_accuracy: 0.9699
train: {'epoch': 960, 'time_epoch': 1.19167, 'eta': 43.41384, 'eta_hours': 0.01206, 'loss': 0.12995954, 'lr': 4.22e-05, 'params': 202600, 'time_iter': 0.02979, 'accuracy': 0.97629, 'f1': 0.97628, 'auc': 0.97796}
val: {'epoch': 960, 'time_epoch': 0.07, 'loss': 0.22957743, 'lr': 0, 'params': 202600, 'time_iter': 0.0175, 'accuracy': 0.96335, 'f1': 0.96334, 'auc': 0.96972}
test: {'epoch': 960, 'time_epoch': 0.067, 'loss': 0.21782442, 'lr': 0, 'params': 202600, 'time_iter': 0.01675, 'accuracy': 0.96469, 'f1': 0.96468, 'auc': 0.97092}
> Epoch 960: took 1.6s (avg 1.5s) | Best so far: epoch 406	train_loss: 0.1548 train_accuracy: 0.9767	val_loss: 0.1785 val_accuracy: 0.9686	test_loss: 0.1728 test_accuracy: 0.9699
train: {'epoch': 961, 'time_epoch': 1.11002, 'eta': 42.30054, 'eta_hours': 0.01175, 'loss': 0.13009823, 'lr': 4.115e-05, 'params': 202600, 'time_iter': 0.02775, 'accuracy': 0.97644, 'f1': 0.97643, 'auc': 0.97782}
val: {'epoch': 961, 'time_epoch': 0.07, 'loss': 0.22833507, 'lr': 0, 'params': 202600, 'time_iter': 0.0175, 'accuracy': 0.9631, 'f1': 0.96309, 'auc': 0.96968}
test: {'epoch': 961, 'time_epoch': 0.07151, 'loss': 0.21660046, 'lr': 0, 'params': 202600, 'time_iter': 0.01788, 'accuracy': 0.96405, 'f1': 0.96403, 'auc': 0.97089}
> Epoch 961: took 1.5s (avg 1.5s) | Best so far: epoch 406	train_loss: 0.1548 train_accuracy: 0.9767	val_loss: 0.1785 val_accuracy: 0.9686	test_loss: 0.1728 test_accuracy: 0.9699
train: {'epoch': 962, 'time_epoch': 1.13372, 'eta': 41.18816, 'eta_hours': 0.01144, 'loss': 0.12957655, 'lr': 4.01e-05, 'params': 202600, 'time_iter': 0.02834, 'accuracy': 0.97636, 'f1': 0.97635, 'auc': 0.97793}
val: {'epoch': 962, 'time_epoch': 0.06764, 'loss': 0.22776415, 'lr': 0, 'params': 202600, 'time_iter': 0.01691, 'accuracy': 0.96351, 'f1': 0.96349, 'auc': 0.96952}
test: {'epoch': 962, 'time_epoch': 0.0685, 'loss': 0.21607058, 'lr': 0, 'params': 202600, 'time_iter': 0.01713, 'accuracy': 0.96465, 'f1': 0.96464, 'auc': 0.97072}
> Epoch 962: took 1.5s (avg 1.5s) | Best so far: epoch 406	train_loss: 0.1548 train_accuracy: 0.9767	val_loss: 0.1785 val_accuracy: 0.9686	test_loss: 0.1728 test_accuracy: 0.9699
train: {'epoch': 963, 'time_epoch': 1.10028, 'eta': 40.07448, 'eta_hours': 0.01113, 'loss': 0.12998194, 'lr': 3.904e-05, 'params': 202600, 'time_iter': 0.02751, 'accuracy': 0.97623, 'f1': 0.97621, 'auc': 0.97786}
val: {'epoch': 963, 'time_epoch': 0.07051, 'loss': 0.22868529, 'lr': 0, 'params': 202600, 'time_iter': 0.01763, 'accuracy': 0.9633, 'f1': 0.96329, 'auc': 0.96964}
test: {'epoch': 963, 'time_epoch': 0.06951, 'loss': 0.21706386, 'lr': 0, 'params': 202600, 'time_iter': 0.01738, 'accuracy': 0.96436, 'f1': 0.96435, 'auc': 0.97082}
> Epoch 963: took 1.5s (avg 1.5s) | Best so far: epoch 406	train_loss: 0.1548 train_accuracy: 0.9767	val_loss: 0.1785 val_accuracy: 0.9686	test_loss: 0.1728 test_accuracy: 0.9699
train: {'epoch': 964, 'time_epoch': 1.10301, 'eta': 38.96093, 'eta_hours': 0.01082, 'loss': 0.13038729, 'lr': 3.799e-05, 'params': 202600, 'time_iter': 0.02758, 'accuracy': 0.97637, 'f1': 0.97635, 'auc': 0.9778}
val: {'epoch': 964, 'time_epoch': 0.07002, 'loss': 0.22667486, 'lr': 0, 'params': 202600, 'time_iter': 0.0175, 'accuracy': 0.96289, 'f1': 0.96288, 'auc': 0.96951}
test: {'epoch': 964, 'time_epoch': 0.06851, 'loss': 0.21542804, 'lr': 0, 'params': 202600, 'time_iter': 0.01713, 'accuracy': 0.96401, 'f1': 0.96399, 'auc': 0.97073}
> Epoch 964: took 1.5s (avg 1.5s) | Best so far: epoch 406	train_loss: 0.1548 train_accuracy: 0.9767	val_loss: 0.1785 val_accuracy: 0.9686	test_loss: 0.1728 test_accuracy: 0.9699
train: {'epoch': 965, 'time_epoch': 1.10678, 'eta': 37.84754, 'eta_hours': 0.01051, 'loss': 0.12975446, 'lr': 3.694e-05, 'params': 202600, 'time_iter': 0.02767, 'accuracy': 0.97634, 'f1': 0.97633, 'auc': 0.97787}
val: {'epoch': 965, 'time_epoch': 0.07201, 'loss': 0.22926559, 'lr': 0, 'params': 202600, 'time_iter': 0.018, 'accuracy': 0.96327, 'f1': 0.96326, 'auc': 0.96957}
test: {'epoch': 965, 'time_epoch': 0.071, 'loss': 0.2178674, 'lr': 0, 'params': 202600, 'time_iter': 0.01775, 'accuracy': 0.96437, 'f1': 0.96436, 'auc': 0.9708}
> Epoch 965: took 1.5s (avg 1.5s) | Best so far: epoch 406	train_loss: 0.1548 train_accuracy: 0.9767	val_loss: 0.1785 val_accuracy: 0.9686	test_loss: 0.1728 test_accuracy: 0.9699
train: {'epoch': 966, 'time_epoch': 1.12437, 'eta': 36.73476, 'eta_hours': 0.0102, 'loss': 0.12986943, 'lr': 3.589e-05, 'params': 202600, 'time_iter': 0.02811, 'accuracy': 0.97638, 'f1': 0.97636, 'auc': 0.97794}
val: {'epoch': 966, 'time_epoch': 0.07001, 'loss': 0.22817846, 'lr': 0, 'params': 202600, 'time_iter': 0.0175, 'accuracy': 0.96334, 'f1': 0.96333, 'auc': 0.96943}
test: {'epoch': 966, 'time_epoch': 0.067, 'loss': 0.21667696, 'lr': 0, 'params': 202600, 'time_iter': 0.01675, 'accuracy': 0.96455, 'f1': 0.96454, 'auc': 0.97069}
> Epoch 966: took 1.5s (avg 1.5s) | Best so far: epoch 406	train_loss: 0.1548 train_accuracy: 0.9767	val_loss: 0.1785 val_accuracy: 0.9686	test_loss: 0.1728 test_accuracy: 0.9699
train: {'epoch': 967, 'time_epoch': 1.10829, 'eta': 35.62142, 'eta_hours': 0.00989, 'loss': 0.12984925, 'lr': 3.483e-05, 'params': 202600, 'time_iter': 0.02771, 'accuracy': 0.97634, 'f1': 0.97633, 'auc': 0.97785}
val: {'epoch': 967, 'time_epoch': 0.07026, 'loss': 0.22866437, 'lr': 0, 'params': 202600, 'time_iter': 0.01756, 'accuracy': 0.9632, 'f1': 0.96319, 'auc': 0.9695}
test: {'epoch': 967, 'time_epoch': 0.06909, 'loss': 0.21690919, 'lr': 0, 'params': 202600, 'time_iter': 0.01727, 'accuracy': 0.96438, 'f1': 0.96437, 'auc': 0.97079}
> Epoch 967: took 1.5s (avg 1.5s) | Best so far: epoch 406	train_loss: 0.1548 train_accuracy: 0.9767	val_loss: 0.1785 val_accuracy: 0.9686	test_loss: 0.1728 test_accuracy: 0.9699
train: {'epoch': 968, 'time_epoch': 1.11647, 'eta': 34.50836, 'eta_hours': 0.00959, 'loss': 0.12995447, 'lr': 3.378e-05, 'params': 202600, 'time_iter': 0.02791, 'accuracy': 0.97642, 'f1': 0.97641, 'auc': 0.97785}
val: {'epoch': 968, 'time_epoch': 0.07051, 'loss': 0.2277117, 'lr': 0, 'params': 202600, 'time_iter': 0.01763, 'accuracy': 0.96318, 'f1': 0.96317, 'auc': 0.96947}
test: {'epoch': 968, 'time_epoch': 0.06951, 'loss': 0.21629435, 'lr': 0, 'params': 202600, 'time_iter': 0.01738, 'accuracy': 0.96457, 'f1': 0.96456, 'auc': 0.97074}
> Epoch 968: took 1.5s (avg 1.5s) | Best so far: epoch 406	train_loss: 0.1548 train_accuracy: 0.9767	val_loss: 0.1785 val_accuracy: 0.9686	test_loss: 0.1728 test_accuracy: 0.9699
train: {'epoch': 969, 'time_epoch': 1.14413, 'eta': 33.39614, 'eta_hours': 0.00928, 'loss': 0.12993377, 'lr': 3.273e-05, 'params': 202600, 'time_iter': 0.0286, 'accuracy': 0.97631, 'f1': 0.9763, 'auc': 0.97794}
val: {'epoch': 969, 'time_epoch': 0.06751, 'loss': 0.22991123, 'lr': 0, 'params': 202600, 'time_iter': 0.01688, 'accuracy': 0.96248, 'f1': 0.96246, 'auc': 0.96974}
test: {'epoch': 969, 'time_epoch': 0.06851, 'loss': 0.21790306, 'lr': 0, 'params': 202600, 'time_iter': 0.01713, 'accuracy': 0.96407, 'f1': 0.96405, 'auc': 0.971}
> Epoch 969: took 1.5s (avg 1.5s) | Best so far: epoch 406	train_loss: 0.1548 train_accuracy: 0.9767	val_loss: 0.1785 val_accuracy: 0.9686	test_loss: 0.1728 test_accuracy: 0.9699
train: {'epoch': 970, 'time_epoch': 1.10722, 'eta': 32.28276, 'eta_hours': 0.00897, 'loss': 0.12957424, 'lr': 3.168e-05, 'params': 202600, 'time_iter': 0.02768, 'accuracy': 0.97632, 'f1': 0.97631, 'auc': 0.97798}
val: {'epoch': 970, 'time_epoch': 0.07051, 'loss': 0.22831592, 'lr': 0, 'params': 202600, 'time_iter': 0.01763, 'accuracy': 0.96354, 'f1': 0.96352, 'auc': 0.96939}
test: {'epoch': 970, 'time_epoch': 0.06851, 'loss': 0.21653846, 'lr': 0, 'params': 202600, 'time_iter': 0.01713, 'accuracy': 0.96474, 'f1': 0.96473, 'auc': 0.97069}
> Epoch 970: took 1.5s (avg 1.5s) | Best so far: epoch 406	train_loss: 0.1548 train_accuracy: 0.9767	val_loss: 0.1785 val_accuracy: 0.9686	test_loss: 0.1728 test_accuracy: 0.9699
train: {'epoch': 971, 'time_epoch': 1.11803, 'eta': 31.1697, 'eta_hours': 0.00866, 'loss': 0.1302273, 'lr': 3.062e-05, 'params': 202600, 'time_iter': 0.02795, 'accuracy': 0.97621, 'f1': 0.9762, 'auc': 0.97779}
val: {'epoch': 971, 'time_epoch': 0.07051, 'loss': 0.2273179, 'lr': 0, 'params': 202600, 'time_iter': 0.01763, 'accuracy': 0.96387, 'f1': 0.96385, 'auc': 0.96922}
test: {'epoch': 971, 'time_epoch': 0.07051, 'loss': 0.21556313, 'lr': 0, 'params': 202600, 'time_iter': 0.01763, 'accuracy': 0.96502, 'f1': 0.96501, 'auc': 0.97052}
> Epoch 971: took 1.5s (avg 1.5s) | Best so far: epoch 406	train_loss: 0.1548 train_accuracy: 0.9767	val_loss: 0.1785 val_accuracy: 0.9686	test_loss: 0.1728 test_accuracy: 0.9699
train: {'epoch': 972, 'time_epoch': 1.10412, 'eta': 30.05624, 'eta_hours': 0.00835, 'loss': 0.1295211, 'lr': 2.957e-05, 'params': 202600, 'time_iter': 0.0276, 'accuracy': 0.97638, 'f1': 0.97637, 'auc': 0.97784}
val: {'epoch': 972, 'time_epoch': 0.07, 'loss': 0.22874021, 'lr': 0, 'params': 202600, 'time_iter': 0.0175, 'accuracy': 0.96364, 'f1': 0.96362, 'auc': 0.96938}
test: {'epoch': 972, 'time_epoch': 0.072, 'loss': 0.2169528, 'lr': 0, 'params': 202600, 'time_iter': 0.018, 'accuracy': 0.96468, 'f1': 0.96467, 'auc': 0.97068}
> Epoch 972: took 1.5s (avg 1.5s) | Best so far: epoch 406	train_loss: 0.1548 train_accuracy: 0.9767	val_loss: 0.1785 val_accuracy: 0.9686	test_loss: 0.1728 test_accuracy: 0.9699
train: {'epoch': 973, 'time_epoch': 1.22358, 'eta': 28.946, 'eta_hours': 0.00804, 'loss': 0.13028155, 'lr': 2.852e-05, 'params': 202600, 'time_iter': 0.03059, 'accuracy': 0.97635, 'f1': 0.97634, 'auc': 0.97768}
val: {'epoch': 973, 'time_epoch': 0.06851, 'loss': 0.22930055, 'lr': 0, 'params': 202600, 'time_iter': 0.01713, 'accuracy': 0.96324, 'f1': 0.96323, 'auc': 0.96963}
test: {'epoch': 973, 'time_epoch': 0.069, 'loss': 0.21777958, 'lr': 0, 'params': 202600, 'time_iter': 0.01725, 'accuracy': 0.96455, 'f1': 0.96454, 'auc': 0.97092}
> Epoch 973: took 1.6s (avg 1.5s) | Best so far: epoch 406	train_loss: 0.1548 train_accuracy: 0.9767	val_loss: 0.1785 val_accuracy: 0.9686	test_loss: 0.1728 test_accuracy: 0.9699
train: {'epoch': 974, 'time_epoch': 1.10427, 'eta': 27.83246, 'eta_hours': 0.00773, 'loss': 0.12987344, 'lr': 2.747e-05, 'params': 202600, 'time_iter': 0.02761, 'accuracy': 0.97636, 'f1': 0.97635, 'auc': 0.97783}
val: {'epoch': 974, 'time_epoch': 0.06951, 'loss': 0.2291168, 'lr': 0, 'params': 202600, 'time_iter': 0.01738, 'accuracy': 0.96365, 'f1': 0.96363, 'auc': 0.96964}
test: {'epoch': 974, 'time_epoch': 0.06902, 'loss': 0.21758796, 'lr': 0, 'params': 202600, 'time_iter': 0.01725, 'accuracy': 0.96486, 'f1': 0.96485, 'auc': 0.97091}
> Epoch 974: took 1.5s (avg 1.5s) | Best so far: epoch 406	train_loss: 0.1548 train_accuracy: 0.9767	val_loss: 0.1785 val_accuracy: 0.9686	test_loss: 0.1728 test_accuracy: 0.9699
train: {'epoch': 975, 'time_epoch': 1.10077, 'eta': 26.71885, 'eta_hours': 0.00742, 'loss': 0.12968185, 'lr': 2.641e-05, 'params': 202600, 'time_iter': 0.02752, 'accuracy': 0.97645, 'f1': 0.97644, 'auc': 0.97795}
val: {'epoch': 975, 'time_epoch': 0.07051, 'loss': 0.2290231, 'lr': 0, 'params': 202600, 'time_iter': 0.01763, 'accuracy': 0.96367, 'f1': 0.96365, 'auc': 0.96943}
test: {'epoch': 975, 'time_epoch': 0.06851, 'loss': 0.21772377, 'lr': 0, 'params': 202600, 'time_iter': 0.01713, 'accuracy': 0.96527, 'f1': 0.96525, 'auc': 0.97067}
> Epoch 975: took 1.5s (avg 1.5s) | Best so far: epoch 406	train_loss: 0.1548 train_accuracy: 0.9767	val_loss: 0.1785 val_accuracy: 0.9686	test_loss: 0.1728 test_accuracy: 0.9699
train: {'epoch': 976, 'time_epoch': 1.09421, 'eta': 25.60512, 'eta_hours': 0.00711, 'loss': 0.12984616, 'lr': 2.536e-05, 'params': 202600, 'time_iter': 0.02736, 'accuracy': 0.97628, 'f1': 0.97627, 'auc': 0.97771}
val: {'epoch': 976, 'time_epoch': 0.068, 'loss': 0.22885505, 'lr': 0, 'params': 202600, 'time_iter': 0.017, 'accuracy': 0.96342, 'f1': 0.96341, 'auc': 0.96961}
test: {'epoch': 976, 'time_epoch': 0.06851, 'loss': 0.21723338, 'lr': 0, 'params': 202600, 'time_iter': 0.01713, 'accuracy': 0.96487, 'f1': 0.96486, 'auc': 0.97087}
> Epoch 976: took 1.5s (avg 1.5s) | Best so far: epoch 406	train_loss: 0.1548 train_accuracy: 0.9767	val_loss: 0.1785 val_accuracy: 0.9686	test_loss: 0.1728 test_accuracy: 0.9699
train: {'epoch': 977, 'time_epoch': 1.07658, 'eta': 24.49103, 'eta_hours': 0.0068, 'loss': 0.12987752, 'lr': 2.431e-05, 'params': 202600, 'time_iter': 0.02691, 'accuracy': 0.97634, 'f1': 0.97633, 'auc': 0.97794}
val: {'epoch': 977, 'time_epoch': 0.07051, 'loss': 0.22876631, 'lr': 0, 'params': 202600, 'time_iter': 0.01763, 'accuracy': 0.96374, 'f1': 0.96372, 'auc': 0.96939}
test: {'epoch': 977, 'time_epoch': 0.06851, 'loss': 0.21725476, 'lr': 0, 'params': 202600, 'time_iter': 0.01713, 'accuracy': 0.96506, 'f1': 0.96505, 'auc': 0.97064}
> Epoch 977: took 1.5s (avg 1.5s) | Best so far: epoch 406	train_loss: 0.1548 train_accuracy: 0.9767	val_loss: 0.1785 val_accuracy: 0.9686	test_loss: 0.1728 test_accuracy: 0.9699
train: {'epoch': 978, 'time_epoch': 1.10902, 'eta': 23.37771, 'eta_hours': 0.00649, 'loss': 0.12931975, 'lr': 2.326e-05, 'params': 202600, 'time_iter': 0.02773, 'accuracy': 0.97639, 'f1': 0.97638, 'auc': 0.97786}
val: {'epoch': 978, 'time_epoch': 0.07351, 'loss': 0.22998161, 'lr': 0, 'params': 202600, 'time_iter': 0.01838, 'accuracy': 0.96382, 'f1': 0.9638, 'auc': 0.96949}
test: {'epoch': 978, 'time_epoch': 0.06951, 'loss': 0.21816905, 'lr': 0, 'params': 202600, 'time_iter': 0.01738, 'accuracy': 0.9653, 'f1': 0.96528, 'auc': 0.97076}
> Epoch 978: took 1.5s (avg 1.5s) | Best so far: epoch 406	train_loss: 0.1548 train_accuracy: 0.9767	val_loss: 0.1785 val_accuracy: 0.9686	test_loss: 0.1728 test_accuracy: 0.9699
train: {'epoch': 979, 'time_epoch': 1.09781, 'eta': 22.26417, 'eta_hours': 0.00618, 'loss': 0.1294696, 'lr': 2.22e-05, 'params': 202600, 'time_iter': 0.02745, 'accuracy': 0.97647, 'f1': 0.97646, 'auc': 0.97792}
val: {'epoch': 979, 'time_epoch': 0.069, 'loss': 0.22948018, 'lr': 0, 'params': 202600, 'time_iter': 0.01725, 'accuracy': 0.96327, 'f1': 0.96326, 'auc': 0.96966}
test: {'epoch': 979, 'time_epoch': 0.071, 'loss': 0.21787376, 'lr': 0, 'params': 202600, 'time_iter': 0.01775, 'accuracy': 0.96459, 'f1': 0.96458, 'auc': 0.97094}
> Epoch 979: took 1.5s (avg 1.5s) | Best so far: epoch 406	train_loss: 0.1548 train_accuracy: 0.9767	val_loss: 0.1785 val_accuracy: 0.9686	test_loss: 0.1728 test_accuracy: 0.9699
train: {'epoch': 980, 'time_epoch': 1.12691, 'eta': 21.15122, 'eta_hours': 0.00588, 'loss': 0.12980195, 'lr': 2.115e-05, 'params': 202600, 'time_iter': 0.02817, 'accuracy': 0.97631, 'f1': 0.9763, 'auc': 0.97807}
val: {'epoch': 980, 'time_epoch': 0.06951, 'loss': 0.22986998, 'lr': 0, 'params': 202600, 'time_iter': 0.01738, 'accuracy': 0.9636, 'f1': 0.96358, 'auc': 0.96961}
test: {'epoch': 980, 'time_epoch': 0.069, 'loss': 0.21825186, 'lr': 0, 'params': 202600, 'time_iter': 0.01725, 'accuracy': 0.96504, 'f1': 0.96503, 'auc': 0.97085}
> Epoch 980: took 1.5s (avg 1.5s) | Best so far: epoch 406	train_loss: 0.1548 train_accuracy: 0.9767	val_loss: 0.1785 val_accuracy: 0.9686	test_loss: 0.1728 test_accuracy: 0.9699
train: {'epoch': 981, 'time_epoch': 1.07487, 'eta': 20.0373, 'eta_hours': 0.00557, 'loss': 0.12957003, 'lr': 2.01e-05, 'params': 202600, 'time_iter': 0.02687, 'accuracy': 0.97629, 'f1': 0.97628, 'auc': 0.97793}
val: {'epoch': 981, 'time_epoch': 0.06826, 'loss': 0.22956319, 'lr': 0, 'params': 202600, 'time_iter': 0.01707, 'accuracy': 0.96346, 'f1': 0.96345, 'auc': 0.96956}
test: {'epoch': 981, 'time_epoch': 0.06951, 'loss': 0.21795477, 'lr': 0, 'params': 202600, 'time_iter': 0.01738, 'accuracy': 0.9646, 'f1': 0.96459, 'auc': 0.9708}
> Epoch 981: took 1.4s (avg 1.5s) | Best so far: epoch 406	train_loss: 0.1548 train_accuracy: 0.9767	val_loss: 0.1785 val_accuracy: 0.9686	test_loss: 0.1728 test_accuracy: 0.9699
train: {'epoch': 982, 'time_epoch': 1.06317, 'eta': 18.92325, 'eta_hours': 0.00526, 'loss': 0.12963062, 'lr': 1.905e-05, 'params': 202600, 'time_iter': 0.02658, 'accuracy': 0.9763, 'f1': 0.97628, 'auc': 0.97787}
val: {'epoch': 982, 'time_epoch': 0.0695, 'loss': 0.22981901, 'lr': 0, 'params': 202600, 'time_iter': 0.01738, 'accuracy': 0.96373, 'f1': 0.96371, 'auc': 0.96956}
test: {'epoch': 982, 'time_epoch': 0.06851, 'loss': 0.21809838, 'lr': 0, 'params': 202600, 'time_iter': 0.01713, 'accuracy': 0.96513, 'f1': 0.96512, 'auc': 0.97083}
> Epoch 982: took 1.4s (avg 1.5s) | Best so far: epoch 406	train_loss: 0.1548 train_accuracy: 0.9767	val_loss: 0.1785 val_accuracy: 0.9686	test_loss: 0.1728 test_accuracy: 0.9699
train: {'epoch': 983, 'time_epoch': 1.11669, 'eta': 17.81018, 'eta_hours': 0.00495, 'loss': 0.12948375, 'lr': 1.799e-05, 'params': 202600, 'time_iter': 0.02792, 'accuracy': 0.97629, 'f1': 0.97628, 'auc': 0.97788}
val: {'epoch': 983, 'time_epoch': 0.09751, 'loss': 0.22955254, 'lr': 0, 'params': 202600, 'time_iter': 0.02438, 'accuracy': 0.96312, 'f1': 0.96311, 'auc': 0.96941}
test: {'epoch': 983, 'time_epoch': 0.0695, 'loss': 0.21778412, 'lr': 0, 'params': 202600, 'time_iter': 0.01738, 'accuracy': 0.96486, 'f1': 0.96485, 'auc': 0.97069}
> Epoch 983: took 1.5s (avg 1.5s) | Best so far: epoch 406	train_loss: 0.1548 train_accuracy: 0.9767	val_loss: 0.1785 val_accuracy: 0.9686	test_loss: 0.1728 test_accuracy: 0.9699
train: {'epoch': 984, 'time_epoch': 1.21311, 'eta': 16.69856, 'eta_hours': 0.00464, 'loss': 0.12974502, 'lr': 1.694e-05, 'params': 202600, 'time_iter': 0.03033, 'accuracy': 0.97636, 'f1': 0.97635, 'auc': 0.97796}
val: {'epoch': 984, 'time_epoch': 0.06951, 'loss': 0.23046169, 'lr': 0, 'params': 202600, 'time_iter': 0.01738, 'accuracy': 0.96357, 'f1': 0.96355, 'auc': 0.96962}
test: {'epoch': 984, 'time_epoch': 0.06851, 'loss': 0.21866989, 'lr': 0, 'params': 202600, 'time_iter': 0.01713, 'accuracy': 0.96491, 'f1': 0.9649, 'auc': 0.97089}
> Epoch 984: took 1.6s (avg 1.5s) | Best so far: epoch 406	train_loss: 0.1548 train_accuracy: 0.9767	val_loss: 0.1785 val_accuracy: 0.9686	test_loss: 0.1728 test_accuracy: 0.9699
train: {'epoch': 985, 'time_epoch': 1.08388, 'eta': 15.58491, 'eta_hours': 0.00433, 'loss': 0.129427, 'lr': 1.589e-05, 'params': 202600, 'time_iter': 0.0271, 'accuracy': 0.97631, 'f1': 0.9763, 'auc': 0.97808}
val: {'epoch': 985, 'time_epoch': 0.06951, 'loss': 0.22956707, 'lr': 0, 'params': 202600, 'time_iter': 0.01738, 'accuracy': 0.96313, 'f1': 0.96312, 'auc': 0.96952}
test: {'epoch': 985, 'time_epoch': 0.06851, 'loss': 0.21787838, 'lr': 0, 'params': 202600, 'time_iter': 0.01713, 'accuracy': 0.96486, 'f1': 0.96485, 'auc': 0.97081}
> Epoch 985: took 1.5s (avg 1.5s) | Best so far: epoch 406	train_loss: 0.1548 train_accuracy: 0.9767	val_loss: 0.1785 val_accuracy: 0.9686	test_loss: 0.1728 test_accuracy: 0.9699
train: {'epoch': 986, 'time_epoch': 1.09049, 'eta': 14.4714, 'eta_hours': 0.00402, 'loss': 0.12938475, 'lr': 1.484e-05, 'params': 202600, 'time_iter': 0.02726, 'accuracy': 0.97629, 'f1': 0.97628, 'auc': 0.97803}
val: {'epoch': 986, 'time_epoch': 0.071, 'loss': 0.23034595, 'lr': 0, 'params': 202600, 'time_iter': 0.01775, 'accuracy': 0.96322, 'f1': 0.96321, 'auc': 0.96959}
test: {'epoch': 986, 'time_epoch': 0.06851, 'loss': 0.21862502, 'lr': 0, 'params': 202600, 'time_iter': 0.01713, 'accuracy': 0.96464, 'f1': 0.96463, 'auc': 0.97087}
> Epoch 986: took 1.5s (avg 1.5s) | Best so far: epoch 406	train_loss: 0.1548 train_accuracy: 0.9767	val_loss: 0.1785 val_accuracy: 0.9686	test_loss: 0.1728 test_accuracy: 0.9699
train: {'epoch': 987, 'time_epoch': 1.13212, 'eta': 13.35845, 'eta_hours': 0.00371, 'loss': 0.12989078, 'lr': 1.378e-05, 'params': 202600, 'time_iter': 0.0283, 'accuracy': 0.97628, 'f1': 0.97627, 'auc': 0.97794}
val: {'epoch': 987, 'time_epoch': 0.07, 'loss': 0.22899693, 'lr': 0, 'params': 202600, 'time_iter': 0.0175, 'accuracy': 0.96356, 'f1': 0.96354, 'auc': 0.96947}
test: {'epoch': 987, 'time_epoch': 0.0695, 'loss': 0.21736149, 'lr': 0, 'params': 202600, 'time_iter': 0.01738, 'accuracy': 0.9649, 'f1': 0.96489, 'auc': 0.97073}
> Epoch 987: took 1.5s (avg 1.5s) | Best so far: epoch 406	train_loss: 0.1548 train_accuracy: 0.9767	val_loss: 0.1785 val_accuracy: 0.9686	test_loss: 0.1728 test_accuracy: 0.9699
train: {'epoch': 988, 'time_epoch': 1.17359, 'eta': 12.24591, 'eta_hours': 0.0034, 'loss': 0.1295053, 'lr': 1.273e-05, 'params': 202600, 'time_iter': 0.02934, 'accuracy': 0.97631, 'f1': 0.9763, 'auc': 0.97782}
val: {'epoch': 988, 'time_epoch': 0.07051, 'loss': 0.23034893, 'lr': 0, 'params': 202600, 'time_iter': 0.01763, 'accuracy': 0.96297, 'f1': 0.96296, 'auc': 0.96967}
test: {'epoch': 988, 'time_epoch': 0.06952, 'loss': 0.21869957, 'lr': 0, 'params': 202600, 'time_iter': 0.01738, 'accuracy': 0.96436, 'f1': 0.96435, 'auc': 0.97092}
> Epoch 988: took 1.5s (avg 1.5s) | Best so far: epoch 406	train_loss: 0.1548 train_accuracy: 0.9767	val_loss: 0.1785 val_accuracy: 0.9686	test_loss: 0.1728 test_accuracy: 0.9699
train: {'epoch': 989, 'time_epoch': 1.11676, 'eta': 11.13268, 'eta_hours': 0.00309, 'loss': 0.12930168, 'lr': 1.168e-05, 'params': 202600, 'time_iter': 0.02792, 'accuracy': 0.9764, 'f1': 0.97639, 'auc': 0.97813}
val: {'epoch': 989, 'time_epoch': 0.07052, 'loss': 0.22975216, 'lr': 0, 'params': 202600, 'time_iter': 0.01763, 'accuracy': 0.9634, 'f1': 0.96339, 'auc': 0.96958}
test: {'epoch': 989, 'time_epoch': 0.069, 'loss': 0.21820905, 'lr': 0, 'params': 202600, 'time_iter': 0.01725, 'accuracy': 0.96445, 'f1': 0.96444, 'auc': 0.97082}
> Epoch 989: took 1.5s (avg 1.5s) | Best so far: epoch 406	train_loss: 0.1548 train_accuracy: 0.9767	val_loss: 0.1785 val_accuracy: 0.9686	test_loss: 0.1728 test_accuracy: 0.9699
train: {'epoch': 990, 'time_epoch': 1.10611, 'eta': 10.01935, 'eta_hours': 0.00278, 'loss': 0.12928028, 'lr': 1.063e-05, 'params': 202600, 'time_iter': 0.02765, 'accuracy': 0.97631, 'f1': 0.9763, 'auc': 0.97803}
val: {'epoch': 990, 'time_epoch': 0.09802, 'loss': 0.23028773, 'lr': 0, 'params': 202600, 'time_iter': 0.0245, 'accuracy': 0.9629, 'f1': 0.96289, 'auc': 0.96966}
test: {'epoch': 990, 'time_epoch': 0.06901, 'loss': 0.21868385, 'lr': 0, 'params': 202600, 'time_iter': 0.01725, 'accuracy': 0.96399, 'f1': 0.96397, 'auc': 0.97091}
> Epoch 990: took 1.5s (avg 1.5s) | Best so far: epoch 406	train_loss: 0.1548 train_accuracy: 0.9767	val_loss: 0.1785 val_accuracy: 0.9686	test_loss: 0.1728 test_accuracy: 0.9699
train: {'epoch': 991, 'time_epoch': 1.11162, 'eta': 8.90608, 'eta_hours': 0.00247, 'loss': 0.1294768, 'lr': 9.57e-06, 'params': 202600, 'time_iter': 0.02779, 'accuracy': 0.9764, 'f1': 0.97638, 'auc': 0.9779}
val: {'epoch': 991, 'time_epoch': 0.06951, 'loss': 0.22992336, 'lr': 0, 'params': 202600, 'time_iter': 0.01738, 'accuracy': 0.96338, 'f1': 0.96337, 'auc': 0.96962}
test: {'epoch': 991, 'time_epoch': 0.06851, 'loss': 0.21830962, 'lr': 0, 'params': 202600, 'time_iter': 0.01713, 'accuracy': 0.96444, 'f1': 0.96443, 'auc': 0.97087}
> Epoch 991: took 1.5s (avg 1.5s) | Best so far: epoch 406	train_loss: 0.1548 train_accuracy: 0.9767	val_loss: 0.1785 val_accuracy: 0.9686	test_loss: 0.1728 test_accuracy: 0.9699
train: {'epoch': 992, 'time_epoch': 1.1171, 'eta': 7.79284, 'eta_hours': 0.00216, 'loss': 0.12963124, 'lr': 8.52e-06, 'params': 202600, 'time_iter': 0.02793, 'accuracy': 0.97639, 'f1': 0.97638, 'auc': 0.97795}
val: {'epoch': 992, 'time_epoch': 0.07854, 'loss': 0.22983923, 'lr': 0, 'params': 202600, 'time_iter': 0.01963, 'accuracy': 0.9632, 'f1': 0.96319, 'auc': 0.96967}
test: {'epoch': 992, 'time_epoch': 0.07251, 'loss': 0.21821824, 'lr': 0, 'params': 202600, 'time_iter': 0.01813, 'accuracy': 0.9644, 'f1': 0.96439, 'auc': 0.97091}
> Epoch 992: took 1.5s (avg 1.5s) | Best so far: epoch 406	train_loss: 0.1548 train_accuracy: 0.9767	val_loss: 0.1785 val_accuracy: 0.9686	test_loss: 0.1728 test_accuracy: 0.9699
train: {'epoch': 993, 'time_epoch': 1.12738, 'eta': 6.67967, 'eta_hours': 0.00186, 'loss': 0.12927033, 'lr': 7.47e-06, 'params': 202600, 'time_iter': 0.02818, 'accuracy': 0.9763, 'f1': 0.97629, 'auc': 0.97802}
val: {'epoch': 993, 'time_epoch': 0.0685, 'loss': 0.22939993, 'lr': 0, 'params': 202600, 'time_iter': 0.01713, 'accuracy': 0.96329, 'f1': 0.96328, 'auc': 0.96957}
test: {'epoch': 993, 'time_epoch': 0.06751, 'loss': 0.21780638, 'lr': 0, 'params': 202600, 'time_iter': 0.01688, 'accuracy': 0.96442, 'f1': 0.96441, 'auc': 0.97081}
> Epoch 993: took 1.5s (avg 1.5s) | Best so far: epoch 406	train_loss: 0.1548 train_accuracy: 0.9767	val_loss: 0.1785 val_accuracy: 0.9686	test_loss: 0.1728 test_accuracy: 0.9699
train: {'epoch': 994, 'time_epoch': 1.13929, 'eta': 5.56652, 'eta_hours': 0.00155, 'loss': 0.12931019, 'lr': 6.42e-06, 'params': 202600, 'time_iter': 0.02848, 'accuracy': 0.97631, 'f1': 0.97629, 'auc': 0.97798}
val: {'epoch': 994, 'time_epoch': 0.06951, 'loss': 0.22979449, 'lr': 0, 'params': 202600, 'time_iter': 0.01738, 'accuracy': 0.96329, 'f1': 0.96328, 'auc': 0.9696}
test: {'epoch': 994, 'time_epoch': 0.06802, 'loss': 0.21810329, 'lr': 0, 'params': 202600, 'time_iter': 0.017, 'accuracy': 0.96441, 'f1': 0.9644, 'auc': 0.97086}
> Epoch 994: took 1.5s (avg 1.5s) | Best so far: epoch 406	train_loss: 0.1548 train_accuracy: 0.9767	val_loss: 0.1785 val_accuracy: 0.9686	test_loss: 0.1728 test_accuracy: 0.9699
train: {'epoch': 995, 'time_epoch': 1.0829, 'eta': 4.45309, 'eta_hours': 0.00124, 'loss': 0.12891814, 'lr': 5.36e-06, 'params': 202600, 'time_iter': 0.02707, 'accuracy': 0.97634, 'f1': 0.97633, 'auc': 0.97809}
val: {'epoch': 995, 'time_epoch': 0.06902, 'loss': 0.23052448, 'lr': 0, 'params': 202600, 'time_iter': 0.01725, 'accuracy': 0.96322, 'f1': 0.96321, 'auc': 0.96966}
test: {'epoch': 995, 'time_epoch': 0.06751, 'loss': 0.21879903, 'lr': 0, 'params': 202600, 'time_iter': 0.01688, 'accuracy': 0.96429, 'f1': 0.96428, 'auc': 0.97091}
> Epoch 995: took 1.4s (avg 1.5s) | Best so far: epoch 406	train_loss: 0.1548 train_accuracy: 0.9767	val_loss: 0.1785 val_accuracy: 0.9686	test_loss: 0.1728 test_accuracy: 0.9699
train: {'epoch': 996, 'time_epoch': 1.07846, 'eta': 3.33972, 'eta_hours': 0.00093, 'loss': 0.12923958, 'lr': 4.31e-06, 'params': 202600, 'time_iter': 0.02696, 'accuracy': 0.97641, 'f1': 0.9764, 'auc': 0.97801}
val: {'epoch': 996, 'time_epoch': 0.0695, 'loss': 0.23024719, 'lr': 0, 'params': 202600, 'time_iter': 0.01738, 'accuracy': 0.96321, 'f1': 0.9632, 'auc': 0.96964}
test: {'epoch': 996, 'time_epoch': 0.06951, 'loss': 0.21850575, 'lr': 0, 'params': 202600, 'time_iter': 0.01738, 'accuracy': 0.96424, 'f1': 0.96422, 'auc': 0.97088}
> Epoch 996: took 1.4s (avg 1.5s) | Best so far: epoch 406	train_loss: 0.1548 train_accuracy: 0.9767	val_loss: 0.1785 val_accuracy: 0.9686	test_loss: 0.1728 test_accuracy: 0.9699
train: {'epoch': 997, 'time_epoch': 1.1376, 'eta': 2.22653, 'eta_hours': 0.00062, 'loss': 0.12910553, 'lr': 3.26e-06, 'params': 202600, 'time_iter': 0.02844, 'accuracy': 0.97645, 'f1': 0.97643, 'auc': 0.97808}
val: {'epoch': 997, 'time_epoch': 0.07051, 'loss': 0.23068092, 'lr': 0, 'params': 202600, 'time_iter': 0.01763, 'accuracy': 0.96314, 'f1': 0.96313, 'auc': 0.96966}
test: {'epoch': 997, 'time_epoch': 0.07096, 'loss': 0.21895348, 'lr': 0, 'params': 202600, 'time_iter': 0.01774, 'accuracy': 0.96421, 'f1': 0.96419, 'auc': 0.97091}
> Epoch 997: took 1.5s (avg 1.5s) | Best so far: epoch 406	train_loss: 0.1548 train_accuracy: 0.9767	val_loss: 0.1785 val_accuracy: 0.9686	test_loss: 0.1728 test_accuracy: 0.9699
train: {'epoch': 998, 'time_epoch': 1.15207, 'eta': 1.1133, 'eta_hours': 0.00031, 'loss': 0.12984282, 'lr': 2.21e-06, 'params': 202600, 'time_iter': 0.0288, 'accuracy': 0.97631, 'f1': 0.9763, 'auc': 0.97804}
val: {'epoch': 998, 'time_epoch': 0.06901, 'loss': 0.23039539, 'lr': 0, 'params': 202600, 'time_iter': 0.01725, 'accuracy': 0.96318, 'f1': 0.96317, 'auc': 0.96964}
test: {'epoch': 998, 'time_epoch': 0.071, 'loss': 0.21868527, 'lr': 0, 'params': 202600, 'time_iter': 0.01775, 'accuracy': 0.96427, 'f1': 0.96425, 'auc': 0.97088}
> Epoch 998: took 1.5s (avg 1.5s) | Best so far: epoch 406	train_loss: 0.1548 train_accuracy: 0.9767	val_loss: 0.1785 val_accuracy: 0.9686	test_loss: 0.1728 test_accuracy: 0.9699
train: {'epoch': 999, 'time_epoch': 1.10493, 'eta': 0.0, 'eta_hours': 0.0, 'loss': 0.12930887, 'lr': 1.15e-06, 'params': 202600, 'time_iter': 0.02762, 'accuracy': 0.97628, 'f1': 0.97627, 'auc': 0.97811}
val: {'epoch': 999, 'time_epoch': 0.071, 'loss': 0.23057292, 'lr': 0, 'params': 202600, 'time_iter': 0.01775, 'accuracy': 0.96321, 'f1': 0.9632, 'auc': 0.96965}
test: {'epoch': 999, 'time_epoch': 0.06951, 'loss': 0.21884475, 'lr': 0, 'params': 202600, 'time_iter': 0.01738, 'accuracy': 0.96433, 'f1': 0.96432, 'auc': 0.97089}
> Epoch 999: took 1.5s (avg 1.5s) | Best so far: epoch 406	train_loss: 0.1548 train_accuracy: 0.9767	val_loss: 0.1785 val_accuracy: 0.9686	test_loss: 0.1728 test_accuracy: 0.9699
Avg time per epoch: 1.49s
Total train loop time: 0.41h
Task done, results saved in results\edge-graphormer\0
Results aggregated across runs saved in results\edge-graphormer\agg
[*] All done: 2026-06-06 16:30:40.437800
