[*] Run ID 0: seed=0, split_index=0
    Starting now: 2026-06-06 18:27:39.512820
[*] Loaded dataset 'CSL' from 'PyG-GNNBenchmarkDataset':
  Data(edge_index=[2, 24600], y=[150], num_nodes=6150, x=[6150, 1])
  undirected: True
  num graphs: 150
  avg num_nodes/graph: 41
  num node features: 1
  num edge features: 0
  num classes: 10
[*] Saved newly generated CV splits by StratifiedKFold(n_splits=5, random_state=123, shuffle=True) to ./splits\PyG-GNNBenchmarkDataset_CSL_stratifiedkfold-5.json
GraphGymModule(
  (model): GPSModel(
    (encoder): FeatureEncoder(
      (node_encoder): LinearNodeEncoder(
        (encoder): Linear(in_features=1, out_features=64, bias=True)
      )
    )
    (layers): Sequential(
      (0): GPSLayer(
        summary: dim_h=64, local_gnn_type=GIN, global_model_type=None, heads=4
        (local_model): GINConv(nn=Sequential(
          (0): Linear(64, 64, bias=True)
          (1): GELU(approximate='none')
          (2): Linear(64, 64, bias=True)
        ))
        (norm1_local): BatchNorm1d(64, eps=1e-05, momentum=0.1, affine=True, track_running_stats=True)
        (norm1_attn): BatchNorm1d(64, eps=1e-05, momentum=0.1, affine=True, track_running_stats=True)
        (dropout_local): Dropout(p=0.0, inplace=False)
        (dropout_attn): Dropout(p=0.0, inplace=False)
        (ff_linear1): Linear(in_features=64, out_features=128, bias=True)
        (ff_linear2): Linear(in_features=128, out_features=64, bias=True)
        (act_fn_ff): GELU(approximate='none')
        (norm2): BatchNorm1d(64, eps=1e-05, momentum=0.1, affine=True, track_running_stats=True)
        (ff_dropout1): Dropout(p=0.0, inplace=False)
        (ff_dropout2): Dropout(p=0.0, inplace=False)
      )
      (1): GPSLayer(
        summary: dim_h=64, local_gnn_type=GIN, global_model_type=None, heads=4
        (local_model): GINConv(nn=Sequential(
          (0): Linear(64, 64, bias=True)
          (1): GELU(approximate='none')
          (2): Linear(64, 64, bias=True)
        ))
        (norm1_local): BatchNorm1d(64, eps=1e-05, momentum=0.1, affine=True, track_running_stats=True)
        (norm1_attn): BatchNorm1d(64, eps=1e-05, momentum=0.1, affine=True, track_running_stats=True)
        (dropout_local): Dropout(p=0.0, inplace=False)
        (dropout_attn): Dropout(p=0.0, inplace=False)
        (ff_linear1): Linear(in_features=64, out_features=128, bias=True)
        (ff_linear2): Linear(in_features=128, out_features=64, bias=True)
        (act_fn_ff): GELU(approximate='none')
        (norm2): BatchNorm1d(64, eps=1e-05, momentum=0.1, affine=True, track_running_stats=True)
        (ff_dropout1): Dropout(p=0.0, inplace=False)
        (ff_dropout2): Dropout(p=0.0, inplace=False)
      )
      (2): GPSLayer(
        summary: dim_h=64, local_gnn_type=GIN, global_model_type=None, heads=4
        (local_model): GINConv(nn=Sequential(
          (0): Linear(64, 64, bias=True)
          (1): GELU(approximate='none')
          (2): Linear(64, 64, bias=True)
        ))
        (norm1_local): BatchNorm1d(64, eps=1e-05, momentum=0.1, affine=True, track_running_stats=True)
        (norm1_attn): BatchNorm1d(64, eps=1e-05, momentum=0.1, affine=True, track_running_stats=True)
        (dropout_local): Dropout(p=0.0, inplace=False)
        (dropout_attn): Dropout(p=0.0, inplace=False)
        (ff_linear1): Linear(in_features=64, out_features=128, bias=True)
        (ff_linear2): Linear(in_features=128, out_features=64, bias=True)
        (act_fn_ff): GELU(approximate='none')
        (norm2): BatchNorm1d(64, eps=1e-05, momentum=0.1, affine=True, track_running_stats=True)
        (ff_dropout1): Dropout(p=0.0, inplace=False)
        (ff_dropout2): Dropout(p=0.0, inplace=False)
      )
    )
    (post_mp): SANGraphHead(
      (FC_layers): ModuleList(
        (0): Linear(in_features=64, out_features=32, bias=True)
        (1): Linear(in_features=32, out_features=16, bias=True)
        (2): Linear(in_features=16, out_features=10, bias=True)
      )
      (activation): GELU(approximate='none')
    )
  )
)
accelerator: cuda
benchmark: False
bn:
  eps: 1e-05
  mom: 0.1
cfg_dest: config.yaml
custom_metrics: []
dataset:
  cache_load: False
  cache_save: False
  dir: ./datasets
  edge_dim: 128
  edge_encoder: False
  edge_encoder_bn: False
  edge_encoder_name: LinearEdge
  edge_encoder_num_types: 0
  edge_message_ratio: 0.8
  edge_negative_sampling_ratio: 1.0
  edge_train_mode: all
  encoder: True
  encoder_bn: True
  encoder_dim: 128
  encoder_name: db
  format: PyG-GNNBenchmarkDataset
  infer_link_label: None
  label_column: none
  label_table: none
  location: local
  name: CSL
  node_encoder: True
  node_encoder_bn: False
  node_encoder_name: LinearNode
  node_encoder_num_types: 0
  remove_feature: False
  resample_disjoint: False
  resample_negative: False
  shuffle_split: True
  slic_compactness: 10
  split: [0.8, 0.1, 0.1]
  split_dir: ./splits
  split_index: 0
  split_mode: cv-stratifiedkfold-5
  task: graph
  task_type: classification
  to_undirected: False
  transductive: False
  transform: none
  tu_simple: True
devices: 1
example_arg: example
example_group:
  example_arg: example
gnn:
  act: gelu
  agg: mean
  att_final_linear: False
  att_final_linear_bn: False
  att_heads: 1
  batchnorm: True
  clear_feature: True
  dim_inner: 64
  dropout: 0.0
  head: san_graph
  keep_edge: 0.5
  l2norm: True
  layer_type: generalconv
  layers_mp: 2
  layers_post_mp: 3
  layers_pre_mp: 0
  msg_direction: single
  normalize_adj: False
  residual: False
  self_msg: concat
  skip_every: 1
  stage_type: stack
gpu_mem: False
graphormer:
  attention_dropout: 0.0
  dropout: 0.0
  embed_dim: 80
  input_dropout: 0.0
  mlp_dropout: 0.0
  num_heads: 4
  num_layers: 6
  use_graph_token: True
gt:
  attn_dropout: 0.1
  batch_norm: True
  bigbird:
    add_cross_attention: False
    attention_type: block_sparse
    block_size: 3
    chunk_size_feed_forward: 0
    hidden_act: relu
    is_decoder: False
    layer_norm_eps: 1e-06
    max_position_embeddings: 128
    num_random_blocks: 3
    use_bias: False
  dim_hidden: 64
  dropout: 0.0
  full_graph: True
  gamma: 1e-05
  layer_norm: False
  layer_type: GIN+None
  layers: 3
  n_heads: 4
  pna_degrees: []
  residual: True
mem:
  inplace: False
metric_agg: argmax
metric_best: accuracy
model:
  edge_decoding: dot
  graph_pooling: add
  loss_fun: cross_entropy
  match_upper: True
  size_average: mean
  thresh: 0.5
  type: GPSModel
name_tag: 
num_threads: 6
num_workers: 0
optim:
  base_lr: 0.001
  batch_accumulation: 1
  clip_grad_norm: True
  clip_grad_norm_value: 1.0
  lr_decay: 0.1
  max_epoch: 200
  min_lr: 0.0
  momentum: 0.9
  num_warmup_epochs: 50
  optimizer: adamW
  reduce_factor: 0.1
  schedule_patience: 10
  scheduler: cosine_with_warmup
  steps: [30, 60, 90]
  weight_decay: 1e-05
out_dir: results\csl-gin
posenc_ElstaticSE:
  dim_pe: 16
  enable: False
  kernel:
    times: []
    times_func: range(10)
  layers: 3
  model: none
  n_heads: 4
  pass_as_var: False
  post_layers: 0
  raw_norm_type: none
posenc_EquivStableLapPE:
  eigen:
    eigvec_norm: L2
    laplacian_norm: sym
    max_freqs: 10
  enable: False
  raw_norm_type: none
posenc_GraphormerBias:
  dim_pe: 0
  enable: False
  node_degrees_only: False
  num_in_degrees: None
  num_out_degrees: None
  num_spatial_types: None
posenc_HKdiagSE:
  dim_pe: 16
  enable: False
  kernel:
    times: []
    times_func: 
  layers: 3
  model: none
  n_heads: 4
  pass_as_var: False
  post_layers: 0
  raw_norm_type: none
posenc_LapPE:
  dim_pe: 16
  eigen:
    eigvec_norm: L2
    laplacian_norm: none
    max_freqs: 16
  enable: False
  layers: 2
  model: DeepSet
  n_heads: 4
  pass_as_var: False
  post_layers: 0
  raw_norm_type: none
posenc_RWSE:
  dim_pe: 28
  enable: False
  kernel:
    times: []
    times_func: range(1,21)
  layers: 3
  model: Linear
  n_heads: 4
  pass_as_var: False
  post_layers: 0
  raw_norm_type: BatchNorm
posenc_SignNet:
  dim_pe: 16
  eigen:
    eigvec_norm: L2
    laplacian_norm: sym
    max_freqs: 10
  enable: False
  layers: 3
  model: none
  n_heads: 4
  pass_as_var: False
  phi_hidden_dim: 64
  phi_out_dim: 4
  post_layers: 0
  raw_norm_type: none
pretrained:
  dir: 
  freeze_main: False
  reset_prediction_head: True
print: both
round: 5
run_dir: results\csl-gin\0
run_id: 0
run_multiple_splits: []
seed: 0
share:
  dim_in: 1
  dim_out: 10
  num_splits: 3
tensorboard_agg: True
tensorboard_each_run: False
train:
  auto_resume: False
  batch_size: 96
  ckpt_best: True
  ckpt_clean: True
  ckpt_period: 100
  enable_ckpt: True
  epoch_resume: -1
  eval_period: 1
  iter_per_epoch: 32
  mode: custom
  neighbor_sizes: [20, 15, 10, 5]
  node_per_graph: 32
  radius: extend
  sample_node: False
  sampler: full_batch
  skip_train_eval: False
  walk_length: 4
val:
  node_per_graph: 32
  radius: extend
  sample_node: False
  sampler: full_batch
view_emb: False
wandb:
  entity: gtransformers
  name: 
  project: CSL
  use: False
Num parameters: 78746
Start from epoch 0
train: {'epoch': 0, 'time_epoch': 0.15562, 'eta': 30.96911, 'eta_hours': 0.0086, 'loss': 2.31291127, 'lr': 0.0, 'params': 78746, 'time_iter': 0.15562, 'accuracy': 0.1, 'f1': 0.01818, 'auc': 0.5}
...computing epoch stats took: 0.06s
val: {'epoch': 0, 'time_epoch': 0.004, 'loss': 18.43240166, 'lr': 0, 'params': 78746, 'time_iter': 0.004, 'accuracy': 0.1, 'f1': 0.01818, 'auc': 0.5}
...computing epoch stats took: 0.01s
test: {'epoch': 0, 'time_epoch': 0.005, 'loss': 18.43240166, 'lr': 0, 'params': 78746, 'time_iter': 0.005, 'accuracy': 0.1, 'f1': 0.01818, 'auc': 0.5}
...computing epoch stats took: 0.01s
> Epoch 0: took 0.2s (avg 0.2s) | Best so far: epoch 0	train_loss: 2.3129 train_accuracy: 0.1000	val_loss: 18.4324 val_accuracy: 0.1000	test_loss: 18.4324 test_accuracy: 0.1000
train: {'epoch': 1, 'time_epoch': 0.007, 'eta': 16.09965, 'eta_hours': 0.00447, 'loss': 2.31291103, 'lr': 2e-05, 'params': 78746, 'time_iter': 0.007, 'accuracy': 0.1, 'f1': 0.01818, 'auc': 0.5}
...computing epoch stats took: 0.01s
val: {'epoch': 1, 'time_epoch': 0.003, 'loss': 22.94099045, 'lr': 0, 'params': 78746, 'time_iter': 0.003, 'accuracy': 0.1, 'f1': 0.01818, 'auc': 0.5}
...computing epoch stats took: 0.01s
test: {'epoch': 1, 'time_epoch': 0.002, 'loss': 22.94099045, 'lr': 0, 'params': 78746, 'time_iter': 0.002, 'accuracy': 0.1, 'f1': 0.01818, 'auc': 0.5}
...computing epoch stats took: 0.01s
> Epoch 1: took 0.0s (avg 0.1s) | Best so far: epoch 0	train_loss: 2.3129 train_accuracy: 0.1000	val_loss: 18.4324 val_accuracy: 0.1000	test_loss: 18.4324 test_accuracy: 0.1000
train: {'epoch': 2, 'time_epoch': 0.007, 'eta': 11.13843, 'eta_hours': 0.00309, 'loss': 2.31291151, 'lr': 4e-05, 'params': 78746, 'time_iter': 0.007, 'accuracy': 0.1, 'f1': 0.01818, 'auc': 0.5}
...computing epoch stats took: 0.01s
val: {'epoch': 2, 'time_epoch': 0.002, 'loss': 28.52215958, 'lr': 0, 'params': 78746, 'time_iter': 0.002, 'accuracy': 0.1, 'f1': 0.01818, 'auc': 0.5}
...computing epoch stats took: 0.01s
test: {'epoch': 2, 'time_epoch': 0.003, 'loss': 28.52215958, 'lr': 0, 'params': 78746, 'time_iter': 0.003, 'accuracy': 0.1, 'f1': 0.01818, 'auc': 0.5}
...computing epoch stats took: 0.01s
> Epoch 2: took 0.0s (avg 0.1s) | Best so far: epoch 0	train_loss: 2.3129 train_accuracy: 0.1000	val_loss: 18.4324 val_accuracy: 0.1000	test_loss: 18.4324 test_accuracy: 0.1000
train: {'epoch': 3, 'time_epoch': 0.00651, 'eta': 8.63037, 'eta_hours': 0.0024, 'loss': 2.31291175, 'lr': 6e-05, 'params': 78746, 'time_iter': 0.00651, 'accuracy': 0.1, 'f1': 0.01818, 'auc': 0.5}
val: {'epoch': 3, 'time_epoch': 0.002, 'loss': 35.46324539, 'lr': 0, 'params': 78746, 'time_iter': 0.002, 'accuracy': 0.1, 'f1': 0.01818, 'auc': 0.5}
test: {'epoch': 3, 'time_epoch': 0.005, 'loss': 35.46324539, 'lr': 0, 'params': 78746, 'time_iter': 0.005, 'accuracy': 0.1, 'f1': 0.01818, 'auc': 0.5}
> Epoch 3: took 0.0s (avg 0.1s) | Best so far: epoch 0	train_loss: 2.3129 train_accuracy: 0.1000	val_loss: 18.4324 val_accuracy: 0.1000	test_loss: 18.4324 test_accuracy: 0.1000
train: {'epoch': 4, 'time_epoch': 0.006, 'eta': 7.10308, 'eta_hours': 0.00197, 'loss': 2.31291175, 'lr': 8e-05, 'params': 78746, 'time_iter': 0.006, 'accuracy': 0.1, 'f1': 0.01818, 'auc': 0.5}
val: {'epoch': 4, 'time_epoch': 0.003, 'loss': 44.0716095, 'lr': 0, 'params': 78746, 'time_iter': 0.003, 'accuracy': 0.1, 'f1': 0.01818, 'auc': 0.5}
test: {'epoch': 4, 'time_epoch': 0.003, 'loss': 44.0716095, 'lr': 0, 'params': 78746, 'time_iter': 0.003, 'accuracy': 0.1, 'f1': 0.01818, 'auc': 0.5}
> Epoch 4: took 0.0s (avg 0.1s) | Best so far: epoch 0	train_loss: 2.3129 train_accuracy: 0.1000	val_loss: 18.4324 val_accuracy: 0.1000	test_loss: 18.4324 test_accuracy: 0.1000
train: {'epoch': 5, 'time_epoch': 0.007, 'eta': 6.11524, 'eta_hours': 0.0017, 'loss': 2.31291127, 'lr': 0.0001, 'params': 78746, 'time_iter': 0.007, 'accuracy': 0.1, 'f1': 0.01818, 'auc': 0.5}
val: {'epoch': 5, 'time_epoch': 0.002, 'loss': 54.78089905, 'lr': 0, 'params': 78746, 'time_iter': 0.002, 'accuracy': 0.1, 'f1': 0.01818, 'auc': 0.5}
test: {'epoch': 5, 'time_epoch': 0.003, 'loss': 54.78089905, 'lr': 0, 'params': 78746, 'time_iter': 0.003, 'accuracy': 0.1, 'f1': 0.01818, 'auc': 0.5}
> Epoch 5: took 0.0s (avg 0.1s) | Best so far: epoch 0	train_loss: 2.3129 train_accuracy: 0.1000	val_loss: 18.4324 val_accuracy: 0.1000	test_loss: 18.4324 test_accuracy: 0.1000
train: {'epoch': 6, 'time_epoch': 0.007, 'eta': 5.40764, 'eta_hours': 0.0015, 'loss': 2.31291151, 'lr': 0.00012, 'params': 78746, 'time_iter': 0.007, 'accuracy': 0.1, 'f1': 0.01818, 'auc': 0.5}
val: {'epoch': 6, 'time_epoch': 0.002, 'loss': 67.99467468, 'lr': 0, 'params': 78746, 'time_iter': 0.002, 'accuracy': 0.1, 'f1': 0.01818, 'auc': 0.5}
test: {'epoch': 6, 'time_epoch': 0.002, 'loss': 67.99467468, 'lr': 0, 'params': 78746, 'time_iter': 0.002, 'accuracy': 0.1, 'f1': 0.01818, 'auc': 0.5}
> Epoch 6: took 0.0s (avg 0.1s) | Best so far: epoch 0	train_loss: 2.3129 train_accuracy: 0.1000	val_loss: 18.4324 val_accuracy: 0.1000	test_loss: 18.4324 test_accuracy: 0.1000
train: {'epoch': 7, 'time_epoch': 0.007, 'eta': 4.87519, 'eta_hours': 0.00135, 'loss': 2.31291127, 'lr': 0.00014, 'params': 78746, 'time_iter': 0.007, 'accuracy': 0.1, 'f1': 0.01818, 'auc': 0.5}
val: {'epoch': 7, 'time_epoch': 0.003, 'loss': 84.85767365, 'lr': 0, 'params': 78746, 'time_iter': 0.003, 'accuracy': 0.1, 'f1': 0.01818, 'auc': 0.5}
test: {'epoch': 7, 'time_epoch': 0.002, 'loss': 84.85767365, 'lr': 0, 'params': 78746, 'time_iter': 0.002, 'accuracy': 0.1, 'f1': 0.01818, 'auc': 0.5}
> Epoch 7: took 0.0s (avg 0.1s) | Best so far: epoch 0	train_loss: 2.3129 train_accuracy: 0.1000	val_loss: 18.4324 val_accuracy: 0.1000	test_loss: 18.4324 test_accuracy: 0.1000
train: {'epoch': 8, 'time_epoch': 0.006, 'eta': 4.43823, 'eta_hours': 0.00123, 'loss': 2.31291127, 'lr': 0.00016, 'params': 78746, 'time_iter': 0.006, 'accuracy': 0.1, 'f1': 0.01818, 'auc': 0.5}
val: {'epoch': 8, 'time_epoch': 0.003, 'loss': 105.90319824, 'lr': 0, 'params': 78746, 'time_iter': 0.003, 'accuracy': 0.1, 'f1': 0.01818, 'auc': 0.5}
test: {'epoch': 8, 'time_epoch': 0.003, 'loss': 105.90319824, 'lr': 0, 'params': 78746, 'time_iter': 0.003, 'accuracy': 0.1, 'f1': 0.01818, 'auc': 0.5}
> Epoch 8: took 0.0s (avg 0.1s) | Best so far: epoch 0	train_loss: 2.3129 train_accuracy: 0.1000	val_loss: 18.4324 val_accuracy: 0.1000	test_loss: 18.4324 test_accuracy: 0.1000
train: {'epoch': 9, 'time_epoch': 0.006, 'eta': 4.08747, 'eta_hours': 0.00114, 'loss': 2.31291175, 'lr': 0.00018, 'params': 78746, 'time_iter': 0.006, 'accuracy': 0.1, 'f1': 0.01818, 'auc': 0.5}
val: {'epoch': 9, 'time_epoch': 0.00251, 'loss': 132.07479858, 'lr': 0, 'params': 78746, 'time_iter': 0.00251, 'accuracy': 0.1, 'f1': 0.01818, 'auc': 0.5}
test: {'epoch': 9, 'time_epoch': 0.002, 'loss': 132.07479858, 'lr': 0, 'params': 78746, 'time_iter': 0.002, 'accuracy': 0.1, 'f1': 0.01818, 'auc': 0.5}
> Epoch 9: took 0.0s (avg 0.1s) | Best so far: epoch 0	train_loss: 2.3129 train_accuracy: 0.1000	val_loss: 18.4324 val_accuracy: 0.1000	test_loss: 18.4324 test_accuracy: 0.1000
train: {'epoch': 10, 'time_epoch': 0.007, 'eta': 3.81656, 'eta_hours': 0.00106, 'loss': 2.31291056, 'lr': 0.0002, 'params': 78746, 'time_iter': 0.007, 'accuracy': 0.1, 'f1': 0.01818, 'auc': 0.5}
val: {'epoch': 10, 'time_epoch': 0.002, 'loss': 164.27416992, 'lr': 0, 'params': 78746, 'time_iter': 0.002, 'accuracy': 0.1, 'f1': 0.01818, 'auc': 0.5}
test: {'epoch': 10, 'time_epoch': 0.003, 'loss': 164.27416992, 'lr': 0, 'params': 78746, 'time_iter': 0.003, 'accuracy': 0.1, 'f1': 0.01818, 'auc': 0.5}
> Epoch 10: took 0.0s (avg 0.1s) | Best so far: epoch 0	train_loss: 2.3129 train_accuracy: 0.1000	val_loss: 18.4324 val_accuracy: 0.1000	test_loss: 18.4324 test_accuracy: 0.1000
train: {'epoch': 11, 'time_epoch': 0.007, 'eta': 3.58967, 'eta_hours': 0.001, 'loss': 2.31291127, 'lr': 0.00022, 'params': 78746, 'time_iter': 0.007, 'accuracy': 0.1, 'f1': 0.01818, 'auc': 0.5}
val: {'epoch': 11, 'time_epoch': 0.002, 'loss': 204.63798523, 'lr': 0, 'params': 78746, 'time_iter': 0.002, 'accuracy': 0.1, 'f1': 0.01818, 'auc': 0.5}
test: {'epoch': 11, 'time_epoch': 0.00263, 'loss': 204.63798523, 'lr': 0, 'params': 78746, 'time_iter': 0.00263, 'accuracy': 0.1, 'f1': 0.01818, 'auc': 0.5}
> Epoch 11: took 0.0s (avg 0.1s) | Best so far: epoch 0	train_loss: 2.3129 train_accuracy: 0.1000	val_loss: 18.4324 val_accuracy: 0.1000	test_loss: 18.4324 test_accuracy: 0.1000
train: {'epoch': 12, 'time_epoch': 0.006, 'eta': 3.38221, 'eta_hours': 0.00094, 'loss': 2.31291175, 'lr': 0.00024, 'params': 78746, 'time_iter': 0.006, 'accuracy': 0.1, 'f1': 0.01818, 'auc': 0.5}
val: {'epoch': 12, 'time_epoch': 0.003, 'loss': 257.92520142, 'lr': 0, 'params': 78746, 'time_iter': 0.003, 'accuracy': 0.1, 'f1': 0.01818, 'auc': 0.5}
test: {'epoch': 12, 'time_epoch': 0.003, 'loss': 257.92520142, 'lr': 0, 'params': 78746, 'time_iter': 0.003, 'accuracy': 0.1, 'f1': 0.01818, 'auc': 0.5}
> Epoch 12: took 0.0s (avg 0.0s) | Best so far: epoch 0	train_loss: 2.3129 train_accuracy: 0.1000	val_loss: 18.4324 val_accuracy: 0.1000	test_loss: 18.4324 test_accuracy: 0.1000
train: {'epoch': 13, 'time_epoch': 0.006, 'eta': 3.20355, 'eta_hours': 0.00089, 'loss': 2.31291151, 'lr': 0.00026, 'params': 78746, 'time_iter': 0.006, 'accuracy': 0.1, 'f1': 0.01818, 'auc': 0.5}
val: {'epoch': 13, 'time_epoch': 0.002, 'loss': 326.19171143, 'lr': 0, 'params': 78746, 'time_iter': 0.002, 'accuracy': 0.1, 'f1': 0.01818, 'auc': 0.5}
test: {'epoch': 13, 'time_epoch': 0.003, 'loss': 326.19171143, 'lr': 0, 'params': 78746, 'time_iter': 0.003, 'accuracy': 0.1, 'f1': 0.01818, 'auc': 0.5}
> Epoch 13: took 0.0s (avg 0.0s) | Best so far: epoch 0	train_loss: 2.3129 train_accuracy: 0.1000	val_loss: 18.4324 val_accuracy: 0.1000	test_loss: 18.4324 test_accuracy: 0.1000
train: {'epoch': 14, 'time_epoch': 0.007, 'eta': 3.06023, 'eta_hours': 0.00085, 'loss': 2.31291127, 'lr': 0.00028, 'params': 78746, 'time_iter': 0.007, 'accuracy': 0.1, 'f1': 0.01818, 'auc': 0.5}
val: {'epoch': 14, 'time_epoch': 0.003, 'loss': 417.77603149, 'lr': 0, 'params': 78746, 'time_iter': 0.003, 'accuracy': 0.1, 'f1': 0.01818, 'auc': 0.5}
test: {'epoch': 14, 'time_epoch': 0.002, 'loss': 417.77603149, 'lr': 0, 'params': 78746, 'time_iter': 0.002, 'accuracy': 0.1, 'f1': 0.01818, 'auc': 0.5}
> Epoch 14: took 0.0s (avg 0.0s) | Best so far: epoch 0	train_loss: 2.3129 train_accuracy: 0.1000	val_loss: 18.4324 val_accuracy: 0.1000	test_loss: 18.4324 test_accuracy: 0.1000
train: {'epoch': 15, 'time_epoch': 0.00644, 'eta': 2.92752, 'eta_hours': 0.00081, 'loss': 2.31291103, 'lr': 0.0003, 'params': 78746, 'time_iter': 0.00644, 'accuracy': 0.1, 'f1': 0.01818, 'auc': 0.5}
val: {'epoch': 15, 'time_epoch': 0.003, 'loss': 526.02679443, 'lr': 0, 'params': 78746, 'time_iter': 0.003, 'accuracy': 0.1, 'f1': 0.01818, 'auc': 0.5}
test: {'epoch': 15, 'time_epoch': 0.002, 'loss': 526.02679443, 'lr': 0, 'params': 78746, 'time_iter': 0.002, 'accuracy': 0.1, 'f1': 0.01818, 'auc': 0.5}
> Epoch 15: took 0.0s (avg 0.0s) | Best so far: epoch 0	train_loss: 2.3129 train_accuracy: 0.1000	val_loss: 18.4324 val_accuracy: 0.1000	test_loss: 18.4324 test_accuracy: 0.1000
train: {'epoch': 16, 'time_epoch': 0.006, 'eta': 2.80493, 'eta_hours': 0.00078, 'loss': 2.31291151, 'lr': 0.00032, 'params': 78746, 'time_iter': 0.006, 'accuracy': 0.1, 'f1': 0.01818, 'auc': 0.5}
val: {'epoch': 16, 'time_epoch': 0.003, 'loss': 664.99346924, 'lr': 0, 'params': 78746, 'time_iter': 0.003, 'accuracy': 0.1, 'f1': 0.01818, 'auc': 0.5}
test: {'epoch': 16, 'time_epoch': 0.002, 'loss': 664.99346924, 'lr': 0, 'params': 78746, 'time_iter': 0.002, 'accuracy': 0.1, 'f1': 0.01818, 'auc': 0.5}
> Epoch 16: took 0.0s (avg 0.0s) | Best so far: epoch 0	train_loss: 2.3129 train_accuracy: 0.1000	val_loss: 18.4324 val_accuracy: 0.1000	test_loss: 18.4324 test_accuracy: 0.1000
train: {'epoch': 17, 'time_epoch': 0.006, 'eta': 2.69532, 'eta_hours': 0.00075, 'loss': 2.31291103, 'lr': 0.00034, 'params': 78746, 'time_iter': 0.006, 'accuracy': 0.1, 'f1': 0.01818, 'auc': 0.5}
val: {'epoch': 17, 'time_epoch': 0.002, 'loss': 807.13781738, 'lr': 0, 'params': 78746, 'time_iter': 0.002, 'accuracy': 0.1, 'f1': 0.01818, 'auc': 0.5}
test: {'epoch': 17, 'time_epoch': 0.002, 'loss': 807.13781738, 'lr': 0, 'params': 78746, 'time_iter': 0.002, 'accuracy': 0.1, 'f1': 0.01818, 'auc': 0.5}
> Epoch 17: took 0.0s (avg 0.0s) | Best so far: epoch 0	train_loss: 2.3129 train_accuracy: 0.1000	val_loss: 18.4324 val_accuracy: 0.1000	test_loss: 18.4324 test_accuracy: 0.1000
train: {'epoch': 18, 'time_epoch': 0.00651, 'eta': 2.60141, 'eta_hours': 0.00072, 'loss': 2.31291056, 'lr': 0.00036, 'params': 78746, 'time_iter': 0.00651, 'accuracy': 0.1, 'f1': 0.01818, 'auc': 0.5}
val: {'epoch': 18, 'time_epoch': 0.002, 'loss': 1015.85418701, 'lr': 0, 'params': 78746, 'time_iter': 0.002, 'accuracy': 0.1, 'f1': 0.01818, 'auc': 0.5}
test: {'epoch': 18, 'time_epoch': 0.003, 'loss': 1015.85418701, 'lr': 0, 'params': 78746, 'time_iter': 0.003, 'accuracy': 0.1, 'f1': 0.01818, 'auc': 0.5}
> Epoch 18: took 0.0s (avg 0.0s) | Best so far: epoch 0	train_loss: 2.3129 train_accuracy: 0.1000	val_loss: 18.4324 val_accuracy: 0.1000	test_loss: 18.4324 test_accuracy: 0.1000
train: {'epoch': 19, 'time_epoch': 0.007, 'eta': 2.52068, 'eta_hours': 0.0007, 'loss': 2.31291199, 'lr': 0.00038, 'params': 78746, 'time_iter': 0.007, 'accuracy': 0.1, 'f1': 0.01818, 'auc': 0.5}
val: {'epoch': 19, 'time_epoch': 0.002, 'loss': 1304.32470703, 'lr': 0, 'params': 78746, 'time_iter': 0.002, 'accuracy': 0.1, 'f1': 0.01818, 'auc': 0.5}
test: {'epoch': 19, 'time_epoch': 0.002, 'loss': 1304.32470703, 'lr': 0, 'params': 78746, 'time_iter': 0.002, 'accuracy': 0.1, 'f1': 0.01818, 'auc': 0.5}
> Epoch 19: took 0.0s (avg 0.0s) | Best so far: epoch 0	train_loss: 2.3129 train_accuracy: 0.1000	val_loss: 18.4324 val_accuracy: 0.1000	test_loss: 18.4324 test_accuracy: 0.1000
train: {'epoch': 20, 'time_epoch': 0.006, 'eta': 2.43846, 'eta_hours': 0.00068, 'loss': 2.31291223, 'lr': 0.0004, 'params': 78746, 'time_iter': 0.006, 'accuracy': 0.1, 'f1': 0.01818, 'auc': 0.5}
val: {'epoch': 20, 'time_epoch': 0.002, 'loss': 1666.24926758, 'lr': 0, 'params': 78746, 'time_iter': 0.002, 'accuracy': 0.1, 'f1': 0.01818, 'auc': 0.5}
test: {'epoch': 20, 'time_epoch': 0.003, 'loss': 1666.24926758, 'lr': 0, 'params': 78746, 'time_iter': 0.003, 'accuracy': 0.1, 'f1': 0.01818, 'auc': 0.5}
> Epoch 20: took 0.0s (avg 0.0s) | Best so far: epoch 0	train_loss: 2.3129 train_accuracy: 0.1000	val_loss: 18.4324 val_accuracy: 0.1000	test_loss: 18.4324 test_accuracy: 0.1000
train: {'epoch': 21, 'time_epoch': 0.00651, 'eta': 2.36728, 'eta_hours': 0.00066, 'loss': 2.31291151, 'lr': 0.00042, 'params': 78746, 'time_iter': 0.00651, 'accuracy': 0.1, 'f1': 0.01818, 'auc': 0.5}
val: {'epoch': 21, 'time_epoch': 0.003, 'loss': 2160.7121582, 'lr': 0, 'params': 78746, 'time_iter': 0.003, 'accuracy': 0.1, 'f1': 0.01818, 'auc': 0.5}
test: {'epoch': 21, 'time_epoch': 0.003, 'loss': 2160.7121582, 'lr': 0, 'params': 78746, 'time_iter': 0.003, 'accuracy': 0.1, 'f1': 0.01818, 'auc': 0.5}
> Epoch 21: took 0.0s (avg 0.0s) | Best so far: epoch 0	train_loss: 2.3129 train_accuracy: 0.1000	val_loss: 18.4324 val_accuracy: 0.1000	test_loss: 18.4324 test_accuracy: 0.1000
train: {'epoch': 22, 'time_epoch': 0.008, 'eta': 2.31319, 'eta_hours': 0.00064, 'loss': 2.31291056, 'lr': 0.00044, 'params': 78746, 'time_iter': 0.008, 'accuracy': 0.1, 'f1': 0.01818, 'auc': 0.5}
val: {'epoch': 22, 'time_epoch': 0.002, 'loss': 2744.05541992, 'lr': 0, 'params': 78746, 'time_iter': 0.002, 'accuracy': 0.1, 'f1': 0.01818, 'auc': 0.5}
test: {'epoch': 22, 'time_epoch': 0.003, 'loss': 2744.05541992, 'lr': 0, 'params': 78746, 'time_iter': 0.003, 'accuracy': 0.1, 'f1': 0.01818, 'auc': 0.5}
> Epoch 22: took 0.0s (avg 0.0s) | Best so far: epoch 0	train_loss: 2.3129 train_accuracy: 0.1000	val_loss: 18.4324 val_accuracy: 0.1000	test_loss: 18.4324 test_accuracy: 0.1000
train: {'epoch': 23, 'time_epoch': 0.006, 'eta': 2.24828, 'eta_hours': 0.00062, 'loss': 2.31291127, 'lr': 0.00046, 'params': 78746, 'time_iter': 0.006, 'accuracy': 0.1, 'f1': 0.01818, 'auc': 0.5}
val: {'epoch': 23, 'time_epoch': 0.002, 'loss': 3437.36621094, 'lr': 0, 'params': 78746, 'time_iter': 0.002, 'accuracy': 0.1, 'f1': 0.01818, 'auc': 0.5}
test: {'epoch': 23, 'time_epoch': 0.003, 'loss': 3437.36621094, 'lr': 0, 'params': 78746, 'time_iter': 0.003, 'accuracy': 0.1, 'f1': 0.01818, 'auc': 0.5}
> Epoch 23: took 0.0s (avg 0.0s) | Best so far: epoch 0	train_loss: 2.3129 train_accuracy: 0.1000	val_loss: 18.4324 val_accuracy: 0.1000	test_loss: 18.4324 test_accuracy: 0.1000
train: {'epoch': 24, 'time_epoch': 0.00651, 'eta': 2.19164, 'eta_hours': 0.00061, 'loss': 2.31291199, 'lr': 0.00048, 'params': 78746, 'time_iter': 0.00651, 'accuracy': 0.1, 'f1': 0.01818, 'auc': 0.5}
val: {'epoch': 24, 'time_epoch': 0.002, 'loss': 4044.38378906, 'lr': 0, 'params': 78746, 'time_iter': 0.002, 'accuracy': 0.1, 'f1': 0.01818, 'auc': 0.5}
test: {'epoch': 24, 'time_epoch': 0.003, 'loss': 4044.38378906, 'lr': 0, 'params': 78746, 'time_iter': 0.003, 'accuracy': 0.1, 'f1': 0.01818, 'auc': 0.5}
> Epoch 24: took 0.0s (avg 0.0s) | Best so far: epoch 0	train_loss: 2.3129 train_accuracy: 0.1000	val_loss: 18.4324 val_accuracy: 0.1000	test_loss: 18.4324 test_accuracy: 0.1000
train: {'epoch': 25, 'time_epoch': 0.006, 'eta': 2.13544, 'eta_hours': 0.00059, 'loss': 2.3129108, 'lr': 0.0005, 'params': 78746, 'time_iter': 0.006, 'accuracy': 0.1, 'f1': 0.01818, 'auc': 0.5}
val: {'epoch': 25, 'time_epoch': 0.003, 'loss': 4952.84521484, 'lr': 0, 'params': 78746, 'time_iter': 0.003, 'accuracy': 0.1, 'f1': 0.01818, 'auc': 0.5}
test: {'epoch': 25, 'time_epoch': 0.003, 'loss': 4952.84521484, 'lr': 0, 'params': 78746, 'time_iter': 0.003, 'accuracy': 0.1, 'f1': 0.01818, 'auc': 0.5}
> Epoch 25: took 0.0s (avg 0.0s) | Best so far: epoch 0	train_loss: 2.3129 train_accuracy: 0.1000	val_loss: 18.4324 val_accuracy: 0.1000	test_loss: 18.4324 test_accuracy: 0.1000
train: {'epoch': 26, 'time_epoch': 0.007, 'eta': 2.08938, 'eta_hours': 0.00058, 'loss': 2.31291175, 'lr': 0.00052, 'params': 78746, 'time_iter': 0.007, 'accuracy': 0.1, 'f1': 0.01818, 'auc': 0.5}
val: {'epoch': 26, 'time_epoch': 0.002, 'loss': 6247.34716797, 'lr': 0, 'params': 78746, 'time_iter': 0.002, 'accuracy': 0.1, 'f1': 0.01818, 'auc': 0.5}
test: {'epoch': 26, 'time_epoch': 0.004, 'loss': 6247.34716797, 'lr': 0, 'params': 78746, 'time_iter': 0.004, 'accuracy': 0.1, 'f1': 0.01818, 'auc': 0.5}
> Epoch 26: took 0.0s (avg 0.0s) | Best so far: epoch 0	train_loss: 2.3129 train_accuracy: 0.1000	val_loss: 18.4324 val_accuracy: 0.1000	test_loss: 18.4324 test_accuracy: 0.1000
train: {'epoch': 27, 'time_epoch': 0.00737, 'eta': 2.04841, 'eta_hours': 0.00057, 'loss': 2.31291032, 'lr': 0.00054, 'params': 78746, 'time_iter': 0.00737, 'accuracy': 0.1, 'f1': 0.01818, 'auc': 0.5}
val: {'epoch': 27, 'time_epoch': 0.003, 'loss': 7615.23974609, 'lr': 0, 'params': 78746, 'time_iter': 0.003, 'accuracy': 0.1, 'f1': 0.01818, 'auc': 0.5}
test: {'epoch': 27, 'time_epoch': 0.002, 'loss': 7615.23974609, 'lr': 0, 'params': 78746, 'time_iter': 0.002, 'accuracy': 0.1, 'f1': 0.01818, 'auc': 0.5}
> Epoch 27: took 0.0s (avg 0.0s) | Best so far: epoch 0	train_loss: 2.3129 train_accuracy: 0.1000	val_loss: 18.4324 val_accuracy: 0.1000	test_loss: 18.4324 test_accuracy: 0.1000
train: {'epoch': 28, 'time_epoch': 0.00763, 'eta': 2.01129, 'eta_hours': 0.00056, 'loss': 2.31291103, 'lr': 0.00056, 'params': 78746, 'time_iter': 0.00763, 'accuracy': 0.1, 'f1': 0.01818, 'auc': 0.5}
val: {'epoch': 28, 'time_epoch': 0.003, 'loss': 8895.11425781, 'lr': 0, 'params': 78746, 'time_iter': 0.003, 'accuracy': 0.1, 'f1': 0.01818, 'auc': 0.5}
test: {'epoch': 28, 'time_epoch': 0.002, 'loss': 8895.11425781, 'lr': 0, 'params': 78746, 'time_iter': 0.002, 'accuracy': 0.1, 'f1': 0.01818, 'auc': 0.5}
> Epoch 28: took 0.0s (avg 0.0s) | Best so far: epoch 0	train_loss: 2.3129 train_accuracy: 0.1000	val_loss: 18.4324 val_accuracy: 0.1000	test_loss: 18.4324 test_accuracy: 0.1000
train: {'epoch': 29, 'time_epoch': 0.007, 'eta': 1.97255, 'eta_hours': 0.00055, 'loss': 2.31291056, 'lr': 0.00058, 'params': 78746, 'time_iter': 0.007, 'accuracy': 0.1, 'f1': 0.01818, 'auc': 0.5}
val: {'epoch': 29, 'time_epoch': 0.003, 'loss': 11310.38476562, 'lr': 0, 'params': 78746, 'time_iter': 0.003, 'accuracy': 0.1, 'f1': 0.01818, 'auc': 0.5}
test: {'epoch': 29, 'time_epoch': 0.002, 'loss': 11310.38476562, 'lr': 0, 'params': 78746, 'time_iter': 0.002, 'accuracy': 0.1, 'f1': 0.01818, 'auc': 0.5}
> Epoch 29: took 0.0s (avg 0.0s) | Best so far: epoch 0	train_loss: 2.3129 train_accuracy: 0.1000	val_loss: 18.4324 val_accuracy: 0.1000	test_loss: 18.4324 test_accuracy: 0.1000
train: {'epoch': 30, 'time_epoch': 0.006, 'eta': 1.93042, 'eta_hours': 0.00054, 'loss': 2.31291223, 'lr': 0.0006, 'params': 78746, 'time_iter': 0.006, 'accuracy': 0.1, 'f1': 0.01818, 'auc': 0.5}
val: {'epoch': 30, 'time_epoch': 0.003, 'loss': 13360.17871094, 'lr': 0, 'params': 78746, 'time_iter': 0.003, 'accuracy': 0.1, 'f1': 0.01818, 'auc': 0.5}
test: {'epoch': 30, 'time_epoch': 0.003, 'loss': 13360.17871094, 'lr': 0, 'params': 78746, 'time_iter': 0.003, 'accuracy': 0.1, 'f1': 0.01818, 'auc': 0.5}
> Epoch 30: took 0.0s (avg 0.0s) | Best so far: epoch 0	train_loss: 2.3129 train_accuracy: 0.1000	val_loss: 18.4324 val_accuracy: 0.1000	test_loss: 18.4324 test_accuracy: 0.1000
train: {'epoch': 31, 'time_epoch': 0.006, 'eta': 1.89052, 'eta_hours': 0.00053, 'loss': 2.31291103, 'lr': 0.00062, 'params': 78746, 'time_iter': 0.006, 'accuracy': 0.1, 'f1': 0.01818, 'auc': 0.5}
val: {'epoch': 31, 'time_epoch': 0.003, 'loss': 17606.26757812, 'lr': 0, 'params': 78746, 'time_iter': 0.003, 'accuracy': 0.1, 'f1': 0.01818, 'auc': 0.5}
test: {'epoch': 31, 'time_epoch': 0.002, 'loss': 17606.26757812, 'lr': 0, 'params': 78746, 'time_iter': 0.002, 'accuracy': 0.1, 'f1': 0.01818, 'auc': 0.5}
> Epoch 31: took 0.0s (avg 0.0s) | Best so far: epoch 0	train_loss: 2.3129 train_accuracy: 0.1000	val_loss: 18.4324 val_accuracy: 0.1000	test_loss: 18.4324 test_accuracy: 0.1000
train: {'epoch': 32, 'time_epoch': 0.006, 'eta': 1.85269, 'eta_hours': 0.00051, 'loss': 2.31291127, 'lr': 0.00064, 'params': 78746, 'time_iter': 0.006, 'accuracy': 0.1, 'f1': 0.01818, 'auc': 0.5}
val: {'epoch': 32, 'time_epoch': 0.003, 'loss': 27372.3125, 'lr': 0, 'params': 78746, 'time_iter': 0.003, 'accuracy': 0.1, 'f1': 0.01818, 'auc': 0.5}
test: {'epoch': 32, 'time_epoch': 0.002, 'loss': 27372.3125, 'lr': 0, 'params': 78746, 'time_iter': 0.002, 'accuracy': 0.1, 'f1': 0.01818, 'auc': 0.5}
> Epoch 32: took 0.0s (avg 0.0s) | Best so far: epoch 0	train_loss: 2.3129 train_accuracy: 0.1000	val_loss: 18.4324 val_accuracy: 0.1000	test_loss: 18.4324 test_accuracy: 0.1000
train: {'epoch': 33, 'time_epoch': 0.00651, 'eta': 1.81921, 'eta_hours': 0.00051, 'loss': 2.31291127, 'lr': 0.00066, 'params': 78746, 'time_iter': 0.00651, 'accuracy': 0.1, 'f1': 0.01818, 'auc': 0.5}
val: {'epoch': 33, 'time_epoch': 0.003, 'loss': 42501.76171875, 'lr': 0, 'params': 78746, 'time_iter': 0.003, 'accuracy': 0.1, 'f1': 0.01818, 'auc': 0.5}
test: {'epoch': 33, 'time_epoch': 0.002, 'loss': 42501.76171875, 'lr': 0, 'params': 78746, 'time_iter': 0.002, 'accuracy': 0.1, 'f1': 0.01818, 'auc': 0.5}
> Epoch 33: took 0.0s (avg 0.0s) | Best so far: epoch 0	train_loss: 2.3129 train_accuracy: 0.1000	val_loss: 18.4324 val_accuracy: 0.1000	test_loss: 18.4324 test_accuracy: 0.1000
train: {'epoch': 34, 'time_epoch': 0.007, 'eta': 1.78959, 'eta_hours': 0.0005, 'loss': 2.31291151, 'lr': 0.00068, 'params': 78746, 'time_iter': 0.007, 'accuracy': 0.1, 'f1': 0.01818, 'auc': 0.5}
val: {'epoch': 34, 'time_epoch': 0.003, 'loss': 70452.3203125, 'lr': 0, 'params': 78746, 'time_iter': 0.003, 'accuracy': 0.1, 'f1': 0.01818, 'auc': 0.5}
test: {'epoch': 34, 'time_epoch': 0.002, 'loss': 70452.3203125, 'lr': 0, 'params': 78746, 'time_iter': 0.002, 'accuracy': 0.1, 'f1': 0.01818, 'auc': 0.5}
> Epoch 34: took 0.0s (avg 0.0s) | Best so far: epoch 0	train_loss: 2.3129 train_accuracy: 0.1000	val_loss: 18.4324 val_accuracy: 0.1000	test_loss: 18.4324 test_accuracy: 0.1000
train: {'epoch': 35, 'time_epoch': 0.006, 'eta': 1.75666, 'eta_hours': 0.00049, 'loss': 2.31291175, 'lr': 0.0007, 'params': 78746, 'time_iter': 0.006, 'accuracy': 0.1, 'f1': 0.01818, 'auc': 0.5}
val: {'epoch': 35, 'time_epoch': 0.004, 'loss': 102163.328125, 'lr': 0, 'params': 78746, 'time_iter': 0.004, 'accuracy': 0.1, 'f1': 0.01818, 'auc': 0.5}
test: {'epoch': 35, 'time_epoch': 0.003, 'loss': 102163.328125, 'lr': 0, 'params': 78746, 'time_iter': 0.003, 'accuracy': 0.1, 'f1': 0.01818, 'auc': 0.5}
> Epoch 35: took 0.0s (avg 0.0s) | Best so far: epoch 0	train_loss: 2.3129 train_accuracy: 0.1000	val_loss: 18.4324 val_accuracy: 0.1000	test_loss: 18.4324 test_accuracy: 0.1000
train: {'epoch': 36, 'time_epoch': 0.00551, 'eta': 1.72302, 'eta_hours': 0.00048, 'loss': 2.31291223, 'lr': 0.00072, 'params': 78746, 'time_iter': 0.00551, 'accuracy': 0.1, 'f1': 0.01818, 'auc': 0.5}
val: {'epoch': 36, 'time_epoch': 0.003, 'loss': 140134.28125, 'lr': 0, 'params': 78746, 'time_iter': 0.003, 'accuracy': 0.1, 'f1': 0.01818, 'auc': 0.5}
test: {'epoch': 36, 'time_epoch': 0.003, 'loss': 140134.28125, 'lr': 0, 'params': 78746, 'time_iter': 0.003, 'accuracy': 0.1, 'f1': 0.01818, 'auc': 0.5}
> Epoch 36: took 0.0s (avg 0.0s) | Best so far: epoch 0	train_loss: 2.3129 train_accuracy: 0.1000	val_loss: 18.4324 val_accuracy: 0.1000	test_loss: 18.4324 test_accuracy: 0.1000
train: {'epoch': 37, 'time_epoch': 0.00566, 'eta': 1.69152, 'eta_hours': 0.00047, 'loss': 2.31291175, 'lr': 0.00074, 'params': 78746, 'time_iter': 0.00566, 'accuracy': 0.1, 'f1': 0.01818, 'auc': 0.5}
val: {'epoch': 37, 'time_epoch': 0.005, 'loss': 221764.5625, 'lr': 0, 'params': 78746, 'time_iter': 0.005, 'accuracy': 0.1, 'f1': 0.01818, 'auc': 0.5}
test: {'epoch': 37, 'time_epoch': 0.002, 'loss': 221764.5625, 'lr': 0, 'params': 78746, 'time_iter': 0.002, 'accuracy': 0.1, 'f1': 0.01818, 'auc': 0.5}
> Epoch 37: took 0.0s (avg 0.0s) | Best so far: epoch 0	train_loss: 2.3129 train_accuracy: 0.1000	val_loss: 18.4324 val_accuracy: 0.1000	test_loss: 18.4324 test_accuracy: 0.1000
train: {'epoch': 38, 'time_epoch': 0.007, 'eta': 1.66687, 'eta_hours': 0.00046, 'loss': 2.31291103, 'lr': 0.00076, 'params': 78746, 'time_iter': 0.007, 'accuracy': 0.1, 'f1': 0.01818, 'auc': 0.5}
val: {'epoch': 38, 'time_epoch': 0.004, 'loss': 298072.1875, 'lr': 0, 'params': 78746, 'time_iter': 0.004, 'accuracy': 0.1, 'f1': 0.01818, 'auc': 0.5}
test: {'epoch': 38, 'time_epoch': 0.002, 'loss': 298072.1875, 'lr': 0, 'params': 78746, 'time_iter': 0.002, 'accuracy': 0.1, 'f1': 0.01818, 'auc': 0.5}
> Epoch 38: took 0.0s (avg 0.0s) | Best so far: epoch 0	train_loss: 2.3129 train_accuracy: 0.1000	val_loss: 18.4324 val_accuracy: 0.1000	test_loss: 18.4324 test_accuracy: 0.1000
train: {'epoch': 39, 'time_epoch': 0.00551, 'eta': 1.63713, 'eta_hours': 0.00045, 'loss': 2.31291103, 'lr': 0.00078, 'params': 78746, 'time_iter': 0.00551, 'accuracy': 0.1, 'f1': 0.01818, 'auc': 0.5}
val: {'epoch': 39, 'time_epoch': 0.002, 'loss': 389193.9375, 'lr': 0, 'params': 78746, 'time_iter': 0.002, 'accuracy': 0.1, 'f1': 0.01818, 'auc': 0.5}
test: {'epoch': 39, 'time_epoch': 0.003, 'loss': 389193.9375, 'lr': 0, 'params': 78746, 'time_iter': 0.003, 'accuracy': 0.1, 'f1': 0.01818, 'auc': 0.5}
> Epoch 39: took 0.0s (avg 0.0s) | Best so far: epoch 0	train_loss: 2.3129 train_accuracy: 0.1000	val_loss: 18.4324 val_accuracy: 0.1000	test_loss: 18.4324 test_accuracy: 0.1000
train: {'epoch': 40, 'time_epoch': 0.006, 'eta': 1.61049, 'eta_hours': 0.00045, 'loss': 2.31291056, 'lr': 0.0008, 'params': 78746, 'time_iter': 0.006, 'accuracy': 0.1, 'f1': 0.01818, 'auc': 0.5}
val: {'epoch': 40, 'time_epoch': 0.002, 'loss': 552880.875, 'lr': 0, 'params': 78746, 'time_iter': 0.002, 'accuracy': 0.1, 'f1': 0.01818, 'auc': 0.5}
test: {'epoch': 40, 'time_epoch': 0.002, 'loss': 552880.875, 'lr': 0, 'params': 78746, 'time_iter': 0.002, 'accuracy': 0.1, 'f1': 0.01818, 'auc': 0.5}
> Epoch 40: took 0.0s (avg 0.0s) | Best so far: epoch 0	train_loss: 2.3129 train_accuracy: 0.1000	val_loss: 18.4324 val_accuracy: 0.1000	test_loss: 18.4324 test_accuracy: 0.1000
train: {'epoch': 41, 'time_epoch': 0.008, 'eta': 1.59234, 'eta_hours': 0.00044, 'loss': 2.31291127, 'lr': 0.00082, 'params': 78746, 'time_iter': 0.008, 'accuracy': 0.1, 'f1': 0.01818, 'auc': 0.5}
val: {'epoch': 41, 'time_epoch': 0.002, 'loss': 820006.5625, 'lr': 0, 'params': 78746, 'time_iter': 0.002, 'accuracy': 0.1, 'f1': 0.01818, 'auc': 0.5}
test: {'epoch': 41, 'time_epoch': 0.002, 'loss': 820006.5625, 'lr': 0, 'params': 78746, 'time_iter': 0.002, 'accuracy': 0.1, 'f1': 0.01818, 'auc': 0.5}
> Epoch 41: took 0.0s (avg 0.0s) | Best so far: epoch 0	train_loss: 2.3129 train_accuracy: 0.1000	val_loss: 18.4324 val_accuracy: 0.1000	test_loss: 18.4324 test_accuracy: 0.1000
train: {'epoch': 42, 'time_epoch': 0.0065, 'eta': 1.56922, 'eta_hours': 0.00044, 'loss': 2.31291103, 'lr': 0.00084, 'params': 78746, 'time_iter': 0.0065, 'accuracy': 0.1, 'f1': 0.01818, 'auc': 0.5}
val: {'epoch': 42, 'time_epoch': 0.002, 'loss': 1133472.875, 'lr': 0, 'params': 78746, 'time_iter': 0.002, 'accuracy': 0.1, 'f1': 0.01818, 'auc': 0.5}
test: {'epoch': 42, 'time_epoch': 0.003, 'loss': 1133472.875, 'lr': 0, 'params': 78746, 'time_iter': 0.003, 'accuracy': 0.1, 'f1': 0.01818, 'auc': 0.5}
> Epoch 42: took 0.0s (avg 0.0s) | Best so far: epoch 0	train_loss: 2.3129 train_accuracy: 0.1000	val_loss: 18.4324 val_accuracy: 0.1000	test_loss: 18.4324 test_accuracy: 0.1000
train: {'epoch': 43, 'time_epoch': 0.006, 'eta': 1.54506, 'eta_hours': 0.00043, 'loss': 2.31291056, 'lr': 0.00086, 'params': 78746, 'time_iter': 0.006, 'accuracy': 0.1, 'f1': 0.01818, 'auc': 0.5}
val: {'epoch': 43, 'time_epoch': 0.003, 'loss': 1633969.625, 'lr': 0, 'params': 78746, 'time_iter': 0.003, 'accuracy': 0.1, 'f1': 0.01818, 'auc': 0.5}
test: {'epoch': 43, 'time_epoch': 0.003, 'loss': 1633969.625, 'lr': 0, 'params': 78746, 'time_iter': 0.003, 'accuracy': 0.1, 'f1': 0.01818, 'auc': 0.5}
> Epoch 43: took 0.0s (avg 0.0s) | Best so far: epoch 0	train_loss: 2.3129 train_accuracy: 0.1000	val_loss: 18.4324 val_accuracy: 0.1000	test_loss: 18.4324 test_accuracy: 0.1000
train: {'epoch': 44, 'time_epoch': 0.006, 'eta': 1.5217, 'eta_hours': 0.00042, 'loss': 2.3129108, 'lr': 0.00088, 'params': 78746, 'time_iter': 0.006, 'accuracy': 0.1, 'f1': 0.01818, 'auc': 0.5}
val: {'epoch': 44, 'time_epoch': 0.002, 'loss': 2491788.0, 'lr': 0, 'params': 78746, 'time_iter': 0.002, 'accuracy': 0.1, 'f1': 0.01818, 'auc': 0.5}
test: {'epoch': 44, 'time_epoch': 0.003, 'loss': 2491788.0, 'lr': 0, 'params': 78746, 'time_iter': 0.003, 'accuracy': 0.1, 'f1': 0.01818, 'auc': 0.5}
> Epoch 44: took 0.0s (avg 0.0s) | Best so far: epoch 0	train_loss: 2.3129 train_accuracy: 0.1000	val_loss: 18.4324 val_accuracy: 0.1000	test_loss: 18.4324 test_accuracy: 0.1000
train: {'epoch': 45, 'time_epoch': 0.00651, 'eta': 1.5008, 'eta_hours': 0.00042, 'loss': 2.31291175, 'lr': 0.0009, 'params': 78746, 'time_iter': 0.00651, 'accuracy': 0.1, 'f1': 0.01818, 'auc': 0.5}
val: {'epoch': 45, 'time_epoch': 0.003, 'loss': 3696978.75, 'lr': 0, 'params': 78746, 'time_iter': 0.003, 'accuracy': 0.1, 'f1': 0.01818, 'auc': 0.5}
test: {'epoch': 45, 'time_epoch': 0.003, 'loss': 3696978.75, 'lr': 0, 'params': 78746, 'time_iter': 0.003, 'accuracy': 0.1, 'f1': 0.01818, 'auc': 0.5}
> Epoch 45: took 0.0s (avg 0.0s) | Best so far: epoch 0	train_loss: 2.3129 train_accuracy: 0.1000	val_loss: 18.4324 val_accuracy: 0.1000	test_loss: 18.4324 test_accuracy: 0.1000
train: {'epoch': 46, 'time_epoch': 0.006, 'eta': 1.47886, 'eta_hours': 0.00041, 'loss': 2.31291151, 'lr': 0.00092, 'params': 78746, 'time_iter': 0.006, 'accuracy': 0.1, 'f1': 0.01818, 'auc': 0.5}
val: {'epoch': 46, 'time_epoch': 0.002, 'loss': 5336441.0, 'lr': 0, 'params': 78746, 'time_iter': 0.002, 'accuracy': 0.1, 'f1': 0.01818, 'auc': 0.5}
test: {'epoch': 46, 'time_epoch': 0.002, 'loss': 5336441.0, 'lr': 0, 'params': 78746, 'time_iter': 0.002, 'accuracy': 0.1, 'f1': 0.01818, 'auc': 0.5}
> Epoch 46: took 0.0s (avg 0.0s) | Best so far: epoch 0	train_loss: 2.3129 train_accuracy: 0.1000	val_loss: 18.4324 val_accuracy: 0.1000	test_loss: 18.4324 test_accuracy: 0.1000
train: {'epoch': 47, 'time_epoch': 0.008, 'eta': 1.46392, 'eta_hours': 0.00041, 'loss': 2.31291175, 'lr': 0.00094, 'params': 78746, 'time_iter': 0.008, 'accuracy': 0.1, 'f1': 0.01818, 'auc': 0.5}
val: {'epoch': 47, 'time_epoch': 0.002, 'loss': 6309374.0, 'lr': 0, 'params': 78746, 'time_iter': 0.002, 'accuracy': 0.1, 'f1': 0.01818, 'auc': 0.5}
test: {'epoch': 47, 'time_epoch': 0.003, 'loss': 6309374.0, 'lr': 0, 'params': 78746, 'time_iter': 0.003, 'accuracy': 0.1, 'f1': 0.01818, 'auc': 0.5}
> Epoch 47: took 0.0s (avg 0.0s) | Best so far: epoch 0	train_loss: 2.3129 train_accuracy: 0.1000	val_loss: 18.4324 val_accuracy: 0.1000	test_loss: 18.4324 test_accuracy: 0.1000
train: {'epoch': 48, 'time_epoch': 0.00804, 'eta': 1.4494, 'eta_hours': 0.0004, 'loss': 2.31291175, 'lr': 0.00096, 'params': 78746, 'time_iter': 0.00804, 'accuracy': 0.1, 'f1': 0.01818, 'auc': 0.5}
val: {'epoch': 48, 'time_epoch': 0.003, 'loss': 7786426.0, 'lr': 0, 'params': 78746, 'time_iter': 0.003, 'accuracy': 0.1, 'f1': 0.01818, 'auc': 0.5}
test: {'epoch': 48, 'time_epoch': 0.002, 'loss': 7786426.0, 'lr': 0, 'params': 78746, 'time_iter': 0.002, 'accuracy': 0.1, 'f1': 0.01818, 'auc': 0.5}
> Epoch 48: took 0.0s (avg 0.0s) | Best so far: epoch 0	train_loss: 2.3129 train_accuracy: 0.1000	val_loss: 18.4324 val_accuracy: 0.1000	test_loss: 18.4324 test_accuracy: 0.1000
train: {'epoch': 49, 'time_epoch': 0.008, 'eta': 1.43501, 'eta_hours': 0.0004, 'loss': 2.31291103, 'lr': 0.00098, 'params': 78746, 'time_iter': 0.008, 'accuracy': 0.1, 'f1': 0.01818, 'auc': 0.5}
val: {'epoch': 49, 'time_epoch': 0.002, 'loss': 11078766.0, 'lr': 0, 'params': 78746, 'time_iter': 0.002, 'accuracy': 0.1, 'f1': 0.01818, 'auc': 0.5}
test: {'epoch': 49, 'time_epoch': 0.002, 'loss': 11078766.0, 'lr': 0, 'params': 78746, 'time_iter': 0.002, 'accuracy': 0.1, 'f1': 0.01818, 'auc': 0.5}
> Epoch 49: took 0.0s (avg 0.0s) | Best so far: epoch 0	train_loss: 2.3129 train_accuracy: 0.1000	val_loss: 18.4324 val_accuracy: 0.1000	test_loss: 18.4324 test_accuracy: 0.1000
train: {'epoch': 50, 'time_epoch': 0.006, 'eta': 1.41502, 'eta_hours': 0.00039, 'loss': 2.31291151, 'lr': 0.001, 'params': 78746, 'time_iter': 0.006, 'accuracy': 0.1, 'f1': 0.01818, 'auc': 0.5}
val: {'epoch': 50, 'time_epoch': 0.002, 'loss': 15384516.0, 'lr': 0, 'params': 78746, 'time_iter': 0.002, 'accuracy': 0.1, 'f1': 0.01818, 'auc': 0.5}
test: {'epoch': 50, 'time_epoch': 0.003, 'loss': 15384516.0, 'lr': 0, 'params': 78746, 'time_iter': 0.003, 'accuracy': 0.1, 'f1': 0.01818, 'auc': 0.5}
> Epoch 50: took 0.0s (avg 0.0s) | Best so far: epoch 0	train_loss: 2.3129 train_accuracy: 0.1000	val_loss: 18.4324 val_accuracy: 0.1000	test_loss: 18.4324 test_accuracy: 0.1000
train: {'epoch': 51, 'time_epoch': 0.00551, 'eta': 1.39417, 'eta_hours': 0.00039, 'loss': 2.31291103, 'lr': 0.00099989, 'params': 78746, 'time_iter': 0.00551, 'accuracy': 0.1, 'f1': 0.01818, 'auc': 0.5}
val: {'epoch': 51, 'time_epoch': 0.002, 'loss': 20215442.0, 'lr': 0, 'params': 78746, 'time_iter': 0.002, 'accuracy': 0.1, 'f1': 0.01818, 'auc': 0.5}
test: {'epoch': 51, 'time_epoch': 0.003, 'loss': 20215442.0, 'lr': 0, 'params': 78746, 'time_iter': 0.003, 'accuracy': 0.1, 'f1': 0.01818, 'auc': 0.5}
> Epoch 51: took 0.0s (avg 0.0s) | Best so far: epoch 0	train_loss: 2.3129 train_accuracy: 0.1000	val_loss: 18.4324 val_accuracy: 0.1000	test_loss: 18.4324 test_accuracy: 0.1000
train: {'epoch': 52, 'time_epoch': 0.007, 'eta': 1.37804, 'eta_hours': 0.00038, 'loss': 2.31291175, 'lr': 0.00099956, 'params': 78746, 'time_iter': 0.007, 'accuracy': 0.1, 'f1': 0.01818, 'auc': 0.5}
val: {'epoch': 52, 'time_epoch': 0.003, 'loss': 25958790.0, 'lr': 0, 'params': 78746, 'time_iter': 0.003, 'accuracy': 0.1, 'f1': 0.01818, 'auc': 0.5}
test: {'epoch': 52, 'time_epoch': 0.004, 'loss': 25958790.0, 'lr': 0, 'params': 78746, 'time_iter': 0.004, 'accuracy': 0.1, 'f1': 0.01818, 'auc': 0.5}
> Epoch 52: took 0.0s (avg 0.0s) | Best so far: epoch 0	train_loss: 2.3129 train_accuracy: 0.1000	val_loss: 18.4324 val_accuracy: 0.1000	test_loss: 18.4324 test_accuracy: 0.1000
train: {'epoch': 53, 'time_epoch': 0.006, 'eta': 1.35954, 'eta_hours': 0.00038, 'loss': 2.31291103, 'lr': 0.00099901, 'params': 78746, 'time_iter': 0.006, 'accuracy': 0.1, 'f1': 0.01818, 'auc': 0.5}
val: {'epoch': 53, 'time_epoch': 0.002, 'loss': 33980144.0, 'lr': 0, 'params': 78746, 'time_iter': 0.002, 'accuracy': 0.1, 'f1': 0.01818, 'auc': 0.5}
test: {'epoch': 53, 'time_epoch': 0.002, 'loss': 33980144.0, 'lr': 0, 'params': 78746, 'time_iter': 0.002, 'accuracy': 0.1, 'f1': 0.01818, 'auc': 0.5}
> Epoch 53: took 0.0s (avg 0.0s) | Best so far: epoch 0	train_loss: 2.3129 train_accuracy: 0.1000	val_loss: 18.4324 val_accuracy: 0.1000	test_loss: 18.4324 test_accuracy: 0.1000
train: {'epoch': 54, 'time_epoch': 0.00751, 'eta': 1.34547, 'eta_hours': 0.00037, 'loss': 2.31291175, 'lr': 0.00099825, 'params': 78746, 'time_iter': 0.00751, 'accuracy': 0.1, 'f1': 0.01818, 'auc': 0.5}
val: {'epoch': 54, 'time_epoch': 0.003, 'loss': 51562628.0, 'lr': 0, 'params': 78746, 'time_iter': 0.003, 'accuracy': 0.1, 'f1': 0.01818, 'auc': 0.5}
test: {'epoch': 54, 'time_epoch': 0.002, 'loss': 51562628.0, 'lr': 0, 'params': 78746, 'time_iter': 0.002, 'accuracy': 0.1, 'f1': 0.01818, 'auc': 0.5}
> Epoch 54: took 0.0s (avg 0.0s) | Best so far: epoch 0	train_loss: 2.3129 train_accuracy: 0.1000	val_loss: 18.4324 val_accuracy: 0.1000	test_loss: 18.4324 test_accuracy: 0.1000
train: {'epoch': 55, 'time_epoch': 0.007, 'eta': 1.33033, 'eta_hours': 0.00037, 'loss': 2.31291151, 'lr': 0.00099726, 'params': 78746, 'time_iter': 0.007, 'accuracy': 0.1, 'f1': 0.01818, 'auc': 0.5}
val: {'epoch': 55, 'time_epoch': 0.003, 'loss': 79776160.0, 'lr': 0, 'params': 78746, 'time_iter': 0.003, 'accuracy': 0.1, 'f1': 0.01818, 'auc': 0.5}
test: {'epoch': 55, 'time_epoch': 0.002, 'loss': 79776160.0, 'lr': 0, 'params': 78746, 'time_iter': 0.002, 'accuracy': 0.1, 'f1': 0.01818, 'auc': 0.5}
> Epoch 55: took 0.0s (avg 0.0s) | Best so far: epoch 0	train_loss: 2.3129 train_accuracy: 0.1000	val_loss: 18.4324 val_accuracy: 0.1000	test_loss: 18.4324 test_accuracy: 0.1000
train: {'epoch': 56, 'time_epoch': 0.007, 'eta': 1.31547, 'eta_hours': 0.00037, 'loss': 2.3129108, 'lr': 0.00099606, 'params': 78746, 'time_iter': 0.007, 'accuracy': 0.1, 'f1': 0.01818, 'auc': 0.5}
val: {'epoch': 56, 'time_epoch': 0.004, 'loss': 122355552.0, 'lr': 0, 'params': 78746, 'time_iter': 0.004, 'accuracy': 0.1, 'f1': 0.01818, 'auc': 0.5}
test: {'epoch': 56, 'time_epoch': 0.002, 'loss': 122355552.0, 'lr': 0, 'params': 78746, 'time_iter': 0.002, 'accuracy': 0.1, 'f1': 0.01818, 'auc': 0.5}
> Epoch 56: took 0.0s (avg 0.0s) | Best so far: epoch 0	train_loss: 2.3129 train_accuracy: 0.1000	val_loss: 18.4324 val_accuracy: 0.1000	test_loss: 18.4324 test_accuracy: 0.1000
train: {'epoch': 57, 'time_epoch': 0.00651, 'eta': 1.29968, 'eta_hours': 0.00036, 'loss': 2.31291151, 'lr': 0.00099464, 'params': 78746, 'time_iter': 0.00651, 'accuracy': 0.1, 'f1': 0.01818, 'auc': 0.5}
val: {'epoch': 57, 'time_epoch': 0.003, 'loss': 177394192.0, 'lr': 0, 'params': 78746, 'time_iter': 0.003, 'accuracy': 0.1, 'f1': 0.01818, 'auc': 0.5}
test: {'epoch': 57, 'time_epoch': 0.003, 'loss': 177394192.0, 'lr': 0, 'params': 78746, 'time_iter': 0.003, 'accuracy': 0.1, 'f1': 0.01818, 'auc': 0.5}
> Epoch 57: took 0.0s (avg 0.0s) | Best so far: epoch 0	train_loss: 2.3129 train_accuracy: 0.1000	val_loss: 18.4324 val_accuracy: 0.1000	test_loss: 18.4324 test_accuracy: 0.1000
train: {'epoch': 58, 'time_epoch': 0.006, 'eta': 1.28299, 'eta_hours': 0.00036, 'loss': 2.31291056, 'lr': 0.000993, 'params': 78746, 'time_iter': 0.006, 'accuracy': 0.1, 'f1': 0.01818, 'auc': 0.5}
val: {'epoch': 58, 'time_epoch': 0.003, 'loss': 263426320.0, 'lr': 0, 'params': 78746, 'time_iter': 0.003, 'accuracy': 0.1, 'f1': 0.01818, 'auc': 0.5}
test: {'epoch': 58, 'time_epoch': 0.003, 'loss': 263426320.0, 'lr': 0, 'params': 78746, 'time_iter': 0.003, 'accuracy': 0.1, 'f1': 0.01818, 'auc': 0.5}
> Epoch 58: took 0.0s (avg 0.0s) | Best so far: epoch 0	train_loss: 2.3129 train_accuracy: 0.1000	val_loss: 18.4324 val_accuracy: 0.1000	test_loss: 18.4324 test_accuracy: 0.1000
train: {'epoch': 59, 'time_epoch': 0.007, 'eta': 1.26899, 'eta_hours': 0.00035, 'loss': 2.31291175, 'lr': 0.00099114, 'params': 78746, 'time_iter': 0.007, 'accuracy': 0.1, 'f1': 0.01818, 'auc': 0.5}
val: {'epoch': 59, 'time_epoch': 0.002, 'loss': 378766048.0, 'lr': 0, 'params': 78746, 'time_iter': 0.002, 'accuracy': 0.1, 'f1': 0.01818, 'auc': 0.5}
test: {'epoch': 59, 'time_epoch': 0.002, 'loss': 378766048.0, 'lr': 0, 'params': 78746, 'time_iter': 0.002, 'accuracy': 0.1, 'f1': 0.01818, 'auc': 0.5}
> Epoch 59: took 0.0s (avg 0.0s) | Best so far: epoch 0	train_loss: 2.3129 train_accuracy: 0.1000	val_loss: 18.4324 val_accuracy: 0.1000	test_loss: 18.4324 test_accuracy: 0.1000
train: {'epoch': 60, 'time_epoch': 0.00551, 'eta': 1.25181, 'eta_hours': 0.00035, 'loss': 2.31291199, 'lr': 0.00098907, 'params': 78746, 'time_iter': 0.00551, 'accuracy': 0.1, 'f1': 0.01818, 'auc': 0.5}
val: {'epoch': 60, 'time_epoch': 0.003, 'loss': 515997568.0, 'lr': 0, 'params': 78746, 'time_iter': 0.003, 'accuracy': 0.1, 'f1': 0.01818, 'auc': 0.5}
test: {'epoch': 60, 'time_epoch': 0.002, 'loss': 515997568.0, 'lr': 0, 'params': 78746, 'time_iter': 0.002, 'accuracy': 0.1, 'f1': 0.01818, 'auc': 0.5}
> Epoch 60: took 0.0s (avg 0.0s) | Best so far: epoch 0	train_loss: 2.3129 train_accuracy: 0.1000	val_loss: 18.4324 val_accuracy: 0.1000	test_loss: 18.4324 test_accuracy: 0.1000
train: {'epoch': 61, 'time_epoch': 0.006, 'eta': 1.23612, 'eta_hours': 0.00034, 'loss': 2.31291127, 'lr': 0.00098679, 'params': 78746, 'time_iter': 0.006, 'accuracy': 0.1, 'f1': 0.01818, 'auc': 0.5}
val: {'epoch': 61, 'time_epoch': 0.003, 'loss': 688011584.0, 'lr': 0, 'params': 78746, 'time_iter': 0.003, 'accuracy': 0.1, 'f1': 0.01818, 'auc': 0.5}
test: {'epoch': 61, 'time_epoch': 0.004, 'loss': 688011584.0, 'lr': 0, 'params': 78746, 'time_iter': 0.004, 'accuracy': 0.1, 'f1': 0.01818, 'auc': 0.5}
> Epoch 61: took 0.0s (avg 0.0s) | Best so far: epoch 0	train_loss: 2.3129 train_accuracy: 0.1000	val_loss: 18.4324 val_accuracy: 0.1000	test_loss: 18.4324 test_accuracy: 0.1000
train: {'epoch': 62, 'time_epoch': 0.008, 'eta': 1.22508, 'eta_hours': 0.00034, 'loss': 2.3129108, 'lr': 0.00098429, 'params': 78746, 'time_iter': 0.008, 'accuracy': 0.1, 'f1': 0.01818, 'auc': 0.5}
val: {'epoch': 62, 'time_epoch': 0.002, 'loss': 922841664.0, 'lr': 0, 'params': 78746, 'time_iter': 0.002, 'accuracy': 0.1, 'f1': 0.01818, 'auc': 0.5}
test: {'epoch': 62, 'time_epoch': 0.003, 'loss': 922841664.0, 'lr': 0, 'params': 78746, 'time_iter': 0.003, 'accuracy': 0.1, 'f1': 0.01818, 'auc': 0.5}
> Epoch 62: took 0.0s (avg 0.0s) | Best so far: epoch 0	train_loss: 2.3129 train_accuracy: 0.1000	val_loss: 18.4324 val_accuracy: 0.1000	test_loss: 18.4324 test_accuracy: 0.1000
train: {'epoch': 63, 'time_epoch': 0.00651, 'eta': 1.21096, 'eta_hours': 0.00034, 'loss': 2.31291103, 'lr': 0.00098158, 'params': 78746, 'time_iter': 0.00651, 'accuracy': 0.1, 'f1': 0.01818, 'auc': 0.5}
val: {'epoch': 63, 'time_epoch': 0.004, 'loss': 1203912832.0, 'lr': 0, 'params': 78746, 'time_iter': 0.004, 'accuracy': 0.1, 'f1': 0.01818, 'auc': 0.5}
test: {'epoch': 63, 'time_epoch': 0.002, 'loss': 1203912832.0, 'lr': 0, 'params': 78746, 'time_iter': 0.002, 'accuracy': 0.1, 'f1': 0.01818, 'auc': 0.5}
> Epoch 63: took 0.0s (avg 0.0s) | Best so far: epoch 0	train_loss: 2.3129 train_accuracy: 0.1000	val_loss: 18.4324 val_accuracy: 0.1000	test_loss: 18.4324 test_accuracy: 0.1000
train: {'epoch': 64, 'time_epoch': 0.006, 'eta': 1.19603, 'eta_hours': 0.00033, 'loss': 2.31291175, 'lr': 0.00097866, 'params': 78746, 'time_iter': 0.006, 'accuracy': 0.1, 'f1': 0.01818, 'auc': 0.5}
val: {'epoch': 64, 'time_epoch': 0.002, 'loss': 1576478720.0, 'lr': 0, 'params': 78746, 'time_iter': 0.002, 'accuracy': 0.1, 'f1': 0.01818, 'auc': 0.5}
test: {'epoch': 64, 'time_epoch': 0.002, 'loss': 1576478720.0, 'lr': 0, 'params': 78746, 'time_iter': 0.002, 'accuracy': 0.1, 'f1': 0.01818, 'auc': 0.5}
> Epoch 64: took 0.0s (avg 0.0s) | Best so far: epoch 0	train_loss: 2.3129 train_accuracy: 0.1000	val_loss: 18.4324 val_accuracy: 0.1000	test_loss: 18.4324 test_accuracy: 0.1000
train: {'epoch': 65, 'time_epoch': 0.007, 'eta': 1.18339, 'eta_hours': 0.00033, 'loss': 2.3129108, 'lr': 0.00097553, 'params': 78746, 'time_iter': 0.007, 'accuracy': 0.1, 'f1': 0.01818, 'auc': 0.5}
val: {'epoch': 65, 'time_epoch': 0.002, 'loss': 1928001792.0, 'lr': 0, 'params': 78746, 'time_iter': 0.002, 'accuracy': 0.1, 'f1': 0.01818, 'auc': 0.5}
test: {'epoch': 65, 'time_epoch': 0.003, 'loss': 1928001792.0, 'lr': 0, 'params': 78746, 'time_iter': 0.003, 'accuracy': 0.1, 'f1': 0.01818, 'auc': 0.5}
> Epoch 65: took 0.0s (avg 0.0s) | Best so far: epoch 0	train_loss: 2.3129 train_accuracy: 0.1000	val_loss: 18.4324 val_accuracy: 0.1000	test_loss: 18.4324 test_accuracy: 0.1000
train: {'epoch': 66, 'time_epoch': 0.0065, 'eta': 1.16993, 'eta_hours': 0.00032, 'loss': 2.31291103, 'lr': 0.00097219, 'params': 78746, 'time_iter': 0.0065, 'accuracy': 0.1, 'f1': 0.01818, 'auc': 0.5}
val: {'epoch': 66, 'time_epoch': 0.002, 'loss': 2479035648.0, 'lr': 0, 'params': 78746, 'time_iter': 0.002, 'accuracy': 0.1, 'f1': 0.01818, 'auc': 0.5}
test: {'epoch': 66, 'time_epoch': 0.002, 'loss': 2479035648.0, 'lr': 0, 'params': 78746, 'time_iter': 0.002, 'accuracy': 0.1, 'f1': 0.01818, 'auc': 0.5}
> Epoch 66: took 0.0s (avg 0.0s) | Best so far: epoch 0	train_loss: 2.3129 train_accuracy: 0.1000	val_loss: 18.4324 val_accuracy: 0.1000	test_loss: 18.4324 test_accuracy: 0.1000
train: {'epoch': 67, 'time_epoch': 0.006, 'eta': 1.15571, 'eta_hours': 0.00032, 'loss': 2.31291199, 'lr': 0.00096864, 'params': 78746, 'time_iter': 0.006, 'accuracy': 0.1, 'f1': 0.01818, 'auc': 0.5}
val: {'epoch': 67, 'time_epoch': 0.002, 'loss': 3169123072.0, 'lr': 0, 'params': 78746, 'time_iter': 0.002, 'accuracy': 0.1, 'f1': 0.01818, 'auc': 0.5}
test: {'epoch': 67, 'time_epoch': 0.003, 'loss': 3169123072.0, 'lr': 0, 'params': 78746, 'time_iter': 0.003, 'accuracy': 0.1, 'f1': 0.01818, 'auc': 0.5}
> Epoch 67: took 0.0s (avg 0.0s) | Best so far: epoch 0	train_loss: 2.3129 train_accuracy: 0.1000	val_loss: 18.4324 val_accuracy: 0.1000	test_loss: 18.4324 test_accuracy: 0.1000
train: {'epoch': 68, 'time_epoch': 0.007, 'eta': 1.14362, 'eta_hours': 0.00032, 'loss': 2.31291127, 'lr': 0.00096489, 'params': 78746, 'time_iter': 0.007, 'accuracy': 0.1, 'f1': 0.01818, 'auc': 0.5}
val: {'epoch': 68, 'time_epoch': 0.003, 'loss': 4025222912.0, 'lr': 0, 'params': 78746, 'time_iter': 0.003, 'accuracy': 0.1, 'f1': 0.01818, 'auc': 0.5}
test: {'epoch': 68, 'time_epoch': 0.003, 'loss': 4025222912.0, 'lr': 0, 'params': 78746, 'time_iter': 0.003, 'accuracy': 0.1, 'f1': 0.01818, 'auc': 0.5}
> Epoch 68: took 0.0s (avg 0.0s) | Best so far: epoch 0	train_loss: 2.3129 train_accuracy: 0.1000	val_loss: 18.4324 val_accuracy: 0.1000	test_loss: 18.4324 test_accuracy: 0.1000
train: {'epoch': 69, 'time_epoch': 0.00751, 'eta': 1.13262, 'eta_hours': 0.00031, 'loss': 2.31291103, 'lr': 0.00096093, 'params': 78746, 'time_iter': 0.00751, 'accuracy': 0.1, 'f1': 0.01818, 'auc': 0.5}
val: {'epoch': 69, 'time_epoch': 0.003, 'loss': 5129425408.0, 'lr': 0, 'params': 78746, 'time_iter': 0.003, 'accuracy': 0.1, 'f1': 0.01818, 'auc': 0.5}
test: {'epoch': 69, 'time_epoch': 0.003, 'loss': 5129425408.0, 'lr': 0, 'params': 78746, 'time_iter': 0.003, 'accuracy': 0.1, 'f1': 0.01818, 'auc': 0.5}
> Epoch 69: took 0.0s (avg 0.0s) | Best so far: epoch 0	train_loss: 2.3129 train_accuracy: 0.1000	val_loss: 18.4324 val_accuracy: 0.1000	test_loss: 18.4324 test_accuracy: 0.1000
train: {'epoch': 70, 'time_epoch': 0.007, 'eta': 1.12079, 'eta_hours': 0.00031, 'loss': 2.31291151, 'lr': 0.00095677, 'params': 78746, 'time_iter': 0.007, 'accuracy': 0.1, 'f1': 0.01818, 'auc': 0.5}
val: {'epoch': 70, 'time_epoch': 0.002, 'loss': 7111708160.0, 'lr': 0, 'params': 78746, 'time_iter': 0.002, 'accuracy': 0.1, 'f1': 0.01818, 'auc': 0.5}
test: {'epoch': 70, 'time_epoch': 0.002, 'loss': 7111708160.0, 'lr': 0, 'params': 78746, 'time_iter': 0.002, 'accuracy': 0.1, 'f1': 0.01818, 'auc': 0.5}
> Epoch 70: took 0.0s (avg 0.0s) | Best so far: epoch 0	train_loss: 2.3129 train_accuracy: 0.1000	val_loss: 18.4324 val_accuracy: 0.1000	test_loss: 18.4324 test_accuracy: 0.1000
train: {'epoch': 71, 'time_epoch': 0.006, 'eta': 1.10732, 'eta_hours': 0.00031, 'loss': 2.31291175, 'lr': 0.00095241, 'params': 78746, 'time_iter': 0.006, 'accuracy': 0.1, 'f1': 0.01818, 'auc': 0.5}
val: {'epoch': 71, 'time_epoch': 0.002, 'loss': 9194883072.0, 'lr': 0, 'params': 78746, 'time_iter': 0.002, 'accuracy': 0.1, 'f1': 0.01818, 'auc': 0.5}
test: {'epoch': 71, 'time_epoch': 0.002, 'loss': 9194883072.0, 'lr': 0, 'params': 78746, 'time_iter': 0.002, 'accuracy': 0.1, 'f1': 0.01818, 'auc': 0.5}
> Epoch 71: took 0.0s (avg 0.0s) | Best so far: epoch 0	train_loss: 2.3129 train_accuracy: 0.1000	val_loss: 18.4324 val_accuracy: 0.1000	test_loss: 18.4324 test_accuracy: 0.1000
train: {'epoch': 72, 'time_epoch': 0.00551, 'eta': 1.0932, 'eta_hours': 0.0003, 'loss': 2.31291103, 'lr': 0.00094786, 'params': 78746, 'time_iter': 0.00551, 'accuracy': 0.1, 'f1': 0.01818, 'auc': 0.5}
val: {'epoch': 72, 'time_epoch': 0.004, 'loss': 11545710592.0, 'lr': 0, 'params': 78746, 'time_iter': 0.004, 'accuracy': 0.1, 'f1': 0.01818, 'auc': 0.5}
test: {'epoch': 72, 'time_epoch': 0.002, 'loss': 11545710592.0, 'lr': 0, 'params': 78746, 'time_iter': 0.002, 'accuracy': 0.1, 'f1': 0.01818, 'auc': 0.5}
> Epoch 72: took 0.0s (avg 0.0s) | Best so far: epoch 0	train_loss: 2.3129 train_accuracy: 0.1000	val_loss: 18.4324 val_accuracy: 0.1000	test_loss: 18.4324 test_accuracy: 0.1000
train: {'epoch': 73, 'time_epoch': 0.006, 'eta': 1.08015, 'eta_hours': 0.0003, 'loss': 2.31291127, 'lr': 0.0009431, 'params': 78746, 'time_iter': 0.006, 'accuracy': 0.1, 'f1': 0.01818, 'auc': 0.5}
val: {'epoch': 73, 'time_epoch': 0.003, 'loss': 16567835648.0, 'lr': 0, 'params': 78746, 'time_iter': 0.003, 'accuracy': 0.1, 'f1': 0.01818, 'auc': 0.5}
test: {'epoch': 73, 'time_epoch': 0.003, 'loss': 16567835648.0, 'lr': 0, 'params': 78746, 'time_iter': 0.003, 'accuracy': 0.1, 'f1': 0.01818, 'auc': 0.5}
> Epoch 73: took 0.0s (avg 0.0s) | Best so far: epoch 0	train_loss: 2.3129 train_accuracy: 0.1000	val_loss: 18.4324 val_accuracy: 0.1000	test_loss: 18.4324 test_accuracy: 0.1000
train: {'epoch': 74, 'time_epoch': 0.006, 'eta': 1.06728, 'eta_hours': 0.0003, 'loss': 2.31291103, 'lr': 0.00093815, 'params': 78746, 'time_iter': 0.006, 'accuracy': 0.1, 'f1': 0.01818, 'auc': 0.5}
val: {'epoch': 74, 'time_epoch': 0.002, 'loss': 22832308224.0, 'lr': 0, 'params': 78746, 'time_iter': 0.002, 'accuracy': 0.1, 'f1': 0.01818, 'auc': 0.5}
test: {'epoch': 74, 'time_epoch': 0.002, 'loss': 22832308224.0, 'lr': 0, 'params': 78746, 'time_iter': 0.002, 'accuracy': 0.1, 'f1': 0.01818, 'auc': 0.5}
> Epoch 74: took 0.0s (avg 0.0s) | Best so far: epoch 0	train_loss: 2.3129 train_accuracy: 0.1000	val_loss: 18.4324 val_accuracy: 0.1000	test_loss: 18.4324 test_accuracy: 0.1000
train: {'epoch': 75, 'time_epoch': 0.006, 'eta': 1.0546, 'eta_hours': 0.00029, 'loss': 2.31291151, 'lr': 0.00093301, 'params': 78746, 'time_iter': 0.006, 'accuracy': 0.1, 'f1': 0.01818, 'auc': 0.5}
val: {'epoch': 75, 'time_epoch': 0.002, 'loss': 26745110528.0, 'lr': 0, 'params': 78746, 'time_iter': 0.002, 'accuracy': 0.1, 'f1': 0.01818, 'auc': 0.5}
test: {'epoch': 75, 'time_epoch': 0.003, 'loss': 26745110528.0, 'lr': 0, 'params': 78746, 'time_iter': 0.003, 'accuracy': 0.1, 'f1': 0.01818, 'auc': 0.5}
> Epoch 75: took 0.0s (avg 0.0s) | Best so far: epoch 0	train_loss: 2.3129 train_accuracy: 0.1000	val_loss: 18.4324 val_accuracy: 0.1000	test_loss: 18.4324 test_accuracy: 0.1000
train: {'epoch': 76, 'time_epoch': 0.008, 'eta': 1.04529, 'eta_hours': 0.00029, 'loss': 2.31291127, 'lr': 0.00092768, 'params': 78746, 'time_iter': 0.008, 'accuracy': 0.1, 'f1': 0.01818, 'auc': 0.5}
val: {'epoch': 76, 'time_epoch': 0.002, 'loss': 34972954624.0, 'lr': 0, 'params': 78746, 'time_iter': 0.002, 'accuracy': 0.1, 'f1': 0.01818, 'auc': 0.5}
test: {'epoch': 76, 'time_epoch': 0.002, 'loss': 34972954624.0, 'lr': 0, 'params': 78746, 'time_iter': 0.002, 'accuracy': 0.1, 'f1': 0.01818, 'auc': 0.5}
> Epoch 76: took 0.0s (avg 0.0s) | Best so far: epoch 0	train_loss: 2.3129 train_accuracy: 0.1000	val_loss: 18.4324 val_accuracy: 0.1000	test_loss: 18.4324 test_accuracy: 0.1000
train: {'epoch': 77, 'time_epoch': 0.007, 'eta': 1.03445, 'eta_hours': 0.00029, 'loss': 2.31291127, 'lr': 0.00092216, 'params': 78746, 'time_iter': 0.007, 'accuracy': 0.1, 'f1': 0.01818, 'auc': 0.5}
val: {'epoch': 77, 'time_epoch': 0.002, 'loss': 47750316032.0, 'lr': 0, 'params': 78746, 'time_iter': 0.002, 'accuracy': 0.1, 'f1': 0.01818, 'auc': 0.5}
test: {'epoch': 77, 'time_epoch': 0.003, 'loss': 47750316032.0, 'lr': 0, 'params': 78746, 'time_iter': 0.003, 'accuracy': 0.1, 'f1': 0.01818, 'auc': 0.5}
> Epoch 77: took 0.0s (avg 0.0s) | Best so far: epoch 0	train_loss: 2.3129 train_accuracy: 0.1000	val_loss: 18.4324 val_accuracy: 0.1000	test_loss: 18.4324 test_accuracy: 0.1000
train: {'epoch': 78, 'time_epoch': 0.007, 'eta': 1.0237, 'eta_hours': 0.00028, 'loss': 2.31291127, 'lr': 0.00091646, 'params': 78746, 'time_iter': 0.007, 'accuracy': 0.1, 'f1': 0.01818, 'auc': 0.5}
val: {'epoch': 78, 'time_epoch': 0.003, 'loss': 73317859328.0, 'lr': 0, 'params': 78746, 'time_iter': 0.003, 'accuracy': 0.1, 'f1': 0.01818, 'auc': 0.5}
test: {'epoch': 78, 'time_epoch': 0.002, 'loss': 73317859328.0, 'lr': 0, 'params': 78746, 'time_iter': 0.002, 'accuracy': 0.1, 'f1': 0.01818, 'auc': 0.5}
> Epoch 78: took 0.0s (avg 0.0s) | Best so far: epoch 0	train_loss: 2.3129 train_accuracy: 0.1000	val_loss: 18.4324 val_accuracy: 0.1000	test_loss: 18.4324 test_accuracy: 0.1000
train: {'epoch': 79, 'time_epoch': 0.008, 'eta': 1.01455, 'eta_hours': 0.00028, 'loss': 2.31291151, 'lr': 0.00091057, 'params': 78746, 'time_iter': 0.008, 'accuracy': 0.1, 'f1': 0.01818, 'auc': 0.5}
val: {'epoch': 79, 'time_epoch': 0.002, 'loss': 105004179456.0, 'lr': 0, 'params': 78746, 'time_iter': 0.002, 'accuracy': 0.1, 'f1': 0.01818, 'auc': 0.5}
test: {'epoch': 79, 'time_epoch': 0.003, 'loss': 105004179456.0, 'lr': 0, 'params': 78746, 'time_iter': 0.003, 'accuracy': 0.1, 'f1': 0.01818, 'auc': 0.5}
> Epoch 79: took 0.0s (avg 0.0s) | Best so far: epoch 0	train_loss: 2.3129 train_accuracy: 0.1000	val_loss: 18.4324 val_accuracy: 0.1000	test_loss: 18.4324 test_accuracy: 0.1000
train: {'epoch': 80, 'time_epoch': 0.006, 'eta': 1.00249, 'eta_hours': 0.00028, 'loss': 2.3129108, 'lr': 0.00090451, 'params': 78746, 'time_iter': 0.006, 'accuracy': 0.1, 'f1': 0.01818, 'auc': 0.5}
val: {'epoch': 80, 'time_epoch': 0.003, 'loss': 154794180608.0, 'lr': 0, 'params': 78746, 'time_iter': 0.003, 'accuracy': 0.1, 'f1': 0.01818, 'auc': 0.5}
test: {'epoch': 80, 'time_epoch': 0.002, 'loss': 154794180608.0, 'lr': 0, 'params': 78746, 'time_iter': 0.002, 'accuracy': 0.1, 'f1': 0.01818, 'auc': 0.5}
> Epoch 80: took 0.0s (avg 0.0s) | Best so far: epoch 0	train_loss: 2.3129 train_accuracy: 0.1000	val_loss: 18.4324 val_accuracy: 0.1000	test_loss: 18.4324 test_accuracy: 0.1000
train: {'epoch': 81, 'time_epoch': 0.007, 'eta': 0.99202, 'eta_hours': 0.00028, 'loss': 2.3129108, 'lr': 0.00089826, 'params': 78746, 'time_iter': 0.007, 'accuracy': 0.1, 'f1': 0.01818, 'auc': 0.5}
val: {'epoch': 81, 'time_epoch': 0.002, 'loss': 199631028224.0, 'lr': 0, 'params': 78746, 'time_iter': 0.002, 'accuracy': 0.1, 'f1': 0.01818, 'auc': 0.5}
test: {'epoch': 81, 'time_epoch': 0.003, 'loss': 199631028224.0, 'lr': 0, 'params': 78746, 'time_iter': 0.003, 'accuracy': 0.1, 'f1': 0.01818, 'auc': 0.5}
> Epoch 81: took 0.0s (avg 0.0s) | Best so far: epoch 0	train_loss: 2.3129 train_accuracy: 0.1000	val_loss: 18.4324 val_accuracy: 0.1000	test_loss: 18.4324 test_accuracy: 0.1000
train: {'epoch': 82, 'time_epoch': 0.006, 'eta': 0.98022, 'eta_hours': 0.00027, 'loss': 2.31291151, 'lr': 0.00089185, 'params': 78746, 'time_iter': 0.006, 'accuracy': 0.1, 'f1': 0.01818, 'auc': 0.5}
val: {'epoch': 82, 'time_epoch': 0.003, 'loss': 303039217664.0, 'lr': 0, 'params': 78746, 'time_iter': 0.003, 'accuracy': 0.1, 'f1': 0.01818, 'auc': 0.5}
test: {'epoch': 82, 'time_epoch': 0.002, 'loss': 303039217664.0, 'lr': 0, 'params': 78746, 'time_iter': 0.002, 'accuracy': 0.1, 'f1': 0.01818, 'auc': 0.5}
> Epoch 82: took 0.0s (avg 0.0s) | Best so far: epoch 0	train_loss: 2.3129 train_accuracy: 0.1000	val_loss: 18.4324 val_accuracy: 0.1000	test_loss: 18.4324 test_accuracy: 0.1000
train: {'epoch': 83, 'time_epoch': 0.007, 'eta': 0.96995, 'eta_hours': 0.00027, 'loss': 2.3129108, 'lr': 0.00088526, 'params': 78746, 'time_iter': 0.007, 'accuracy': 0.1, 'f1': 0.01818, 'auc': 0.5}
val: {'epoch': 83, 'time_epoch': 0.003, 'loss': 455181959168.0, 'lr': 0, 'params': 78746, 'time_iter': 0.003, 'accuracy': 0.1, 'f1': 0.01818, 'auc': 0.5}
test: {'epoch': 83, 'time_epoch': 0.003, 'loss': 455181959168.0, 'lr': 0, 'params': 78746, 'time_iter': 0.003, 'accuracy': 0.1, 'f1': 0.01818, 'auc': 0.5}
> Epoch 83: took 0.0s (avg 0.0s) | Best so far: epoch 0	train_loss: 2.3129 train_accuracy: 0.1000	val_loss: 18.4324 val_accuracy: 0.1000	test_loss: 18.4324 test_accuracy: 0.1000
train: {'epoch': 84, 'time_epoch': 0.006, 'eta': 0.95839, 'eta_hours': 0.00027, 'loss': 2.31291127, 'lr': 0.0008785, 'params': 78746, 'time_iter': 0.006, 'accuracy': 0.1, 'f1': 0.01818, 'auc': 0.5}
val: {'epoch': 84, 'time_epoch': 0.003, 'loss': 711329775616.0, 'lr': 0, 'params': 78746, 'time_iter': 0.003, 'accuracy': 0.1, 'f1': 0.01818, 'auc': 0.5}
test: {'epoch': 84, 'time_epoch': 0.003, 'loss': 711329775616.0, 'lr': 0, 'params': 78746, 'time_iter': 0.003, 'accuracy': 0.1, 'f1': 0.01818, 'auc': 0.5}
> Epoch 84: took 0.0s (avg 0.0s) | Best so far: epoch 0	train_loss: 2.3129 train_accuracy: 0.1000	val_loss: 18.4324 val_accuracy: 0.1000	test_loss: 18.4324 test_accuracy: 0.1000
train: {'epoch': 85, 'time_epoch': 0.008, 'eta': 0.94961, 'eta_hours': 0.00026, 'loss': 2.31291103, 'lr': 0.00087157, 'params': 78746, 'time_iter': 0.008, 'accuracy': 0.1, 'f1': 0.01818, 'auc': 0.5}
val: {'epoch': 85, 'time_epoch': 0.002, 'loss': 976356966400.0, 'lr': 0, 'params': 78746, 'time_iter': 0.002, 'accuracy': 0.1, 'f1': 0.01818, 'auc': 0.5}
test: {'epoch': 85, 'time_epoch': 0.003, 'loss': 976356966400.0, 'lr': 0, 'params': 78746, 'time_iter': 0.003, 'accuracy': 0.1, 'f1': 0.01818, 'auc': 0.5}
> Epoch 85: took 0.0s (avg 0.0s) | Best so far: epoch 0	train_loss: 2.3129 train_accuracy: 0.1000	val_loss: 18.4324 val_accuracy: 0.1000	test_loss: 18.4324 test_accuracy: 0.1000
train: {'epoch': 86, 'time_epoch': 0.008, 'eta': 0.94085, 'eta_hours': 0.00026, 'loss': 2.3129108, 'lr': 0.00086448, 'params': 78746, 'time_iter': 0.008, 'accuracy': 0.1, 'f1': 0.01818, 'auc': 0.5}
val: {'epoch': 86, 'time_epoch': 0.003, 'loss': 1344200114176.0, 'lr': 0, 'params': 78746, 'time_iter': 0.003, 'accuracy': 0.1, 'f1': 0.01818, 'auc': 0.5}
test: {'epoch': 86, 'time_epoch': 0.002, 'loss': 1344200114176.0, 'lr': 0, 'params': 78746, 'time_iter': 0.002, 'accuracy': 0.1, 'f1': 0.01818, 'auc': 0.5}
> Epoch 86: took 0.0s (avg 0.0s) | Best so far: epoch 0	train_loss: 2.3129 train_accuracy: 0.1000	val_loss: 18.4324 val_accuracy: 0.1000	test_loss: 18.4324 test_accuracy: 0.1000
train: {'epoch': 87, 'time_epoch': 0.008, 'eta': 0.9321, 'eta_hours': 0.00026, 'loss': 2.31291151, 'lr': 0.00085724, 'params': 78746, 'time_iter': 0.008, 'accuracy': 0.1, 'f1': 0.01818, 'auc': 0.5}
val: {'epoch': 87, 'time_epoch': 0.002, 'loss': 1765589647360.0, 'lr': 0, 'params': 78746, 'time_iter': 0.002, 'accuracy': 0.1, 'f1': 0.01818, 'auc': 0.5}
test: {'epoch': 87, 'time_epoch': 0.003, 'loss': 1765589647360.0, 'lr': 0, 'params': 78746, 'time_iter': 0.003, 'accuracy': 0.1, 'f1': 0.01818, 'auc': 0.5}
> Epoch 87: took 0.0s (avg 0.0s) | Best so far: epoch 0	train_loss: 2.3129 train_accuracy: 0.1000	val_loss: 18.4324 val_accuracy: 0.1000	test_loss: 18.4324 test_accuracy: 0.1000
train: {'epoch': 88, 'time_epoch': 0.008, 'eta': 0.92338, 'eta_hours': 0.00026, 'loss': 2.31291175, 'lr': 0.00084983, 'params': 78746, 'time_iter': 0.008, 'accuracy': 0.1, 'f1': 0.01818, 'auc': 0.5}
val: {'epoch': 88, 'time_epoch': 0.002, 'loss': 2474756276224.0, 'lr': 0, 'params': 78746, 'time_iter': 0.002, 'accuracy': 0.1, 'f1': 0.01818, 'auc': 0.5}
test: {'epoch': 88, 'time_epoch': 0.002, 'loss': 2474756276224.0, 'lr': 0, 'params': 78746, 'time_iter': 0.002, 'accuracy': 0.1, 'f1': 0.01818, 'auc': 0.5}
> Epoch 88: took 0.0s (avg 0.0s) | Best so far: epoch 0	train_loss: 2.3129 train_accuracy: 0.1000	val_loss: 18.4324 val_accuracy: 0.1000	test_loss: 18.4324 test_accuracy: 0.1000
train: {'epoch': 89, 'time_epoch': 0.006, 'eta': 0.91223, 'eta_hours': 0.00025, 'loss': 2.31291127, 'lr': 0.00084227, 'params': 78746, 'time_iter': 0.006, 'accuracy': 0.1, 'f1': 0.01818, 'auc': 0.5}
val: {'epoch': 89, 'time_epoch': 0.003, 'loss': 3382723215360.0, 'lr': 0, 'params': 78746, 'time_iter': 0.003, 'accuracy': 0.1, 'f1': 0.01818, 'auc': 0.5}
test: {'epoch': 89, 'time_epoch': 0.002, 'loss': 3382723215360.0, 'lr': 0, 'params': 78746, 'time_iter': 0.002, 'accuracy': 0.1, 'f1': 0.01818, 'auc': 0.5}
> Epoch 89: took 0.0s (avg 0.0s) | Best so far: epoch 0	train_loss: 2.3129 train_accuracy: 0.1000	val_loss: 18.4324 val_accuracy: 0.1000	test_loss: 18.4324 test_accuracy: 0.1000
train: {'epoch': 90, 'time_epoch': 0.006, 'eta': 0.90119, 'eta_hours': 0.00025, 'loss': 2.3129108, 'lr': 0.00083457, 'params': 78746, 'time_iter': 0.006, 'accuracy': 0.1, 'f1': 0.01818, 'auc': 0.5}
val: {'epoch': 90, 'time_epoch': 0.002, 'loss': 4416904101888.0, 'lr': 0, 'params': 78746, 'time_iter': 0.002, 'accuracy': 0.1, 'f1': 0.01818, 'auc': 0.5}
test: {'epoch': 90, 'time_epoch': 0.003, 'loss': 4416904101888.0, 'lr': 0, 'params': 78746, 'time_iter': 0.003, 'accuracy': 0.1, 'f1': 0.01818, 'auc': 0.5}
> Epoch 90: took 0.0s (avg 0.0s) | Best so far: epoch 0	train_loss: 2.3129 train_accuracy: 0.1000	val_loss: 18.4324 val_accuracy: 0.1000	test_loss: 18.4324 test_accuracy: 0.1000
train: {'epoch': 91, 'time_epoch': 0.006, 'eta': 0.89025, 'eta_hours': 0.00025, 'loss': 2.31291175, 'lr': 0.00082671, 'params': 78746, 'time_iter': 0.006, 'accuracy': 0.1, 'f1': 0.01818, 'auc': 0.5}
val: {'epoch': 91, 'time_epoch': 0.002, 'loss': 5783944167424.0, 'lr': 0, 'params': 78746, 'time_iter': 0.002, 'accuracy': 0.1, 'f1': 0.01818, 'auc': 0.5}
test: {'epoch': 91, 'time_epoch': 0.005, 'loss': 5783944167424.0, 'lr': 0, 'params': 78746, 'time_iter': 0.005, 'accuracy': 0.1, 'f1': 0.01818, 'auc': 0.5}
> Epoch 91: took 0.0s (avg 0.0s) | Best so far: epoch 0	train_loss: 2.3129 train_accuracy: 0.1000	val_loss: 18.4324 val_accuracy: 0.1000	test_loss: 18.4324 test_accuracy: 0.1000
train: {'epoch': 92, 'time_epoch': 0.006, 'eta': 0.87943, 'eta_hours': 0.00024, 'loss': 2.31291175, 'lr': 0.00081871, 'params': 78746, 'time_iter': 0.006, 'accuracy': 0.1, 'f1': 0.01818, 'auc': 0.5}
val: {'epoch': 92, 'time_epoch': 0.003, 'loss': 8124447588352.0, 'lr': 0, 'params': 78746, 'time_iter': 0.003, 'accuracy': 0.1, 'f1': 0.01818, 'auc': 0.5}
test: {'epoch': 92, 'time_epoch': 0.002, 'loss': 8124447588352.0, 'lr': 0, 'params': 78746, 'time_iter': 0.002, 'accuracy': 0.1, 'f1': 0.01818, 'auc': 0.5}
> Epoch 92: took 0.0s (avg 0.0s) | Best so far: epoch 0	train_loss: 2.3129 train_accuracy: 0.1000	val_loss: 18.4324 val_accuracy: 0.1000	test_loss: 18.4324 test_accuracy: 0.1000
train: {'epoch': 93, 'time_epoch': 0.006, 'eta': 0.86871, 'eta_hours': 0.00024, 'loss': 2.31291175, 'lr': 0.00081057, 'params': 78746, 'time_iter': 0.006, 'accuracy': 0.1, 'f1': 0.01818, 'auc': 0.5}
val: {'epoch': 93, 'time_epoch': 0.003, 'loss': 11367033602048.0, 'lr': 0, 'params': 78746, 'time_iter': 0.003, 'accuracy': 0.1, 'f1': 0.01818, 'auc': 0.5}
test: {'epoch': 93, 'time_epoch': 0.003, 'loss': 11367033602048.0, 'lr': 0, 'params': 78746, 'time_iter': 0.003, 'accuracy': 0.1, 'f1': 0.01818, 'auc': 0.5}
> Epoch 93: took 0.0s (avg 0.0s) | Best so far: epoch 0	train_loss: 2.3129 train_accuracy: 0.1000	val_loss: 18.4324 val_accuracy: 0.1000	test_loss: 18.4324 test_accuracy: 0.1000
train: {'epoch': 94, 'time_epoch': 0.006, 'eta': 0.85808, 'eta_hours': 0.00024, 'loss': 2.31291175, 'lr': 0.0008023, 'params': 78746, 'time_iter': 0.006, 'accuracy': 0.1, 'f1': 0.01818, 'auc': 0.5}
val: {'epoch': 94, 'time_epoch': 0.002, 'loss': 15218226757632.0, 'lr': 0, 'params': 78746, 'time_iter': 0.002, 'accuracy': 0.1, 'f1': 0.01818, 'auc': 0.5}
test: {'epoch': 94, 'time_epoch': 0.003, 'loss': 15218226757632.0, 'lr': 0, 'params': 78746, 'time_iter': 0.003, 'accuracy': 0.1, 'f1': 0.01818, 'auc': 0.5}
> Epoch 94: took 0.0s (avg 0.0s) | Best so far: epoch 0	train_loss: 2.3129 train_accuracy: 0.1000	val_loss: 18.4324 val_accuracy: 0.1000	test_loss: 18.4324 test_accuracy: 0.1000
train: {'epoch': 95, 'time_epoch': 0.006, 'eta': 0.84756, 'eta_hours': 0.00024, 'loss': 2.31291103, 'lr': 0.00079389, 'params': 78746, 'time_iter': 0.006, 'accuracy': 0.1, 'f1': 0.01818, 'auc': 0.5}
val: {'epoch': 95, 'time_epoch': 0.003, 'loss': 20367374548992.0, 'lr': 0, 'params': 78746, 'time_iter': 0.003, 'accuracy': 0.1, 'f1': 0.01818, 'auc': 0.5}
test: {'epoch': 95, 'time_epoch': 0.003, 'loss': 20367374548992.0, 'lr': 0, 'params': 78746, 'time_iter': 0.003, 'accuracy': 0.1, 'f1': 0.01818, 'auc': 0.5}
> Epoch 95: took 0.0s (avg 0.0s) | Best so far: epoch 0	train_loss: 2.3129 train_accuracy: 0.1000	val_loss: 18.4324 val_accuracy: 0.1000	test_loss: 18.4324 test_accuracy: 0.1000
train: {'epoch': 96, 'time_epoch': 0.008, 'eta': 0.83925, 'eta_hours': 0.00023, 'loss': 2.31291223, 'lr': 0.00078536, 'params': 78746, 'time_iter': 0.008, 'accuracy': 0.1, 'f1': 0.01818, 'auc': 0.5}
val: {'epoch': 96, 'time_epoch': 0.002, 'loss': 27250741215232.0, 'lr': 0, 'params': 78746, 'time_iter': 0.002, 'accuracy': 0.1, 'f1': 0.01818, 'auc': 0.5}
test: {'epoch': 96, 'time_epoch': 0.003, 'loss': 27250741215232.0, 'lr': 0, 'params': 78746, 'time_iter': 0.003, 'accuracy': 0.1, 'f1': 0.01818, 'auc': 0.5}
> Epoch 96: took 0.0s (avg 0.0s) | Best so far: epoch 0	train_loss: 2.3129 train_accuracy: 0.1000	val_loss: 18.4324 val_accuracy: 0.1000	test_loss: 18.4324 test_accuracy: 0.1000
train: {'epoch': 97, 'time_epoch': 0.006, 'eta': 0.82886, 'eta_hours': 0.00023, 'loss': 2.3129108, 'lr': 0.0007767, 'params': 78746, 'time_iter': 0.006, 'accuracy': 0.1, 'f1': 0.01818, 'auc': 0.5}
val: {'epoch': 97, 'time_epoch': 0.002, 'loss': 38874650771456.0, 'lr': 0, 'params': 78746, 'time_iter': 0.002, 'accuracy': 0.1, 'f1': 0.01818, 'auc': 0.5}
test: {'epoch': 97, 'time_epoch': 0.003, 'loss': 38874650771456.0, 'lr': 0, 'params': 78746, 'time_iter': 0.003, 'accuracy': 0.1, 'f1': 0.01818, 'auc': 0.5}
> Epoch 97: took 0.0s (avg 0.0s) | Best so far: epoch 0	train_loss: 2.3129 train_accuracy: 0.1000	val_loss: 18.4324 val_accuracy: 0.1000	test_loss: 18.4324 test_accuracy: 0.1000
train: {'epoch': 98, 'time_epoch': 0.007, 'eta': 0.81959, 'eta_hours': 0.00023, 'loss': 2.31291199, 'lr': 0.00076791, 'params': 78746, 'time_iter': 0.007, 'accuracy': 0.1, 'f1': 0.01818, 'auc': 0.5}
val: {'epoch': 98, 'time_epoch': 0.003, 'loss': 52039442759680.0, 'lr': 0, 'params': 78746, 'time_iter': 0.003, 'accuracy': 0.1, 'f1': 0.01818, 'auc': 0.5}
test: {'epoch': 98, 'time_epoch': 0.003, 'loss': 52039442759680.0, 'lr': 0, 'params': 78746, 'time_iter': 0.003, 'accuracy': 0.1, 'f1': 0.01818, 'auc': 0.5}
> Epoch 98: took 0.0s (avg 0.0s) | Best so far: epoch 0	train_loss: 2.3129 train_accuracy: 0.1000	val_loss: 18.4324 val_accuracy: 0.1000	test_loss: 18.4324 test_accuracy: 0.1000
train: {'epoch': 99, 'time_epoch': 0.007, 'eta': 0.81036, 'eta_hours': 0.00023, 'loss': 2.31291103, 'lr': 0.00075901, 'params': 78746, 'time_iter': 0.007, 'accuracy': 0.1, 'f1': 0.01818, 'auc': 0.5}
val: {'epoch': 99, 'time_epoch': 0.003, 'loss': 69456176873472.0, 'lr': 0, 'params': 78746, 'time_iter': 0.003, 'accuracy': 0.1, 'f1': 0.01818, 'auc': 0.5}
test: {'epoch': 99, 'time_epoch': 0.003, 'loss': 69456176873472.0, 'lr': 0, 'params': 78746, 'time_iter': 0.003, 'accuracy': 0.1, 'f1': 0.01818, 'auc': 0.5}
> Epoch 99: took 0.0s (avg 0.0s) | Best so far: epoch 0	train_loss: 2.3129 train_accuracy: 0.1000	val_loss: 18.4324 val_accuracy: 0.1000	test_loss: 18.4324 test_accuracy: 0.1000
train: {'epoch': 100, 'time_epoch': 0.006, 'eta': 0.80019, 'eta_hours': 0.00022, 'loss': 2.3129108, 'lr': 0.00075, 'params': 78746, 'time_iter': 0.006, 'accuracy': 0.1, 'f1': 0.01818, 'auc': 0.5}
val: {'epoch': 100, 'time_epoch': 0.002, 'loss': 83434479288320.0, 'lr': 0, 'params': 78746, 'time_iter': 0.002, 'accuracy': 0.1, 'f1': 0.01818, 'auc': 0.5}
test: {'epoch': 100, 'time_epoch': 0.003, 'loss': 83434479288320.0, 'lr': 0, 'params': 78746, 'time_iter': 0.003, 'accuracy': 0.1, 'f1': 0.01818, 'auc': 0.5}
> Epoch 100: took 0.0s (avg 0.0s) | Best so far: epoch 0	train_loss: 2.3129 train_accuracy: 0.1000	val_loss: 18.4324 val_accuracy: 0.1000	test_loss: 18.4324 test_accuracy: 0.1000
train: {'epoch': 101, 'time_epoch': 0.006, 'eta': 0.79011, 'eta_hours': 0.00022, 'loss': 2.31291127, 'lr': 0.00074088, 'params': 78746, 'time_iter': 0.006, 'accuracy': 0.1, 'f1': 0.01818, 'auc': 0.5}
val: {'epoch': 101, 'time_epoch': 0.003, 'loss': 96700223979520.0, 'lr': 0, 'params': 78746, 'time_iter': 0.003, 'accuracy': 0.1, 'f1': 0.01818, 'auc': 0.5}
test: {'epoch': 101, 'time_epoch': 0.004, 'loss': 96700223979520.0, 'lr': 0, 'params': 78746, 'time_iter': 0.004, 'accuracy': 0.1, 'f1': 0.01818, 'auc': 0.5}
> Epoch 101: took 0.0s (avg 0.0s) | Best so far: epoch 0	train_loss: 2.3129 train_accuracy: 0.1000	val_loss: 18.4324 val_accuracy: 0.1000	test_loss: 18.4324 test_accuracy: 0.1000
train: {'epoch': 102, 'time_epoch': 0.007, 'eta': 0.78104, 'eta_hours': 0.00022, 'loss': 2.31291199, 'lr': 0.00073165, 'params': 78746, 'time_iter': 0.007, 'accuracy': 0.1, 'f1': 0.01818, 'auc': 0.5}
val: {'epoch': 102, 'time_epoch': 0.002, 'loss': 114562095382528.0, 'lr': 0, 'params': 78746, 'time_iter': 0.002, 'accuracy': 0.1, 'f1': 0.01818, 'auc': 0.5}
test: {'epoch': 102, 'time_epoch': 0.003, 'loss': 114562095382528.0, 'lr': 0, 'params': 78746, 'time_iter': 0.003, 'accuracy': 0.1, 'f1': 0.01818, 'auc': 0.5}
> Epoch 102: took 0.0s (avg 0.0s) | Best so far: epoch 0	train_loss: 2.3129 train_accuracy: 0.1000	val_loss: 18.4324 val_accuracy: 0.1000	test_loss: 18.4324 test_accuracy: 0.1000
train: {'epoch': 103, 'time_epoch': 0.007, 'eta': 0.77202, 'eta_hours': 0.00021, 'loss': 2.31291223, 'lr': 0.00072232, 'params': 78746, 'time_iter': 0.007, 'accuracy': 0.1, 'f1': 0.01818, 'auc': 0.5}
val: {'epoch': 103, 'time_epoch': 0.002, 'loss': 128544881508352.0, 'lr': 0, 'params': 78746, 'time_iter': 0.002, 'accuracy': 0.1, 'f1': 0.01818, 'auc': 0.5}
test: {'epoch': 103, 'time_epoch': 0.003, 'loss': 128544881508352.0, 'lr': 0, 'params': 78746, 'time_iter': 0.003, 'accuracy': 0.1, 'f1': 0.01818, 'auc': 0.5}
> Epoch 103: took 0.0s (avg 0.0s) | Best so far: epoch 0	train_loss: 2.3129 train_accuracy: 0.1000	val_loss: 18.4324 val_accuracy: 0.1000	test_loss: 18.4324 test_accuracy: 0.1000
train: {'epoch': 104, 'time_epoch': 0.006, 'eta': 0.76213, 'eta_hours': 0.00021, 'loss': 2.31291175, 'lr': 0.00071289, 'params': 78746, 'time_iter': 0.006, 'accuracy': 0.1, 'f1': 0.01818, 'auc': 0.5}
val: {'epoch': 104, 'time_epoch': 0.003, 'loss': 156061998776320.0, 'lr': 0, 'params': 78746, 'time_iter': 0.003, 'accuracy': 0.1, 'f1': 0.01818, 'auc': 0.5}
test: {'epoch': 104, 'time_epoch': 0.003, 'loss': 156061998776320.0, 'lr': 0, 'params': 78746, 'time_iter': 0.003, 'accuracy': 0.1, 'f1': 0.01818, 'auc': 0.5}
> Epoch 104: took 0.0s (avg 0.0s) | Best so far: epoch 0	train_loss: 2.3129 train_accuracy: 0.1000	val_loss: 18.4324 val_accuracy: 0.1000	test_loss: 18.4324 test_accuracy: 0.1000
train: {'epoch': 105, 'time_epoch': 0.007, 'eta': 0.7532, 'eta_hours': 0.00021, 'loss': 2.31291175, 'lr': 0.00070337, 'params': 78746, 'time_iter': 0.007, 'accuracy': 0.1, 'f1': 0.01818, 'auc': 0.5}
val: {'epoch': 105, 'time_epoch': 0.003, 'loss': 200255601639424.0, 'lr': 0, 'params': 78746, 'time_iter': 0.003, 'accuracy': 0.1, 'f1': 0.01818, 'auc': 0.5}
test: {'epoch': 105, 'time_epoch': 0.003, 'loss': 200255601639424.0, 'lr': 0, 'params': 78746, 'time_iter': 0.003, 'accuracy': 0.1, 'f1': 0.01818, 'auc': 0.5}
> Epoch 105: took 0.0s (avg 0.0s) | Best so far: epoch 0	train_loss: 2.3129 train_accuracy: 0.1000	val_loss: 18.4324 val_accuracy: 0.1000	test_loss: 18.4324 test_accuracy: 0.1000
train: {'epoch': 106, 'time_epoch': 0.007, 'eta': 0.7443, 'eta_hours': 0.00021, 'loss': 2.31291103, 'lr': 0.00069376, 'params': 78746, 'time_iter': 0.007, 'accuracy': 0.1, 'f1': 0.01818, 'auc': 0.5}
val: {'epoch': 106, 'time_epoch': 0.003, 'loss': 249209001345024.0, 'lr': 0, 'params': 78746, 'time_iter': 0.003, 'accuracy': 0.1, 'f1': 0.01818, 'auc': 0.5}
test: {'epoch': 106, 'time_epoch': 0.003, 'loss': 249209001345024.0, 'lr': 0, 'params': 78746, 'time_iter': 0.003, 'accuracy': 0.1, 'f1': 0.01818, 'auc': 0.5}
> Epoch 106: took 0.0s (avg 0.0s) | Best so far: epoch 0	train_loss: 2.3129 train_accuracy: 0.1000	val_loss: 18.4324 val_accuracy: 0.1000	test_loss: 18.4324 test_accuracy: 0.1000
train: {'epoch': 107, 'time_epoch': 0.006, 'eta': 0.73459, 'eta_hours': 0.0002, 'loss': 2.31291151, 'lr': 0.00068406, 'params': 78746, 'time_iter': 0.006, 'accuracy': 0.1, 'f1': 0.01818, 'auc': 0.5}
val: {'epoch': 107, 'time_epoch': 0.003, 'loss': 304401210146816.0, 'lr': 0, 'params': 78746, 'time_iter': 0.003, 'accuracy': 0.1, 'f1': 0.01818, 'auc': 0.5}
test: {'epoch': 107, 'time_epoch': 0.002, 'loss': 304401210146816.0, 'lr': 0, 'params': 78746, 'time_iter': 0.002, 'accuracy': 0.1, 'f1': 0.01818, 'auc': 0.5}
> Epoch 107: took 0.0s (avg 0.0s) | Best so far: epoch 0	train_loss: 2.3129 train_accuracy: 0.1000	val_loss: 18.4324 val_accuracy: 0.1000	test_loss: 18.4324 test_accuracy: 0.1000
train: {'epoch': 108, 'time_epoch': 0.00651, 'eta': 0.72538, 'eta_hours': 0.0002, 'loss': 2.31291127, 'lr': 0.00067429, 'params': 78746, 'time_iter': 0.00651, 'accuracy': 0.1, 'f1': 0.01818, 'auc': 0.5}
val: {'epoch': 108, 'time_epoch': 0.002, 'loss': 353634319597568.0, 'lr': 0, 'params': 78746, 'time_iter': 0.002, 'accuracy': 0.1, 'f1': 0.01818, 'auc': 0.5}
test: {'epoch': 108, 'time_epoch': 0.002, 'loss': 353634319597568.0, 'lr': 0, 'params': 78746, 'time_iter': 0.002, 'accuracy': 0.1, 'f1': 0.01818, 'auc': 0.5}
> Epoch 108: took 0.0s (avg 0.0s) | Best so far: epoch 0	train_loss: 2.3129 train_accuracy: 0.1000	val_loss: 18.4324 val_accuracy: 0.1000	test_loss: 18.4324 test_accuracy: 0.1000
train: {'epoch': 109, 'time_epoch': 0.007, 'eta': 0.71661, 'eta_hours': 0.0002, 'loss': 2.31291127, 'lr': 0.00066443, 'params': 78746, 'time_iter': 0.007, 'accuracy': 0.1, 'f1': 0.01818, 'auc': 0.5}
val: {'epoch': 109, 'time_epoch': 0.002, 'loss': 409090836660224.0, 'lr': 0, 'params': 78746, 'time_iter': 0.002, 'accuracy': 0.1, 'f1': 0.01818, 'auc': 0.5}
test: {'epoch': 109, 'time_epoch': 0.003, 'loss': 409090836660224.0, 'lr': 0, 'params': 78746, 'time_iter': 0.003, 'accuracy': 0.1, 'f1': 0.01818, 'auc': 0.5}
> Epoch 109: took 0.0s (avg 0.0s) | Best so far: epoch 0	train_loss: 2.3129 train_accuracy: 0.1000	val_loss: 18.4324 val_accuracy: 0.1000	test_loss: 18.4324 test_accuracy: 0.1000
train: {'epoch': 110, 'time_epoch': 0.006, 'eta': 0.70707, 'eta_hours': 0.0002, 'loss': 2.31291103, 'lr': 0.00065451, 'params': 78746, 'time_iter': 0.006, 'accuracy': 0.1, 'f1': 0.01818, 'auc': 0.5}
val: {'epoch': 110, 'time_epoch': 0.003, 'loss': 482080181977088.0, 'lr': 0, 'params': 78746, 'time_iter': 0.003, 'accuracy': 0.1, 'f1': 0.01818, 'auc': 0.5}
test: {'epoch': 110, 'time_epoch': 0.003, 'loss': 482080181977088.0, 'lr': 0, 'params': 78746, 'time_iter': 0.003, 'accuracy': 0.1, 'f1': 0.01818, 'auc': 0.5}
> Epoch 110: took 0.0s (avg 0.0s) | Best so far: epoch 0	train_loss: 2.3129 train_accuracy: 0.1000	val_loss: 18.4324 val_accuracy: 0.1000	test_loss: 18.4324 test_accuracy: 0.1000
train: {'epoch': 111, 'time_epoch': 0.00751, 'eta': 0.69879, 'eta_hours': 0.00019, 'loss': 2.31290984, 'lr': 0.00064452, 'params': 78746, 'time_iter': 0.00751, 'accuracy': 0.1, 'f1': 0.01818, 'auc': 0.5}
val: {'epoch': 111, 'time_epoch': 0.002, 'loss': 547890590121984.0, 'lr': 0, 'params': 78746, 'time_iter': 0.002, 'accuracy': 0.1, 'f1': 0.01818, 'auc': 0.5}
test: {'epoch': 111, 'time_epoch': 0.002, 'loss': 547890590121984.0, 'lr': 0, 'params': 78746, 'time_iter': 0.002, 'accuracy': 0.1, 'f1': 0.01818, 'auc': 0.5}
> Epoch 111: took 0.0s (avg 0.0s) | Best so far: epoch 0	train_loss: 2.3129 train_accuracy: 0.1000	val_loss: 18.4324 val_accuracy: 0.1000	test_loss: 18.4324 test_accuracy: 0.1000
train: {'epoch': 112, 'time_epoch': 0.008, 'eta': 0.69089, 'eta_hours': 0.00019, 'loss': 2.31291151, 'lr': 0.00063446, 'params': 78746, 'time_iter': 0.008, 'accuracy': 0.1, 'f1': 0.01818, 'auc': 0.5}
val: {'epoch': 112, 'time_epoch': 0.002, 'loss': 605294975516672.0, 'lr': 0, 'params': 78746, 'time_iter': 0.002, 'accuracy': 0.1, 'f1': 0.01818, 'auc': 0.5}
test: {'epoch': 112, 'time_epoch': 0.003, 'loss': 605294975516672.0, 'lr': 0, 'params': 78746, 'time_iter': 0.003, 'accuracy': 0.1, 'f1': 0.01818, 'auc': 0.5}
> Epoch 112: took 0.0s (avg 0.0s) | Best so far: epoch 0	train_loss: 2.3129 train_accuracy: 0.1000	val_loss: 18.4324 val_accuracy: 0.1000	test_loss: 18.4324 test_accuracy: 0.1000
train: {'epoch': 113, 'time_epoch': 0.007, 'eta': 0.68224, 'eta_hours': 0.00019, 'loss': 2.31291103, 'lr': 0.00062434, 'params': 78746, 'time_iter': 0.007, 'accuracy': 0.1, 'f1': 0.01818, 'auc': 0.5}
val: {'epoch': 113, 'time_epoch': 0.002, 'loss': 700252944334848.0, 'lr': 0, 'params': 78746, 'time_iter': 0.002, 'accuracy': 0.1, 'f1': 0.01818, 'auc': 0.5}
test: {'epoch': 113, 'time_epoch': 0.002, 'loss': 700252944334848.0, 'lr': 0, 'params': 78746, 'time_iter': 0.002, 'accuracy': 0.1, 'f1': 0.01818, 'auc': 0.5}
> Epoch 113: took 0.0s (avg 0.0s) | Best so far: epoch 0	train_loss: 2.3129 train_accuracy: 0.1000	val_loss: 18.4324 val_accuracy: 0.1000	test_loss: 18.4324 test_accuracy: 0.1000
train: {'epoch': 114, 'time_epoch': 0.00551, 'eta': 0.67251, 'eta_hours': 0.00019, 'loss': 2.31291103, 'lr': 0.00061418, 'params': 78746, 'time_iter': 0.00551, 'accuracy': 0.1, 'f1': 0.01818, 'auc': 0.5}
val: {'epoch': 114, 'time_epoch': 0.003, 'loss': 822257328848896.0, 'lr': 0, 'params': 78746, 'time_iter': 0.003, 'accuracy': 0.1, 'f1': 0.01818, 'auc': 0.5}
test: {'epoch': 114, 'time_epoch': 0.003, 'loss': 822257328848896.0, 'lr': 0, 'params': 78746, 'time_iter': 0.003, 'accuracy': 0.1, 'f1': 0.01818, 'auc': 0.5}
> Epoch 114: took 0.0s (avg 0.0s) | Best so far: epoch 0	train_loss: 2.3129 train_accuracy: 0.1000	val_loss: 18.4324 val_accuracy: 0.1000	test_loss: 18.4324 test_accuracy: 0.1000
train: {'epoch': 115, 'time_epoch': 0.006, 'eta': 0.66322, 'eta_hours': 0.00018, 'loss': 2.31291103, 'lr': 0.00060396, 'params': 78746, 'time_iter': 0.006, 'accuracy': 0.1, 'f1': 0.01818, 'auc': 0.5}
val: {'epoch': 115, 'time_epoch': 0.003, 'loss': 916249466896384.0, 'lr': 0, 'params': 78746, 'time_iter': 0.003, 'accuracy': 0.1, 'f1': 0.01818, 'auc': 0.5}
test: {'epoch': 115, 'time_epoch': 0.003, 'loss': 916249466896384.0, 'lr': 0, 'params': 78746, 'time_iter': 0.003, 'accuracy': 0.1, 'f1': 0.01818, 'auc': 0.5}
> Epoch 115: took 0.0s (avg 0.0s) | Best so far: epoch 0	train_loss: 2.3129 train_accuracy: 0.1000	val_loss: 18.4324 val_accuracy: 0.1000	test_loss: 18.4324 test_accuracy: 0.1000
train: {'epoch': 116, 'time_epoch': 0.006, 'eta': 0.65398, 'eta_hours': 0.00018, 'loss': 2.31291103, 'lr': 0.00059369, 'params': 78746, 'time_iter': 0.006, 'accuracy': 0.1, 'f1': 0.01818, 'auc': 0.5}
val: {'epoch': 116, 'time_epoch': 0.003, 'loss': 1004226100592640.0, 'lr': 0, 'params': 78746, 'time_iter': 0.003, 'accuracy': 0.1, 'f1': 0.01818, 'auc': 0.5}
test: {'epoch': 116, 'time_epoch': 0.002, 'loss': 1004226100592640.0, 'lr': 0, 'params': 78746, 'time_iter': 0.002, 'accuracy': 0.1, 'f1': 0.01818, 'auc': 0.5}
> Epoch 116: took 0.0s (avg 0.0s) | Best so far: epoch 0	train_loss: 2.3129 train_accuracy: 0.1000	val_loss: 18.4324 val_accuracy: 0.1000	test_loss: 18.4324 test_accuracy: 0.1000
train: {'epoch': 117, 'time_epoch': 0.0062, 'eta': 0.64493, 'eta_hours': 0.00018, 'loss': 2.31291223, 'lr': 0.00058338, 'params': 78746, 'time_iter': 0.0062, 'accuracy': 0.1, 'f1': 0.01818, 'auc': 0.5}
val: {'epoch': 117, 'time_epoch': 0.003, 'loss': 1059576552095744.0, 'lr': 0, 'params': 78746, 'time_iter': 0.003, 'accuracy': 0.1, 'f1': 0.01818, 'auc': 0.5}
test: {'epoch': 117, 'time_epoch': 0.004, 'loss': 1059576552095744.0, 'lr': 0, 'params': 78746, 'time_iter': 0.004, 'accuracy': 0.1, 'f1': 0.01818, 'auc': 0.5}
> Epoch 117: took 0.0s (avg 0.0s) | Best so far: epoch 0	train_loss: 2.3129 train_accuracy: 0.1000	val_loss: 18.4324 val_accuracy: 0.1000	test_loss: 18.4324 test_accuracy: 0.1000
train: {'epoch': 118, 'time_epoch': 0.007, 'eta': 0.63648, 'eta_hours': 0.00018, 'loss': 2.31291223, 'lr': 0.00057304, 'params': 78746, 'time_iter': 0.007, 'accuracy': 0.1, 'f1': 0.01818, 'auc': 0.5}
val: {'epoch': 118, 'time_epoch': 0.003, 'loss': 1113182777114624.0, 'lr': 0, 'params': 78746, 'time_iter': 0.003, 'accuracy': 0.1, 'f1': 0.01818, 'auc': 0.5}
test: {'epoch': 118, 'time_epoch': 0.00368, 'loss': 1113182777114624.0, 'lr': 0, 'params': 78746, 'time_iter': 0.00368, 'accuracy': 0.1, 'f1': 0.01818, 'auc': 0.5}
> Epoch 118: took 0.0s (avg 0.0s) | Best so far: epoch 0	train_loss: 2.3129 train_accuracy: 0.1000	val_loss: 18.4324 val_accuracy: 0.1000	test_loss: 18.4324 test_accuracy: 0.1000
train: {'epoch': 119, 'time_epoch': 0.006, 'eta': 0.62738, 'eta_hours': 0.00017, 'loss': 2.31291175, 'lr': 0.00056267, 'params': 78746, 'time_iter': 0.006, 'accuracy': 0.1, 'f1': 0.01818, 'auc': 0.5}
val: {'epoch': 119, 'time_epoch': 0.003, 'loss': 1155553300578304.0, 'lr': 0, 'params': 78746, 'time_iter': 0.003, 'accuracy': 0.1, 'f1': 0.01818, 'auc': 0.5}
test: {'epoch': 119, 'time_epoch': 0.002, 'loss': 1155553300578304.0, 'lr': 0, 'params': 78746, 'time_iter': 0.002, 'accuracy': 0.1, 'f1': 0.01818, 'auc': 0.5}
> Epoch 119: took 0.0s (avg 0.0s) | Best so far: epoch 0	train_loss: 2.3129 train_accuracy: 0.1000	val_loss: 18.4324 val_accuracy: 0.1000	test_loss: 18.4324 test_accuracy: 0.1000
train: {'epoch': 120, 'time_epoch': 0.00651, 'eta': 0.61867, 'eta_hours': 0.00017, 'loss': 2.31291151, 'lr': 0.00055226, 'params': 78746, 'time_iter': 0.00651, 'accuracy': 0.1, 'f1': 0.01818, 'auc': 0.5}
val: {'epoch': 120, 'time_epoch': 0.002, 'loss': 1188227130064896.0, 'lr': 0, 'params': 78746, 'time_iter': 0.002, 'accuracy': 0.1, 'f1': 0.01818, 'auc': 0.5}
test: {'epoch': 120, 'time_epoch': 0.002, 'loss': 1188227130064896.0, 'lr': 0, 'params': 78746, 'time_iter': 0.002, 'accuracy': 0.1, 'f1': 0.01818, 'auc': 0.5}
> Epoch 120: took 0.0s (avg 0.0s) | Best so far: epoch 0	train_loss: 2.3129 train_accuracy: 0.1000	val_loss: 18.4324 val_accuracy: 0.1000	test_loss: 18.4324 test_accuracy: 0.1000
train: {'epoch': 121, 'time_epoch': 0.007, 'eta': 0.61031, 'eta_hours': 0.00017, 'loss': 2.31291103, 'lr': 0.00054184, 'params': 78746, 'time_iter': 0.007, 'accuracy': 0.1, 'f1': 0.01818, 'auc': 0.5}
val: {'epoch': 121, 'time_epoch': 0.003, 'loss': 1227191610245120.0, 'lr': 0, 'params': 78746, 'time_iter': 0.003, 'accuracy': 0.1, 'f1': 0.01818, 'auc': 0.5}
test: {'epoch': 121, 'time_epoch': 0.004, 'loss': 1227191610245120.0, 'lr': 0, 'params': 78746, 'time_iter': 0.004, 'accuracy': 0.1, 'f1': 0.01818, 'auc': 0.5}
> Epoch 121: took 0.0s (avg 0.0s) | Best so far: epoch 0	train_loss: 2.3129 train_accuracy: 0.1000	val_loss: 18.4324 val_accuracy: 0.1000	test_loss: 18.4324 test_accuracy: 0.1000
train: {'epoch': 122, 'time_epoch': 0.006, 'eta': 0.60134, 'eta_hours': 0.00017, 'loss': 2.31291127, 'lr': 0.0005314, 'params': 78746, 'time_iter': 0.006, 'accuracy': 0.1, 'f1': 0.01818, 'auc': 0.5}
val: {'epoch': 122, 'time_epoch': 0.003, 'loss': 1238325239218176.0, 'lr': 0, 'params': 78746, 'time_iter': 0.003, 'accuracy': 0.1, 'f1': 0.01818, 'auc': 0.5}
test: {'epoch': 122, 'time_epoch': 0.003, 'loss': 1238325239218176.0, 'lr': 0, 'params': 78746, 'time_iter': 0.003, 'accuracy': 0.1, 'f1': 0.01818, 'auc': 0.5}
> Epoch 122: took 0.0s (avg 0.0s) | Best so far: epoch 0	train_loss: 2.3129 train_accuracy: 0.1000	val_loss: 18.4324 val_accuracy: 0.1000	test_loss: 18.4324 test_accuracy: 0.1000
train: {'epoch': 123, 'time_epoch': 0.00651, 'eta': 0.59273, 'eta_hours': 0.00016, 'loss': 2.31291127, 'lr': 0.00052094, 'params': 78746, 'time_iter': 0.00651, 'accuracy': 0.1, 'f1': 0.01818, 'auc': 0.5}
val: {'epoch': 123, 'time_epoch': 0.003, 'loss': 1226373955846144.0, 'lr': 0, 'params': 78746, 'time_iter': 0.003, 'accuracy': 0.1, 'f1': 0.01818, 'auc': 0.5}
test: {'epoch': 123, 'time_epoch': 0.004, 'loss': 1226373955846144.0, 'lr': 0, 'params': 78746, 'time_iter': 0.004, 'accuracy': 0.1, 'f1': 0.01818, 'auc': 0.5}
> Epoch 123: took 0.0s (avg 0.0s) | Best so far: epoch 0	train_loss: 2.3129 train_accuracy: 0.1000	val_loss: 18.4324 val_accuracy: 0.1000	test_loss: 18.4324 test_accuracy: 0.1000
train: {'epoch': 124, 'time_epoch': 0.007, 'eta': 0.58445, 'eta_hours': 0.00016, 'loss': 2.31291151, 'lr': 0.00051047, 'params': 78746, 'time_iter': 0.007, 'accuracy': 0.1, 'f1': 0.01818, 'auc': 0.5}
val: {'epoch': 124, 'time_epoch': 0.003, 'loss': 1146491859107840.0, 'lr': 0, 'params': 78746, 'time_iter': 0.003, 'accuracy': 0.1, 'f1': 0.01818, 'auc': 0.5}
test: {'epoch': 124, 'time_epoch': 0.004, 'loss': 1146491859107840.0, 'lr': 0, 'params': 78746, 'time_iter': 0.004, 'accuracy': 0.1, 'f1': 0.01818, 'auc': 0.5}
> Epoch 124: took 0.0s (avg 0.0s) | Best so far: epoch 0	train_loss: 2.3129 train_accuracy: 0.1000	val_loss: 18.4324 val_accuracy: 0.1000	test_loss: 18.4324 test_accuracy: 0.1000
train: {'epoch': 125, 'time_epoch': 0.008, 'eta': 0.57678, 'eta_hours': 0.00016, 'loss': 2.31291127, 'lr': 0.0005, 'params': 78746, 'time_iter': 0.008, 'accuracy': 0.1, 'f1': 0.01818, 'auc': 0.5}
val: {'epoch': 125, 'time_epoch': 0.002, 'loss': 1057503290851328.0, 'lr': 0, 'params': 78746, 'time_iter': 0.002, 'accuracy': 0.1, 'f1': 0.01818, 'auc': 0.5}
test: {'epoch': 125, 'time_epoch': 0.003, 'loss': 1057503290851328.0, 'lr': 0, 'params': 78746, 'time_iter': 0.003, 'accuracy': 0.1, 'f1': 0.01818, 'auc': 0.5}
> Epoch 125: took 0.0s (avg 0.0s) | Best so far: epoch 0	train_loss: 2.3129 train_accuracy: 0.1000	val_loss: 18.4324 val_accuracy: 0.1000	test_loss: 18.4324 test_accuracy: 0.1000
train: {'epoch': 126, 'time_epoch': 0.00604, 'eta': 0.56798, 'eta_hours': 0.00016, 'loss': 2.31291223, 'lr': 0.00048953, 'params': 78746, 'time_iter': 0.00604, 'accuracy': 0.1, 'f1': 0.01818, 'auc': 0.5}
val: {'epoch': 126, 'time_epoch': 0.004, 'loss': 1023668142473216.0, 'lr': 0, 'params': 78746, 'time_iter': 0.004, 'accuracy': 0.1, 'f1': 0.01818, 'auc': 0.5}
test: {'epoch': 126, 'time_epoch': 0.00375, 'loss': 1023668142473216.0, 'lr': 0, 'params': 78746, 'time_iter': 0.00375, 'accuracy': 0.1, 'f1': 0.01818, 'auc': 0.5}
> Epoch 126: took 0.0s (avg 0.0s) | Best so far: epoch 0	train_loss: 2.3129 train_accuracy: 0.1000	val_loss: 18.4324 val_accuracy: 0.1000	test_loss: 18.4324 test_accuracy: 0.1000
train: {'epoch': 127, 'time_epoch': 0.007, 'eta': 0.55976, 'eta_hours': 0.00016, 'loss': 2.31291175, 'lr': 0.00047906, 'params': 78746, 'time_iter': 0.007, 'accuracy': 0.1, 'f1': 0.01818, 'auc': 0.5}
val: {'epoch': 127, 'time_epoch': 0.002, 'loss': 1030710613770240.0, 'lr': 0, 'params': 78746, 'time_iter': 0.002, 'accuracy': 0.1, 'f1': 0.01818, 'auc': 0.5}
test: {'epoch': 127, 'time_epoch': 0.002, 'loss': 1030710613770240.0, 'lr': 0, 'params': 78746, 'time_iter': 0.002, 'accuracy': 0.1, 'f1': 0.01818, 'auc': 0.5}
> Epoch 127: took 0.0s (avg 0.0s) | Best so far: epoch 0	train_loss: 2.3129 train_accuracy: 0.1000	val_loss: 18.4324 val_accuracy: 0.1000	test_loss: 18.4324 test_accuracy: 0.1000
train: {'epoch': 128, 'time_epoch': 0.006, 'eta': 0.55101, 'eta_hours': 0.00015, 'loss': 2.3129108, 'lr': 0.0004686, 'params': 78746, 'time_iter': 0.006, 'accuracy': 0.1, 'f1': 0.01818, 'auc': 0.5}
val: {'epoch': 128, 'time_epoch': 0.002, 'loss': 1031121454235648.0, 'lr': 0, 'params': 78746, 'time_iter': 0.002, 'accuracy': 0.1, 'f1': 0.01818, 'auc': 0.5}
test: {'epoch': 128, 'time_epoch': 0.003, 'loss': 1031121454235648.0, 'lr': 0, 'params': 78746, 'time_iter': 0.003, 'accuracy': 0.1, 'f1': 0.01818, 'auc': 0.5}
> Epoch 128: took 0.0s (avg 0.0s) | Best so far: epoch 0	train_loss: 2.3129 train_accuracy: 0.1000	val_loss: 18.4324 val_accuracy: 0.1000	test_loss: 18.4324 test_accuracy: 0.1000
train: {'epoch': 129, 'time_epoch': 0.00651, 'eta': 0.54257, 'eta_hours': 0.00015, 'loss': 2.31291175, 'lr': 0.00045816, 'params': 78746, 'time_iter': 0.00651, 'accuracy': 0.1, 'f1': 0.01818, 'auc': 0.5}
val: {'epoch': 129, 'time_epoch': 0.003, 'loss': 988387066511360.0, 'lr': 0, 'params': 78746, 'time_iter': 0.003, 'accuracy': 0.1, 'f1': 0.01818, 'auc': 0.5}
test: {'epoch': 129, 'time_epoch': 0.002, 'loss': 988387066511360.0, 'lr': 0, 'params': 78746, 'time_iter': 0.002, 'accuracy': 0.1, 'f1': 0.01818, 'auc': 0.5}
> Epoch 129: took 0.0s (avg 0.0s) | Best so far: epoch 0	train_loss: 2.3129 train_accuracy: 0.1000	val_loss: 18.4324 val_accuracy: 0.1000	test_loss: 18.4324 test_accuracy: 0.1000
train: {'epoch': 130, 'time_epoch': 0.006, 'eta': 0.5339, 'eta_hours': 0.00015, 'loss': 2.31291151, 'lr': 0.00044774, 'params': 78746, 'time_iter': 0.006, 'accuracy': 0.1, 'f1': 0.01818, 'auc': 0.5}
val: {'epoch': 130, 'time_epoch': 0.003, 'loss': 959083041521664.0, 'lr': 0, 'params': 78746, 'time_iter': 0.003, 'accuracy': 0.1, 'f1': 0.01818, 'auc': 0.5}
test: {'epoch': 130, 'time_epoch': 0.003, 'loss': 959083041521664.0, 'lr': 0, 'params': 78746, 'time_iter': 0.003, 'accuracy': 0.1, 'f1': 0.01818, 'auc': 0.5}
> Epoch 130: took 0.0s (avg 0.0s) | Best so far: epoch 0	train_loss: 2.3129 train_accuracy: 0.1000	val_loss: 18.4324 val_accuracy: 0.1000	test_loss: 18.4324 test_accuracy: 0.1000
train: {'epoch': 131, 'time_epoch': 0.006, 'eta': 0.52526, 'eta_hours': 0.00015, 'loss': 2.31291223, 'lr': 0.00043733, 'params': 78746, 'time_iter': 0.006, 'accuracy': 0.1, 'f1': 0.01818, 'auc': 0.5}
val: {'epoch': 131, 'time_epoch': 0.003, 'loss': 966054712967168.0, 'lr': 0, 'params': 78746, 'time_iter': 0.003, 'accuracy': 0.1, 'f1': 0.01818, 'auc': 0.5}
test: {'epoch': 131, 'time_epoch': 0.002, 'loss': 966054712967168.0, 'lr': 0, 'params': 78746, 'time_iter': 0.002, 'accuracy': 0.1, 'f1': 0.01818, 'auc': 0.5}
> Epoch 131: took 0.0s (avg 0.0s) | Best so far: epoch 0	train_loss: 2.3129 train_accuracy: 0.1000	val_loss: 18.4324 val_accuracy: 0.1000	test_loss: 18.4324 test_accuracy: 0.1000
train: {'epoch': 132, 'time_epoch': 0.006, 'eta': 0.51667, 'eta_hours': 0.00014, 'loss': 2.31291103, 'lr': 0.00042696, 'params': 78746, 'time_iter': 0.006, 'accuracy': 0.1, 'f1': 0.01818, 'auc': 0.5}
val: {'epoch': 132, 'time_epoch': 0.003, 'loss': 1035383269752832.0, 'lr': 0, 'params': 78746, 'time_iter': 0.003, 'accuracy': 0.1, 'f1': 0.01818, 'auc': 0.5}
test: {'epoch': 132, 'time_epoch': 0.003, 'loss': 1035383269752832.0, 'lr': 0, 'params': 78746, 'time_iter': 0.003, 'accuracy': 0.1, 'f1': 0.01818, 'auc': 0.5}
> Epoch 132: took 0.0s (avg 0.0s) | Best so far: epoch 0	train_loss: 2.3129 train_accuracy: 0.1000	val_loss: 18.4324 val_accuracy: 0.1000	test_loss: 18.4324 test_accuracy: 0.1000
train: {'epoch': 133, 'time_epoch': 0.006, 'eta': 0.50811, 'eta_hours': 0.00014, 'loss': 2.31291103, 'lr': 0.00041662, 'params': 78746, 'time_iter': 0.006, 'accuracy': 0.1, 'f1': 0.01818, 'auc': 0.5}
val: {'epoch': 133, 'time_epoch': 0.002, 'loss': 1092577000423424.0, 'lr': 0, 'params': 78746, 'time_iter': 0.002, 'accuracy': 0.1, 'f1': 0.01818, 'auc': 0.5}
test: {'epoch': 133, 'time_epoch': 0.003, 'loss': 1092577000423424.0, 'lr': 0, 'params': 78746, 'time_iter': 0.003, 'accuracy': 0.1, 'f1': 0.01818, 'auc': 0.5}
> Epoch 133: took 0.0s (avg 0.0s) | Best so far: epoch 0	train_loss: 2.3129 train_accuracy: 0.1000	val_loss: 18.4324 val_accuracy: 0.1000	test_loss: 18.4324 test_accuracy: 0.1000
train: {'epoch': 134, 'time_epoch': 0.006, 'eta': 0.4996, 'eta_hours': 0.00014, 'loss': 2.31291151, 'lr': 0.00040631, 'params': 78746, 'time_iter': 0.006, 'accuracy': 0.1, 'f1': 0.01818, 'auc': 0.5}
val: {'epoch': 134, 'time_epoch': 0.002, 'loss': 1154854428868608.0, 'lr': 0, 'params': 78746, 'time_iter': 0.002, 'accuracy': 0.1, 'f1': 0.01818, 'auc': 0.5}
test: {'epoch': 134, 'time_epoch': 0.003, 'loss': 1154854428868608.0, 'lr': 0, 'params': 78746, 'time_iter': 0.003, 'accuracy': 0.1, 'f1': 0.01818, 'auc': 0.5}
> Epoch 134: took 0.0s (avg 0.0s) | Best so far: epoch 0	train_loss: 2.3129 train_accuracy: 0.1000	val_loss: 18.4324 val_accuracy: 0.1000	test_loss: 18.4324 test_accuracy: 0.1000
train: {'epoch': 135, 'time_epoch': 0.006, 'eta': 0.49112, 'eta_hours': 0.00014, 'loss': 2.31291175, 'lr': 0.00039604, 'params': 78746, 'time_iter': 0.006, 'accuracy': 0.1, 'f1': 0.01818, 'auc': 0.5}
val: {'epoch': 135, 'time_epoch': 0.002, 'loss': 1186733823623168.0, 'lr': 0, 'params': 78746, 'time_iter': 0.002, 'accuracy': 0.1, 'f1': 0.01818, 'auc': 0.5}
test: {'epoch': 135, 'time_epoch': 0.002, 'loss': 1186733823623168.0, 'lr': 0, 'params': 78746, 'time_iter': 0.002, 'accuracy': 0.1, 'f1': 0.01818, 'auc': 0.5}
> Epoch 135: took 0.0s (avg 0.0s) | Best so far: epoch 0	train_loss: 2.3129 train_accuracy: 0.1000	val_loss: 18.4324 val_accuracy: 0.1000	test_loss: 18.4324 test_accuracy: 0.1000
train: {'epoch': 136, 'time_epoch': 0.006, 'eta': 0.48267, 'eta_hours': 0.00013, 'loss': 2.31291127, 'lr': 0.00038582, 'params': 78746, 'time_iter': 0.006, 'accuracy': 0.1, 'f1': 0.01818, 'auc': 0.5}
val: {'epoch': 136, 'time_epoch': 0.003, 'loss': 1223306946543616.0, 'lr': 0, 'params': 78746, 'time_iter': 0.003, 'accuracy': 0.1, 'f1': 0.01818, 'auc': 0.5}
test: {'epoch': 136, 'time_epoch': 0.003, 'loss': 1223306946543616.0, 'lr': 0, 'params': 78746, 'time_iter': 0.003, 'accuracy': 0.1, 'f1': 0.01818, 'auc': 0.5}
> Epoch 136: took 0.0s (avg 0.0s) | Best so far: epoch 0	train_loss: 2.3129 train_accuracy: 0.1000	val_loss: 18.4324 val_accuracy: 0.1000	test_loss: 18.4324 test_accuracy: 0.1000
train: {'epoch': 137, 'time_epoch': 0.006, 'eta': 0.47427, 'eta_hours': 0.00013, 'loss': 2.3129108, 'lr': 0.00037566, 'params': 78746, 'time_iter': 0.006, 'accuracy': 0.1, 'f1': 0.01818, 'auc': 0.5}
val: {'epoch': 137, 'time_epoch': 0.002, 'loss': 1217874484002816.0, 'lr': 0, 'params': 78746, 'time_iter': 0.002, 'accuracy': 0.1, 'f1': 0.01818, 'auc': 0.5}
test: {'epoch': 137, 'time_epoch': 0.002, 'loss': 1217874484002816.0, 'lr': 0, 'params': 78746, 'time_iter': 0.002, 'accuracy': 0.1, 'f1': 0.01818, 'auc': 0.5}
> Epoch 137: took 0.0s (avg 0.0s) | Best so far: epoch 0	train_loss: 2.3129 train_accuracy: 0.1000	val_loss: 18.4324 val_accuracy: 0.1000	test_loss: 18.4324 test_accuracy: 0.1000
train: {'epoch': 138, 'time_epoch': 0.007, 'eta': 0.46633, 'eta_hours': 0.00013, 'loss': 2.31291151, 'lr': 0.00036554, 'params': 78746, 'time_iter': 0.007, 'accuracy': 0.1, 'f1': 0.01818, 'auc': 0.5}
val: {'epoch': 138, 'time_epoch': 0.002, 'loss': 1207964518055936.0, 'lr': 0, 'params': 78746, 'time_iter': 0.002, 'accuracy': 0.1, 'f1': 0.01818, 'auc': 0.5}
test: {'epoch': 138, 'time_epoch': 0.002, 'loss': 1207964518055936.0, 'lr': 0, 'params': 78746, 'time_iter': 0.002, 'accuracy': 0.1, 'f1': 0.01818, 'auc': 0.5}
> Epoch 138: took 0.0s (avg 0.0s) | Best so far: epoch 0	train_loss: 2.3129 train_accuracy: 0.1000	val_loss: 18.4324 val_accuracy: 0.1000	test_loss: 18.4324 test_accuracy: 0.1000
train: {'epoch': 139, 'time_epoch': 0.006, 'eta': 0.45798, 'eta_hours': 0.00013, 'loss': 2.31291103, 'lr': 0.00035548, 'params': 78746, 'time_iter': 0.006, 'accuracy': 0.1, 'f1': 0.01818, 'auc': 0.5}
val: {'epoch': 139, 'time_epoch': 0.002, 'loss': 1186732749881344.0, 'lr': 0, 'params': 78746, 'time_iter': 0.002, 'accuracy': 0.1, 'f1': 0.01818, 'auc': 0.5}
test: {'epoch': 139, 'time_epoch': 0.002, 'loss': 1186732749881344.0, 'lr': 0, 'params': 78746, 'time_iter': 0.002, 'accuracy': 0.1, 'f1': 0.01818, 'auc': 0.5}
> Epoch 139: took 0.0s (avg 0.0s) | Best so far: epoch 0	train_loss: 2.3129 train_accuracy: 0.1000	val_loss: 18.4324 val_accuracy: 0.1000	test_loss: 18.4324 test_accuracy: 0.1000
train: {'epoch': 140, 'time_epoch': 0.006, 'eta': 0.44966, 'eta_hours': 0.00012, 'loss': 2.31291199, 'lr': 0.00034549, 'params': 78746, 'time_iter': 0.006, 'accuracy': 0.1, 'f1': 0.01818, 'auc': 0.5}
val: {'epoch': 140, 'time_epoch': 0.002, 'loss': 1113058625716224.0, 'lr': 0, 'params': 78746, 'time_iter': 0.002, 'accuracy': 0.1, 'f1': 0.01818, 'auc': 0.5}
test: {'epoch': 140, 'time_epoch': 0.002, 'loss': 1113058625716224.0, 'lr': 0, 'params': 78746, 'time_iter': 0.002, 'accuracy': 0.1, 'f1': 0.01818, 'auc': 0.5}
> Epoch 140: took 0.0s (avg 0.0s) | Best so far: epoch 0	train_loss: 2.3129 train_accuracy: 0.1000	val_loss: 18.4324 val_accuracy: 0.1000	test_loss: 18.4324 test_accuracy: 0.1000
train: {'epoch': 141, 'time_epoch': 0.007, 'eta': 0.44179, 'eta_hours': 0.00012, 'loss': 2.31291103, 'lr': 0.00033557, 'params': 78746, 'time_iter': 0.007, 'accuracy': 0.1, 'f1': 0.01818, 'auc': 0.5}
val: {'epoch': 141, 'time_epoch': 0.00236, 'loss': 1051814539558912.0, 'lr': 0, 'params': 78746, 'time_iter': 0.00236, 'accuracy': 0.1, 'f1': 0.01818, 'auc': 0.5}
test: {'epoch': 141, 'time_epoch': 0.003, 'loss': 1051814539558912.0, 'lr': 0, 'params': 78746, 'time_iter': 0.003, 'accuracy': 0.1, 'f1': 0.01818, 'auc': 0.5}
> Epoch 141: took 0.0s (avg 0.0s) | Best so far: epoch 0	train_loss: 2.3129 train_accuracy: 0.1000	val_loss: 18.4324 val_accuracy: 0.1000	test_loss: 18.4324 test_accuracy: 0.1000
train: {'epoch': 142, 'time_epoch': 0.006, 'eta': 0.43353, 'eta_hours': 0.00012, 'loss': 2.31291175, 'lr': 0.00032571, 'params': 78746, 'time_iter': 0.006, 'accuracy': 0.1, 'f1': 0.01818, 'auc': 0.5}
val: {'epoch': 142, 'time_epoch': 0.003, 'loss': 984659840204800.0, 'lr': 0, 'params': 78746, 'time_iter': 0.003, 'accuracy': 0.1, 'f1': 0.01818, 'auc': 0.5}
test: {'epoch': 142, 'time_epoch': 0.003, 'loss': 984659840204800.0, 'lr': 0, 'params': 78746, 'time_iter': 0.003, 'accuracy': 0.1, 'f1': 0.01818, 'auc': 0.5}
> Epoch 142: took 0.0s (avg 0.0s) | Best so far: epoch 0	train_loss: 2.3129 train_accuracy: 0.1000	val_loss: 18.4324 val_accuracy: 0.1000	test_loss: 18.4324 test_accuracy: 0.1000
train: {'epoch': 143, 'time_epoch': 0.007, 'eta': 0.42569, 'eta_hours': 0.00012, 'loss': 2.31291127, 'lr': 0.00031594, 'params': 78746, 'time_iter': 0.007, 'accuracy': 0.1, 'f1': 0.01818, 'auc': 0.5}
val: {'epoch': 143, 'time_epoch': 0.002, 'loss': 904055450763264.0, 'lr': 0, 'params': 78746, 'time_iter': 0.002, 'accuracy': 0.1, 'f1': 0.01818, 'auc': 0.5}
test: {'epoch': 143, 'time_epoch': 0.004, 'loss': 904055450763264.0, 'lr': 0, 'params': 78746, 'time_iter': 0.004, 'accuracy': 0.1, 'f1': 0.01818, 'auc': 0.5}
> Epoch 143: took 0.0s (avg 0.0s) | Best so far: epoch 0	train_loss: 2.3129 train_accuracy: 0.1000	val_loss: 18.4324 val_accuracy: 0.1000	test_loss: 18.4324 test_accuracy: 0.1000
train: {'epoch': 144, 'time_epoch': 0.006, 'eta': 0.41748, 'eta_hours': 0.00012, 'loss': 2.31291151, 'lr': 0.00030624, 'params': 78746, 'time_iter': 0.006, 'accuracy': 0.1, 'f1': 0.01818, 'auc': 0.5}
val: {'epoch': 144, 'time_epoch': 0.00313, 'loss': 793459774455808.0, 'lr': 0, 'params': 78746, 'time_iter': 0.00313, 'accuracy': 0.1, 'f1': 0.01818, 'auc': 0.5}
test: {'epoch': 144, 'time_epoch': 0.003, 'loss': 793459774455808.0, 'lr': 0, 'params': 78746, 'time_iter': 0.003, 'accuracy': 0.1, 'f1': 0.01818, 'auc': 0.5}
> Epoch 144: took 0.0s (avg 0.0s) | Best so far: epoch 0	train_loss: 2.3129 train_accuracy: 0.1000	val_loss: 18.4324 val_accuracy: 0.1000	test_loss: 18.4324 test_accuracy: 0.1000
train: {'epoch': 145, 'time_epoch': 0.006, 'eta': 0.4093, 'eta_hours': 0.00011, 'loss': 2.31291008, 'lr': 0.00029663, 'params': 78746, 'time_iter': 0.006, 'accuracy': 0.1, 'f1': 0.01818, 'auc': 0.5}
val: {'epoch': 145, 'time_epoch': 0.003, 'loss': 676447215681536.0, 'lr': 0, 'params': 78746, 'time_iter': 0.003, 'accuracy': 0.1, 'f1': 0.01818, 'auc': 0.5}
test: {'epoch': 145, 'time_epoch': 0.004, 'loss': 676447215681536.0, 'lr': 0, 'params': 78746, 'time_iter': 0.004, 'accuracy': 0.1, 'f1': 0.01818, 'auc': 0.5}
> Epoch 145: took 0.0s (avg 0.0s) | Best so far: epoch 0	train_loss: 2.3129 train_accuracy: 0.1000	val_loss: 18.4324 val_accuracy: 0.1000	test_loss: 18.4324 test_accuracy: 0.1000
train: {'epoch': 146, 'time_epoch': 0.006, 'eta': 0.40115, 'eta_hours': 0.00011, 'loss': 2.31291175, 'lr': 0.00028711, 'params': 78746, 'time_iter': 0.006, 'accuracy': 0.1, 'f1': 0.01818, 'auc': 0.5}
val: {'epoch': 146, 'time_epoch': 0.002, 'loss': 598745687261184.0, 'lr': 0, 'params': 78746, 'time_iter': 0.002, 'accuracy': 0.1, 'f1': 0.01818, 'auc': 0.5}
test: {'epoch': 146, 'time_epoch': 0.003, 'loss': 598745687261184.0, 'lr': 0, 'params': 78746, 'time_iter': 0.003, 'accuracy': 0.1, 'f1': 0.01818, 'auc': 0.5}
> Epoch 146: took 0.0s (avg 0.0s) | Best so far: epoch 0	train_loss: 2.3129 train_accuracy: 0.1000	val_loss: 18.4324 val_accuracy: 0.1000	test_loss: 18.4324 test_accuracy: 0.1000
train: {'epoch': 147, 'time_epoch': 0.007, 'eta': 0.39338, 'eta_hours': 0.00011, 'loss': 2.31291127, 'lr': 0.00027768, 'params': 78746, 'time_iter': 0.007, 'accuracy': 0.1, 'f1': 0.01818, 'auc': 0.5}
val: {'epoch': 147, 'time_epoch': 0.002, 'loss': 592364573818880.0, 'lr': 0, 'params': 78746, 'time_iter': 0.002, 'accuracy': 0.1, 'f1': 0.01818, 'auc': 0.5}
test: {'epoch': 147, 'time_epoch': 0.002, 'loss': 592364573818880.0, 'lr': 0, 'params': 78746, 'time_iter': 0.002, 'accuracy': 0.1, 'f1': 0.01818, 'auc': 0.5}
> Epoch 147: took 0.0s (avg 0.0s) | Best so far: epoch 0	train_loss: 2.3129 train_accuracy: 0.1000	val_loss: 18.4324 val_accuracy: 0.1000	test_loss: 18.4324 test_accuracy: 0.1000
train: {'epoch': 148, 'time_epoch': 0.006, 'eta': 0.38528, 'eta_hours': 0.00011, 'loss': 2.31291151, 'lr': 0.00026835, 'params': 78746, 'time_iter': 0.006, 'accuracy': 0.1, 'f1': 0.01818, 'auc': 0.5}
val: {'epoch': 148, 'time_epoch': 0.003, 'loss': 619378978586624.0, 'lr': 0, 'params': 78746, 'time_iter': 0.003, 'accuracy': 0.1, 'f1': 0.01818, 'auc': 0.5}
test: {'epoch': 148, 'time_epoch': 0.002, 'loss': 619378978586624.0, 'lr': 0, 'params': 78746, 'time_iter': 0.002, 'accuracy': 0.1, 'f1': 0.01818, 'auc': 0.5}
> Epoch 148: took 0.0s (avg 0.0s) | Best so far: epoch 0	train_loss: 2.3129 train_accuracy: 0.1000	val_loss: 18.4324 val_accuracy: 0.1000	test_loss: 18.4324 test_accuracy: 0.1000
train: {'epoch': 149, 'time_epoch': 0.006, 'eta': 0.37721, 'eta_hours': 0.0001, 'loss': 2.31291151, 'lr': 0.00025912, 'params': 78746, 'time_iter': 0.006, 'accuracy': 0.1, 'f1': 0.01818, 'auc': 0.5}
val: {'epoch': 149, 'time_epoch': 0.002, 'loss': 679857218387968.0, 'lr': 0, 'params': 78746, 'time_iter': 0.002, 'accuracy': 0.1, 'f1': 0.01818, 'auc': 0.5}
test: {'epoch': 149, 'time_epoch': 0.002, 'loss': 679857218387968.0, 'lr': 0, 'params': 78746, 'time_iter': 0.002, 'accuracy': 0.1, 'f1': 0.01818, 'auc': 0.5}
> Epoch 149: took 0.0s (avg 0.0s) | Best so far: epoch 0	train_loss: 2.3129 train_accuracy: 0.1000	val_loss: 18.4324 val_accuracy: 0.1000	test_loss: 18.4324 test_accuracy: 0.1000
train: {'epoch': 150, 'time_epoch': 0.006, 'eta': 0.36916, 'eta_hours': 0.0001, 'loss': 2.31291127, 'lr': 0.00025, 'params': 78746, 'time_iter': 0.006, 'accuracy': 0.1, 'f1': 0.01818, 'auc': 0.5}
val: {'epoch': 150, 'time_epoch': 0.002, 'loss': 704037011849216.0, 'lr': 0, 'params': 78746, 'time_iter': 0.002, 'accuracy': 0.1, 'f1': 0.01818, 'auc': 0.5}
test: {'epoch': 150, 'time_epoch': 0.003, 'loss': 704037011849216.0, 'lr': 0, 'params': 78746, 'time_iter': 0.003, 'accuracy': 0.1, 'f1': 0.01818, 'auc': 0.5}
> Epoch 150: took 0.0s (avg 0.0s) | Best so far: epoch 0	train_loss: 2.3129 train_accuracy: 0.1000	val_loss: 18.4324 val_accuracy: 0.1000	test_loss: 18.4324 test_accuracy: 0.1000
train: {'epoch': 151, 'time_epoch': 0.006, 'eta': 0.36115, 'eta_hours': 0.0001, 'loss': 2.31291127, 'lr': 0.00024099, 'params': 78746, 'time_iter': 0.006, 'accuracy': 0.1, 'f1': 0.01818, 'auc': 0.5}
val: {'epoch': 151, 'time_epoch': 0.002, 'loss': 677721747226624.0, 'lr': 0, 'params': 78746, 'time_iter': 0.002, 'accuracy': 0.1, 'f1': 0.01818, 'auc': 0.5}
test: {'epoch': 151, 'time_epoch': 0.003, 'loss': 677721747226624.0, 'lr': 0, 'params': 78746, 'time_iter': 0.003, 'accuracy': 0.1, 'f1': 0.01818, 'auc': 0.5}
> Epoch 151: took 0.0s (avg 0.0s) | Best so far: epoch 0	train_loss: 2.3129 train_accuracy: 0.1000	val_loss: 18.4324 val_accuracy: 0.1000	test_loss: 18.4324 test_accuracy: 0.1000
train: {'epoch': 152, 'time_epoch': 0.007, 'eta': 0.35346, 'eta_hours': 0.0001, 'loss': 2.31291151, 'lr': 0.00023209, 'params': 78746, 'time_iter': 0.007, 'accuracy': 0.1, 'f1': 0.01818, 'auc': 0.5}
val: {'epoch': 152, 'time_epoch': 0.003, 'loss': 598657237778432.0, 'lr': 0, 'params': 78746, 'time_iter': 0.003, 'accuracy': 0.1, 'f1': 0.01818, 'auc': 0.5}
test: {'epoch': 152, 'time_epoch': 0.003, 'loss': 598657237778432.0, 'lr': 0, 'params': 78746, 'time_iter': 0.003, 'accuracy': 0.1, 'f1': 0.01818, 'auc': 0.5}
> Epoch 152: took 0.0s (avg 0.0s) | Best so far: epoch 0	train_loss: 2.3129 train_accuracy: 0.1000	val_loss: 18.4324 val_accuracy: 0.1000	test_loss: 18.4324 test_accuracy: 0.1000
train: {'epoch': 153, 'time_epoch': 0.007, 'eta': 0.34578, 'eta_hours': 0.0001, 'loss': 2.31291127, 'lr': 0.0002233, 'params': 78746, 'time_iter': 0.007, 'accuracy': 0.1, 'f1': 0.01818, 'auc': 0.5}
val: {'epoch': 153, 'time_epoch': 0.003, 'loss': 511978757947392.0, 'lr': 0, 'params': 78746, 'time_iter': 0.003, 'accuracy': 0.1, 'f1': 0.01818, 'auc': 0.5}
test: {'epoch': 153, 'time_epoch': 0.003, 'loss': 511978757947392.0, 'lr': 0, 'params': 78746, 'time_iter': 0.003, 'accuracy': 0.1, 'f1': 0.01818, 'auc': 0.5}
> Epoch 153: took 0.0s (avg 0.0s) | Best so far: epoch 0	train_loss: 2.3129 train_accuracy: 0.1000	val_loss: 18.4324 val_accuracy: 0.1000	test_loss: 18.4324 test_accuracy: 0.1000
train: {'epoch': 154, 'time_epoch': 0.006, 'eta': 0.33783, 'eta_hours': 9e-05, 'loss': 2.31291151, 'lr': 0.00021464, 'params': 78746, 'time_iter': 0.006, 'accuracy': 0.1, 'f1': 0.01818, 'auc': 0.5}
val: {'epoch': 154, 'time_epoch': 0.004, 'loss': 498896958652416.0, 'lr': 0, 'params': 78746, 'time_iter': 0.004, 'accuracy': 0.1, 'f1': 0.01818, 'auc': 0.5}
test: {'epoch': 154, 'time_epoch': 0.003, 'loss': 498896958652416.0, 'lr': 0, 'params': 78746, 'time_iter': 0.003, 'accuracy': 0.1, 'f1': 0.01818, 'auc': 0.5}
> Epoch 154: took 0.0s (avg 0.0s) | Best so far: epoch 0	train_loss: 2.3129 train_accuracy: 0.1000	val_loss: 18.4324 val_accuracy: 0.1000	test_loss: 18.4324 test_accuracy: 0.1000
train: {'epoch': 155, 'time_epoch': 0.006, 'eta': 0.32989, 'eta_hours': 9e-05, 'loss': 2.31291199, 'lr': 0.00020611, 'params': 78746, 'time_iter': 0.006, 'accuracy': 0.1, 'f1': 0.01818, 'auc': 0.5}
val: {'epoch': 155, 'time_epoch': 0.002, 'loss': 521394769100800.0, 'lr': 0, 'params': 78746, 'time_iter': 0.002, 'accuracy': 0.1, 'f1': 0.01818, 'auc': 0.5}
test: {'epoch': 155, 'time_epoch': 0.002, 'loss': 521394769100800.0, 'lr': 0, 'params': 78746, 'time_iter': 0.002, 'accuracy': 0.1, 'f1': 0.01818, 'auc': 0.5}
> Epoch 155: took 0.0s (avg 0.0s) | Best so far: epoch 0	train_loss: 2.3129 train_accuracy: 0.1000	val_loss: 18.4324 val_accuracy: 0.1000	test_loss: 18.4324 test_accuracy: 0.1000
train: {'epoch': 156, 'time_epoch': 0.006, 'eta': 0.32199, 'eta_hours': 9e-05, 'loss': 2.31291103, 'lr': 0.0001977, 'params': 78746, 'time_iter': 0.006, 'accuracy': 0.1, 'f1': 0.01818, 'auc': 0.5}
val: {'epoch': 156, 'time_epoch': 0.003, 'loss': 556954883719168.0, 'lr': 0, 'params': 78746, 'time_iter': 0.003, 'accuracy': 0.1, 'f1': 0.01818, 'auc': 0.5}
test: {'epoch': 156, 'time_epoch': 0.003, 'loss': 556954883719168.0, 'lr': 0, 'params': 78746, 'time_iter': 0.003, 'accuracy': 0.1, 'f1': 0.01818, 'auc': 0.5}
> Epoch 156: took 0.0s (avg 0.0s) | Best so far: epoch 0	train_loss: 2.3129 train_accuracy: 0.1000	val_loss: 18.4324 val_accuracy: 0.1000	test_loss: 18.4324 test_accuracy: 0.1000
train: {'epoch': 157, 'time_epoch': 0.007, 'eta': 0.31437, 'eta_hours': 9e-05, 'loss': 2.31291103, 'lr': 0.00018943, 'params': 78746, 'time_iter': 0.007, 'accuracy': 0.1, 'f1': 0.01818, 'auc': 0.5}
val: {'epoch': 157, 'time_epoch': 0.003, 'loss': 616648922890240.0, 'lr': 0, 'params': 78746, 'time_iter': 0.003, 'accuracy': 0.1, 'f1': 0.01818, 'auc': 0.5}
test: {'epoch': 157, 'time_epoch': 0.00251, 'loss': 616648922890240.0, 'lr': 0, 'params': 78746, 'time_iter': 0.00251, 'accuracy': 0.1, 'f1': 0.01818, 'auc': 0.5}
> Epoch 157: took 0.0s (avg 0.0s) | Best so far: epoch 0	train_loss: 2.3129 train_accuracy: 0.1000	val_loss: 18.4324 val_accuracy: 0.1000	test_loss: 18.4324 test_accuracy: 0.1000
train: {'epoch': 158, 'time_epoch': 0.006, 'eta': 0.3065, 'eta_hours': 9e-05, 'loss': 2.31291103, 'lr': 0.00018129, 'params': 78746, 'time_iter': 0.006, 'accuracy': 0.1, 'f1': 0.01818, 'auc': 0.5}
val: {'epoch': 158, 'time_epoch': 0.003, 'loss': 628292512120832.0, 'lr': 0, 'params': 78746, 'time_iter': 0.003, 'accuracy': 0.1, 'f1': 0.01818, 'auc': 0.5}
test: {'epoch': 158, 'time_epoch': 0.003, 'loss': 628292512120832.0, 'lr': 0, 'params': 78746, 'time_iter': 0.003, 'accuracy': 0.1, 'f1': 0.01818, 'auc': 0.5}
> Epoch 158: took 0.0s (avg 0.0s) | Best so far: epoch 0	train_loss: 2.3129 train_accuracy: 0.1000	val_loss: 18.4324 val_accuracy: 0.1000	test_loss: 18.4324 test_accuracy: 0.1000
train: {'epoch': 159, 'time_epoch': 0.006, 'eta': 0.29866, 'eta_hours': 8e-05, 'loss': 2.31291175, 'lr': 0.00017329, 'params': 78746, 'time_iter': 0.006, 'accuracy': 0.1, 'f1': 0.01818, 'auc': 0.5}
val: {'epoch': 159, 'time_epoch': 0.002, 'loss': 569732176543744.0, 'lr': 0, 'params': 78746, 'time_iter': 0.002, 'accuracy': 0.1, 'f1': 0.01818, 'auc': 0.5}
test: {'epoch': 159, 'time_epoch': 0.002, 'loss': 569732176543744.0, 'lr': 0, 'params': 78746, 'time_iter': 0.002, 'accuracy': 0.1, 'f1': 0.01818, 'auc': 0.5}
> Epoch 159: took 0.0s (avg 0.0s) | Best so far: epoch 0	train_loss: 2.3129 train_accuracy: 0.1000	val_loss: 18.4324 val_accuracy: 0.1000	test_loss: 18.4324 test_accuracy: 0.1000
train: {'epoch': 160, 'time_epoch': 0.00666, 'eta': 0.29099, 'eta_hours': 8e-05, 'loss': 2.31291103, 'lr': 0.00016543, 'params': 78746, 'time_iter': 0.00666, 'accuracy': 0.1, 'f1': 0.01818, 'auc': 0.5}
val: {'epoch': 160, 'time_epoch': 0.004, 'loss': 520887258316800.0, 'lr': 0, 'params': 78746, 'time_iter': 0.004, 'accuracy': 0.1, 'f1': 0.01818, 'auc': 0.5}
test: {'epoch': 160, 'time_epoch': 0.002, 'loss': 520887258316800.0, 'lr': 0, 'params': 78746, 'time_iter': 0.002, 'accuracy': 0.1, 'f1': 0.01818, 'auc': 0.5}
> Epoch 160: took 0.0s (avg 0.0s) | Best so far: epoch 0	train_loss: 2.3129 train_accuracy: 0.1000	val_loss: 18.4324 val_accuracy: 0.1000	test_loss: 18.4324 test_accuracy: 0.1000
train: {'epoch': 161, 'time_epoch': 0.006, 'eta': 0.28319, 'eta_hours': 8e-05, 'loss': 2.31291127, 'lr': 0.00015773, 'params': 78746, 'time_iter': 0.006, 'accuracy': 0.1, 'f1': 0.01818, 'auc': 0.5}
val: {'epoch': 161, 'time_epoch': 0.004, 'loss': 497520857841664.0, 'lr': 0, 'params': 78746, 'time_iter': 0.004, 'accuracy': 0.1, 'f1': 0.01818, 'auc': 0.5}
test: {'epoch': 161, 'time_epoch': 0.004, 'loss': 497520857841664.0, 'lr': 0, 'params': 78746, 'time_iter': 0.004, 'accuracy': 0.1, 'f1': 0.01818, 'auc': 0.5}
> Epoch 161: took 0.0s (avg 0.0s) | Best so far: epoch 0	train_loss: 2.3129 train_accuracy: 0.1000	val_loss: 18.4324 val_accuracy: 0.1000	test_loss: 18.4324 test_accuracy: 0.1000
train: {'epoch': 162, 'time_epoch': 0.006, 'eta': 0.27541, 'eta_hours': 8e-05, 'loss': 2.31291103, 'lr': 0.00015017, 'params': 78746, 'time_iter': 0.006, 'accuracy': 0.1, 'f1': 0.01818, 'auc': 0.5}
val: {'epoch': 162, 'time_epoch': 0.002, 'loss': 444756144422912.0, 'lr': 0, 'params': 78746, 'time_iter': 0.002, 'accuracy': 0.1, 'f1': 0.01818, 'auc': 0.5}
test: {'epoch': 162, 'time_epoch': 0.003, 'loss': 444756144422912.0, 'lr': 0, 'params': 78746, 'time_iter': 0.003, 'accuracy': 0.1, 'f1': 0.01818, 'auc': 0.5}
> Epoch 162: took 0.0s (avg 0.0s) | Best so far: epoch 0	train_loss: 2.3129 train_accuracy: 0.1000	val_loss: 18.4324 val_accuracy: 0.1000	test_loss: 18.4324 test_accuracy: 0.1000
train: {'epoch': 163, 'time_epoch': 0.008, 'eta': 0.26809, 'eta_hours': 7e-05, 'loss': 2.31291175, 'lr': 0.00014276, 'params': 78746, 'time_iter': 0.008, 'accuracy': 0.1, 'f1': 0.01818, 'auc': 0.5}
val: {'epoch': 163, 'time_epoch': 0.003, 'loss': 381203681116160.0, 'lr': 0, 'params': 78746, 'time_iter': 0.003, 'accuracy': 0.1, 'f1': 0.01818, 'auc': 0.5}
test: {'epoch': 163, 'time_epoch': 0.003, 'loss': 381203681116160.0, 'lr': 0, 'params': 78746, 'time_iter': 0.003, 'accuracy': 0.1, 'f1': 0.01818, 'auc': 0.5}
> Epoch 163: took 0.0s (avg 0.0s) | Best so far: epoch 0	train_loss: 2.3129 train_accuracy: 0.1000	val_loss: 18.4324 val_accuracy: 0.1000	test_loss: 18.4324 test_accuracy: 0.1000
train: {'epoch': 164, 'time_epoch': 0.007, 'eta': 0.26054, 'eta_hours': 7e-05, 'loss': 2.31291103, 'lr': 0.00013552, 'params': 78746, 'time_iter': 0.007, 'accuracy': 0.1, 'f1': 0.01818, 'auc': 0.5}
val: {'epoch': 164, 'time_epoch': 0.003, 'loss': 304825875038208.0, 'lr': 0, 'params': 78746, 'time_iter': 0.003, 'accuracy': 0.1, 'f1': 0.01818, 'auc': 0.5}
test: {'epoch': 164, 'time_epoch': 0.002, 'loss': 304825875038208.0, 'lr': 0, 'params': 78746, 'time_iter': 0.002, 'accuracy': 0.1, 'f1': 0.01818, 'auc': 0.5}
> Epoch 164: took 0.0s (avg 0.0s) | Best so far: epoch 0	train_loss: 2.3129 train_accuracy: 0.1000	val_loss: 18.4324 val_accuracy: 0.1000	test_loss: 18.4324 test_accuracy: 0.1000
train: {'epoch': 165, 'time_epoch': 0.007, 'eta': 0.25301, 'eta_hours': 7e-05, 'loss': 2.31291199, 'lr': 0.00012843, 'params': 78746, 'time_iter': 0.007, 'accuracy': 0.1, 'f1': 0.01818, 'auc': 0.5}
val: {'epoch': 165, 'time_epoch': 0.003, 'loss': 257811736952832.0, 'lr': 0, 'params': 78746, 'time_iter': 0.003, 'accuracy': 0.1, 'f1': 0.01818, 'auc': 0.5}
test: {'epoch': 165, 'time_epoch': 0.004, 'loss': 257811736952832.0, 'lr': 0, 'params': 78746, 'time_iter': 0.004, 'accuracy': 0.1, 'f1': 0.01818, 'auc': 0.5}
> Epoch 165: took 0.1s (avg 0.0s) | Best so far: epoch 0	train_loss: 2.3129 train_accuracy: 0.1000	val_loss: 18.4324 val_accuracy: 0.1000	test_loss: 18.4324 test_accuracy: 0.1000
train: {'epoch': 166, 'time_epoch': 0.008, 'eta': 0.24568, 'eta_hours': 7e-05, 'loss': 2.31291103, 'lr': 0.0001215, 'params': 78746, 'time_iter': 0.008, 'accuracy': 0.1, 'f1': 0.01818, 'auc': 0.5}
val: {'epoch': 166, 'time_epoch': 0.002, 'loss': 282368631898112.0, 'lr': 0, 'params': 78746, 'time_iter': 0.002, 'accuracy': 0.1, 'f1': 0.01818, 'auc': 0.5}
test: {'epoch': 166, 'time_epoch': 0.003, 'loss': 282368631898112.0, 'lr': 0, 'params': 78746, 'time_iter': 0.003, 'accuracy': 0.1, 'f1': 0.01818, 'auc': 0.5}
> Epoch 166: took 0.0s (avg 0.0s) | Best so far: epoch 0	train_loss: 2.3129 train_accuracy: 0.1000	val_loss: 18.4324 val_accuracy: 0.1000	test_loss: 18.4324 test_accuracy: 0.1000
train: {'epoch': 167, 'time_epoch': 0.07451, 'eta': 0.25101, 'eta_hours': 7e-05, 'loss': 2.31291103, 'lr': 0.00011474, 'params': 78746, 'time_iter': 0.07451, 'accuracy': 0.1, 'f1': 0.01818, 'auc': 0.5}
val: {'epoch': 167, 'time_epoch': 0.004, 'loss': 293915685027840.0, 'lr': 0, 'params': 78746, 'time_iter': 0.004, 'accuracy': 0.1, 'f1': 0.01818, 'auc': 0.5}
test: {'epoch': 167, 'time_epoch': 0.003, 'loss': 293915685027840.0, 'lr': 0, 'params': 78746, 'time_iter': 0.003, 'accuracy': 0.1, 'f1': 0.01818, 'auc': 0.5}
> Epoch 167: took 0.1s (avg 0.0s) | Best so far: epoch 0	train_loss: 2.3129 train_accuracy: 0.1000	val_loss: 18.4324 val_accuracy: 0.1000	test_loss: 18.4324 test_accuracy: 0.1000
train: {'epoch': 168, 'time_epoch': 0.006, 'eta': 0.24283, 'eta_hours': 7e-05, 'loss': 2.3129108, 'lr': 0.00010815, 'params': 78746, 'time_iter': 0.006, 'accuracy': 0.1, 'f1': 0.01818, 'auc': 0.5}
val: {'epoch': 168, 'time_epoch': 0.0035, 'loss': 295616190087168.0, 'lr': 0, 'params': 78746, 'time_iter': 0.0035, 'accuracy': 0.1, 'f1': 0.01818, 'auc': 0.5}
test: {'epoch': 168, 'time_epoch': 0.002, 'loss': 295616190087168.0, 'lr': 0, 'params': 78746, 'time_iter': 0.002, 'accuracy': 0.1, 'f1': 0.01818, 'auc': 0.5}
> Epoch 168: took 0.0s (avg 0.0s) | Best so far: epoch 0	train_loss: 2.3129 train_accuracy: 0.1000	val_loss: 18.4324 val_accuracy: 0.1000	test_loss: 18.4324 test_accuracy: 0.1000
train: {'epoch': 169, 'time_epoch': 0.007, 'eta': 0.23485, 'eta_hours': 7e-05, 'loss': 2.31291103, 'lr': 0.00010174, 'params': 78746, 'time_iter': 0.007, 'accuracy': 0.1, 'f1': 0.01818, 'auc': 0.5}
val: {'epoch': 169, 'time_epoch': 0.003, 'loss': 301541198135296.0, 'lr': 0, 'params': 78746, 'time_iter': 0.003, 'accuracy': 0.1, 'f1': 0.01818, 'auc': 0.5}
test: {'epoch': 169, 'time_epoch': 0.002, 'loss': 301541198135296.0, 'lr': 0, 'params': 78746, 'time_iter': 0.002, 'accuracy': 0.1, 'f1': 0.01818, 'auc': 0.5}
> Epoch 169: took 0.0s (avg 0.0s) | Best so far: epoch 0	train_loss: 2.3129 train_accuracy: 0.1000	val_loss: 18.4324 val_accuracy: 0.1000	test_loss: 18.4324 test_accuracy: 0.1000
train: {'epoch': 170, 'time_epoch': 0.006, 'eta': 0.22671, 'eta_hours': 6e-05, 'loss': 2.31291127, 'lr': 9.549e-05, 'params': 78746, 'time_iter': 0.006, 'accuracy': 0.1, 'f1': 0.01818, 'auc': 0.5}
val: {'epoch': 170, 'time_epoch': 0.004, 'loss': 318112624803840.0, 'lr': 0, 'params': 78746, 'time_iter': 0.004, 'accuracy': 0.1, 'f1': 0.01818, 'auc': 0.5}
test: {'epoch': 170, 'time_epoch': 0.002, 'loss': 318112624803840.0, 'lr': 0, 'params': 78746, 'time_iter': 0.002, 'accuracy': 0.1, 'f1': 0.01818, 'auc': 0.5}
> Epoch 170: took 0.0s (avg 0.0s) | Best so far: epoch 0	train_loss: 2.3129 train_accuracy: 0.1000	val_loss: 18.4324 val_accuracy: 0.1000	test_loss: 18.4324 test_accuracy: 0.1000
train: {'epoch': 171, 'time_epoch': 0.006, 'eta': 0.21859, 'eta_hours': 6e-05, 'loss': 2.31291103, 'lr': 8.943e-05, 'params': 78746, 'time_iter': 0.006, 'accuracy': 0.1, 'f1': 0.01818, 'auc': 0.5}
val: {'epoch': 171, 'time_epoch': 0.002, 'loss': 299744324747264.0, 'lr': 0, 'params': 78746, 'time_iter': 0.002, 'accuracy': 0.1, 'f1': 0.01818, 'auc': 0.5}
test: {'epoch': 171, 'time_epoch': 0.002, 'loss': 299744324747264.0, 'lr': 0, 'params': 78746, 'time_iter': 0.002, 'accuracy': 0.1, 'f1': 0.01818, 'auc': 0.5}
> Epoch 171: took 0.0s (avg 0.0s) | Best so far: epoch 0	train_loss: 2.3129 train_accuracy: 0.1000	val_loss: 18.4324 val_accuracy: 0.1000	test_loss: 18.4324 test_accuracy: 0.1000
train: {'epoch': 172, 'time_epoch': 0.007, 'eta': 0.21066, 'eta_hours': 6e-05, 'loss': 2.31291151, 'lr': 8.354e-05, 'params': 78746, 'time_iter': 0.007, 'accuracy': 0.1, 'f1': 0.01818, 'auc': 0.5}
val: {'epoch': 172, 'time_epoch': 0.003, 'loss': 261231956983808.0, 'lr': 0, 'params': 78746, 'time_iter': 0.003, 'accuracy': 0.1, 'f1': 0.01818, 'auc': 0.5}
test: {'epoch': 172, 'time_epoch': 0.002, 'loss': 261231956983808.0, 'lr': 0, 'params': 78746, 'time_iter': 0.002, 'accuracy': 0.1, 'f1': 0.01818, 'auc': 0.5}
> Epoch 172: took 0.0s (avg 0.0s) | Best so far: epoch 0	train_loss: 2.3129 train_accuracy: 0.1000	val_loss: 18.4324 val_accuracy: 0.1000	test_loss: 18.4324 test_accuracy: 0.1000
train: {'epoch': 173, 'time_epoch': 0.006, 'eta': 0.20259, 'eta_hours': 6e-05, 'loss': 2.31291127, 'lr': 7.784e-05, 'params': 78746, 'time_iter': 0.006, 'accuracy': 0.1, 'f1': 0.01818, 'auc': 0.5}
val: {'epoch': 173, 'time_epoch': 0.002, 'loss': 231990511009792.0, 'lr': 0, 'params': 78746, 'time_iter': 0.002, 'accuracy': 0.1, 'f1': 0.01818, 'auc': 0.5}
test: {'epoch': 173, 'time_epoch': 0.002, 'loss': 231990511009792.0, 'lr': 0, 'params': 78746, 'time_iter': 0.002, 'accuracy': 0.1, 'f1': 0.01818, 'auc': 0.5}
> Epoch 173: took 0.0s (avg 0.0s) | Best so far: epoch 0	train_loss: 2.3129 train_accuracy: 0.1000	val_loss: 18.4324 val_accuracy: 0.1000	test_loss: 18.4324 test_accuracy: 0.1000
train: {'epoch': 174, 'time_epoch': 0.008, 'eta': 0.19483, 'eta_hours': 5e-05, 'loss': 2.31291151, 'lr': 7.232e-05, 'params': 78746, 'time_iter': 0.008, 'accuracy': 0.1, 'f1': 0.01818, 'auc': 0.5}
val: {'epoch': 174, 'time_epoch': 0.002, 'loss': 197691690713088.0, 'lr': 0, 'params': 78746, 'time_iter': 0.002, 'accuracy': 0.1, 'f1': 0.01818, 'auc': 0.5}
test: {'epoch': 174, 'time_epoch': 0.003, 'loss': 197691690713088.0, 'lr': 0, 'params': 78746, 'time_iter': 0.003, 'accuracy': 0.1, 'f1': 0.01818, 'auc': 0.5}
> Epoch 174: took 0.0s (avg 0.0s) | Best so far: epoch 0	train_loss: 2.3129 train_accuracy: 0.1000	val_loss: 18.4324 val_accuracy: 0.1000	test_loss: 18.4324 test_accuracy: 0.1000
train: {'epoch': 175, 'time_epoch': 0.006, 'eta': 0.18679, 'eta_hours': 5e-05, 'loss': 2.31291151, 'lr': 6.699e-05, 'params': 78746, 'time_iter': 0.006, 'accuracy': 0.1, 'f1': 0.01818, 'auc': 0.5}
val: {'epoch': 175, 'time_epoch': 0.002, 'loss': 178710435069952.0, 'lr': 0, 'params': 78746, 'time_iter': 0.002, 'accuracy': 0.1, 'f1': 0.01818, 'auc': 0.5}
test: {'epoch': 175, 'time_epoch': 0.003, 'loss': 178710435069952.0, 'lr': 0, 'params': 78746, 'time_iter': 0.003, 'accuracy': 0.1, 'f1': 0.01818, 'auc': 0.5}
> Epoch 175: took 0.0s (avg 0.0s) | Best so far: epoch 0	train_loss: 2.3129 train_accuracy: 0.1000	val_loss: 18.4324 val_accuracy: 0.1000	test_loss: 18.4324 test_accuracy: 0.1000
train: {'epoch': 176, 'time_epoch': 0.006, 'eta': 0.17878, 'eta_hours': 5e-05, 'loss': 2.31291056, 'lr': 6.185e-05, 'params': 78746, 'time_iter': 0.006, 'accuracy': 0.1, 'f1': 0.01818, 'auc': 0.5}
val: {'epoch': 176, 'time_epoch': 0.003, 'loss': 163443302727680.0, 'lr': 0, 'params': 78746, 'time_iter': 0.003, 'accuracy': 0.1, 'f1': 0.01818, 'auc': 0.5}
test: {'epoch': 176, 'time_epoch': 0.002, 'loss': 163443302727680.0, 'lr': 0, 'params': 78746, 'time_iter': 0.002, 'accuracy': 0.1, 'f1': 0.01818, 'auc': 0.5}
> Epoch 176: took 0.0s (avg 0.0s) | Best so far: epoch 0	train_loss: 2.3129 train_accuracy: 0.1000	val_loss: 18.4324 val_accuracy: 0.1000	test_loss: 18.4324 test_accuracy: 0.1000
train: {'epoch': 177, 'time_epoch': 0.006, 'eta': 0.17078, 'eta_hours': 5e-05, 'loss': 2.31291103, 'lr': 5.69e-05, 'params': 78746, 'time_iter': 0.006, 'accuracy': 0.1, 'f1': 0.01818, 'auc': 0.5}
val: {'epoch': 177, 'time_epoch': 0.002, 'loss': 150975801196544.0, 'lr': 0, 'params': 78746, 'time_iter': 0.002, 'accuracy': 0.1, 'f1': 0.01818, 'auc': 0.5}
test: {'epoch': 177, 'time_epoch': 0.003, 'loss': 150975801196544.0, 'lr': 0, 'params': 78746, 'time_iter': 0.003, 'accuracy': 0.1, 'f1': 0.01818, 'auc': 0.5}
> Epoch 177: took 0.0s (avg 0.0s) | Best so far: epoch 0	train_loss: 2.3129 train_accuracy: 0.1000	val_loss: 18.4324 val_accuracy: 0.1000	test_loss: 18.4324 test_accuracy: 0.1000
train: {'epoch': 178, 'time_epoch': 0.007, 'eta': 0.16293, 'eta_hours': 5e-05, 'loss': 2.3129108, 'lr': 5.214e-05, 'params': 78746, 'time_iter': 0.007, 'accuracy': 0.1, 'f1': 0.01818, 'auc': 0.5}
val: {'epoch': 178, 'time_epoch': 0.003, 'loss': 134640824221696.0, 'lr': 0, 'params': 78746, 'time_iter': 0.003, 'accuracy': 0.1, 'f1': 0.01818, 'auc': 0.5}
test: {'epoch': 178, 'time_epoch': 0.002, 'loss': 134640824221696.0, 'lr': 0, 'params': 78746, 'time_iter': 0.002, 'accuracy': 0.1, 'f1': 0.01818, 'auc': 0.5}
> Epoch 178: took 0.0s (avg 0.0s) | Best so far: epoch 0	train_loss: 2.3129 train_accuracy: 0.1000	val_loss: 18.4324 val_accuracy: 0.1000	test_loss: 18.4324 test_accuracy: 0.1000
train: {'epoch': 179, 'time_epoch': 0.006, 'eta': 0.15498, 'eta_hours': 4e-05, 'loss': 2.3129108, 'lr': 4.759e-05, 'params': 78746, 'time_iter': 0.006, 'accuracy': 0.1, 'f1': 0.01818, 'auc': 0.5}
val: {'epoch': 179, 'time_epoch': 0.003, 'loss': 126376619278336.0, 'lr': 0, 'params': 78746, 'time_iter': 0.003, 'accuracy': 0.1, 'f1': 0.01818, 'auc': 0.5}
test: {'epoch': 179, 'time_epoch': 0.003, 'loss': 126376619278336.0, 'lr': 0, 'params': 78746, 'time_iter': 0.003, 'accuracy': 0.1, 'f1': 0.01818, 'auc': 0.5}
> Epoch 179: took 0.0s (avg 0.0s) | Best so far: epoch 0	train_loss: 2.3129 train_accuracy: 0.1000	val_loss: 18.4324 val_accuracy: 0.1000	test_loss: 18.4324 test_accuracy: 0.1000
train: {'epoch': 180, 'time_epoch': 0.006, 'eta': 0.14704, 'eta_hours': 4e-05, 'loss': 2.31291151, 'lr': 4.323e-05, 'params': 78746, 'time_iter': 0.006, 'accuracy': 0.1, 'f1': 0.01818, 'auc': 0.5}
val: {'epoch': 180, 'time_epoch': 0.003, 'loss': 110061699465216.0, 'lr': 0, 'params': 78746, 'time_iter': 0.003, 'accuracy': 0.1, 'f1': 0.01818, 'auc': 0.5}
test: {'epoch': 180, 'time_epoch': 0.00301, 'loss': 110061699465216.0, 'lr': 0, 'params': 78746, 'time_iter': 0.00301, 'accuracy': 0.1, 'f1': 0.01818, 'auc': 0.5}
> Epoch 180: took 0.0s (avg 0.0s) | Best so far: epoch 0	train_loss: 2.3129 train_accuracy: 0.1000	val_loss: 18.4324 val_accuracy: 0.1000	test_loss: 18.4324 test_accuracy: 0.1000
train: {'epoch': 181, 'time_epoch': 0.006, 'eta': 0.13913, 'eta_hours': 4e-05, 'loss': 2.31291223, 'lr': 3.907e-05, 'params': 78746, 'time_iter': 0.006, 'accuracy': 0.1, 'f1': 0.01818, 'auc': 0.5}
val: {'epoch': 181, 'time_epoch': 0.002, 'loss': 105242368671744.0, 'lr': 0, 'params': 78746, 'time_iter': 0.002, 'accuracy': 0.1, 'f1': 0.01818, 'auc': 0.5}
test: {'epoch': 181, 'time_epoch': 0.002, 'loss': 105242368671744.0, 'lr': 0, 'params': 78746, 'time_iter': 0.002, 'accuracy': 0.1, 'f1': 0.01818, 'auc': 0.5}
> Epoch 181: took 0.0s (avg 0.0s) | Best so far: epoch 0	train_loss: 2.3129 train_accuracy: 0.1000	val_loss: 18.4324 val_accuracy: 0.1000	test_loss: 18.4324 test_accuracy: 0.1000
train: {'epoch': 182, 'time_epoch': 0.007, 'eta': 0.13134, 'eta_hours': 4e-05, 'loss': 2.31291127, 'lr': 3.511e-05, 'params': 78746, 'time_iter': 0.007, 'accuracy': 0.1, 'f1': 0.01818, 'auc': 0.5}
val: {'epoch': 182, 'time_epoch': 0.003, 'loss': 93749564669952.0, 'lr': 0, 'params': 78746, 'time_iter': 0.003, 'accuracy': 0.1, 'f1': 0.01818, 'auc': 0.5}
test: {'epoch': 182, 'time_epoch': 0.003, 'loss': 93749564669952.0, 'lr': 0, 'params': 78746, 'time_iter': 0.003, 'accuracy': 0.1, 'f1': 0.01818, 'auc': 0.5}
> Epoch 182: took 0.0s (avg 0.0s) | Best so far: epoch 0	train_loss: 2.3129 train_accuracy: 0.1000	val_loss: 18.4324 val_accuracy: 0.1000	test_loss: 18.4324 test_accuracy: 0.1000
train: {'epoch': 183, 'time_epoch': 0.007, 'eta': 0.12355, 'eta_hours': 3e-05, 'loss': 2.31291175, 'lr': 3.136e-05, 'params': 78746, 'time_iter': 0.007, 'accuracy': 0.1, 'f1': 0.01818, 'auc': 0.5}
val: {'epoch': 183, 'time_epoch': 0.002, 'loss': 92099751968768.0, 'lr': 0, 'params': 78746, 'time_iter': 0.002, 'accuracy': 0.1, 'f1': 0.01818, 'auc': 0.5}
test: {'epoch': 183, 'time_epoch': 0.003, 'loss': 92099751968768.0, 'lr': 0, 'params': 78746, 'time_iter': 0.003, 'accuracy': 0.1, 'f1': 0.01818, 'auc': 0.5}
> Epoch 183: took 0.0s (avg 0.0s) | Best so far: epoch 0	train_loss: 2.3129 train_accuracy: 0.1000	val_loss: 18.4324 val_accuracy: 0.1000	test_loss: 18.4324 test_accuracy: 0.1000
train: {'epoch': 184, 'time_epoch': 0.006, 'eta': 0.11569, 'eta_hours': 3e-05, 'loss': 2.31291103, 'lr': 2.781e-05, 'params': 78746, 'time_iter': 0.006, 'accuracy': 0.1, 'f1': 0.01818, 'auc': 0.5}
val: {'epoch': 184, 'time_epoch': 0.003, 'loss': 84857430474752.0, 'lr': 0, 'params': 78746, 'time_iter': 0.003, 'accuracy': 0.1, 'f1': 0.01818, 'auc': 0.5}
test: {'epoch': 184, 'time_epoch': 0.002, 'loss': 84857430474752.0, 'lr': 0, 'params': 78746, 'time_iter': 0.002, 'accuracy': 0.1, 'f1': 0.01818, 'auc': 0.5}
> Epoch 184: took 0.0s (avg 0.0s) | Best so far: epoch 0	train_loss: 2.3129 train_accuracy: 0.1000	val_loss: 18.4324 val_accuracy: 0.1000	test_loss: 18.4324 test_accuracy: 0.1000
train: {'epoch': 185, 'time_epoch': 0.007, 'eta': 0.10792, 'eta_hours': 3e-05, 'loss': 2.31291175, 'lr': 2.447e-05, 'params': 78746, 'time_iter': 0.007, 'accuracy': 0.1, 'f1': 0.01818, 'auc': 0.5}
val: {'epoch': 185, 'time_epoch': 0.003, 'loss': 79970823045120.0, 'lr': 0, 'params': 78746, 'time_iter': 0.003, 'accuracy': 0.1, 'f1': 0.01818, 'auc': 0.5}
test: {'epoch': 185, 'time_epoch': 0.002, 'loss': 79970823045120.0, 'lr': 0, 'params': 78746, 'time_iter': 0.002, 'accuracy': 0.1, 'f1': 0.01818, 'auc': 0.5}
> Epoch 185: took 0.0s (avg 0.0s) | Best so far: epoch 0	train_loss: 2.3129 train_accuracy: 0.1000	val_loss: 18.4324 val_accuracy: 0.1000	test_loss: 18.4324 test_accuracy: 0.1000
train: {'epoch': 186, 'time_epoch': 0.006, 'eta': 0.10009, 'eta_hours': 3e-05, 'loss': 2.31291223, 'lr': 2.134e-05, 'params': 78746, 'time_iter': 0.006, 'accuracy': 0.1, 'f1': 0.01818, 'auc': 0.5}
val: {'epoch': 186, 'time_epoch': 0.002, 'loss': 71388530475008.0, 'lr': 0, 'params': 78746, 'time_iter': 0.002, 'accuracy': 0.1, 'f1': 0.01818, 'auc': 0.5}
test: {'epoch': 186, 'time_epoch': 0.0045, 'loss': 71388530475008.0, 'lr': 0, 'params': 78746, 'time_iter': 0.0045, 'accuracy': 0.1, 'f1': 0.01818, 'auc': 0.5}
> Epoch 186: took 0.0s (avg 0.0s) | Best so far: epoch 0	train_loss: 2.3129 train_accuracy: 0.1000	val_loss: 18.4324 val_accuracy: 0.1000	test_loss: 18.4324 test_accuracy: 0.1000
train: {'epoch': 187, 'time_epoch': 0.009, 'eta': 0.09248, 'eta_hours': 3e-05, 'loss': 2.31291246, 'lr': 1.842e-05, 'params': 78746, 'time_iter': 0.009, 'accuracy': 0.1, 'f1': 0.01818, 'auc': 0.5}
val: {'epoch': 187, 'time_epoch': 0.003, 'loss': 67520895647744.0, 'lr': 0, 'params': 78746, 'time_iter': 0.003, 'accuracy': 0.1, 'f1': 0.01818, 'auc': 0.5}
test: {'epoch': 187, 'time_epoch': 0.003, 'loss': 67520895647744.0, 'lr': 0, 'params': 78746, 'time_iter': 0.003, 'accuracy': 0.1, 'f1': 0.01818, 'auc': 0.5}
> Epoch 187: took 0.0s (avg 0.0s) | Best so far: epoch 0	train_loss: 2.3129 train_accuracy: 0.1000	val_loss: 18.4324 val_accuracy: 0.1000	test_loss: 18.4324 test_accuracy: 0.1000
train: {'epoch': 188, 'time_epoch': 0.006, 'eta': 0.08467, 'eta_hours': 2e-05, 'loss': 2.31291151, 'lr': 1.571e-05, 'params': 78746, 'time_iter': 0.006, 'accuracy': 0.1, 'f1': 0.01818, 'auc': 0.5}
val: {'epoch': 188, 'time_epoch': 0.003, 'loss': 63703407919104.0, 'lr': 0, 'params': 78746, 'time_iter': 0.003, 'accuracy': 0.1, 'f1': 0.01818, 'auc': 0.5}
test: {'epoch': 188, 'time_epoch': 0.003, 'loss': 63703407919104.0, 'lr': 0, 'params': 78746, 'time_iter': 0.003, 'accuracy': 0.1, 'f1': 0.01818, 'auc': 0.5}
> Epoch 188: took 0.0s (avg 0.0s) | Best so far: epoch 0	train_loss: 2.3129 train_accuracy: 0.1000	val_loss: 18.4324 val_accuracy: 0.1000	test_loss: 18.4324 test_accuracy: 0.1000
train: {'epoch': 189, 'time_epoch': 0.006, 'eta': 0.07688, 'eta_hours': 2e-05, 'loss': 2.31291103, 'lr': 1.321e-05, 'params': 78746, 'time_iter': 0.006, 'accuracy': 0.1, 'f1': 0.01818, 'auc': 0.5}
val: {'epoch': 189, 'time_epoch': 0.003, 'loss': 62265311100928.0, 'lr': 0, 'params': 78746, 'time_iter': 0.003, 'accuracy': 0.1, 'f1': 0.01818, 'auc': 0.5}
test: {'epoch': 189, 'time_epoch': 0.004, 'loss': 62265311100928.0, 'lr': 0, 'params': 78746, 'time_iter': 0.004, 'accuracy': 0.1, 'f1': 0.01818, 'auc': 0.5}
> Epoch 189: took 0.0s (avg 0.0s) | Best so far: epoch 0	train_loss: 2.3129 train_accuracy: 0.1000	val_loss: 18.4324 val_accuracy: 0.1000	test_loss: 18.4324 test_accuracy: 0.1000
train: {'epoch': 190, 'time_epoch': 0.007, 'eta': 0.06916, 'eta_hours': 2e-05, 'loss': 2.31291175, 'lr': 1.093e-05, 'params': 78746, 'time_iter': 0.007, 'accuracy': 0.1, 'f1': 0.01818, 'auc': 0.5}
val: {'epoch': 190, 'time_epoch': 0.002, 'loss': 60126694211584.0, 'lr': 0, 'params': 78746, 'time_iter': 0.002, 'accuracy': 0.1, 'f1': 0.01818, 'auc': 0.5}
test: {'epoch': 190, 'time_epoch': 0.003, 'loss': 60126694211584.0, 'lr': 0, 'params': 78746, 'time_iter': 0.003, 'accuracy': 0.1, 'f1': 0.01818, 'auc': 0.5}
> Epoch 190: took 0.0s (avg 0.0s) | Best so far: epoch 0	train_loss: 2.3129 train_accuracy: 0.1000	val_loss: 18.4324 val_accuracy: 0.1000	test_loss: 18.4324 test_accuracy: 0.1000
train: {'epoch': 191, 'time_epoch': 0.006, 'eta': 0.06141, 'eta_hours': 2e-05, 'loss': 2.31291127, 'lr': 8.86e-06, 'params': 78746, 'time_iter': 0.006, 'accuracy': 0.1, 'f1': 0.01818, 'auc': 0.5}
val: {'epoch': 191, 'time_epoch': 0.002, 'loss': 55557729812480.0, 'lr': 0, 'params': 78746, 'time_iter': 0.002, 'accuracy': 0.1, 'f1': 0.01818, 'auc': 0.5}
test: {'epoch': 191, 'time_epoch': 0.002, 'loss': 55557729812480.0, 'lr': 0, 'params': 78746, 'time_iter': 0.002, 'accuracy': 0.1, 'f1': 0.01818, 'auc': 0.5}
> Epoch 191: took 0.0s (avg 0.0s) | Best so far: epoch 0	train_loss: 2.3129 train_accuracy: 0.1000	val_loss: 18.4324 val_accuracy: 0.1000	test_loss: 18.4324 test_accuracy: 0.1000
train: {'epoch': 192, 'time_epoch': 0.006, 'eta': 0.05367, 'eta_hours': 1e-05, 'loss': 2.31291151, 'lr': 7e-06, 'params': 78746, 'time_iter': 0.006, 'accuracy': 0.1, 'f1': 0.01818, 'auc': 0.5}
val: {'epoch': 192, 'time_epoch': 0.00251, 'loss': 47704310808576.0, 'lr': 0, 'params': 78746, 'time_iter': 0.00251, 'accuracy': 0.1, 'f1': 0.01818, 'auc': 0.5}
test: {'epoch': 192, 'time_epoch': 0.004, 'loss': 47704310808576.0, 'lr': 0, 'params': 78746, 'time_iter': 0.004, 'accuracy': 0.1, 'f1': 0.01818, 'auc': 0.5}
> Epoch 192: took 0.0s (avg 0.0s) | Best so far: epoch 0	train_loss: 2.3129 train_accuracy: 0.1000	val_loss: 18.4324 val_accuracy: 0.1000	test_loss: 18.4324 test_accuracy: 0.1000
train: {'epoch': 193, 'time_epoch': 0.008, 'eta': 0.04601, 'eta_hours': 1e-05, 'loss': 2.31291103, 'lr': 5.36e-06, 'params': 78746, 'time_iter': 0.008, 'accuracy': 0.1, 'f1': 0.01818, 'auc': 0.5}
val: {'epoch': 193, 'time_epoch': 0.004, 'loss': 44353275822080.0, 'lr': 0, 'params': 78746, 'time_iter': 0.004, 'accuracy': 0.1, 'f1': 0.01818, 'auc': 0.5}
test: {'epoch': 193, 'time_epoch': 0.004, 'loss': 44353275822080.0, 'lr': 0, 'params': 78746, 'time_iter': 0.004, 'accuracy': 0.1, 'f1': 0.01818, 'auc': 0.5}
> Epoch 193: took 0.0s (avg 0.0s) | Best so far: epoch 0	train_loss: 2.3129 train_accuracy: 0.1000	val_loss: 18.4324 val_accuracy: 0.1000	test_loss: 18.4324 test_accuracy: 0.1000
train: {'epoch': 194, 'time_epoch': 0.007, 'eta': 0.03833, 'eta_hours': 1e-05, 'loss': 2.31291127, 'lr': 3.94e-06, 'params': 78746, 'time_iter': 0.007, 'accuracy': 0.1, 'f1': 0.01818, 'auc': 0.5}
val: {'epoch': 194, 'time_epoch': 0.003, 'loss': 44397739638784.0, 'lr': 0, 'params': 78746, 'time_iter': 0.003, 'accuracy': 0.1, 'f1': 0.01818, 'auc': 0.5}
test: {'epoch': 194, 'time_epoch': 0.003, 'loss': 44397739638784.0, 'lr': 0, 'params': 78746, 'time_iter': 0.003, 'accuracy': 0.1, 'f1': 0.01818, 'auc': 0.5}
> Epoch 194: took 0.0s (avg 0.0s) | Best so far: epoch 0	train_loss: 2.3129 train_accuracy: 0.1000	val_loss: 18.4324 val_accuracy: 0.1000	test_loss: 18.4324 test_accuracy: 0.1000
train: {'epoch': 195, 'time_epoch': 0.007, 'eta': 0.03065, 'eta_hours': 1e-05, 'loss': 2.31291103, 'lr': 2.74e-06, 'params': 78746, 'time_iter': 0.007, 'accuracy': 0.1, 'f1': 0.01818, 'auc': 0.5}
val: {'epoch': 195, 'time_epoch': 0.003, 'loss': 38743469719552.0, 'lr': 0, 'params': 78746, 'time_iter': 0.003, 'accuracy': 0.1, 'f1': 0.01818, 'auc': 0.5}
test: {'epoch': 195, 'time_epoch': 0.002, 'loss': 38743469719552.0, 'lr': 0, 'params': 78746, 'time_iter': 0.002, 'accuracy': 0.1, 'f1': 0.01818, 'auc': 0.5}
> Epoch 195: took 0.0s (avg 0.0s) | Best so far: epoch 0	train_loss: 2.3129 train_accuracy: 0.1000	val_loss: 18.4324 val_accuracy: 0.1000	test_loss: 18.4324 test_accuracy: 0.1000
train: {'epoch': 196, 'time_epoch': 0.006, 'eta': 0.02296, 'eta_hours': 1e-05, 'loss': 2.31291175, 'lr': 1.75e-06, 'params': 78746, 'time_iter': 0.006, 'accuracy': 0.1, 'f1': 0.01818, 'auc': 0.5}
val: {'epoch': 196, 'time_epoch': 0.004, 'loss': 37130524950528.0, 'lr': 0, 'params': 78746, 'time_iter': 0.004, 'accuracy': 0.1, 'f1': 0.01818, 'auc': 0.5}
test: {'epoch': 196, 'time_epoch': 0.003, 'loss': 37130524950528.0, 'lr': 0, 'params': 78746, 'time_iter': 0.003, 'accuracy': 0.1, 'f1': 0.01818, 'auc': 0.5}
> Epoch 196: took 0.0s (avg 0.0s) | Best so far: epoch 0	train_loss: 2.3129 train_accuracy: 0.1000	val_loss: 18.4324 val_accuracy: 0.1000	test_loss: 18.4324 test_accuracy: 0.1000
train: {'epoch': 197, 'time_epoch': 0.006, 'eta': 0.01529, 'eta_hours': 0.0, 'loss': 2.31291175, 'lr': 9.9e-07, 'params': 78746, 'time_iter': 0.006, 'accuracy': 0.1, 'f1': 0.01818, 'auc': 0.5}
val: {'epoch': 197, 'time_epoch': 0.004, 'loss': 34066726387712.0, 'lr': 0, 'params': 78746, 'time_iter': 0.004, 'accuracy': 0.1, 'f1': 0.01818, 'auc': 0.5}
test: {'epoch': 197, 'time_epoch': 0.00365, 'loss': 34066726387712.0, 'lr': 0, 'params': 78746, 'time_iter': 0.00365, 'accuracy': 0.1, 'f1': 0.01818, 'auc': 0.5}
> Epoch 197: took 0.0s (avg 0.0s) | Best so far: epoch 0	train_loss: 2.3129 train_accuracy: 0.1000	val_loss: 18.4324 val_accuracy: 0.1000	test_loss: 18.4324 test_accuracy: 0.1000
train: {'epoch': 198, 'time_epoch': 0.0065, 'eta': 0.00764, 'eta_hours': 0.0, 'loss': 2.31291151, 'lr': 4.4e-07, 'params': 78746, 'time_iter': 0.0065, 'accuracy': 0.1, 'f1': 0.01818, 'auc': 0.5}
val: {'epoch': 198, 'time_epoch': 0.004, 'loss': 30873531449344.0, 'lr': 0, 'params': 78746, 'time_iter': 0.004, 'accuracy': 0.1, 'f1': 0.01818, 'auc': 0.5}
test: {'epoch': 198, 'time_epoch': 0.002, 'loss': 30873531449344.0, 'lr': 0, 'params': 78746, 'time_iter': 0.002, 'accuracy': 0.1, 'f1': 0.01818, 'auc': 0.5}
> Epoch 198: took 0.0s (avg 0.0s) | Best so far: epoch 0	train_loss: 2.3129 train_accuracy: 0.1000	val_loss: 18.4324 val_accuracy: 0.1000	test_loss: 18.4324 test_accuracy: 0.1000
train: {'epoch': 199, 'time_epoch': 0.006, 'eta': 0.0, 'eta_hours': 0.0, 'loss': 2.31291103, 'lr': 1.1e-07, 'params': 78746, 'time_iter': 0.006, 'accuracy': 0.1, 'f1': 0.01818, 'auc': 0.5}
val: {'epoch': 199, 'time_epoch': 0.003, 'loss': 28090652688384.0, 'lr': 0, 'params': 78746, 'time_iter': 0.003, 'accuracy': 0.1, 'f1': 0.01818, 'auc': 0.5}
test: {'epoch': 199, 'time_epoch': 0.004, 'loss': 28090652688384.0, 'lr': 0, 'params': 78746, 'time_iter': 0.004, 'accuracy': 0.1, 'f1': 0.01818, 'auc': 0.5}
> Epoch 199: took 0.0s (avg 0.0s) | Best so far: epoch 0	train_loss: 2.3129 train_accuracy: 0.1000	val_loss: 18.4324 val_accuracy: 0.1000	test_loss: 18.4324 test_accuracy: 0.1000
Avg time per epoch: 0.03s
Total train loop time: 0.00h
Task done, results saved in results\csl-gin\0
Results aggregated across runs saved in results\csl-gin\agg
[*] All done: 2026-06-06 18:27:48.399383
