[*] Run ID 0: seed=0, split_index=0
    Starting now: 2026-06-06 18:06:57.332298
[*] Loaded dataset 'TRIANGLES' from 'PyG-TUDataset':
  Data(edge_index=[2, 2947024], x=[938438, 1], y=[45000])
  undirected: True
  num graphs: 45000
  avg num_nodes/graph: 20
  num node features: 1
  num edge features: 0
  num classes: 10
GraphGymModule(
  (model): GPSModel(
    (encoder): FeatureEncoder(
      (node_encoder): LinearNodeEncoder(
        (encoder): Linear(in_features=1, out_features=64, bias=True)
      )
    )
    (layers): Sequential(
      (0): GPSLayer(
        summary: dim_h=64, local_gnn_type=None, global_model_type=Transformer, heads=4
        (self_attn): MultiheadAttention(
          (out_proj): NonDynamicallyQuantizableLinear(in_features=64, out_features=64, bias=True)
        )
        (norm1_local): BatchNorm1d(64, eps=1e-05, momentum=0.1, affine=True, track_running_stats=True)
        (norm1_attn): BatchNorm1d(64, eps=1e-05, momentum=0.1, affine=True, track_running_stats=True)
        (dropout_local): Dropout(p=0.0, inplace=False)
        (dropout_attn): Dropout(p=0.0, inplace=False)
        (ff_linear1): Linear(in_features=64, out_features=128, bias=True)
        (ff_linear2): Linear(in_features=128, out_features=64, bias=True)
        (act_fn_ff): GELU(approximate='none')
        (norm2): BatchNorm1d(64, eps=1e-05, momentum=0.1, affine=True, track_running_stats=True)
        (ff_dropout1): Dropout(p=0.0, inplace=False)
        (ff_dropout2): Dropout(p=0.0, inplace=False)
      )
      (1): GPSLayer(
        summary: dim_h=64, local_gnn_type=None, global_model_type=Transformer, heads=4
        (self_attn): MultiheadAttention(
          (out_proj): NonDynamicallyQuantizableLinear(in_features=64, out_features=64, bias=True)
        )
        (norm1_local): BatchNorm1d(64, eps=1e-05, momentum=0.1, affine=True, track_running_stats=True)
        (norm1_attn): BatchNorm1d(64, eps=1e-05, momentum=0.1, affine=True, track_running_stats=True)
        (dropout_local): Dropout(p=0.0, inplace=False)
        (dropout_attn): Dropout(p=0.0, inplace=False)
        (ff_linear1): Linear(in_features=64, out_features=128, bias=True)
        (ff_linear2): Linear(in_features=128, out_features=64, bias=True)
        (act_fn_ff): GELU(approximate='none')
        (norm2): BatchNorm1d(64, eps=1e-05, momentum=0.1, affine=True, track_running_stats=True)
        (ff_dropout1): Dropout(p=0.0, inplace=False)
        (ff_dropout2): Dropout(p=0.0, inplace=False)
      )
      (2): GPSLayer(
        summary: dim_h=64, local_gnn_type=None, global_model_type=Transformer, heads=4
        (self_attn): MultiheadAttention(
          (out_proj): NonDynamicallyQuantizableLinear(in_features=64, out_features=64, bias=True)
        )
        (norm1_local): BatchNorm1d(64, eps=1e-05, momentum=0.1, affine=True, track_running_stats=True)
        (norm1_attn): BatchNorm1d(64, eps=1e-05, momentum=0.1, affine=True, track_running_stats=True)
        (dropout_local): Dropout(p=0.0, inplace=False)
        (dropout_attn): Dropout(p=0.0, inplace=False)
        (ff_linear1): Linear(in_features=64, out_features=128, bias=True)
        (ff_linear2): Linear(in_features=128, out_features=64, bias=True)
        (act_fn_ff): GELU(approximate='none')
        (norm2): BatchNorm1d(64, eps=1e-05, momentum=0.1, affine=True, track_running_stats=True)
        (ff_dropout1): Dropout(p=0.0, inplace=False)
        (ff_dropout2): Dropout(p=0.0, inplace=False)
      )
      (3): GPSLayer(
        summary: dim_h=64, local_gnn_type=None, global_model_type=Transformer, heads=4
        (self_attn): MultiheadAttention(
          (out_proj): NonDynamicallyQuantizableLinear(in_features=64, out_features=64, bias=True)
        )
        (norm1_local): BatchNorm1d(64, eps=1e-05, momentum=0.1, affine=True, track_running_stats=True)
        (norm1_attn): BatchNorm1d(64, eps=1e-05, momentum=0.1, affine=True, track_running_stats=True)
        (dropout_local): Dropout(p=0.0, inplace=False)
        (dropout_attn): Dropout(p=0.0, inplace=False)
        (ff_linear1): Linear(in_features=64, out_features=128, bias=True)
        (ff_linear2): Linear(in_features=128, out_features=64, bias=True)
        (act_fn_ff): GELU(approximate='none')
        (norm2): BatchNorm1d(64, eps=1e-05, momentum=0.1, affine=True, track_running_stats=True)
        (ff_dropout1): Dropout(p=0.0, inplace=False)
        (ff_dropout2): Dropout(p=0.0, inplace=False)
      )
      (4): GPSLayer(
        summary: dim_h=64, local_gnn_type=None, global_model_type=Transformer, heads=4
        (self_attn): MultiheadAttention(
          (out_proj): NonDynamicallyQuantizableLinear(in_features=64, out_features=64, bias=True)
        )
        (norm1_local): BatchNorm1d(64, eps=1e-05, momentum=0.1, affine=True, track_running_stats=True)
        (norm1_attn): BatchNorm1d(64, eps=1e-05, momentum=0.1, affine=True, track_running_stats=True)
        (dropout_local): Dropout(p=0.0, inplace=False)
        (dropout_attn): Dropout(p=0.0, inplace=False)
        (ff_linear1): Linear(in_features=64, out_features=128, bias=True)
        (ff_linear2): Linear(in_features=128, out_features=64, bias=True)
        (act_fn_ff): GELU(approximate='none')
        (norm2): BatchNorm1d(64, eps=1e-05, momentum=0.1, affine=True, track_running_stats=True)
        (ff_dropout1): Dropout(p=0.0, inplace=False)
        (ff_dropout2): Dropout(p=0.0, inplace=False)
      )
      (5): GPSLayer(
        summary: dim_h=64, local_gnn_type=None, global_model_type=Transformer, heads=4
        (self_attn): MultiheadAttention(
          (out_proj): NonDynamicallyQuantizableLinear(in_features=64, out_features=64, bias=True)
        )
        (norm1_local): BatchNorm1d(64, eps=1e-05, momentum=0.1, affine=True, track_running_stats=True)
        (norm1_attn): BatchNorm1d(64, eps=1e-05, momentum=0.1, affine=True, track_running_stats=True)
        (dropout_local): Dropout(p=0.0, inplace=False)
        (dropout_attn): Dropout(p=0.0, inplace=False)
        (ff_linear1): Linear(in_features=64, out_features=128, bias=True)
        (ff_linear2): Linear(in_features=128, out_features=64, bias=True)
        (act_fn_ff): GELU(approximate='none')
        (norm2): BatchNorm1d(64, eps=1e-05, momentum=0.1, affine=True, track_running_stats=True)
        (ff_dropout1): Dropout(p=0.0, inplace=False)
        (ff_dropout2): Dropout(p=0.0, inplace=False)
      )
    )
    (post_mp): SANGraphHead(
      (FC_layers): ModuleList(
        (0): Linear(in_features=64, out_features=32, bias=True)
        (1): Linear(in_features=32, out_features=16, bias=True)
        (2): Linear(in_features=16, out_features=10, bias=True)
      )
      (activation): GELU(approximate='none')
    )
  )
)
accelerator: cuda
benchmark: False
bn:
  eps: 1e-05
  mom: 0.1
cfg_dest: config.yaml
custom_metrics: []
dataset:
  cache_load: False
  cache_save: False
  dir: ./datasets
  edge_dim: 128
  edge_encoder: False
  edge_encoder_bn: False
  edge_encoder_name: LinearEdge
  edge_encoder_num_types: 0
  edge_message_ratio: 0.8
  edge_negative_sampling_ratio: 1.0
  edge_train_mode: all
  encoder: True
  encoder_bn: True
  encoder_dim: 128
  encoder_name: db
  format: PyG-TUDataset
  infer_link_label: None
  label_column: none
  label_table: none
  location: local
  name: TRIANGLES
  node_encoder: True
  node_encoder_bn: False
  node_encoder_name: LinearNode
  node_encoder_num_types: 0
  remove_feature: False
  resample_disjoint: False
  resample_negative: False
  shuffle_split: True
  slic_compactness: 10
  split: [30000, 5000, 10000]
  split_dir: ./splits
  split_index: 0
  split_mode: fixed
  task: graph
  task_type: classification
  to_undirected: False
  transductive: False
  transform: none
  tu_simple: True
devices: 1
example_arg: example
example_group:
  example_arg: example
gnn:
  act: gelu
  agg: mean
  att_final_linear: False
  att_final_linear_bn: False
  att_heads: 1
  batchnorm: True
  clear_feature: True
  dim_inner: 64
  dropout: 0.0
  head: san_graph
  keep_edge: 0.5
  l2norm: True
  layer_type: generalconv
  layers_mp: 2
  layers_post_mp: 3
  layers_pre_mp: 0
  msg_direction: single
  normalize_adj: False
  residual: False
  self_msg: concat
  skip_every: 1
  stage_type: stack
gpu_mem: False
graphormer:
  attention_dropout: 0.0
  dropout: 0.0
  embed_dim: 80
  input_dropout: 0.0
  mlp_dropout: 0.0
  num_heads: 4
  num_layers: 6
  use_graph_token: True
gt:
  attn_dropout: 0.1
  batch_norm: True
  bigbird:
    add_cross_attention: False
    attention_type: block_sparse
    block_size: 3
    chunk_size_feed_forward: 0
    hidden_act: relu
    is_decoder: False
    layer_norm_eps: 1e-06
    max_position_embeddings: 128
    num_random_blocks: 3
    use_bias: False
  dim_hidden: 64
  dropout: 0.0
  full_graph: True
  gamma: 1e-05
  layer_norm: False
  layer_type: None+Transformer
  layers: 6
  n_heads: 4
  pna_degrees: []
  residual: True
mem:
  inplace: False
metric_agg: argmax
metric_best: accuracy
model:
  edge_decoding: dot
  graph_pooling: add
  loss_fun: cross_entropy
  match_upper: True
  size_average: mean
  thresh: 0.5
  type: GPSModel
name_tag: 
num_threads: 6
num_workers: 0
optim:
  base_lr: 0.001
  batch_accumulation: 1
  clip_grad_norm: True
  clip_grad_norm_value: 1.0
  lr_decay: 0.1
  max_epoch: 200
  min_lr: 0.0
  momentum: 0.9
  num_warmup_epochs: 50
  optimizer: adamW
  reduce_factor: 0.1
  schedule_patience: 10
  scheduler: cosine_with_warmup
  steps: [30, 60, 90]
  weight_decay: 1e-05
out_dir: results\triangle-tf
posenc_ElstaticSE:
  dim_pe: 16
  enable: False
  kernel:
    times: []
    times_func: range(10)
  layers: 3
  model: none
  n_heads: 4
  pass_as_var: False
  post_layers: 0
  raw_norm_type: none
posenc_EquivStableLapPE:
  eigen:
    eigvec_norm: L2
    laplacian_norm: sym
    max_freqs: 10
  enable: False
  raw_norm_type: none
posenc_GraphormerBias:
  dim_pe: 0
  enable: False
  node_degrees_only: False
  num_in_degrees: None
  num_out_degrees: None
  num_spatial_types: None
posenc_HKdiagSE:
  dim_pe: 16
  enable: False
  kernel:
    times: []
    times_func: 
  layers: 3
  model: none
  n_heads: 4
  pass_as_var: False
  post_layers: 0
  raw_norm_type: none
posenc_LapPE:
  dim_pe: 16
  eigen:
    eigvec_norm: L2
    laplacian_norm: none
    max_freqs: 16
  enable: False
  layers: 2
  model: DeepSet
  n_heads: 4
  pass_as_var: False
  post_layers: 0
  raw_norm_type: none
posenc_RWSE:
  dim_pe: 28
  enable: False
  kernel:
    times: []
    times_func: range(1,21)
  layers: 3
  model: Linear
  n_heads: 4
  pass_as_var: False
  post_layers: 0
  raw_norm_type: BatchNorm
posenc_SignNet:
  dim_pe: 16
  eigen:
    eigvec_norm: L2
    laplacian_norm: sym
    max_freqs: 10
  enable: False
  layers: 3
  model: none
  n_heads: 4
  pass_as_var: False
  phi_hidden_dim: 64
  phi_out_dim: 4
  post_layers: 0
  raw_norm_type: none
pretrained:
  dir: 
  freeze_main: False
  reset_prediction_head: True
print: both
round: 5
run_dir: results\triangle-tf\0
run_id: 0
run_multiple_splits: []
seed: 0
share:
  dim_in: 1
  dim_out: 10
  num_splits: 3
tensorboard_agg: True
tensorboard_each_run: False
train:
  auto_resume: False
  batch_size: 96
  ckpt_best: True
  ckpt_clean: True
  ckpt_period: 100
  enable_ckpt: True
  epoch_resume: -1
  eval_period: 1
  iter_per_epoch: 32
  mode: custom
  neighbor_sizes: [20, 15, 10, 5]
  node_per_graph: 32
  radius: extend
  sample_node: False
  sampler: full_batch
  skip_train_eval: False
  walk_length: 4
val:
  node_per_graph: 32
  radius: extend
  sample_node: False
  sampler: full_batch
view_emb: False
wandb:
  entity: gtransformers
  name: 
  project: TRIANGLES
  use: False
Num parameters: 204506
Start from epoch 0
train: {'epoch': 0, 'time_epoch': 5.6658, 'eta': 1127.49479, 'eta_hours': 0.31319, 'loss': 2.35885691, 'lr': 0.0, 'params': 204506, 'time_iter': 0.0181, 'accuracy': 0.1, 'f1': 0.06142, 'auc': 0.50245}
...computing epoch stats took: 0.04s
val: {'epoch': 0, 'time_epoch': 0.554, 'loss': 2.33098598, 'lr': 0, 'params': 204506, 'time_iter': 0.01045, 'accuracy': 0.0954, 'f1': 0.01888, 'auc': 0.5005}
...computing epoch stats took: 0.01s
test: {'epoch': 0, 'time_epoch': 1.57651, 'loss': 2.59007195, 'lr': 0, 'params': 204506, 'time_iter': 0.01501, 'accuracy': 0.0978, 'f1': 0.0183, 'auc': 0.49918}
...computing epoch stats took: 0.01s
> Epoch 0: took 7.9s (avg 7.9s) | Best so far: epoch 0	train_loss: 2.3589 train_accuracy: 0.1000	val_loss: 2.3310 val_accuracy: 0.0954	test_loss: 2.5901 test_accuracy: 0.0978
train: {'epoch': 1, 'time_epoch': 4.69449, 'eta': 1025.66935, 'eta_hours': 0.28491, 'loss': 2.32200217, 'lr': 2e-05, 'params': 204506, 'time_iter': 0.015, 'accuracy': 0.1038, 'f1': 0.06661, 'auc': 0.50551}
...computing epoch stats took: 0.02s
val: {'epoch': 1, 'time_epoch': 0.41302, 'loss': 2.31836297, 'lr': 0, 'params': 204506, 'time_iter': 0.00779, 'accuracy': 0.0844, 'f1': 0.02396, 'auc': 0.49614}
...computing epoch stats took: 0.01s
test: {'epoch': 1, 'time_epoch': 1.09134, 'loss': 2.41699395, 'lr': 0, 'params': 204506, 'time_iter': 0.01039, 'accuracy': 0.0942, 'f1': 0.02318, 'auc': 0.49998}
...computing epoch stats took: 0.01s
> Epoch 1: took 6.2s (avg 7.1s) | Best so far: epoch 0	train_loss: 2.3589 train_accuracy: 0.1000	val_loss: 2.3310 val_accuracy: 0.0954	test_loss: 2.5901 test_accuracy: 0.0978
train: {'epoch': 2, 'time_epoch': 4.43185, 'eta': 971.35106, 'eta_hours': 0.26982, 'loss': 2.31113807, 'lr': 4e-05, 'params': 204506, 'time_iter': 0.01416, 'accuracy': 0.1066, 'f1': 0.07139, 'auc': 0.51085}
...computing epoch stats took: 0.01s
val: {'epoch': 2, 'time_epoch': 0.39512, 'loss': 2.3331364, 'lr': 0, 'params': 204506, 'time_iter': 0.00746, 'accuracy': 0.0842, 'f1': 0.02391, 'auc': 0.47779}
...computing epoch stats took: 0.01s
test: {'epoch': 2, 'time_epoch': 0.98309, 'loss': 2.5009108, 'lr': 0, 'params': 204506, 'time_iter': 0.00936, 'accuracy': 0.0926, 'f1': 0.02285, 'auc': 0.49691}
...computing epoch stats took: 0.01s
> Epoch 2: took 5.8s (avg 6.7s) | Best so far: epoch 0	train_loss: 2.3589 train_accuracy: 0.1000	val_loss: 2.3310 val_accuracy: 0.0954	test_loss: 2.5901 test_accuracy: 0.0978
train: {'epoch': 3, 'time_epoch': 4.50282, 'eta': 945.45341, 'eta_hours': 0.26263, 'loss': 2.30856986, 'lr': 6e-05, 'params': 204506, 'time_iter': 0.01439, 'accuracy': 0.10627, 'f1': 0.07028, 'auc': 0.51233}
val: {'epoch': 3, 'time_epoch': 0.41714, 'loss': 2.3108613, 'lr': 0, 'params': 204506, 'time_iter': 0.00787, 'accuracy': 0.0888, 'f1': 0.02655, 'auc': 0.50969}
test: {'epoch': 3, 'time_epoch': 1.03549, 'loss': 2.41455896, 'lr': 0, 'params': 204506, 'time_iter': 0.00986, 'accuracy': 0.0927, 'f1': 0.02445, 'auc': 0.50177}
> Epoch 3: took 6.0s (avg 6.5s) | Best so far: epoch 0	train_loss: 2.3589 train_accuracy: 0.1000	val_loss: 2.3310 val_accuracy: 0.0954	test_loss: 2.5901 test_accuracy: 0.0978
train: {'epoch': 4, 'time_epoch': 4.48446, 'eta': 927.39761, 'eta_hours': 0.25761, 'loss': 2.30688089, 'lr': 8e-05, 'params': 204506, 'time_iter': 0.01433, 'accuracy': 0.1068, 'f1': 0.0685, 'auc': 0.51435}
val: {'epoch': 4, 'time_epoch': 0.57618, 'loss': 2.32251911, 'lr': 0, 'params': 204506, 'time_iter': 0.01087, 'accuracy': 0.085, 'f1': 0.02561, 'auc': 0.52385}
test: {'epoch': 4, 'time_epoch': 1.06792, 'loss': 2.44425377, 'lr': 0, 'params': 204506, 'time_iter': 0.01017, 'accuracy': 0.0949, 'f1': 0.02491, 'auc': 0.50815}
> Epoch 4: took 6.2s (avg 6.4s) | Best so far: epoch 0	train_loss: 2.3589 train_accuracy: 0.1000	val_loss: 2.3310 val_accuracy: 0.0954	test_loss: 2.5901 test_accuracy: 0.0978
train: {'epoch': 5, 'time_epoch': 4.47038, 'eta': 913.41034, 'eta_hours': 0.25373, 'loss': 2.3034693, 'lr': 0.0001, 'params': 204506, 'time_iter': 0.01428, 'accuracy': 0.11023, 'f1': 0.07485, 'auc': 0.51887}
val: {'epoch': 5, 'time_epoch': 0.42055, 'loss': 2.31279195, 'lr': 0, 'params': 204506, 'time_iter': 0.00793, 'accuracy': 0.1, 'f1': 0.01818, 'auc': 0.50062}
test: {'epoch': 5, 'time_epoch': 1.03853, 'loss': 2.35143512, 'lr': 0, 'params': 204506, 'time_iter': 0.00989, 'accuracy': 0.099, 'f1': 0.03584, 'auc': 0.50187}
> Epoch 5: took 6.0s (avg 6.4s) | Best so far: epoch 5	train_loss: 2.3035 train_accuracy: 0.1102	val_loss: 2.3128 val_accuracy: 0.1000	test_loss: 2.3514 test_accuracy: 0.0990
train: {'epoch': 6, 'time_epoch': 4.47754, 'eta': 902.3396, 'eta_hours': 0.25065, 'loss': 2.30201075, 'lr': 0.00012, 'params': 204506, 'time_iter': 0.01431, 'accuracy': 0.11047, 'f1': 0.07912, 'auc': 0.51891}
val: {'epoch': 6, 'time_epoch': 0.41655, 'loss': 2.34125973, 'lr': 0, 'params': 204506, 'time_iter': 0.00786, 'accuracy': 0.1004, 'f1': 0.03148, 'auc': 0.51672}
test: {'epoch': 6, 'time_epoch': 1.03962, 'loss': 2.69334273, 'lr': 0, 'params': 204506, 'time_iter': 0.0099, 'accuracy': 0.1002, 'f1': 0.02852, 'auc': 0.50284}
> Epoch 6: took 6.0s (avg 6.3s) | Best so far: epoch 6	train_loss: 2.3020 train_accuracy: 0.1105	val_loss: 2.3413 val_accuracy: 0.1004	test_loss: 2.6933 test_accuracy: 0.1002
train: {'epoch': 7, 'time_epoch': 4.45196, 'eta': 892.30317, 'eta_hours': 0.24786, 'loss': 2.30107476, 'lr': 0.00014, 'params': 204506, 'time_iter': 0.01422, 'accuracy': 0.11213, 'f1': 0.07505, 'auc': 0.51961}
val: {'epoch': 7, 'time_epoch': 0.38827, 'loss': 2.32191471, 'lr': 0, 'params': 204506, 'time_iter': 0.00733, 'accuracy': 0.1, 'f1': 0.01818, 'auc': 0.52157}
test: {'epoch': 7, 'time_epoch': 0.98915, 'loss': 2.4512835, 'lr': 0, 'params': 204506, 'time_iter': 0.00942, 'accuracy': 0.0993, 'f1': 0.03304, 'auc': 0.50799}
> Epoch 7: took 5.9s (avg 6.2s) | Best so far: epoch 6	train_loss: 2.3020 train_accuracy: 0.1105	val_loss: 2.3413 val_accuracy: 0.1004	test_loss: 2.6933 test_accuracy: 0.1002
train: {'epoch': 8, 'time_epoch': 4.50335, 'eta': 884.59836, 'eta_hours': 0.24572, 'loss': 2.29935829, 'lr': 0.00016, 'params': 204506, 'time_iter': 0.01439, 'accuracy': 0.11367, 'f1': 0.07678, 'auc': 0.52008}
val: {'epoch': 8, 'time_epoch': 0.41866, 'loss': 2.3066851, 'lr': 0, 'params': 204506, 'time_iter': 0.0079, 'accuracy': 0.0884, 'f1': 0.02918, 'auc': 0.48204}
test: {'epoch': 8, 'time_epoch': 1.04068, 'loss': 2.31276693, 'lr': 0, 'params': 204506, 'time_iter': 0.00991, 'accuracy': 0.0953, 'f1': 0.04395, 'auc': 0.49653}
> Epoch 8: took 6.0s (avg 6.2s) | Best so far: epoch 6	train_loss: 2.3020 train_accuracy: 0.1105	val_loss: 2.3413 val_accuracy: 0.1004	test_loss: 2.6933 test_accuracy: 0.1002
train: {'epoch': 9, 'time_epoch': 4.50466, 'eta': 877.55885, 'eta_hours': 0.24377, 'loss': 2.29831573, 'lr': 0.00018, 'params': 204506, 'time_iter': 0.01439, 'accuracy': 0.1146, 'f1': 0.0753, 'auc': 0.52183}
val: {'epoch': 9, 'time_epoch': 0.42504, 'loss': 2.30616435, 'lr': 0, 'params': 204506, 'time_iter': 0.00802, 'accuracy': 0.0984, 'f1': 0.0304, 'auc': 0.51202}
test: {'epoch': 9, 'time_epoch': 1.01959, 'loss': 2.35456424, 'lr': 0, 'params': 204506, 'time_iter': 0.00971, 'accuracy': 0.0964, 'f1': 0.02635, 'auc': 0.50233}
> Epoch 9: took 6.0s (avg 6.2s) | Best so far: epoch 6	train_loss: 2.3020 train_accuracy: 0.1105	val_loss: 2.3413 val_accuracy: 0.1004	test_loss: 2.6933 test_accuracy: 0.1002
train: {'epoch': 10, 'time_epoch': 4.6912, 'eta': 874.18526, 'eta_hours': 0.24283, 'loss': 2.29806437, 'lr': 0.0002, 'params': 204506, 'time_iter': 0.01499, 'accuracy': 0.11333, 'f1': 0.07375, 'auc': 0.52085}
val: {'epoch': 10, 'time_epoch': 0.43463, 'loss': 2.30627344, 'lr': 0, 'params': 204506, 'time_iter': 0.0082, 'accuracy': 0.0892, 'f1': 0.02984, 'auc': 0.50329}
test: {'epoch': 10, 'time_epoch': 1.03405, 'loss': 2.32638411, 'lr': 0, 'params': 204506, 'time_iter': 0.00985, 'accuracy': 0.0935, 'f1': 0.02894, 'auc': 0.50102}
> Epoch 10: took 6.2s (avg 6.2s) | Best so far: epoch 6	train_loss: 2.3020 train_accuracy: 0.1105	val_loss: 2.3413 val_accuracy: 0.1004	test_loss: 2.6933 test_accuracy: 0.1002
train: {'epoch': 11, 'time_epoch': 4.47617, 'eta': 867.22332, 'eta_hours': 0.2409, 'loss': 2.29799032, 'lr': 0.00022, 'params': 204506, 'time_iter': 0.0143, 'accuracy': 0.11333, 'f1': 0.07673, 'auc': 0.51936}
val: {'epoch': 11, 'time_epoch': 0.39092, 'loss': 2.30603881, 'lr': 0, 'params': 204506, 'time_iter': 0.00738, 'accuracy': 0.099, 'f1': 0.03299, 'auc': 0.49743}
test: {'epoch': 11, 'time_epoch': 1.0351, 'loss': 2.33779079, 'lr': 0, 'params': 204506, 'time_iter': 0.00986, 'accuracy': 0.0961, 'f1': 0.02899, 'auc': 0.49607}
> Epoch 11: took 5.9s (avg 6.2s) | Best so far: epoch 6	train_loss: 2.3020 train_accuracy: 0.1105	val_loss: 2.3413 val_accuracy: 0.1004	test_loss: 2.6933 test_accuracy: 0.1002
train: {'epoch': 12, 'time_epoch': 4.45671, 'eta': 860.36378, 'eta_hours': 0.23899, 'loss': 2.2962588, 'lr': 0.00024, 'params': 204506, 'time_iter': 0.01424, 'accuracy': 0.11537, 'f1': 0.07558, 'auc': 0.52236}
val: {'epoch': 12, 'time_epoch': 0.39766, 'loss': 2.30547289, 'lr': 0, 'params': 204506, 'time_iter': 0.0075, 'accuracy': 0.1, 'f1': 0.01818, 'auc': 0.48118}
test: {'epoch': 12, 'time_epoch': 0.96438, 'loss': 2.30542307, 'lr': 0, 'params': 204506, 'time_iter': 0.00918, 'accuracy': 0.1, 'f1': 0.01818, 'auc': 0.49149}
> Epoch 12: took 5.9s (avg 6.1s) | Best so far: epoch 6	train_loss: 2.3020 train_accuracy: 0.1105	val_loss: 2.3413 val_accuracy: 0.1004	test_loss: 2.6933 test_accuracy: 0.1002
train: {'epoch': 13, 'time_epoch': 4.4989, 'eta': 854.40814, 'eta_hours': 0.23734, 'loss': 2.29621832, 'lr': 0.00026, 'params': 204506, 'time_iter': 0.01437, 'accuracy': 0.11457, 'f1': 0.07779, 'auc': 0.5215}
val: {'epoch': 13, 'time_epoch': 0.43832, 'loss': 2.30616045, 'lr': 0, 'params': 204506, 'time_iter': 0.00827, 'accuracy': 0.1, 'f1': 0.01818, 'auc': 0.47938}
test: {'epoch': 13, 'time_epoch': 1.12777, 'loss': 2.30532425, 'lr': 0, 'params': 204506, 'time_iter': 0.01074, 'accuracy': 0.1, 'f1': 0.01818, 'auc': 0.49706}
> Epoch 13: took 6.1s (avg 6.1s) | Best so far: epoch 6	train_loss: 2.3020 train_accuracy: 0.1105	val_loss: 2.3413 val_accuracy: 0.1004	test_loss: 2.6933 test_accuracy: 0.1002
train: {'epoch': 14, 'time_epoch': 4.45203, 'eta': 848.06862, 'eta_hours': 0.23557, 'loss': 2.29662869, 'lr': 0.00028, 'params': 204506, 'time_iter': 0.01422, 'accuracy': 0.11557, 'f1': 0.07368, 'auc': 0.51996}
val: {'epoch': 14, 'time_epoch': 0.38405, 'loss': 2.30634717, 'lr': 0, 'params': 204506, 'time_iter': 0.00725, 'accuracy': 0.0982, 'f1': 0.02823, 'auc': 0.48234}
test: {'epoch': 14, 'time_epoch': 0.98575, 'loss': 2.30651009, 'lr': 0, 'params': 204506, 'time_iter': 0.00939, 'accuracy': 0.0981, 'f1': 0.02351, 'auc': 0.49816}
> Epoch 14: took 5.9s (avg 6.1s) | Best so far: epoch 6	train_loss: 2.3020 train_accuracy: 0.1105	val_loss: 2.3413 val_accuracy: 0.1004	test_loss: 2.6933 test_accuracy: 0.1002
train: {'epoch': 15, 'time_epoch': 4.50314, 'eta': 842.55278, 'eta_hours': 0.23404, 'loss': 2.29554913, 'lr': 0.0003, 'params': 204506, 'time_iter': 0.01439, 'accuracy': 0.1155, 'f1': 0.07172, 'auc': 0.52222}
val: {'epoch': 15, 'time_epoch': 0.42974, 'loss': 2.30622678, 'lr': 0, 'params': 204506, 'time_iter': 0.00811, 'accuracy': 0.1, 'f1': 0.01835, 'auc': 0.50103}
test: {'epoch': 15, 'time_epoch': 1.01818, 'loss': 2.31172885, 'lr': 0, 'params': 204506, 'time_iter': 0.0097, 'accuracy': 0.101, 'f1': 0.02893, 'auc': 0.50418}
> Epoch 15: took 6.0s (avg 6.1s) | Best so far: epoch 6	train_loss: 2.3020 train_accuracy: 0.1105	val_loss: 2.3413 val_accuracy: 0.1004	test_loss: 2.6933 test_accuracy: 0.1002
train: {'epoch': 16, 'time_epoch': 4.64988, 'eta': 838.73571, 'eta_hours': 0.23298, 'loss': 2.29632487, 'lr': 0.00032, 'params': 204506, 'time_iter': 0.01486, 'accuracy': 0.11483, 'f1': 0.07711, 'auc': 0.51965}
val: {'epoch': 16, 'time_epoch': 0.42658, 'loss': 2.30436327, 'lr': 0, 'params': 204506, 'time_iter': 0.00805, 'accuracy': 0.1, 'f1': 0.01818, 'auc': 0.49223}
test: {'epoch': 16, 'time_epoch': 1.09326, 'loss': 2.30453149, 'lr': 0, 'params': 204506, 'time_iter': 0.01041, 'accuracy': 0.1, 'f1': 0.01818, 'auc': 0.50207}
> Epoch 16: took 6.2s (avg 6.1s) | Best so far: epoch 6	train_loss: 2.3020 train_accuracy: 0.1105	val_loss: 2.3413 val_accuracy: 0.1004	test_loss: 2.6933 test_accuracy: 0.1002
train: {'epoch': 17, 'time_epoch': 4.4462, 'eta': 832.76671, 'eta_hours': 0.23132, 'loss': 2.29523155, 'lr': 0.00034, 'params': 204506, 'time_iter': 0.01421, 'accuracy': 0.11547, 'f1': 0.07425, 'auc': 0.51889}
val: {'epoch': 17, 'time_epoch': 0.38541, 'loss': 2.31577712, 'lr': 0, 'params': 204506, 'time_iter': 0.00727, 'accuracy': 0.0984, 'f1': 0.02532, 'auc': 0.52141}
test: {'epoch': 17, 'time_epoch': 0.95109, 'loss': 2.41593898, 'lr': 0, 'params': 204506, 'time_iter': 0.00906, 'accuracy': 0.0977, 'f1': 0.02283, 'auc': 0.50695}
> Epoch 17: took 5.8s (avg 6.1s) | Best so far: epoch 6	train_loss: 2.3020 train_accuracy: 0.1105	val_loss: 2.3413 val_accuracy: 0.1004	test_loss: 2.6933 test_accuracy: 0.1002
train: {'epoch': 18, 'time_epoch': 4.5047, 'eta': 827.51522, 'eta_hours': 0.22987, 'loss': 2.29570451, 'lr': 0.00036, 'params': 204506, 'time_iter': 0.01439, 'accuracy': 0.11307, 'f1': 0.07685, 'auc': 0.52104}
val: {'epoch': 18, 'time_epoch': 0.42655, 'loss': 2.30465069, 'lr': 0, 'params': 204506, 'time_iter': 0.00805, 'accuracy': 0.1, 'f1': 0.01818, 'auc': 0.50265}
test: {'epoch': 18, 'time_epoch': 1.12643, 'loss': 2.30770694, 'lr': 0, 'params': 204506, 'time_iter': 0.01073, 'accuracy': 0.1, 'f1': 0.01818, 'auc': 0.50325}
> Epoch 18: took 6.1s (avg 6.1s) | Best so far: epoch 6	train_loss: 2.3020 train_accuracy: 0.1105	val_loss: 2.3413 val_accuracy: 0.1004	test_loss: 2.6933 test_accuracy: 0.1002
train: {'epoch': 19, 'time_epoch': 4.47051, 'eta': 822.03077, 'eta_hours': 0.22834, 'loss': 2.29460719, 'lr': 0.00038, 'params': 204506, 'time_iter': 0.01428, 'accuracy': 0.1155, 'f1': 0.07202, 'auc': 0.52365}
val: {'epoch': 19, 'time_epoch': 0.40448, 'loss': 2.30498534, 'lr': 0, 'params': 204506, 'time_iter': 0.00763, 'accuracy': 0.1, 'f1': 0.01818, 'auc': 0.51741}
test: {'epoch': 19, 'time_epoch': 0.9958, 'loss': 2.32033036, 'lr': 0, 'params': 204506, 'time_iter': 0.00948, 'accuracy': 0.0982, 'f1': 0.03062, 'auc': 0.50651}
> Epoch 19: took 5.9s (avg 6.1s) | Best so far: epoch 6	train_loss: 2.3020 train_accuracy: 0.1105	val_loss: 2.3413 val_accuracy: 0.1004	test_loss: 2.6933 test_accuracy: 0.1002
train: {'epoch': 20, 'time_epoch': 4.51745, 'eta': 817.04294, 'eta_hours': 0.22696, 'loss': 2.29429043, 'lr': 0.0004, 'params': 204506, 'time_iter': 0.01443, 'accuracy': 0.11517, 'f1': 0.07253, 'auc': 0.52518}
val: {'epoch': 20, 'time_epoch': 0.42259, 'loss': 2.30318335, 'lr': 0, 'params': 204506, 'time_iter': 0.00797, 'accuracy': 0.1016, 'f1': 0.03153, 'auc': 0.51906}
test: {'epoch': 20, 'time_epoch': 1.11767, 'loss': 2.3138572, 'lr': 0, 'params': 204506, 'time_iter': 0.01064, 'accuracy': 0.1038, 'f1': 0.03325, 'auc': 0.50699}
> Epoch 20: took 6.1s (avg 6.1s) | Best so far: epoch 20	train_loss: 2.2943 train_accuracy: 0.1152	val_loss: 2.3032 val_accuracy: 0.1016	test_loss: 2.3139 test_accuracy: 0.1038
train: {'epoch': 21, 'time_epoch': 4.44904, 'eta': 811.54439, 'eta_hours': 0.22543, 'loss': 2.29451339, 'lr': 0.00042, 'params': 204506, 'time_iter': 0.01421, 'accuracy': 0.1138, 'f1': 0.07692, 'auc': 0.52204}
val: {'epoch': 21, 'time_epoch': 0.38604, 'loss': 2.30345125, 'lr': 0, 'params': 204506, 'time_iter': 0.00728, 'accuracy': 0.1, 'f1': 0.01818, 'auc': 0.51417}
test: {'epoch': 21, 'time_epoch': 0.97974, 'loss': 2.30425253, 'lr': 0, 'params': 204506, 'time_iter': 0.00933, 'accuracy': 0.1, 'f1': 0.01818, 'auc': 0.50463}
> Epoch 21: took 5.9s (avg 6.1s) | Best so far: epoch 20	train_loss: 2.2943 train_accuracy: 0.1152	val_loss: 2.3032 val_accuracy: 0.1016	test_loss: 2.3139 test_accuracy: 0.1038
train: {'epoch': 22, 'time_epoch': 4.64631, 'eta': 807.65526, 'eta_hours': 0.22435, 'loss': 2.29352577, 'lr': 0.00044, 'params': 204506, 'time_iter': 0.01484, 'accuracy': 0.11683, 'f1': 0.08053, 'auc': 0.52475}
val: {'epoch': 22, 'time_epoch': 0.42925, 'loss': 2.3041273, 'lr': 0, 'params': 204506, 'time_iter': 0.0081, 'accuracy': 0.1, 'f1': 0.01818, 'auc': 0.51191}
test: {'epoch': 22, 'time_epoch': 1.05418, 'loss': 2.30579408, 'lr': 0, 'params': 204506, 'time_iter': 0.01004, 'accuracy': 0.1, 'f1': 0.01818, 'auc': 0.50966}
> Epoch 22: took 6.2s (avg 6.1s) | Best so far: epoch 20	train_loss: 2.2943 train_accuracy: 0.1152	val_loss: 2.3032 val_accuracy: 0.1016	test_loss: 2.3139 test_accuracy: 0.1038
train: {'epoch': 23, 'time_epoch': 4.46637, 'eta': 802.38346, 'eta_hours': 0.22288, 'loss': 2.29406962, 'lr': 0.00046, 'params': 204506, 'time_iter': 0.01427, 'accuracy': 0.11423, 'f1': 0.06984, 'auc': 0.523}
val: {'epoch': 23, 'time_epoch': 0.39446, 'loss': 2.30434072, 'lr': 0, 'params': 204506, 'time_iter': 0.00744, 'accuracy': 0.1, 'f1': 0.01819, 'auc': 0.5231}
test: {'epoch': 23, 'time_epoch': 0.96905, 'loss': 2.34802163, 'lr': 0, 'params': 204506, 'time_iter': 0.00923, 'accuracy': 0.1, 'f1': 0.01819, 'auc': 0.5086}
> Epoch 23: took 5.9s (avg 6.1s) | Best so far: epoch 20	train_loss: 2.2943 train_accuracy: 0.1152	val_loss: 2.3032 val_accuracy: 0.1016	test_loss: 2.3139 test_accuracy: 0.1038
train: {'epoch': 24, 'time_epoch': 4.47956, 'eta': 797.26839, 'eta_hours': 0.22146, 'loss': 2.29301856, 'lr': 0.00048, 'params': 204506, 'time_iter': 0.01431, 'accuracy': 0.11533, 'f1': 0.07158, 'auc': 0.52153}
val: {'epoch': 24, 'time_epoch': 0.42867, 'loss': 2.30436204, 'lr': 0, 'params': 204506, 'time_iter': 0.00809, 'accuracy': 0.1, 'f1': 0.01818, 'auc': 0.52466}
test: {'epoch': 24, 'time_epoch': 1.02617, 'loss': 2.32446355, 'lr': 0, 'params': 204506, 'time_iter': 0.00977, 'accuracy': 0.1005, 'f1': 0.02738, 'auc': 0.50772}
> Epoch 24: took 6.0s (avg 6.1s) | Best so far: epoch 20	train_loss: 2.2943 train_accuracy: 0.1152	val_loss: 2.3032 val_accuracy: 0.1016	test_loss: 2.3139 test_accuracy: 0.1038
train: {'epoch': 25, 'time_epoch': 4.54435, 'eta': 792.63579, 'eta_hours': 0.22018, 'loss': 2.29300773, 'lr': 0.0005, 'params': 204506, 'time_iter': 0.01452, 'accuracy': 0.116, 'f1': 0.07475, 'auc': 0.52375}
val: {'epoch': 25, 'time_epoch': 0.41918, 'loss': 2.30505811, 'lr': 0, 'params': 204506, 'time_iter': 0.00791, 'accuracy': 0.104, 'f1': 0.02563, 'auc': 0.50607}
test: {'epoch': 25, 'time_epoch': 1.1068, 'loss': 2.32068686, 'lr': 0, 'params': 204506, 'time_iter': 0.01054, 'accuracy': 0.1018, 'f1': 0.02171, 'auc': 0.50621}
> Epoch 25: took 6.1s (avg 6.1s) | Best so far: epoch 25	train_loss: 2.2930 train_accuracy: 0.1160	val_loss: 2.3051 val_accuracy: 0.1040	test_loss: 2.3207 test_accuracy: 0.1018
train: {'epoch': 26, 'time_epoch': 4.46922, 'eta': 787.52837, 'eta_hours': 0.21876, 'loss': 2.29214238, 'lr': 0.00052, 'params': 204506, 'time_iter': 0.01428, 'accuracy': 0.116, 'f1': 0.0747, 'auc': 0.52528}
val: {'epoch': 26, 'time_epoch': 0.38836, 'loss': 2.32495225, 'lr': 0, 'params': 204506, 'time_iter': 0.00733, 'accuracy': 0.098, 'f1': 0.03141, 'auc': 0.50116}
test: {'epoch': 26, 'time_epoch': 0.98736, 'loss': 2.47064434, 'lr': 0, 'params': 204506, 'time_iter': 0.0094, 'accuracy': 0.0988, 'f1': 0.03246, 'auc': 0.5002}
> Epoch 26: took 5.9s (avg 6.1s) | Best so far: epoch 25	train_loss: 2.2930 train_accuracy: 0.1160	val_loss: 2.3051 val_accuracy: 0.1040	test_loss: 2.3207 test_accuracy: 0.1018
train: {'epoch': 27, 'time_epoch': 4.50387, 'eta': 782.67937, 'eta_hours': 0.21741, 'loss': 2.29259914, 'lr': 0.00054, 'params': 204506, 'time_iter': 0.01439, 'accuracy': 0.11353, 'f1': 0.07517, 'auc': 0.5248}
val: {'epoch': 27, 'time_epoch': 0.4203, 'loss': 2.30155386, 'lr': 0, 'params': 204506, 'time_iter': 0.00793, 'accuracy': 0.1016, 'f1': 0.0318, 'auc': 0.5332}
test: {'epoch': 27, 'time_epoch': 1.02964, 'loss': 2.34544452, 'lr': 0, 'params': 204506, 'time_iter': 0.00981, 'accuracy': 0.1036, 'f1': 0.02997, 'auc': 0.50824}
> Epoch 27: took 6.0s (avg 6.1s) | Best so far: epoch 25	train_loss: 2.2930 train_accuracy: 0.1160	val_loss: 2.3051 val_accuracy: 0.1040	test_loss: 2.3207 test_accuracy: 0.1018
train: {'epoch': 28, 'time_epoch': 4.67041, 'eta': 778.83619, 'eta_hours': 0.21634, 'loss': 2.29246668, 'lr': 0.00056, 'params': 204506, 'time_iter': 0.01492, 'accuracy': 0.1127, 'f1': 0.07855, 'auc': 0.52373}
val: {'epoch': 28, 'time_epoch': 0.41604, 'loss': 2.30631823, 'lr': 0, 'params': 204506, 'time_iter': 0.00785, 'accuracy': 0.1008, 'f1': 0.02447, 'auc': 0.52759}
test: {'epoch': 28, 'time_epoch': 1.05062, 'loss': 2.39837539, 'lr': 0, 'params': 204506, 'time_iter': 0.01001, 'accuracy': 0.1009, 'f1': 0.03311, 'auc': 0.50631}
> Epoch 28: took 6.2s (avg 6.1s) | Best so far: epoch 25	train_loss: 2.2930 train_accuracy: 0.1160	val_loss: 2.3051 val_accuracy: 0.1040	test_loss: 2.3207 test_accuracy: 0.1018
train: {'epoch': 29, 'time_epoch': 4.47426, 'eta': 773.82632, 'eta_hours': 0.21495, 'loss': 2.29071386, 'lr': 0.00058, 'params': 204506, 'time_iter': 0.01429, 'accuracy': 0.11487, 'f1': 0.08433, 'auc': 0.52601}
val: {'epoch': 29, 'time_epoch': 0.38655, 'loss': 2.30049162, 'lr': 0, 'params': 204506, 'time_iter': 0.00729, 'accuracy': 0.1104, 'f1': 0.03198, 'auc': 0.53024}
test: {'epoch': 29, 'time_epoch': 1.03112, 'loss': 2.31114888, 'lr': 0, 'params': 204506, 'time_iter': 0.00982, 'accuracy': 0.1061, 'f1': 0.02833, 'auc': 0.50848}
> Epoch 29: took 5.9s (avg 6.1s) | Best so far: epoch 29	train_loss: 2.2907 train_accuracy: 0.1149	val_loss: 2.3005 val_accuracy: 0.1104	test_loss: 2.3111 test_accuracy: 0.1061
train: {'epoch': 30, 'time_epoch': 4.48949, 'eta': 768.93407, 'eta_hours': 0.21359, 'loss': 2.28998811, 'lr': 0.0006, 'params': 204506, 'time_iter': 0.01434, 'accuracy': 0.11583, 'f1': 0.07547, 'auc': 0.52643}
val: {'epoch': 30, 'time_epoch': 0.38363, 'loss': 2.30162397, 'lr': 0, 'params': 204506, 'time_iter': 0.00724, 'accuracy': 0.114, 'f1': 0.0403, 'auc': 0.51839}
test: {'epoch': 30, 'time_epoch': 0.97686, 'loss': 2.31285188, 'lr': 0, 'params': 204506, 'time_iter': 0.0093, 'accuracy': 0.1053, 'f1': 0.03097, 'auc': 0.50649}
> Epoch 30: took 5.9s (avg 6.1s) | Best so far: epoch 30	train_loss: 2.2900 train_accuracy: 0.1158	val_loss: 2.3016 val_accuracy: 0.1140	test_loss: 2.3129 test_accuracy: 0.1053
train: {'epoch': 31, 'time_epoch': 4.49919, 'eta': 764.11789, 'eta_hours': 0.21225, 'loss': 2.28964427, 'lr': 0.00062, 'params': 204506, 'time_iter': 0.01437, 'accuracy': 0.11463, 'f1': 0.07421, 'auc': 0.52702}
val: {'epoch': 31, 'time_epoch': 0.4193, 'loss': 2.30003237, 'lr': 0, 'params': 204506, 'time_iter': 0.00791, 'accuracy': 0.1146, 'f1': 0.05102, 'auc': 0.52929}
test: {'epoch': 31, 'time_epoch': 1.10628, 'loss': 2.30981564, 'lr': 0, 'params': 204506, 'time_iter': 0.01054, 'accuracy': 0.1063, 'f1': 0.04092, 'auc': 0.50825}
> Epoch 31: took 6.1s (avg 6.1s) | Best so far: epoch 31	train_loss: 2.2896 train_accuracy: 0.1146	val_loss: 2.3000 val_accuracy: 0.1146	test_loss: 2.3098 test_accuracy: 0.1063
train: {'epoch': 32, 'time_epoch': 4.45191, 'eta': 759.08168, 'eta_hours': 0.21086, 'loss': 2.29090233, 'lr': 0.00064, 'params': 204506, 'time_iter': 0.01422, 'accuracy': 0.1153, 'f1': 0.07629, 'auc': 0.52409}
val: {'epoch': 32, 'time_epoch': 0.40248, 'loss': 2.29900309, 'lr': 0, 'params': 204506, 'time_iter': 0.00759, 'accuracy': 0.1122, 'f1': 0.0346, 'auc': 0.52451}
test: {'epoch': 32, 'time_epoch': 0.99711, 'loss': 2.31544143, 'lr': 0, 'params': 204506, 'time_iter': 0.0095, 'accuracy': 0.1075, 'f1': 0.03121, 'auc': 0.50823}
> Epoch 32: took 5.9s (avg 6.1s) | Best so far: epoch 31	train_loss: 2.2896 train_accuracy: 0.1146	val_loss: 2.3000 val_accuracy: 0.1146	test_loss: 2.3098 test_accuracy: 0.1063
train: {'epoch': 33, 'time_epoch': 4.50116, 'eta': 754.32031, 'eta_hours': 0.20953, 'loss': 2.29040939, 'lr': 0.00066, 'params': 204506, 'time_iter': 0.01438, 'accuracy': 0.1149, 'f1': 0.07688, 'auc': 0.52565}
val: {'epoch': 33, 'time_epoch': 0.41469, 'loss': 2.29840673, 'lr': 0, 'params': 204506, 'time_iter': 0.00782, 'accuracy': 0.1132, 'f1': 0.05212, 'auc': 0.53228}
test: {'epoch': 33, 'time_epoch': 1.17201, 'loss': 2.31143987, 'lr': 0, 'params': 204506, 'time_iter': 0.01116, 'accuracy': 0.1069, 'f1': 0.0467, 'auc': 0.50716}
> Epoch 33: took 6.1s (avg 6.1s) | Best so far: epoch 31	train_loss: 2.2896 train_accuracy: 0.1146	val_loss: 2.3000 val_accuracy: 0.1146	test_loss: 2.3098 test_accuracy: 0.1063
train: {'epoch': 34, 'time_epoch': 4.53663, 'eta': 749.74102, 'eta_hours': 0.20826, 'loss': 2.29047806, 'lr': 0.00068, 'params': 204506, 'time_iter': 0.01449, 'accuracy': 0.11663, 'f1': 0.07402, 'auc': 0.52558}
val: {'epoch': 34, 'time_epoch': 0.41205, 'loss': 2.29921913, 'lr': 0, 'params': 204506, 'time_iter': 0.00777, 'accuracy': 0.11, 'f1': 0.0467, 'auc': 0.5287}
test: {'epoch': 34, 'time_epoch': 1.04661, 'loss': 2.31493865, 'lr': 0, 'params': 204506, 'time_iter': 0.00997, 'accuracy': 0.1048, 'f1': 0.04433, 'auc': 0.50658}
> Epoch 34: took 6.0s (avg 6.1s) | Best so far: epoch 31	train_loss: 2.2896 train_accuracy: 0.1146	val_loss: 2.3000 val_accuracy: 0.1146	test_loss: 2.3098 test_accuracy: 0.1063
train: {'epoch': 35, 'time_epoch': 4.46049, 'eta': 744.81724, 'eta_hours': 0.20689, 'loss': 2.2897875, 'lr': 0.0007, 'params': 204506, 'time_iter': 0.01425, 'accuracy': 0.1134, 'f1': 0.07989, 'auc': 0.52429}
val: {'epoch': 35, 'time_epoch': 0.4005, 'loss': 2.2970357, 'lr': 0, 'params': 204506, 'time_iter': 0.00756, 'accuracy': 0.1114, 'f1': 0.0359, 'auc': 0.52938}
test: {'epoch': 35, 'time_epoch': 1.03603, 'loss': 2.31344166, 'lr': 0, 'params': 204506, 'time_iter': 0.00987, 'accuracy': 0.1077, 'f1': 0.03281, 'auc': 0.50829}
> Epoch 35: took 5.9s (avg 6.1s) | Best so far: epoch 31	train_loss: 2.2896 train_accuracy: 0.1146	val_loss: 2.3000 val_accuracy: 0.1146	test_loss: 2.3098 test_accuracy: 0.1063
train: {'epoch': 36, 'time_epoch': 4.47374, 'eta': 739.97687, 'eta_hours': 0.20555, 'loss': 2.29000232, 'lr': 0.00072, 'params': 204506, 'time_iter': 0.01429, 'accuracy': 0.1124, 'f1': 0.073, 'auc': 0.52577}
val: {'epoch': 36, 'time_epoch': 0.39389, 'loss': 2.29722769, 'lr': 0, 'params': 204506, 'time_iter': 0.00743, 'accuracy': 0.112, 'f1': 0.06034, 'auc': 0.52965}
test: {'epoch': 36, 'time_epoch': 0.98295, 'loss': 2.31515925, 'lr': 0, 'params': 204506, 'time_iter': 0.00936, 'accuracy': 0.1097, 'f1': 0.05211, 'auc': 0.50816}
> Epoch 36: took 5.9s (avg 6.0s) | Best so far: epoch 31	train_loss: 2.2896 train_accuracy: 0.1146	val_loss: 2.3000 val_accuracy: 0.1146	test_loss: 2.3098 test_accuracy: 0.1063
train: {'epoch': 37, 'time_epoch': 4.52812, 'eta': 735.38761, 'eta_hours': 0.20427, 'loss': 2.28990224, 'lr': 0.00074, 'params': 204506, 'time_iter': 0.01447, 'accuracy': 0.1171, 'f1': 0.07272, 'auc': 0.52713}
val: {'epoch': 37, 'time_epoch': 0.42624, 'loss': 2.29833872, 'lr': 0, 'params': 204506, 'time_iter': 0.00804, 'accuracy': 0.1116, 'f1': 0.04585, 'auc': 0.52732}
test: {'epoch': 37, 'time_epoch': 1.08842, 'loss': 2.33698977, 'lr': 0, 'params': 204506, 'time_iter': 0.01037, 'accuracy': 0.1073, 'f1': 0.03857, 'auc': 0.50812}
> Epoch 37: took 6.1s (avg 6.1s) | Best so far: epoch 31	train_loss: 2.2896 train_accuracy: 0.1146	val_loss: 2.3000 val_accuracy: 0.1146	test_loss: 2.3098 test_accuracy: 0.1063
train: {'epoch': 38, 'time_epoch': 4.46885, 'eta': 730.55683, 'eta_hours': 0.20293, 'loss': 2.28995428, 'lr': 0.00076, 'params': 204506, 'time_iter': 0.01428, 'accuracy': 0.11573, 'f1': 0.07808, 'auc': 0.52854}
val: {'epoch': 38, 'time_epoch': 0.39604, 'loss': 2.29676375, 'lr': 0, 'params': 204506, 'time_iter': 0.00747, 'accuracy': 0.11, 'f1': 0.05008, 'auc': 0.53216}
test: {'epoch': 38, 'time_epoch': 0.9806, 'loss': 2.30786843, 'lr': 0, 'params': 204506, 'time_iter': 0.00934, 'accuracy': 0.1046, 'f1': 0.04307, 'auc': 0.50841}
> Epoch 38: took 5.9s (avg 6.0s) | Best so far: epoch 31	train_loss: 2.2896 train_accuracy: 0.1146	val_loss: 2.3000 val_accuracy: 0.1146	test_loss: 2.3098 test_accuracy: 0.1063
train: {'epoch': 39, 'time_epoch': 4.50656, 'eta': 725.89498, 'eta_hours': 0.20164, 'loss': 2.2920714, 'lr': 0.00078, 'params': 204506, 'time_iter': 0.0144, 'accuracy': 0.11313, 'f1': 0.07766, 'auc': 0.52277}
val: {'epoch': 39, 'time_epoch': 0.43287, 'loss': 2.29565121, 'lr': 0, 'params': 204506, 'time_iter': 0.00817, 'accuracy': 0.1162, 'f1': 0.05883, 'auc': 0.52968}
test: {'epoch': 39, 'time_epoch': 1.20753, 'loss': 2.32254215, 'lr': 0, 'params': 204506, 'time_iter': 0.0115, 'accuracy': 0.1098, 'f1': 0.04752, 'auc': 0.5074}
> Epoch 39: took 6.2s (avg 6.0s) | Best so far: epoch 39	train_loss: 2.2921 train_accuracy: 0.1131	val_loss: 2.2957 val_accuracy: 0.1162	test_loss: 2.3225 test_accuracy: 0.1098
train: {'epoch': 40, 'time_epoch': 4.45871, 'eta': 721.05515, 'eta_hours': 0.20029, 'loss': 2.29657477, 'lr': 0.0008, 'params': 204506, 'time_iter': 0.01425, 'accuracy': 0.11413, 'f1': 0.07555, 'auc': 0.52256}
val: {'epoch': 40, 'time_epoch': 0.38537, 'loss': 2.29565701, 'lr': 0, 'params': 204506, 'time_iter': 0.00727, 'accuracy': 0.1202, 'f1': 0.03926, 'auc': 0.53268}
test: {'epoch': 40, 'time_epoch': 0.95068, 'loss': 2.33388318, 'lr': 0, 'params': 204506, 'time_iter': 0.00905, 'accuracy': 0.1082, 'f1': 0.04753, 'auc': 0.5085}
> Epoch 40: took 5.8s (avg 6.0s) | Best so far: epoch 40	train_loss: 2.2966 train_accuracy: 0.1141	val_loss: 2.2957 val_accuracy: 0.1202	test_loss: 2.3339 test_accuracy: 0.1082
train: {'epoch': 41, 'time_epoch': 4.49821, 'eta': 716.38206, 'eta_hours': 0.199, 'loss': 2.29476615, 'lr': 0.00082, 'params': 204506, 'time_iter': 0.01437, 'accuracy': 0.115, 'f1': 0.07016, 'auc': 0.52334}
val: {'epoch': 41, 'time_epoch': 0.43091, 'loss': 2.30552723, 'lr': 0, 'params': 204506, 'time_iter': 0.00813, 'accuracy': 0.1036, 'f1': 0.03451, 'auc': 0.52641}
test: {'epoch': 41, 'time_epoch': 1.10085, 'loss': 2.31344751, 'lr': 0, 'params': 204506, 'time_iter': 0.01048, 'accuracy': 0.1016, 'f1': 0.03311, 'auc': 0.50885}
> Epoch 41: took 6.1s (avg 6.0s) | Best so far: epoch 40	train_loss: 2.2966 train_accuracy: 0.1141	val_loss: 2.2957 val_accuracy: 0.1202	test_loss: 2.3339 test_accuracy: 0.1082
train: {'epoch': 42, 'time_epoch': 4.42979, 'eta': 711.46729, 'eta_hours': 0.19763, 'loss': 2.2936345, 'lr': 0.00084, 'params': 204506, 'time_iter': 0.01415, 'accuracy': 0.1174, 'f1': 0.06815, 'auc': 0.5265}
val: {'epoch': 42, 'time_epoch': 0.39475, 'loss': 2.2903415, 'lr': 0, 'params': 204506, 'time_iter': 0.00745, 'accuracy': 0.1204, 'f1': 0.05873, 'auc': 0.53043}
test: {'epoch': 42, 'time_epoch': 0.99659, 'loss': 2.32478043, 'lr': 0, 'params': 204506, 'time_iter': 0.00949, 'accuracy': 0.1117, 'f1': 0.06059, 'auc': 0.50846}
> Epoch 42: took 5.9s (avg 6.0s) | Best so far: epoch 42	train_loss: 2.2936 train_accuracy: 0.1174	val_loss: 2.2903 val_accuracy: 0.1204	test_loss: 2.3248 test_accuracy: 0.1117
train: {'epoch': 43, 'time_epoch': 4.47397, 'eta': 706.7312, 'eta_hours': 0.19631, 'loss': 2.2920027, 'lr': 0.00086, 'params': 204506, 'time_iter': 0.01429, 'accuracy': 0.1171, 'f1': 0.07288, 'auc': 0.52683}
val: {'epoch': 43, 'time_epoch': 0.42458, 'loss': 2.29115453, 'lr': 0, 'params': 204506, 'time_iter': 0.00801, 'accuracy': 0.1156, 'f1': 0.06391, 'auc': 0.52795}
test: {'epoch': 43, 'time_epoch': 1.03883, 'loss': 2.30866453, 'lr': 0, 'params': 204506, 'time_iter': 0.00989, 'accuracy': 0.1121, 'f1': 0.06951, 'auc': 0.50877}
> Epoch 43: took 6.0s (avg 6.0s) | Best so far: epoch 42	train_loss: 2.2936 train_accuracy: 0.1174	val_loss: 2.2903 val_accuracy: 0.1204	test_loss: 2.3248 test_accuracy: 0.1117
train: {'epoch': 44, 'time_epoch': 4.50448, 'eta': 702.11183, 'eta_hours': 0.19503, 'loss': 2.29183582, 'lr': 0.00088, 'params': 204506, 'time_iter': 0.01439, 'accuracy': 0.1147, 'f1': 0.07316, 'auc': 0.52507}
val: {'epoch': 44, 'time_epoch': 0.42454, 'loss': 2.28978147, 'lr': 0, 'params': 204506, 'time_iter': 0.00801, 'accuracy': 0.1154, 'f1': 0.04953, 'auc': 0.52761}
test: {'epoch': 44, 'time_epoch': 1.0321, 'loss': 2.31073823, 'lr': 0, 'params': 204506, 'time_iter': 0.00983, 'accuracy': 0.1085, 'f1': 0.05801, 'auc': 0.50827}
> Epoch 44: took 6.0s (avg 6.0s) | Best so far: epoch 42	train_loss: 2.2936 train_accuracy: 0.1174	val_loss: 2.2903 val_accuracy: 0.1204	test_loss: 2.3248 test_accuracy: 0.1117
train: {'epoch': 45, 'time_epoch': 4.63612, 'eta': 697.93816, 'eta_hours': 0.19387, 'loss': 2.2913459, 'lr': 0.0009, 'params': 204506, 'time_iter': 0.01481, 'accuracy': 0.1151, 'f1': 0.07278, 'auc': 0.52645}
val: {'epoch': 45, 'time_epoch': 0.43217, 'loss': 2.28880465, 'lr': 0, 'params': 204506, 'time_iter': 0.00815, 'accuracy': 0.1198, 'f1': 0.04969, 'auc': 0.53295}
test: {'epoch': 45, 'time_epoch': 1.08024, 'loss': 2.32500706, 'lr': 0, 'params': 204506, 'time_iter': 0.01029, 'accuracy': 0.1096, 'f1': 0.05593, 'auc': 0.50849}
> Epoch 45: took 6.2s (avg 6.0s) | Best so far: epoch 42	train_loss: 2.2936 train_accuracy: 0.1174	val_loss: 2.2903 val_accuracy: 0.1204	test_loss: 2.3248 test_accuracy: 0.1117
train: {'epoch': 46, 'time_epoch': 4.44819, 'eta': 693.13305, 'eta_hours': 0.19254, 'loss': 2.29090154, 'lr': 0.00092, 'params': 204506, 'time_iter': 0.01421, 'accuracy': 0.11687, 'f1': 0.06831, 'auc': 0.5278}
val: {'epoch': 46, 'time_epoch': 0.3984, 'loss': 2.28866922, 'lr': 0, 'params': 204506, 'time_iter': 0.00752, 'accuracy': 0.1154, 'f1': 0.04953, 'auc': 0.52986}
test: {'epoch': 46, 'time_epoch': 0.97643, 'loss': 2.31346644, 'lr': 0, 'params': 204506, 'time_iter': 0.0093, 'accuracy': 0.1109, 'f1': 0.05929, 'auc': 0.50876}
> Epoch 46: took 5.9s (avg 6.0s) | Best so far: epoch 42	train_loss: 2.2936 train_accuracy: 0.1174	val_loss: 2.2903 val_accuracy: 0.1204	test_loss: 2.3248 test_accuracy: 0.1117
train: {'epoch': 47, 'time_epoch': 4.50405, 'eta': 688.5197, 'eta_hours': 0.19126, 'loss': 2.29077607, 'lr': 0.00094, 'params': 204506, 'time_iter': 0.01439, 'accuracy': 0.11673, 'f1': 0.07102, 'auc': 0.52441}
val: {'epoch': 47, 'time_epoch': 0.41671, 'loss': 2.2865082, 'lr': 0, 'params': 204506, 'time_iter': 0.00786, 'accuracy': 0.1214, 'f1': 0.06136, 'auc': 0.53135}
test: {'epoch': 47, 'time_epoch': 1.02414, 'loss': 2.33166865, 'lr': 0, 'params': 204506, 'time_iter': 0.00975, 'accuracy': 0.1111, 'f1': 0.06182, 'auc': 0.50861}
> Epoch 47: took 6.0s (avg 6.0s) | Best so far: epoch 47	train_loss: 2.2908 train_accuracy: 0.1167	val_loss: 2.2865 val_accuracy: 0.1214	test_loss: 2.3317 test_accuracy: 0.1111
train: {'epoch': 48, 'time_epoch': 4.49729, 'eta': 683.88999, 'eta_hours': 0.18997, 'loss': 2.28944372, 'lr': 0.00096, 'params': 204506, 'time_iter': 0.01437, 'accuracy': 0.1172, 'f1': 0.06701, 'auc': 0.52715}
val: {'epoch': 48, 'time_epoch': 0.44537, 'loss': 2.28601096, 'lr': 0, 'params': 204506, 'time_iter': 0.0084, 'accuracy': 0.1214, 'f1': 0.06136, 'auc': 0.53186}
test: {'epoch': 48, 'time_epoch': 1.10054, 'loss': 2.31093285, 'lr': 0, 'params': 204506, 'time_iter': 0.01048, 'accuracy': 0.1115, 'f1': 0.06186, 'auc': 0.50832}
> Epoch 48: took 6.1s (avg 6.0s) | Best so far: epoch 47	train_loss: 2.2908 train_accuracy: 0.1167	val_loss: 2.2865 val_accuracy: 0.1214	test_loss: 2.3317 test_accuracy: 0.1111
train: {'epoch': 49, 'time_epoch': 4.48681, 'eta': 679.23414, 'eta_hours': 0.18868, 'loss': 2.28927998, 'lr': 0.00098, 'params': 204506, 'time_iter': 0.01433, 'accuracy': 0.1155, 'f1': 0.0665, 'auc': 0.52768}
val: {'epoch': 49, 'time_epoch': 0.39658, 'loss': 2.28573584, 'lr': 0, 'params': 204506, 'time_iter': 0.00748, 'accuracy': 0.1212, 'f1': 0.06116, 'auc': 0.53027}
test: {'epoch': 49, 'time_epoch': 0.98422, 'loss': 2.31659645, 'lr': 0, 'params': 204506, 'time_iter': 0.00937, 'accuracy': 0.1106, 'f1': 0.06158, 'auc': 0.50792}
> Epoch 49: took 5.9s (avg 6.0s) | Best so far: epoch 47	train_loss: 2.2908 train_accuracy: 0.1167	val_loss: 2.2865 val_accuracy: 0.1214	test_loss: 2.3317 test_accuracy: 0.1111
train: {'epoch': 50, 'time_epoch': 4.49113, 'eta': 674.59752, 'eta_hours': 0.18739, 'loss': 2.2889708, 'lr': 0.001, 'params': 204506, 'time_iter': 0.01435, 'accuracy': 0.11557, 'f1': 0.06614, 'auc': 0.52738}
val: {'epoch': 50, 'time_epoch': 0.4245, 'loss': 2.29385059, 'lr': 0, 'params': 204506, 'time_iter': 0.00801, 'accuracy': 0.1168, 'f1': 0.05582, 'auc': 0.53336}
test: {'epoch': 50, 'time_epoch': 1.03369, 'loss': 2.33950624, 'lr': 0, 'params': 204506, 'time_iter': 0.00984, 'accuracy': 0.1067, 'f1': 0.0564, 'auc': 0.50809}
> Epoch 50: took 6.0s (avg 6.0s) | Best so far: epoch 47	train_loss: 2.2908 train_accuracy: 0.1167	val_loss: 2.2865 val_accuracy: 0.1214	test_loss: 2.3317 test_accuracy: 0.1111
train: {'epoch': 51, 'time_epoch': 4.66822, 'eta': 670.47053, 'eta_hours': 0.18624, 'loss': 2.28894777, 'lr': 0.00099989, 'params': 204506, 'time_iter': 0.01491, 'accuracy': 0.11583, 'f1': 0.06987, 'auc': 0.52693}
val: {'epoch': 51, 'time_epoch': 0.42155, 'loss': 2.28543027, 'lr': 0, 'params': 204506, 'time_iter': 0.00795, 'accuracy': 0.1184, 'f1': 0.0558, 'auc': 0.53064}
test: {'epoch': 51, 'time_epoch': 1.05726, 'loss': 2.31574411, 'lr': 0, 'params': 204506, 'time_iter': 0.01007, 'accuracy': 0.1058, 'f1': 0.05514, 'auc': 0.50828}
> Epoch 51: took 6.2s (avg 6.0s) | Best so far: epoch 47	train_loss: 2.2908 train_accuracy: 0.1167	val_loss: 2.2865 val_accuracy: 0.1214	test_loss: 2.3317 test_accuracy: 0.1111
train: {'epoch': 52, 'time_epoch': 4.46686, 'eta': 665.76463, 'eta_hours': 0.18493, 'loss': 2.28865936, 'lr': 0.00099956, 'params': 204506, 'time_iter': 0.01427, 'accuracy': 0.11677, 'f1': 0.06526, 'auc': 0.52836}
val: {'epoch': 52, 'time_epoch': 0.40273, 'loss': 2.28451885, 'lr': 0, 'params': 204506, 'time_iter': 0.0076, 'accuracy': 0.1188, 'f1': 0.05709, 'auc': 0.5343}
test: {'epoch': 52, 'time_epoch': 1.03991, 'loss': 2.34439496, 'lr': 0, 'params': 204506, 'time_iter': 0.0099, 'accuracy': 0.1097, 'f1': 0.0526, 'auc': 0.50861}
> Epoch 52: took 5.9s (avg 6.0s) | Best so far: epoch 47	train_loss: 2.2908 train_accuracy: 0.1167	val_loss: 2.2865 val_accuracy: 0.1214	test_loss: 2.3317 test_accuracy: 0.1111
train: {'epoch': 53, 'time_epoch': 4.4721, 'eta': 661.08176, 'eta_hours': 0.18363, 'loss': 2.2894047, 'lr': 0.00099901, 'params': 204506, 'time_iter': 0.01429, 'accuracy': 0.11677, 'f1': 0.06832, 'auc': 0.52809}
val: {'epoch': 53, 'time_epoch': 0.39956, 'loss': 2.28483673, 'lr': 0, 'params': 204506, 'time_iter': 0.00754, 'accuracy': 0.1178, 'f1': 0.05231, 'auc': 0.53338}
test: {'epoch': 53, 'time_epoch': 0.98174, 'loss': 2.31851455, 'lr': 0, 'params': 204506, 'time_iter': 0.00935, 'accuracy': 0.1092, 'f1': 0.0537, 'auc': 0.50876}
> Epoch 53: took 5.9s (avg 6.0s) | Best so far: epoch 47	train_loss: 2.2908 train_accuracy: 0.1167	val_loss: 2.2865 val_accuracy: 0.1214	test_loss: 2.3317 test_accuracy: 0.1111
train: {'epoch': 54, 'time_epoch': 4.51523, 'eta': 656.52025, 'eta_hours': 0.18237, 'loss': 2.28856803, 'lr': 0.00099825, 'params': 204506, 'time_iter': 0.01443, 'accuracy': 0.1172, 'f1': 0.06429, 'auc': 0.52773}
val: {'epoch': 54, 'time_epoch': 0.42759, 'loss': 2.28398877, 'lr': 0, 'params': 204506, 'time_iter': 0.00807, 'accuracy': 0.1188, 'f1': 0.06519, 'auc': 0.53583}
test: {'epoch': 54, 'time_epoch': 1.10019, 'loss': 2.33659665, 'lr': 0, 'params': 204506, 'time_iter': 0.01048, 'accuracy': 0.1095, 'f1': 0.05802, 'auc': 0.50889}
> Epoch 54: took 6.1s (avg 6.0s) | Best so far: epoch 47	train_loss: 2.2908 train_accuracy: 0.1167	val_loss: 2.2865 val_accuracy: 0.1214	test_loss: 2.3317 test_accuracy: 0.1111
train: {'epoch': 55, 'time_epoch': 4.4643, 'eta': 651.82944, 'eta_hours': 0.18106, 'loss': 2.28758089, 'lr': 0.00099726, 'params': 204506, 'time_iter': 0.01426, 'accuracy': 0.1169, 'f1': 0.07427, 'auc': 0.5269}
val: {'epoch': 55, 'time_epoch': 0.39889, 'loss': 2.28488602, 'lr': 0, 'params': 204506, 'time_iter': 0.00753, 'accuracy': 0.1182, 'f1': 0.05009, 'auc': 0.53701}
test: {'epoch': 55, 'time_epoch': 0.98394, 'loss': 2.34771516, 'lr': 0, 'params': 204506, 'time_iter': 0.00937, 'accuracy': 0.1064, 'f1': 0.03746, 'auc': 0.50919}
> Epoch 55: took 5.9s (avg 6.0s) | Best so far: epoch 47	train_loss: 2.2908 train_accuracy: 0.1167	val_loss: 2.2865 val_accuracy: 0.1214	test_loss: 2.3317 test_accuracy: 0.1111
train: {'epoch': 56, 'time_epoch': 4.49896, 'eta': 647.23351, 'eta_hours': 0.17979, 'loss': 2.28733796, 'lr': 0.00099606, 'params': 204506, 'time_iter': 0.01437, 'accuracy': 0.11527, 'f1': 0.06826, 'auc': 0.52828}
val: {'epoch': 56, 'time_epoch': 0.41661, 'loss': 2.28392556, 'lr': 0, 'params': 204506, 'time_iter': 0.00786, 'accuracy': 0.1202, 'f1': 0.06922, 'auc': 0.53119}
test: {'epoch': 56, 'time_epoch': 1.02764, 'loss': 2.32292821, 'lr': 0, 'params': 204506, 'time_iter': 0.00979, 'accuracy': 0.1117, 'f1': 0.06426, 'auc': 0.5084}
> Epoch 56: took 6.0s (avg 6.0s) | Best so far: epoch 47	train_loss: 2.2908 train_accuracy: 0.1167	val_loss: 2.2865 val_accuracy: 0.1214	test_loss: 2.3317 test_accuracy: 0.1111
train: {'epoch': 57, 'time_epoch': 4.69412, 'eta': 643.11875, 'eta_hours': 0.17864, 'loss': 2.28681509, 'lr': 0.00099464, 'params': 204506, 'time_iter': 0.015, 'accuracy': 0.1171, 'f1': 0.07586, 'auc': 0.53013}
val: {'epoch': 57, 'time_epoch': 0.42562, 'loss': 2.28314401, 'lr': 0, 'params': 204506, 'time_iter': 0.00803, 'accuracy': 0.1206, 'f1': 0.05293, 'auc': 0.53292}
test: {'epoch': 57, 'time_epoch': 1.0489, 'loss': 2.31779099, 'lr': 0, 'params': 204506, 'time_iter': 0.00999, 'accuracy': 0.1092, 'f1': 0.04073, 'auc': 0.5089}
> Epoch 57: took 6.2s (avg 6.0s) | Best so far: epoch 47	train_loss: 2.2908 train_accuracy: 0.1167	val_loss: 2.2865 val_accuracy: 0.1214	test_loss: 2.3317 test_accuracy: 0.1111
train: {'epoch': 58, 'time_epoch': 4.46813, 'eta': 638.44426, 'eta_hours': 0.17735, 'loss': 2.28680845, 'lr': 0.000993, 'params': 204506, 'time_iter': 0.01428, 'accuracy': 0.11837, 'f1': 0.06578, 'auc': 0.52882}
val: {'epoch': 58, 'time_epoch': 0.39455, 'loss': 2.28287001, 'lr': 0, 'params': 204506, 'time_iter': 0.00744, 'accuracy': 0.1202, 'f1': 0.06138, 'auc': 0.5332}
test: {'epoch': 58, 'time_epoch': 1.03234, 'loss': 2.31949862, 'lr': 0, 'params': 204506, 'time_iter': 0.00983, 'accuracy': 0.11, 'f1': 0.06295, 'auc': 0.50888}
> Epoch 58: took 5.9s (avg 6.0s) | Best so far: epoch 47	train_loss: 2.2908 train_accuracy: 0.1167	val_loss: 2.2865 val_accuracy: 0.1214	test_loss: 2.3317 test_accuracy: 0.1111
train: {'epoch': 59, 'time_epoch': 4.45835, 'eta': 633.75384, 'eta_hours': 0.17604, 'loss': 2.28698408, 'lr': 0.00099114, 'params': 204506, 'time_iter': 0.01424, 'accuracy': 0.11873, 'f1': 0.0679, 'auc': 0.52802}
val: {'epoch': 59, 'time_epoch': 0.39757, 'loss': 2.2828371, 'lr': 0, 'params': 204506, 'time_iter': 0.0075, 'accuracy': 0.1206, 'f1': 0.05293, 'auc': 0.53587}
test: {'epoch': 59, 'time_epoch': 0.97108, 'loss': 2.32712323, 'lr': 0, 'params': 204506, 'time_iter': 0.00925, 'accuracy': 0.1099, 'f1': 0.05213, 'auc': 0.50928}
> Epoch 59: took 5.9s (avg 6.0s) | Best so far: epoch 47	train_loss: 2.2908 train_accuracy: 0.1167	val_loss: 2.2865 val_accuracy: 0.1214	test_loss: 2.3317 test_accuracy: 0.1111
train: {'epoch': 60, 'time_epoch': 4.51097, 'eta': 629.19092, 'eta_hours': 0.17478, 'loss': 2.28685807, 'lr': 0.00098907, 'params': 204506, 'time_iter': 0.01441, 'accuracy': 0.1177, 'f1': 0.07323, 'auc': 0.52764}
val: {'epoch': 60, 'time_epoch': 0.42376, 'loss': 2.28246203, 'lr': 0, 'params': 204506, 'time_iter': 0.008, 'accuracy': 0.1198, 'f1': 0.05725, 'auc': 0.53396}
test: {'epoch': 60, 'time_epoch': 1.02837, 'loss': 2.32176014, 'lr': 0, 'params': 204506, 'time_iter': 0.00979, 'accuracy': 0.1088, 'f1': 0.05779, 'auc': 0.5092}
> Epoch 60: took 6.0s (avg 6.0s) | Best so far: epoch 47	train_loss: 2.2908 train_accuracy: 0.1167	val_loss: 2.2865 val_accuracy: 0.1214	test_loss: 2.3317 test_accuracy: 0.1111
train: {'epoch': 61, 'time_epoch': 4.50388, 'eta': 624.61391, 'eta_hours': 0.1735, 'loss': 2.28703354, 'lr': 0.00098679, 'params': 204506, 'time_iter': 0.01439, 'accuracy': 0.11777, 'f1': 0.07455, 'auc': 0.52866}
val: {'epoch': 61, 'time_epoch': 0.42745, 'loss': 2.28338049, 'lr': 0, 'params': 204506, 'time_iter': 0.00807, 'accuracy': 0.1172, 'f1': 0.05469, 'auc': 0.53241}
test: {'epoch': 61, 'time_epoch': 1.12042, 'loss': 2.31341331, 'lr': 0, 'params': 204506, 'time_iter': 0.01067, 'accuracy': 0.1092, 'f1': 0.04145, 'auc': 0.50877}
> Epoch 61: took 6.1s (avg 6.0s) | Best so far: epoch 47	train_loss: 2.2908 train_accuracy: 0.1167	val_loss: 2.2865 val_accuracy: 0.1214	test_loss: 2.3317 test_accuracy: 0.1111
train: {'epoch': 62, 'time_epoch': 4.44743, 'eta': 619.91646, 'eta_hours': 0.1722, 'loss': 2.28605461, 'lr': 0.00098429, 'params': 204506, 'time_iter': 0.01421, 'accuracy': 0.11677, 'f1': 0.06276, 'auc': 0.52875}
val: {'epoch': 62, 'time_epoch': 0.38986, 'loss': 2.28234912, 'lr': 0, 'params': 204506, 'time_iter': 0.00736, 'accuracy': 0.1208, 'f1': 0.06262, 'auc': 0.5319}
test: {'epoch': 62, 'time_epoch': 1.02496, 'loss': 2.31020292, 'lr': 0, 'params': 204506, 'time_iter': 0.00976, 'accuracy': 0.111, 'f1': 0.04761, 'auc': 0.50853}
> Epoch 62: took 5.9s (avg 6.0s) | Best so far: epoch 47	train_loss: 2.2908 train_accuracy: 0.1167	val_loss: 2.2865 val_accuracy: 0.1214	test_loss: 2.3317 test_accuracy: 0.1111
train: {'epoch': 63, 'time_epoch': 4.68041, 'eta': 615.72191, 'eta_hours': 0.17103, 'loss': 2.28522482, 'lr': 0.00098158, 'params': 204506, 'time_iter': 0.01495, 'accuracy': 0.1177, 'f1': 0.06545, 'auc': 0.52829}
val: {'epoch': 63, 'time_epoch': 0.42215, 'loss': 2.28250482, 'lr': 0, 'params': 204506, 'time_iter': 0.00797, 'accuracy': 0.1202, 'f1': 0.05809, 'auc': 0.53142}
test: {'epoch': 63, 'time_epoch': 1.04561, 'loss': 2.32800764, 'lr': 0, 'params': 204506, 'time_iter': 0.00996, 'accuracy': 0.1074, 'f1': 0.05616, 'auc': 0.50852}
> Epoch 63: took 6.2s (avg 6.0s) | Best so far: epoch 47	train_loss: 2.2908 train_accuracy: 0.1167	val_loss: 2.2865 val_accuracy: 0.1214	test_loss: 2.3317 test_accuracy: 0.1111
train: {'epoch': 64, 'time_epoch': 4.44443, 'eta': 611.02229, 'eta_hours': 0.16973, 'loss': 2.28495489, 'lr': 0.00097866, 'params': 204506, 'time_iter': 0.0142, 'accuracy': 0.1155, 'f1': 0.07643, 'auc': 0.52895}
val: {'epoch': 64, 'time_epoch': 0.41003, 'loss': 2.2814199, 'lr': 0, 'params': 204506, 'time_iter': 0.00774, 'accuracy': 0.1204, 'f1': 0.06034, 'auc': 0.53198}
test: {'epoch': 64, 'time_epoch': 1.04679, 'loss': 2.32260241, 'lr': 0, 'params': 204506, 'time_iter': 0.00997, 'accuracy': 0.1105, 'f1': 0.04537, 'auc': 0.50877}
> Epoch 64: took 5.9s (avg 6.0s) | Best so far: epoch 47	train_loss: 2.2908 train_accuracy: 0.1167	val_loss: 2.2865 val_accuracy: 0.1214	test_loss: 2.3317 test_accuracy: 0.1111
train: {'epoch': 65, 'time_epoch': 4.47139, 'eta': 606.38514, 'eta_hours': 0.16844, 'loss': 2.28474404, 'lr': 0.00097553, 'params': 204506, 'time_iter': 0.01429, 'accuracy': 0.11777, 'f1': 0.06969, 'auc': 0.52772}
val: {'epoch': 65, 'time_epoch': 0.3948, 'loss': 2.28145314, 'lr': 0, 'params': 204506, 'time_iter': 0.00745, 'accuracy': 0.1188, 'f1': 0.05656, 'auc': 0.53554}
test: {'epoch': 65, 'time_epoch': 0.97393, 'loss': 2.33527105, 'lr': 0, 'params': 204506, 'time_iter': 0.00928, 'accuracy': 0.107, 'f1': 0.03909, 'auc': 0.50967}
> Epoch 65: took 5.9s (avg 6.0s) | Best so far: epoch 47	train_loss: 2.2908 train_accuracy: 0.1167	val_loss: 2.2865 val_accuracy: 0.1214	test_loss: 2.3317 test_accuracy: 0.1111
train: {'epoch': 66, 'time_epoch': 4.49846, 'eta': 601.80668, 'eta_hours': 0.16717, 'loss': 2.28516482, 'lr': 0.00097219, 'params': 204506, 'time_iter': 0.01437, 'accuracy': 0.11543, 'f1': 0.06635, 'auc': 0.52847}
val: {'epoch': 66, 'time_epoch': 0.41808, 'loss': 2.2816526, 'lr': 0, 'params': 204506, 'time_iter': 0.00789, 'accuracy': 0.117, 'f1': 0.0555, 'auc': 0.53531}
test: {'epoch': 66, 'time_epoch': 1.10833, 'loss': 2.31799099, 'lr': 0, 'params': 204506, 'time_iter': 0.01056, 'accuracy': 0.1074, 'f1': 0.03889, 'auc': 0.50988}
> Epoch 66: took 6.1s (avg 6.0s) | Best so far: epoch 47	train_loss: 2.2908 train_accuracy: 0.1167	val_loss: 2.2865 val_accuracy: 0.1214	test_loss: 2.3317 test_accuracy: 0.1111
train: {'epoch': 67, 'time_epoch': 4.46282, 'eta': 597.16138, 'eta_hours': 0.16588, 'loss': 2.28453192, 'lr': 0.00096864, 'params': 204506, 'time_iter': 0.01426, 'accuracy': 0.11923, 'f1': 0.07177, 'auc': 0.52903}
val: {'epoch': 67, 'time_epoch': 0.38522, 'loss': 2.28073483, 'lr': 0, 'params': 204506, 'time_iter': 0.00727, 'accuracy': 0.1188, 'f1': 0.05664, 'auc': 0.53596}
test: {'epoch': 67, 'time_epoch': 0.99072, 'loss': 2.32630288, 'lr': 0, 'params': 204506, 'time_iter': 0.00944, 'accuracy': 0.1096, 'f1': 0.04184, 'auc': 0.50995}
> Epoch 67: took 5.9s (avg 6.0s) | Best so far: epoch 47	train_loss: 2.2908 train_accuracy: 0.1167	val_loss: 2.2865 val_accuracy: 0.1214	test_loss: 2.3317 test_accuracy: 0.1111
train: {'epoch': 68, 'time_epoch': 4.51406, 'eta': 592.61867, 'eta_hours': 0.16462, 'loss': 2.28408948, 'lr': 0.00096489, 'params': 204506, 'time_iter': 0.01442, 'accuracy': 0.11553, 'f1': 0.06245, 'auc': 0.53053}
val: {'epoch': 68, 'time_epoch': 0.44018, 'loss': 2.28126224, 'lr': 0, 'params': 204506, 'time_iter': 0.00831, 'accuracy': 0.12, 'f1': 0.06407, 'auc': 0.53505}
test: {'epoch': 68, 'time_epoch': 1.12116, 'loss': 2.3099314, 'lr': 0, 'params': 204506, 'time_iter': 0.01068, 'accuracy': 0.1086, 'f1': 0.04389, 'auc': 0.51004}
> Epoch 68: took 6.1s (avg 6.0s) | Best so far: epoch 47	train_loss: 2.2908 train_accuracy: 0.1167	val_loss: 2.2865 val_accuracy: 0.1214	test_loss: 2.3317 test_accuracy: 0.1111
train: {'epoch': 69, 'time_epoch': 4.61367, 'eta': 588.26174, 'eta_hours': 0.16341, 'loss': 2.2837657, 'lr': 0.00096093, 'params': 204506, 'time_iter': 0.01474, 'accuracy': 0.11767, 'f1': 0.06668, 'auc': 0.52922}
val: {'epoch': 69, 'time_epoch': 0.39208, 'loss': 2.2802663, 'lr': 0, 'params': 204506, 'time_iter': 0.0074, 'accuracy': 0.1206, 'f1': 0.06152, 'auc': 0.53466}
test: {'epoch': 69, 'time_epoch': 1.00932, 'loss': 2.30953573, 'lr': 0, 'params': 204506, 'time_iter': 0.00961, 'accuracy': 0.1095, 'f1': 0.04425, 'auc': 0.50915}
> Epoch 69: took 6.1s (avg 6.0s) | Best so far: epoch 47	train_loss: 2.2908 train_accuracy: 0.1167	val_loss: 2.2865 val_accuracy: 0.1214	test_loss: 2.3317 test_accuracy: 0.1111
train: {'epoch': 70, 'time_epoch': 4.4587, 'eta': 583.61602, 'eta_hours': 0.16212, 'loss': 2.28370346, 'lr': 0.00095677, 'params': 204506, 'time_iter': 0.01425, 'accuracy': 0.11783, 'f1': 0.06163, 'auc': 0.52929}
val: {'epoch': 70, 'time_epoch': 0.39332, 'loss': 2.28013269, 'lr': 0, 'params': 204506, 'time_iter': 0.00742, 'accuracy': 0.1182, 'f1': 0.07118, 'auc': 0.53717}
test: {'epoch': 70, 'time_epoch': 0.96909, 'loss': 2.32923633, 'lr': 0, 'params': 204506, 'time_iter': 0.00923, 'accuracy': 0.1078, 'f1': 0.04713, 'auc': 0.51006}
> Epoch 70: took 5.9s (avg 6.0s) | Best so far: epoch 47	train_loss: 2.2908 train_accuracy: 0.1167	val_loss: 2.2865 val_accuracy: 0.1214	test_loss: 2.3317 test_accuracy: 0.1111
train: {'epoch': 71, 'time_epoch': 4.49958, 'eta': 579.04818, 'eta_hours': 0.16085, 'loss': 2.2842207, 'lr': 0.00095241, 'params': 204506, 'time_iter': 0.01438, 'accuracy': 0.116, 'f1': 0.07289, 'auc': 0.53058}
val: {'epoch': 71, 'time_epoch': 0.42003, 'loss': 2.27956262, 'lr': 0, 'params': 204506, 'time_iter': 0.00793, 'accuracy': 0.1194, 'f1': 0.0659, 'auc': 0.53479}
test: {'epoch': 71, 'time_epoch': 1.02662, 'loss': 2.31301189, 'lr': 0, 'params': 204506, 'time_iter': 0.00978, 'accuracy': 0.1097, 'f1': 0.06279, 'auc': 0.50876}
> Epoch 71: took 6.0s (avg 6.0s) | Best so far: epoch 47	train_loss: 2.2908 train_accuracy: 0.1167	val_loss: 2.2865 val_accuracy: 0.1214	test_loss: 2.3317 test_accuracy: 0.1111
train: {'epoch': 72, 'time_epoch': 4.47488, 'eta': 574.43925, 'eta_hours': 0.15957, 'loss': 2.28313421, 'lr': 0.00094786, 'params': 204506, 'time_iter': 0.0143, 'accuracy': 0.11577, 'f1': 0.06941, 'auc': 0.5313}
val: {'epoch': 72, 'time_epoch': 0.41713, 'loss': 2.27987617, 'lr': 0, 'params': 204506, 'time_iter': 0.00787, 'accuracy': 0.1204, 'f1': 0.05954, 'auc': 0.53501}
test: {'epoch': 72, 'time_epoch': 1.0438, 'loss': 2.32696829, 'lr': 0, 'params': 204506, 'time_iter': 0.00994, 'accuracy': 0.1091, 'f1': 0.04257, 'auc': 0.50894}
> Epoch 72: took 6.0s (avg 6.0s) | Best so far: epoch 47	train_loss: 2.2908 train_accuracy: 0.1167	val_loss: 2.2865 val_accuracy: 0.1214	test_loss: 2.3317 test_accuracy: 0.1111
train: {'epoch': 73, 'time_epoch': 4.4874, 'eta': 569.85524, 'eta_hours': 0.15829, 'loss': 2.28388168, 'lr': 0.0009431, 'params': 204506, 'time_iter': 0.01434, 'accuracy': 0.11903, 'f1': 0.06426, 'auc': 0.52976}
val: {'epoch': 73, 'time_epoch': 0.42512, 'loss': 2.27952376, 'lr': 0, 'params': 204506, 'time_iter': 0.00802, 'accuracy': 0.119, 'f1': 0.06, 'auc': 0.53567}
test: {'epoch': 73, 'time_epoch': 1.0509, 'loss': 2.31045944, 'lr': 0, 'params': 204506, 'time_iter': 0.01001, 'accuracy': 0.1073, 'f1': 0.04107, 'auc': 0.50988}
> Epoch 73: took 6.0s (avg 6.0s) | Best so far: epoch 47	train_loss: 2.2908 train_accuracy: 0.1167	val_loss: 2.2865 val_accuracy: 0.1214	test_loss: 2.3317 test_accuracy: 0.1111
train: {'epoch': 74, 'time_epoch': 4.48698, 'eta': 565.27312, 'eta_hours': 0.15702, 'loss': 2.28365253, 'lr': 0.00093815, 'params': 204506, 'time_iter': 0.01434, 'accuracy': 0.11753, 'f1': 0.06747, 'auc': 0.53113}
val: {'epoch': 74, 'time_epoch': 0.41204, 'loss': 2.27962948, 'lr': 0, 'params': 204506, 'time_iter': 0.00777, 'accuracy': 0.1188, 'f1': 0.08184, 'auc': 0.53396}
test: {'epoch': 74, 'time_epoch': 1.20511, 'loss': 2.30912156, 'lr': 0, 'params': 204506, 'time_iter': 0.01148, 'accuracy': 0.109, 'f1': 0.06476, 'auc': 0.50945}
> Epoch 74: took 6.1s (avg 6.0s) | Best so far: epoch 47	train_loss: 2.2908 train_accuracy: 0.1167	val_loss: 2.2865 val_accuracy: 0.1214	test_loss: 2.3317 test_accuracy: 0.1111
train: {'epoch': 75, 'time_epoch': 4.53354, 'eta': 560.76945, 'eta_hours': 0.15577, 'loss': 2.28442914, 'lr': 0.00093301, 'params': 204506, 'time_iter': 0.01448, 'accuracy': 0.1153, 'f1': 0.07392, 'auc': 0.53058}
val: {'epoch': 75, 'time_epoch': 0.42854, 'loss': 2.27952351, 'lr': 0, 'params': 204506, 'time_iter': 0.00809, 'accuracy': 0.1174, 'f1': 0.07174, 'auc': 0.53569}
test: {'epoch': 75, 'time_epoch': 1.05671, 'loss': 2.31508688, 'lr': 0, 'params': 204506, 'time_iter': 0.01006, 'accuracy': 0.1076, 'f1': 0.05818, 'auc': 0.51011}
> Epoch 75: took 6.1s (avg 6.0s) | Best so far: epoch 47	train_loss: 2.2908 train_accuracy: 0.1167	val_loss: 2.2865 val_accuracy: 0.1214	test_loss: 2.3317 test_accuracy: 0.1111
train: {'epoch': 76, 'time_epoch': 4.44283, 'eta': 556.12012, 'eta_hours': 0.15448, 'loss': 2.28373096, 'lr': 0.00092768, 'params': 204506, 'time_iter': 0.01419, 'accuracy': 0.11737, 'f1': 0.07179, 'auc': 0.53056}
val: {'epoch': 76, 'time_epoch': 0.38804, 'loss': 2.27936363, 'lr': 0, 'params': 204506, 'time_iter': 0.00732, 'accuracy': 0.117, 'f1': 0.06471, 'auc': 0.53681}
test: {'epoch': 76, 'time_epoch': 0.96084, 'loss': 2.32570294, 'lr': 0, 'params': 204506, 'time_iter': 0.00915, 'accuracy': 0.1088, 'f1': 0.04505, 'auc': 0.50954}
> Epoch 76: took 5.8s (avg 6.0s) | Best so far: epoch 47	train_loss: 2.2908 train_accuracy: 0.1167	val_loss: 2.2865 val_accuracy: 0.1214	test_loss: 2.3317 test_accuracy: 0.1111
train: {'epoch': 77, 'time_epoch': 4.5047, 'eta': 551.57285, 'eta_hours': 0.15321, 'loss': 2.28401765, 'lr': 0.00092216, 'params': 204506, 'time_iter': 0.01439, 'accuracy': 0.11893, 'f1': 0.07624, 'auc': 0.5302}
val: {'epoch': 77, 'time_epoch': 0.43124, 'loss': 2.27970054, 'lr': 0, 'params': 204506, 'time_iter': 0.00814, 'accuracy': 0.1186, 'f1': 0.0676, 'auc': 0.53726}
test: {'epoch': 77, 'time_epoch': 1.10761, 'loss': 2.33335596, 'lr': 0, 'params': 204506, 'time_iter': 0.01055, 'accuracy': 0.1083, 'f1': 0.04578, 'auc': 0.50987}
> Epoch 77: took 6.1s (avg 6.0s) | Best so far: epoch 47	train_loss: 2.2908 train_accuracy: 0.1167	val_loss: 2.2865 val_accuracy: 0.1214	test_loss: 2.3317 test_accuracy: 0.1111
train: {'epoch': 78, 'time_epoch': 4.44063, 'eta': 546.92853, 'eta_hours': 0.15192, 'loss': 2.28401654, 'lr': 0.00091646, 'params': 204506, 'time_iter': 0.01419, 'accuracy': 0.11623, 'f1': 0.07759, 'auc': 0.52953}
val: {'epoch': 78, 'time_epoch': 0.38728, 'loss': 2.27898113, 'lr': 0, 'params': 204506, 'time_iter': 0.00731, 'accuracy': 0.1196, 'f1': 0.06296, 'auc': 0.53488}
test: {'epoch': 78, 'time_epoch': 0.98348, 'loss': 2.31406033, 'lr': 0, 'params': 204506, 'time_iter': 0.00937, 'accuracy': 0.1082, 'f1': 0.04283, 'auc': 0.50929}
> Epoch 78: took 5.8s (avg 6.0s) | Best so far: epoch 47	train_loss: 2.2908 train_accuracy: 0.1167	val_loss: 2.2865 val_accuracy: 0.1214	test_loss: 2.3317 test_accuracy: 0.1111
train: {'epoch': 79, 'time_epoch': 4.48097, 'eta': 542.34981, 'eta_hours': 0.15065, 'loss': 2.28366846, 'lr': 0.00091057, 'params': 204506, 'time_iter': 0.01432, 'accuracy': 0.1182, 'f1': 0.07152, 'auc': 0.53082}
val: {'epoch': 79, 'time_epoch': 0.41016, 'loss': 2.27992694, 'lr': 0, 'params': 204506, 'time_iter': 0.00774, 'accuracy': 0.1178, 'f1': 0.06366, 'auc': 0.53406}
test: {'epoch': 79, 'time_epoch': 1.0723, 'loss': 2.31814747, 'lr': 0, 'params': 204506, 'time_iter': 0.01021, 'accuracy': 0.1064, 'f1': 0.04549, 'auc': 0.50857}
> Epoch 79: took 6.0s (avg 6.0s) | Best so far: epoch 47	train_loss: 2.2908 train_accuracy: 0.1167	val_loss: 2.2865 val_accuracy: 0.1214	test_loss: 2.3317 test_accuracy: 0.1111
train: {'epoch': 80, 'time_epoch': 4.52075, 'eta': 537.83195, 'eta_hours': 0.1494, 'loss': 2.28301224, 'lr': 0.00090451, 'params': 204506, 'time_iter': 0.01444, 'accuracy': 0.1167, 'f1': 0.07241, 'auc': 0.52877}
val: {'epoch': 80, 'time_epoch': 0.41772, 'loss': 2.27893529, 'lr': 0, 'params': 204506, 'time_iter': 0.00788, 'accuracy': 0.117, 'f1': 0.07047, 'auc': 0.53681}
test: {'epoch': 80, 'time_epoch': 1.2968, 'loss': 2.3236746, 'lr': 0, 'params': 204506, 'time_iter': 0.01235, 'accuracy': 0.1073, 'f1': 0.05423, 'auc': 0.5099}
> Epoch 80: took 6.3s (avg 6.0s) | Best so far: epoch 47	train_loss: 2.2908 train_accuracy: 0.1167	val_loss: 2.2865 val_accuracy: 0.1214	test_loss: 2.3317 test_accuracy: 0.1111
train: {'epoch': 81, 'time_epoch': 4.44783, 'eta': 533.20907, 'eta_hours': 0.14811, 'loss': 2.28320063, 'lr': 0.00089826, 'params': 204506, 'time_iter': 0.01421, 'accuracy': 0.11817, 'f1': 0.07686, 'auc': 0.53171}
val: {'epoch': 81, 'time_epoch': 0.39657, 'loss': 2.2789329, 'lr': 0, 'params': 204506, 'time_iter': 0.00748, 'accuracy': 0.1186, 'f1': 0.05889, 'auc': 0.53616}
test: {'epoch': 81, 'time_epoch': 1.02056, 'loss': 2.32064359, 'lr': 0, 'params': 204506, 'time_iter': 0.00972, 'accuracy': 0.1069, 'f1': 0.04001, 'auc': 0.50971}
> Epoch 81: took 5.9s (avg 6.0s) | Best so far: epoch 47	train_loss: 2.2908 train_accuracy: 0.1167	val_loss: 2.2865 val_accuracy: 0.1214	test_loss: 2.3317 test_accuracy: 0.1111
train: {'epoch': 82, 'time_epoch': 4.46271, 'eta': 528.6114, 'eta_hours': 0.14684, 'loss': 2.28249523, 'lr': 0.00089185, 'params': 204506, 'time_iter': 0.01426, 'accuracy': 0.1173, 'f1': 0.06, 'auc': 0.53}
val: {'epoch': 82, 'time_epoch': 0.39132, 'loss': 2.27925248, 'lr': 0, 'params': 204506, 'time_iter': 0.00738, 'accuracy': 0.1188, 'f1': 0.06231, 'auc': 0.53637}
test: {'epoch': 82, 'time_epoch': 0.95811, 'loss': 2.3120563, 'lr': 0, 'params': 204506, 'time_iter': 0.00912, 'accuracy': 0.1082, 'f1': 0.04308, 'auc': 0.50946}
> Epoch 82: took 5.9s (avg 6.0s) | Best so far: epoch 47	train_loss: 2.2908 train_accuracy: 0.1167	val_loss: 2.2865 val_accuracy: 0.1214	test_loss: 2.3317 test_accuracy: 0.1111
train: {'epoch': 83, 'time_epoch': 4.48154, 'eta': 524.04294, 'eta_hours': 0.14557, 'loss': 2.28237784, 'lr': 0.00088526, 'params': 204506, 'time_iter': 0.01432, 'accuracy': 0.11767, 'f1': 0.06297, 'auc': 0.53056}
val: {'epoch': 83, 'time_epoch': 0.42801, 'loss': 2.27869978, 'lr': 0, 'params': 204506, 'time_iter': 0.00808, 'accuracy': 0.1196, 'f1': 0.06296, 'auc': 0.53675}
test: {'epoch': 83, 'time_epoch': 1.02828, 'loss': 2.31361419, 'lr': 0, 'params': 204506, 'time_iter': 0.00979, 'accuracy': 0.1082, 'f1': 0.04283, 'auc': 0.5097}
> Epoch 83: took 6.0s (avg 6.0s) | Best so far: epoch 47	train_loss: 2.2908 train_accuracy: 0.1167	val_loss: 2.2865 val_accuracy: 0.1214	test_loss: 2.3317 test_accuracy: 0.1111
train: {'epoch': 84, 'time_epoch': 4.503, 'eta': 519.50556, 'eta_hours': 0.14431, 'loss': 2.282399, 'lr': 0.0008785, 'params': 204506, 'time_iter': 0.01439, 'accuracy': 0.11853, 'f1': 0.06921, 'auc': 0.53157}
val: {'epoch': 84, 'time_epoch': 0.42733, 'loss': 2.27932886, 'lr': 0, 'params': 204506, 'time_iter': 0.00806, 'accuracy': 0.1196, 'f1': 0.06616, 'auc': 0.53665}
test: {'epoch': 84, 'time_epoch': 0.96412, 'loss': 2.32434036, 'lr': 0, 'params': 204506, 'time_iter': 0.00918, 'accuracy': 0.1096, 'f1': 0.0472, 'auc': 0.50978}
> Epoch 84: took 5.9s (avg 6.0s) | Best so far: epoch 47	train_loss: 2.2908 train_accuracy: 0.1167	val_loss: 2.2865 val_accuracy: 0.1214	test_loss: 2.3317 test_accuracy: 0.1111
train: {'epoch': 85, 'time_epoch': 4.50113, 'eta': 514.9665, 'eta_hours': 0.14305, 'loss': 2.28257539, 'lr': 0.00087157, 'params': 204506, 'time_iter': 0.01438, 'accuracy': 0.11787, 'f1': 0.06431, 'auc': 0.53127}
val: {'epoch': 85, 'time_epoch': 0.42827, 'loss': 2.27911983, 'lr': 0, 'params': 204506, 'time_iter': 0.00808, 'accuracy': 0.119, 'f1': 0.06418, 'auc': 0.53569}
test: {'epoch': 85, 'time_epoch': 1.06764, 'loss': 2.31428587, 'lr': 0, 'params': 204506, 'time_iter': 0.01017, 'accuracy': 0.106, 'f1': 0.05902, 'auc': 0.51011}
> Epoch 85: took 6.0s (avg 6.0s) | Best so far: epoch 47	train_loss: 2.2908 train_accuracy: 0.1167	val_loss: 2.2865 val_accuracy: 0.1214	test_loss: 2.3317 test_accuracy: 0.1111
train: {'epoch': 86, 'time_epoch': 4.49025, 'eta': 510.41417, 'eta_hours': 0.14178, 'loss': 2.28259928, 'lr': 0.00086448, 'params': 204506, 'time_iter': 0.01435, 'accuracy': 0.1165, 'f1': 0.07238, 'auc': 0.53159}
val: {'epoch': 86, 'time_epoch': 0.56573, 'loss': 2.27893315, 'lr': 0, 'params': 204506, 'time_iter': 0.01067, 'accuracy': 0.119, 'f1': 0.05813, 'auc': 0.53721}
test: {'epoch': 86, 'time_epoch': 1.08822, 'loss': 2.31196407, 'lr': 0, 'params': 204506, 'time_iter': 0.01036, 'accuracy': 0.11, 'f1': 0.04313, 'auc': 0.50942}
> Epoch 86: took 6.2s (avg 6.0s) | Best so far: epoch 47	train_loss: 2.2908 train_accuracy: 0.1167	val_loss: 2.2865 val_accuracy: 0.1214	test_loss: 2.3317 test_accuracy: 0.1111
train: {'epoch': 87, 'time_epoch': 4.47559, 'eta': 505.84461, 'eta_hours': 0.14051, 'loss': 2.28317706, 'lr': 0.00085724, 'params': 204506, 'time_iter': 0.0143, 'accuracy': 0.11657, 'f1': 0.06233, 'auc': 0.53011}
val: {'epoch': 87, 'time_epoch': 0.3813, 'loss': 2.27914611, 'lr': 0, 'params': 204506, 'time_iter': 0.00719, 'accuracy': 0.118, 'f1': 0.05958, 'auc': 0.53654}
test: {'epoch': 87, 'time_epoch': 0.9789, 'loss': 2.31532288, 'lr': 0, 'params': 204506, 'time_iter': 0.00932, 'accuracy': 0.1087, 'f1': 0.04171, 'auc': 0.5098}
> Epoch 87: took 5.9s (avg 6.0s) | Best so far: epoch 47	train_loss: 2.2908 train_accuracy: 0.1167	val_loss: 2.2865 val_accuracy: 0.1214	test_loss: 2.3317 test_accuracy: 0.1111
train: {'epoch': 88, 'time_epoch': 4.48253, 'eta': 501.28581, 'eta_hours': 0.13925, 'loss': 2.28303808, 'lr': 0.00084983, 'params': 204506, 'time_iter': 0.01432, 'accuracy': 0.11747, 'f1': 0.06494, 'auc': 0.5306}
val: {'epoch': 88, 'time_epoch': 0.41885, 'loss': 2.28214798, 'lr': 0, 'params': 204506, 'time_iter': 0.0079, 'accuracy': 0.1178, 'f1': 0.05569, 'auc': 0.53439}
test: {'epoch': 88, 'time_epoch': 1.02886, 'loss': 2.31924307, 'lr': 0, 'params': 204506, 'time_iter': 0.0098, 'accuracy': 0.109, 'f1': 0.04, 'auc': 0.50917}
> Epoch 88: took 6.0s (avg 6.0s) | Best so far: epoch 47	train_loss: 2.2908 train_accuracy: 0.1167	val_loss: 2.2865 val_accuracy: 0.1214	test_loss: 2.3317 test_accuracy: 0.1111
train: {'epoch': 89, 'time_epoch': 4.51603, 'eta': 496.76965, 'eta_hours': 0.13799, 'loss': 2.28229849, 'lr': 0.00084227, 'params': 204506, 'time_iter': 0.01443, 'accuracy': 0.11813, 'f1': 0.06552, 'auc': 0.53223}
val: {'epoch': 89, 'time_epoch': 0.41969, 'loss': 2.28010222, 'lr': 0, 'params': 204506, 'time_iter': 0.00792, 'accuracy': 0.118, 'f1': 0.06357, 'auc': 0.5368}
test: {'epoch': 89, 'time_epoch': 1.02898, 'loss': 2.32225708, 'lr': 0, 'params': 204506, 'time_iter': 0.0098, 'accuracy': 0.1084, 'f1': 0.04391, 'auc': 0.50987}
> Epoch 89: took 6.0s (avg 6.0s) | Best so far: epoch 47	train_loss: 2.2908 train_accuracy: 0.1167	val_loss: 2.2865 val_accuracy: 0.1214	test_loss: 2.3317 test_accuracy: 0.1111
train: {'epoch': 90, 'time_epoch': 4.50411, 'eta': 492.23921, 'eta_hours': 0.13673, 'loss': 2.28228259, 'lr': 0.00083457, 'params': 204506, 'time_iter': 0.01439, 'accuracy': 0.11803, 'f1': 0.06252, 'auc': 0.5305}
val: {'epoch': 90, 'time_epoch': 0.42474, 'loss': 2.2819566, 'lr': 0, 'params': 204506, 'time_iter': 0.00801, 'accuracy': 0.1168, 'f1': 0.05667, 'auc': 0.53698}
test: {'epoch': 90, 'time_epoch': 1.03274, 'loss': 2.32116617, 'lr': 0, 'params': 204506, 'time_iter': 0.00984, 'accuracy': 0.1088, 'f1': 0.04126, 'auc': 0.50962}
> Epoch 90: took 6.0s (avg 6.0s) | Best so far: epoch 47	train_loss: 2.2908 train_accuracy: 0.1167	val_loss: 2.2865 val_accuracy: 0.1214	test_loss: 2.3317 test_accuracy: 0.1111
train: {'epoch': 91, 'time_epoch': 4.51745, 'eta': 487.72501, 'eta_hours': 0.13548, 'loss': 2.28253601, 'lr': 0.00082671, 'params': 204506, 'time_iter': 0.01443, 'accuracy': 0.11797, 'f1': 0.06594, 'auc': 0.53102}
val: {'epoch': 91, 'time_epoch': 0.41754, 'loss': 2.27931318, 'lr': 0, 'params': 204506, 'time_iter': 0.00788, 'accuracy': 0.12, 'f1': 0.06407, 'auc': 0.53686}
test: {'epoch': 91, 'time_epoch': 1.0232, 'loss': 2.31032576, 'lr': 0, 'params': 204506, 'time_iter': 0.00974, 'accuracy': 0.107, 'f1': 0.05793, 'auc': 0.51003}
> Epoch 91: took 6.0s (avg 6.0s) | Best so far: epoch 47	train_loss: 2.2908 train_accuracy: 0.1167	val_loss: 2.2865 val_accuracy: 0.1214	test_loss: 2.3317 test_accuracy: 0.1111
train: {'epoch': 92, 'time_epoch': 4.64569, 'eta': 483.35828, 'eta_hours': 0.13427, 'loss': 2.28265785, 'lr': 0.00081871, 'params': 204506, 'time_iter': 0.01484, 'accuracy': 0.1176, 'f1': 0.06614, 'auc': 0.53131}
val: {'epoch': 92, 'time_epoch': 0.42275, 'loss': 2.27985941, 'lr': 0, 'params': 204506, 'time_iter': 0.00798, 'accuracy': 0.1168, 'f1': 0.05667, 'auc': 0.53715}
test: {'epoch': 92, 'time_epoch': 1.15109, 'loss': 2.314255, 'lr': 0, 'params': 204506, 'time_iter': 0.01096, 'accuracy': 0.1069, 'f1': 0.05471, 'auc': 0.50936}
> Epoch 92: took 6.3s (avg 6.0s) | Best so far: epoch 47	train_loss: 2.2908 train_accuracy: 0.1167	val_loss: 2.2865 val_accuracy: 0.1214	test_loss: 2.3317 test_accuracy: 0.1111
train: {'epoch': 93, 'time_epoch': 4.58843, 'eta': 478.92105, 'eta_hours': 0.13303, 'loss': 2.28224496, 'lr': 0.00081057, 'params': 204506, 'time_iter': 0.01466, 'accuracy': 0.11693, 'f1': 0.06595, 'auc': 0.53012}
val: {'epoch': 93, 'time_epoch': 0.41059, 'loss': 2.27869531, 'lr': 0, 'params': 204506, 'time_iter': 0.00775, 'accuracy': 0.1188, 'f1': 0.06231, 'auc': 0.53675}
test: {'epoch': 93, 'time_epoch': 1.05584, 'loss': 2.31627832, 'lr': 0, 'params': 204506, 'time_iter': 0.01006, 'accuracy': 0.1083, 'f1': 0.05873, 'auc': 0.50955}
> Epoch 93: took 6.1s (avg 6.0s) | Best so far: epoch 47	train_loss: 2.2908 train_accuracy: 0.1167	val_loss: 2.2865 val_accuracy: 0.1214	test_loss: 2.3317 test_accuracy: 0.1111
train: {'epoch': 94, 'time_epoch': 4.54619, 'eta': 474.43395, 'eta_hours': 0.13179, 'loss': 2.28232777, 'lr': 0.0008023, 'params': 204506, 'time_iter': 0.01452, 'accuracy': 0.1173, 'f1': 0.07024, 'auc': 0.53233}
val: {'epoch': 94, 'time_epoch': 0.41421, 'loss': 2.27882046, 'lr': 0, 'params': 204506, 'time_iter': 0.00782, 'accuracy': 0.1178, 'f1': 0.05809, 'auc': 0.53558}
test: {'epoch': 94, 'time_epoch': 1.06052, 'loss': 2.31310733, 'lr': 0, 'params': 204506, 'time_iter': 0.0101, 'accuracy': 0.1083, 'f1': 0.04042, 'auc': 0.50927}
> Epoch 94: took 6.1s (avg 6.0s) | Best so far: epoch 47	train_loss: 2.2908 train_accuracy: 0.1167	val_loss: 2.2865 val_accuracy: 0.1214	test_loss: 2.3317 test_accuracy: 0.1111
train: {'epoch': 95, 'time_epoch': 4.53619, 'eta': 469.93479, 'eta_hours': 0.13054, 'loss': 2.28233912, 'lr': 0.00079389, 'params': 204506, 'time_iter': 0.01449, 'accuracy': 0.11787, 'f1': 0.06278, 'auc': 0.53107}
val: {'epoch': 95, 'time_epoch': 0.42389, 'loss': 2.27913481, 'lr': 0, 'params': 204506, 'time_iter': 0.008, 'accuracy': 0.117, 'f1': 0.06107, 'auc': 0.53689}
test: {'epoch': 95, 'time_epoch': 1.01307, 'loss': 2.31386288, 'lr': 0, 'params': 204506, 'time_iter': 0.00965, 'accuracy': 0.1065, 'f1': 0.05757, 'auc': 0.51003}
> Epoch 95: took 6.0s (avg 6.0s) | Best so far: epoch 47	train_loss: 2.2908 train_accuracy: 0.1167	val_loss: 2.2865 val_accuracy: 0.1214	test_loss: 2.3317 test_accuracy: 0.1111
train: {'epoch': 96, 'time_epoch': 4.47314, 'eta': 465.3679, 'eta_hours': 0.12927, 'loss': 2.28192595, 'lr': 0.00078536, 'params': 204506, 'time_iter': 0.01429, 'accuracy': 0.1177, 'f1': 0.06988, 'auc': 0.53164}
val: {'epoch': 96, 'time_epoch': 0.40023, 'loss': 2.27891249, 'lr': 0, 'params': 204506, 'time_iter': 0.00755, 'accuracy': 0.117, 'f1': 0.05816, 'auc': 0.53682}
test: {'epoch': 96, 'time_epoch': 1.02481, 'loss': 2.31544139, 'lr': 0, 'params': 204506, 'time_iter': 0.00976, 'accuracy': 0.1092, 'f1': 0.04256, 'auc': 0.51002}
> Epoch 96: took 5.9s (avg 6.0s) | Best so far: epoch 47	train_loss: 2.2908 train_accuracy: 0.1167	val_loss: 2.2865 val_accuracy: 0.1214	test_loss: 2.3317 test_accuracy: 0.1111
train: {'epoch': 97, 'time_epoch': 4.53004, 'eta': 460.86216, 'eta_hours': 0.12802, 'loss': 2.28163597, 'lr': 0.0007767, 'params': 204506, 'time_iter': 0.01447, 'accuracy': 0.1177, 'f1': 0.06145, 'auc': 0.53265}
val: {'epoch': 97, 'time_epoch': 0.41088, 'loss': 2.27901459, 'lr': 0, 'params': 204506, 'time_iter': 0.00775, 'accuracy': 0.1196, 'f1': 0.06296, 'auc': 0.53665}
test: {'epoch': 97, 'time_epoch': 1.04242, 'loss': 2.30474544, 'lr': 0, 'params': 204506, 'time_iter': 0.00993, 'accuracy': 0.1067, 'f1': 0.05729, 'auc': 0.50954}
> Epoch 97: took 6.0s (avg 6.0s) | Best so far: epoch 47	train_loss: 2.2908 train_accuracy: 0.1167	val_loss: 2.2865 val_accuracy: 0.1214	test_loss: 2.3317 test_accuracy: 0.1111
train: {'epoch': 98, 'time_epoch': 4.68444, 'eta': 456.51344, 'eta_hours': 0.12681, 'loss': 2.28192389, 'lr': 0.00076791, 'params': 204506, 'time_iter': 0.01497, 'accuracy': 0.11787, 'f1': 0.07002, 'auc': 0.53176}
val: {'epoch': 98, 'time_epoch': 0.40104, 'loss': 2.28089319, 'lr': 0, 'params': 204506, 'time_iter': 0.00757, 'accuracy': 0.1178, 'f1': 0.05809, 'auc': 0.53747}
test: {'epoch': 98, 'time_epoch': 1.02982, 'loss': 2.31942092, 'lr': 0, 'params': 204506, 'time_iter': 0.00981, 'accuracy': 0.1064, 'f1': 0.05386, 'auc': 0.50974}
> Epoch 98: took 6.2s (avg 6.0s) | Best so far: epoch 47	train_loss: 2.2908 train_accuracy: 0.1167	val_loss: 2.2865 val_accuracy: 0.1214	test_loss: 2.3317 test_accuracy: 0.1111
train: {'epoch': 99, 'time_epoch': 4.51211, 'eta': 451.98569, 'eta_hours': 0.12555, 'loss': 2.28254917, 'lr': 0.00075901, 'params': 204506, 'time_iter': 0.01442, 'accuracy': 0.11797, 'f1': 0.06665, 'auc': 0.53017}
val: {'epoch': 99, 'time_epoch': 0.45929, 'loss': 2.27831553, 'lr': 0, 'params': 204506, 'time_iter': 0.00867, 'accuracy': 0.1204, 'f1': 0.05954, 'auc': 0.53723}
test: {'epoch': 99, 'time_epoch': 0.96263, 'loss': 2.32117798, 'lr': 0, 'params': 204506, 'time_iter': 0.00917, 'accuracy': 0.1078, 'f1': 0.05752, 'auc': 0.50976}
> Epoch 99: took 6.0s (avg 6.0s) | Best so far: epoch 47	train_loss: 2.2908 train_accuracy: 0.1167	val_loss: 2.2865 val_accuracy: 0.1214	test_loss: 2.3317 test_accuracy: 0.1111
train: {'epoch': 100, 'time_epoch': 5.0919, 'eta': 448.02654, 'eta_hours': 0.12445, 'loss': 2.28209936, 'lr': 0.00075, 'params': 204506, 'time_iter': 0.01627, 'accuracy': 0.1172, 'f1': 0.06161, 'auc': 0.53087}
val: {'epoch': 100, 'time_epoch': 0.42891, 'loss': 2.27873914, 'lr': 0, 'params': 204506, 'time_iter': 0.00809, 'accuracy': 0.1188, 'f1': 0.06706, 'auc': 0.53779}
test: {'epoch': 100, 'time_epoch': 0.99099, 'loss': 2.3154967, 'lr': 0, 'params': 204506, 'time_iter': 0.00944, 'accuracy': 0.1094, 'f1': 0.05766, 'auc': 0.50985}
> Epoch 100: took 6.6s (avg 6.0s) | Best so far: epoch 47	train_loss: 2.2908 train_accuracy: 0.1167	val_loss: 2.2865 val_accuracy: 0.1214	test_loss: 2.3317 test_accuracy: 0.1111
train: {'epoch': 101, 'time_epoch': 4.80959, 'eta': 443.77395, 'eta_hours': 0.12327, 'loss': 2.281206, 'lr': 0.00074088, 'params': 204506, 'time_iter': 0.01537, 'accuracy': 0.11773, 'f1': 0.07193, 'auc': 0.53178}
val: {'epoch': 101, 'time_epoch': 0.426, 'loss': 2.27825079, 'lr': 0, 'params': 204506, 'time_iter': 0.00804, 'accuracy': 0.1206, 'f1': 0.06152, 'auc': 0.53784}
test: {'epoch': 101, 'time_epoch': 0.94995, 'loss': 2.31548181, 'lr': 0, 'params': 204506, 'time_iter': 0.00905, 'accuracy': 0.1077, 'f1': 0.05701, 'auc': 0.50962}
> Epoch 101: took 6.2s (avg 6.0s) | Best so far: epoch 47	train_loss: 2.2908 train_accuracy: 0.1167	val_loss: 2.2865 val_accuracy: 0.1214	test_loss: 2.3317 test_accuracy: 0.1111
train: {'epoch': 102, 'time_epoch': 4.93684, 'eta': 439.63039, 'eta_hours': 0.12212, 'loss': 2.28164704, 'lr': 0.00073165, 'params': 204506, 'time_iter': 0.01577, 'accuracy': 0.11713, 'f1': 0.068, 'auc': 0.53223}
val: {'epoch': 102, 'time_epoch': 0.41007, 'loss': 2.2791481, 'lr': 0, 'params': 204506, 'time_iter': 0.00774, 'accuracy': 0.118, 'f1': 0.05958, 'auc': 0.53668}
test: {'epoch': 102, 'time_epoch': 0.97156, 'loss': 2.30754321, 'lr': 0, 'params': 204506, 'time_iter': 0.00925, 'accuracy': 0.1085, 'f1': 0.0572, 'auc': 0.50927}
> Epoch 102: took 6.4s (avg 6.0s) | Best so far: epoch 47	train_loss: 2.2908 train_accuracy: 0.1167	val_loss: 2.2865 val_accuracy: 0.1214	test_loss: 2.3317 test_accuracy: 0.1111
train: {'epoch': 103, 'time_epoch': 4.82215, 'eta': 435.36569, 'eta_hours': 0.12093, 'loss': 2.28179636, 'lr': 0.00072232, 'params': 204506, 'time_iter': 0.01541, 'accuracy': 0.11767, 'f1': 0.06213, 'auc': 0.5311}
val: {'epoch': 103, 'time_epoch': 0.40245, 'loss': 2.27867049, 'lr': 0, 'params': 204506, 'time_iter': 0.00759, 'accuracy': 0.1194, 'f1': 0.06098, 'auc': 0.53783}
test: {'epoch': 103, 'time_epoch': 1.01321, 'loss': 2.31568384, 'lr': 0, 'params': 204506, 'time_iter': 0.00965, 'accuracy': 0.1084, 'f1': 0.05706, 'auc': 0.50922}
> Epoch 103: took 6.3s (avg 6.0s) | Best so far: epoch 47	train_loss: 2.2908 train_accuracy: 0.1167	val_loss: 2.2865 val_accuracy: 0.1214	test_loss: 2.3317 test_accuracy: 0.1111
train: {'epoch': 104, 'time_epoch': 4.91022, 'eta': 431.17006, 'eta_hours': 0.11977, 'loss': 2.28166907, 'lr': 0.00071289, 'params': 204506, 'time_iter': 0.01569, 'accuracy': 0.11877, 'f1': 0.07129, 'auc': 0.5315}
val: {'epoch': 104, 'time_epoch': 0.39405, 'loss': 2.27853922, 'lr': 0, 'params': 204506, 'time_iter': 0.00743, 'accuracy': 0.1184, 'f1': 0.06047, 'auc': 0.53806}
test: {'epoch': 104, 'time_epoch': 1.01811, 'loss': 2.31402996, 'lr': 0, 'params': 204506, 'time_iter': 0.0097, 'accuracy': 0.1078, 'f1': 0.05748, 'auc': 0.5098}
> Epoch 104: took 6.4s (avg 6.0s) | Best so far: epoch 47	train_loss: 2.2908 train_accuracy: 0.1167	val_loss: 2.2865 val_accuracy: 0.1214	test_loss: 2.3317 test_accuracy: 0.1111
train: {'epoch': 105, 'time_epoch': 4.86297, 'eta': 426.91905, 'eta_hours': 0.11859, 'loss': 2.28137756, 'lr': 0.00070337, 'params': 204506, 'time_iter': 0.01554, 'accuracy': 0.11803, 'f1': 0.06237, 'auc': 0.53198}
val: {'epoch': 105, 'time_epoch': 0.41666, 'loss': 2.27849751, 'lr': 0, 'params': 204506, 'time_iter': 0.00786, 'accuracy': 0.118, 'f1': 0.05958, 'auc': 0.53772}
test: {'epoch': 105, 'time_epoch': 1.06009, 'loss': 2.30991965, 'lr': 0, 'params': 204506, 'time_iter': 0.0101, 'accuracy': 0.1093, 'f1': 0.05759, 'auc': 0.50975}
> Epoch 105: took 6.4s (avg 6.0s) | Best so far: epoch 47	train_loss: 2.2908 train_accuracy: 0.1167	val_loss: 2.2865 val_accuracy: 0.1214	test_loss: 2.3317 test_accuracy: 0.1111
train: {'epoch': 106, 'time_epoch': 4.64362, 'eta': 422.46595, 'eta_hours': 0.11735, 'loss': 2.28134879, 'lr': 0.00069376, 'params': 204506, 'time_iter': 0.01484, 'accuracy': 0.11847, 'f1': 0.06771, 'auc': 0.53193}
val: {'epoch': 106, 'time_epoch': 0.38008, 'loss': 2.27866784, 'lr': 0, 'params': 204506, 'time_iter': 0.00717, 'accuracy': 0.1192, 'f1': 0.06342, 'auc': 0.53755}
test: {'epoch': 106, 'time_epoch': 0.96771, 'loss': 2.30385088, 'lr': 0, 'params': 204506, 'time_iter': 0.00922, 'accuracy': 0.1084, 'f1': 0.05966, 'auc': 0.50973}
> Epoch 106: took 6.0s (avg 6.0s) | Best so far: epoch 47	train_loss: 2.2908 train_accuracy: 0.1167	val_loss: 2.2865 val_accuracy: 0.1214	test_loss: 2.3317 test_accuracy: 0.1111
train: {'epoch': 107, 'time_epoch': 4.78308, 'eta': 418.12813, 'eta_hours': 0.11615, 'loss': 2.28131948, 'lr': 0.00068406, 'params': 204506, 'time_iter': 0.01528, 'accuracy': 0.11713, 'f1': 0.06501, 'auc': 0.53275}
val: {'epoch': 107, 'time_epoch': 0.38822, 'loss': 2.2784758, 'lr': 0, 'params': 204506, 'time_iter': 0.00732, 'accuracy': 0.117, 'f1': 0.06471, 'auc': 0.53864}
test: {'epoch': 107, 'time_epoch': 0.98252, 'loss': 2.31787502, 'lr': 0, 'params': 204506, 'time_iter': 0.00936, 'accuracy': 0.1088, 'f1': 0.05642, 'auc': 0.50957}
> Epoch 107: took 6.2s (avg 6.0s) | Best so far: epoch 47	train_loss: 2.2908 train_accuracy: 0.1167	val_loss: 2.2865 val_accuracy: 0.1214	test_loss: 2.3317 test_accuracy: 0.1111
train: {'epoch': 108, 'time_epoch': 4.73628, 'eta': 413.74306, 'eta_hours': 0.11493, 'loss': 2.28112292, 'lr': 0.00067429, 'params': 204506, 'time_iter': 0.01513, 'accuracy': 0.11743, 'f1': 0.07443, 'auc': 0.53231}
val: {'epoch': 108, 'time_epoch': 0.42004, 'loss': 2.27874436, 'lr': 0, 'params': 204506, 'time_iter': 0.00793, 'accuracy': 0.1178, 'f1': 0.06465, 'auc': 0.53793}
test: {'epoch': 108, 'time_epoch': 0.97253, 'loss': 2.31041733, 'lr': 0, 'params': 204506, 'time_iter': 0.00926, 'accuracy': 0.1066, 'f1': 0.05927, 'auc': 0.5097}
> Epoch 108: took 6.2s (avg 6.0s) | Best so far: epoch 47	train_loss: 2.2908 train_accuracy: 0.1167	val_loss: 2.2865 val_accuracy: 0.1214	test_loss: 2.3317 test_accuracy: 0.1111
train: {'epoch': 109, 'time_epoch': 4.86765, 'eta': 409.45909, 'eta_hours': 0.11374, 'loss': 2.2813843, 'lr': 0.00066443, 'params': 204506, 'time_iter': 0.01555, 'accuracy': 0.11783, 'f1': 0.0652, 'auc': 0.53211}
val: {'epoch': 109, 'time_epoch': 0.41118, 'loss': 2.27958632, 'lr': 0, 'params': 204506, 'time_iter': 0.00776, 'accuracy': 0.118, 'f1': 0.05361, 'auc': 0.53644}
test: {'epoch': 109, 'time_epoch': 0.94416, 'loss': 2.31568125, 'lr': 0, 'params': 204506, 'time_iter': 0.00899, 'accuracy': 0.1078, 'f1': 0.0529, 'auc': 0.50895}
> Epoch 109: took 6.3s (avg 6.0s) | Best so far: epoch 47	train_loss: 2.2908 train_accuracy: 0.1167	val_loss: 2.2865 val_accuracy: 0.1214	test_loss: 2.3317 test_accuracy: 0.1111
train: {'epoch': 110, 'time_epoch': 5.06936, 'eta': 405.32633, 'eta_hours': 0.11259, 'loss': 2.28159131, 'lr': 0.00065451, 'params': 204506, 'time_iter': 0.0162, 'accuracy': 0.11767, 'f1': 0.06762, 'auc': 0.53147}
val: {'epoch': 110, 'time_epoch': 0.41072, 'loss': 2.27846352, 'lr': 0, 'params': 204506, 'time_iter': 0.00775, 'accuracy': 0.118, 'f1': 0.05958, 'auc': 0.53822}
test: {'epoch': 110, 'time_epoch': 0.96772, 'loss': 2.31513773, 'lr': 0, 'params': 204506, 'time_iter': 0.00922, 'accuracy': 0.109, 'f1': 0.05756, 'auc': 0.50973}
> Epoch 110: took 6.5s (avg 6.0s) | Best so far: epoch 47	train_loss: 2.2908 train_accuracy: 0.1167	val_loss: 2.2865 val_accuracy: 0.1214	test_loss: 2.3317 test_accuracy: 0.1111
train: {'epoch': 111, 'time_epoch': 4.85233, 'eta': 401.00632, 'eta_hours': 0.11139, 'loss': 2.28125327, 'lr': 0.00064452, 'params': 204506, 'time_iter': 0.0155, 'accuracy': 0.11727, 'f1': 0.06981, 'auc': 0.53181}
val: {'epoch': 111, 'time_epoch': 0.39804, 'loss': 2.27877107, 'lr': 0, 'params': 204506, 'time_iter': 0.00751, 'accuracy': 0.1162, 'f1': 0.05682, 'auc': 0.53798}
test: {'epoch': 111, 'time_epoch': 0.92787, 'loss': 2.31021612, 'lr': 0, 'params': 204506, 'time_iter': 0.00884, 'accuracy': 0.1082, 'f1': 0.05627, 'auc': 0.50969}
> Epoch 111: took 6.2s (avg 6.1s) | Best so far: epoch 47	train_loss: 2.2908 train_accuracy: 0.1167	val_loss: 2.2865 val_accuracy: 0.1214	test_loss: 2.3317 test_accuracy: 0.1111
train: {'epoch': 112, 'time_epoch': 4.92128, 'eta': 396.72998, 'eta_hours': 0.1102, 'loss': 2.28127114, 'lr': 0.00063446, 'params': 204506, 'time_iter': 0.01572, 'accuracy': 0.11747, 'f1': 0.06335, 'auc': 0.53204}
val: {'epoch': 112, 'time_epoch': 0.4114, 'loss': 2.27825735, 'lr': 0, 'params': 204506, 'time_iter': 0.00776, 'accuracy': 0.1196, 'f1': 0.0698, 'auc': 0.53766}
test: {'epoch': 112, 'time_epoch': 1.01013, 'loss': 2.31293256, 'lr': 0, 'params': 204506, 'time_iter': 0.00962, 'accuracy': 0.1093, 'f1': 0.05929, 'auc': 0.5101}
> Epoch 112: took 6.4s (avg 6.1s) | Best so far: epoch 47	train_loss: 2.2908 train_accuracy: 0.1167	val_loss: 2.2865 val_accuracy: 0.1214	test_loss: 2.3317 test_accuracy: 0.1111
train: {'epoch': 113, 'time_epoch': 4.89181, 'eta': 392.42009, 'eta_hours': 0.10901, 'loss': 2.28102653, 'lr': 0.00062434, 'params': 204506, 'time_iter': 0.01563, 'accuracy': 0.118, 'f1': 0.06706, 'auc': 0.5319}
val: {'epoch': 113, 'time_epoch': 0.40512, 'loss': 2.27850004, 'lr': 0, 'params': 204506, 'time_iter': 0.00764, 'accuracy': 0.1196, 'f1': 0.06296, 'auc': 0.5359}
test: {'epoch': 113, 'time_epoch': 0.97609, 'loss': 2.31484146, 'lr': 0, 'params': 204506, 'time_iter': 0.0093, 'accuracy': 0.1084, 'f1': 0.05858, 'auc': 0.50961}
> Epoch 113: took 6.3s (avg 6.1s) | Best so far: epoch 47	train_loss: 2.2908 train_accuracy: 0.1167	val_loss: 2.2865 val_accuracy: 0.1214	test_loss: 2.3317 test_accuracy: 0.1111
train: {'epoch': 114, 'time_epoch': 4.9746, 'eta': 388.16128, 'eta_hours': 0.10782, 'loss': 2.28111219, 'lr': 0.00061418, 'params': 204506, 'time_iter': 0.01589, 'accuracy': 0.11847, 'f1': 0.06396, 'auc': 0.53199}
val: {'epoch': 114, 'time_epoch': 0.40335, 'loss': 2.2787824, 'lr': 0, 'params': 204506, 'time_iter': 0.00761, 'accuracy': 0.117, 'f1': 0.06471, 'auc': 0.53723}
test: {'epoch': 114, 'time_epoch': 0.83826, 'loss': 2.31334454, 'lr': 0, 'params': 204506, 'time_iter': 0.00798, 'accuracy': 0.1088, 'f1': 0.05642, 'auc': 0.50921}
> Epoch 114: took 6.3s (avg 6.1s) | Best so far: epoch 47	train_loss: 2.2908 train_accuracy: 0.1167	val_loss: 2.2865 val_accuracy: 0.1214	test_loss: 2.3317 test_accuracy: 0.1111
train: {'epoch': 115, 'time_epoch': 4.96274, 'eta': 383.88154, 'eta_hours': 0.10663, 'loss': 2.28110787, 'lr': 0.00060396, 'params': 204506, 'time_iter': 0.01586, 'accuracy': 0.11707, 'f1': 0.06886, 'auc': 0.53213}
val: {'epoch': 115, 'time_epoch': 0.43707, 'loss': 2.27904614, 'lr': 0, 'params': 204506, 'time_iter': 0.00825, 'accuracy': 0.1174, 'f1': 0.05906, 'auc': 0.53807}
test: {'epoch': 115, 'time_epoch': 0.98239, 'loss': 2.30352081, 'lr': 0, 'params': 204506, 'time_iter': 0.00936, 'accuracy': 0.1096, 'f1': 0.05902, 'auc': 0.5102}
> Epoch 115: took 6.4s (avg 6.1s) | Best so far: epoch 47	train_loss: 2.2908 train_accuracy: 0.1167	val_loss: 2.2865 val_accuracy: 0.1214	test_loss: 2.3317 test_accuracy: 0.1111
train: {'epoch': 116, 'time_epoch': 5.11912, 'eta': 379.70105, 'eta_hours': 0.10547, 'loss': 2.28107036, 'lr': 0.00059369, 'params': 204506, 'time_iter': 0.01636, 'accuracy': 0.11817, 'f1': 0.06882, 'auc': 0.5319}
val: {'epoch': 116, 'time_epoch': 0.42173, 'loss': 2.27840043, 'lr': 0, 'params': 204506, 'time_iter': 0.00796, 'accuracy': 0.118, 'f1': 0.05958, 'auc': 0.53775}
test: {'epoch': 116, 'time_epoch': 0.89243, 'loss': 2.31127275, 'lr': 0, 'params': 204506, 'time_iter': 0.0085, 'accuracy': 0.1089, 'f1': 0.05747, 'auc': 0.51028}
> Epoch 116: took 6.5s (avg 6.1s) | Best so far: epoch 47	train_loss: 2.2908 train_accuracy: 0.1167	val_loss: 2.2865 val_accuracy: 0.1214	test_loss: 2.3317 test_accuracy: 0.1111
train: {'epoch': 117, 'time_epoch': 4.89829, 'eta': 375.3512, 'eta_hours': 0.10426, 'loss': 2.28104238, 'lr': 0.00058338, 'params': 204506, 'time_iter': 0.01565, 'accuracy': 0.11637, 'f1': 0.06124, 'auc': 0.53175}
val: {'epoch': 117, 'time_epoch': 0.43173, 'loss': 2.27874053, 'lr': 0, 'params': 204506, 'time_iter': 0.00815, 'accuracy': 0.117, 'f1': 0.05816, 'auc': 0.53791}
test: {'epoch': 117, 'time_epoch': 0.95414, 'loss': 2.31105954, 'lr': 0, 'params': 204506, 'time_iter': 0.00909, 'accuracy': 0.1094, 'f1': 0.05831, 'auc': 0.51001}
> Epoch 117: took 6.3s (avg 6.1s) | Best so far: epoch 47	train_loss: 2.2908 train_accuracy: 0.1167	val_loss: 2.2865 val_accuracy: 0.1214	test_loss: 2.3317 test_accuracy: 0.1111
train: {'epoch': 118, 'time_epoch': 4.88287, 'eta': 370.98164, 'eta_hours': 0.10305, 'loss': 2.28113123, 'lr': 0.00057304, 'params': 204506, 'time_iter': 0.0156, 'accuracy': 0.11763, 'f1': 0.0671, 'auc': 0.53196}
val: {'epoch': 118, 'time_epoch': 0.40557, 'loss': 2.27875286, 'lr': 0, 'params': 204506, 'time_iter': 0.00765, 'accuracy': 0.1184, 'f1': 0.05886, 'auc': 0.53813}
test: {'epoch': 118, 'time_epoch': 0.91392, 'loss': 2.31155072, 'lr': 0, 'params': 204506, 'time_iter': 0.0087, 'accuracy': 0.1074, 'f1': 0.05717, 'auc': 0.51015}
> Epoch 118: took 6.2s (avg 6.1s) | Best so far: epoch 47	train_loss: 2.2908 train_accuracy: 0.1167	val_loss: 2.2865 val_accuracy: 0.1214	test_loss: 2.3317 test_accuracy: 0.1111
train: {'epoch': 119, 'time_epoch': 4.92157, 'eta': 366.62932, 'eta_hours': 0.10184, 'loss': 2.28103976, 'lr': 0.00056267, 'params': 204506, 'time_iter': 0.01572, 'accuracy': 0.11807, 'f1': 0.06406, 'auc': 0.5322}
val: {'epoch': 119, 'time_epoch': 0.425, 'loss': 2.27908958, 'lr': 0, 'params': 204506, 'time_iter': 0.00802, 'accuracy': 0.1182, 'f1': 0.06576, 'auc': 0.5377}
test: {'epoch': 119, 'time_epoch': 0.96773, 'loss': 2.30858395, 'lr': 0, 'params': 204506, 'time_iter': 0.00922, 'accuracy': 0.1097, 'f1': 0.0619, 'auc': 0.51012}
> Epoch 119: took 6.4s (avg 6.1s) | Best so far: epoch 47	train_loss: 2.2908 train_accuracy: 0.1167	val_loss: 2.2865 val_accuracy: 0.1214	test_loss: 2.3317 test_accuracy: 0.1111
train: {'epoch': 120, 'time_epoch': 4.85659, 'eta': 362.22516, 'eta_hours': 0.10062, 'loss': 2.28101656, 'lr': 0.00055226, 'params': 204506, 'time_iter': 0.01552, 'accuracy': 0.1185, 'f1': 0.06676, 'auc': 0.53286}
val: {'epoch': 120, 'time_epoch': 0.39829, 'loss': 2.27868809, 'lr': 0, 'params': 204506, 'time_iter': 0.00751, 'accuracy': 0.117, 'f1': 0.05816, 'auc': 0.53789}
test: {'epoch': 120, 'time_epoch': 0.92693, 'loss': 2.31303445, 'lr': 0, 'params': 204506, 'time_iter': 0.00883, 'accuracy': 0.1094, 'f1': 0.05831, 'auc': 0.50998}
> Epoch 120: took 6.2s (avg 6.1s) | Best so far: epoch 47	train_loss: 2.2908 train_accuracy: 0.1167	val_loss: 2.2865 val_accuracy: 0.1214	test_loss: 2.3317 test_accuracy: 0.1111
train: {'epoch': 121, 'time_epoch': 4.94436, 'eta': 357.86971, 'eta_hours': 0.09941, 'loss': 2.28160657, 'lr': 0.00054184, 'params': 204506, 'time_iter': 0.0158, 'accuracy': 0.11707, 'f1': 0.06443, 'auc': 0.5316}
val: {'epoch': 121, 'time_epoch': 0.42491, 'loss': 2.27881758, 'lr': 0, 'params': 204506, 'time_iter': 0.00802, 'accuracy': 0.1192, 'f1': 0.06342, 'auc': 0.53807}
test: {'epoch': 121, 'time_epoch': 1.16879, 'loss': 2.30941871, 'lr': 0, 'params': 204506, 'time_iter': 0.01113, 'accuracy': 0.1092, 'f1': 0.06007, 'auc': 0.51026}
> Epoch 121: took 6.6s (avg 6.1s) | Best so far: epoch 47	train_loss: 2.2908 train_accuracy: 0.1167	val_loss: 2.2865 val_accuracy: 0.1214	test_loss: 2.3317 test_accuracy: 0.1111
train: {'epoch': 122, 'time_epoch': 4.77229, 'eta': 353.39695, 'eta_hours': 0.09817, 'loss': 2.28101641, 'lr': 0.0005314, 'params': 204506, 'time_iter': 0.01525, 'accuracy': 0.11777, 'f1': 0.06218, 'auc': 0.53219}
val: {'epoch': 122, 'time_epoch': 0.40405, 'loss': 2.27864701, 'lr': 0, 'params': 204506, 'time_iter': 0.00762, 'accuracy': 0.1196, 'f1': 0.06296, 'auc': 0.53801}
test: {'epoch': 122, 'time_epoch': 0.97015, 'loss': 2.31093712, 'lr': 0, 'params': 204506, 'time_iter': 0.00924, 'accuracy': 0.1088, 'f1': 0.05873, 'auc': 0.51008}
> Epoch 122: took 6.2s (avg 6.1s) | Best so far: epoch 47	train_loss: 2.2908 train_accuracy: 0.1167	val_loss: 2.2865 val_accuracy: 0.1214	test_loss: 2.3317 test_accuracy: 0.1111
train: {'epoch': 123, 'time_epoch': 4.87942, 'eta': 348.98503, 'eta_hours': 0.09694, 'loss': 2.28105919, 'lr': 0.00052094, 'params': 204506, 'time_iter': 0.01559, 'accuracy': 0.11717, 'f1': 0.06853, 'auc': 0.53242}
val: {'epoch': 123, 'time_epoch': 0.42598, 'loss': 2.27966398, 'lr': 0, 'params': 204506, 'time_iter': 0.00804, 'accuracy': 0.1168, 'f1': 0.05667, 'auc': 0.5374}
test: {'epoch': 123, 'time_epoch': 0.95246, 'loss': 2.31593135, 'lr': 0, 'params': 204506, 'time_iter': 0.00907, 'accuracy': 0.1088, 'f1': 0.05704, 'auc': 0.5096}
> Epoch 123: took 6.3s (avg 6.1s) | Best so far: epoch 47	train_loss: 2.2908 train_accuracy: 0.1167	val_loss: 2.2865 val_accuracy: 0.1214	test_loss: 2.3317 test_accuracy: 0.1111
train: {'epoch': 124, 'time_epoch': 4.49627, 'eta': 344.33574, 'eta_hours': 0.09565, 'loss': 2.28103177, 'lr': 0.00051047, 'params': 204506, 'time_iter': 0.01437, 'accuracy': 0.11743, 'f1': 0.06254, 'auc': 0.53189}
val: {'epoch': 124, 'time_epoch': 0.40322, 'loss': 2.27862986, 'lr': 0, 'params': 204506, 'time_iter': 0.00761, 'accuracy': 0.1178, 'f1': 0.06465, 'auc': 0.53803}
test: {'epoch': 124, 'time_epoch': 1.02062, 'loss': 2.31476584, 'lr': 0, 'params': 204506, 'time_iter': 0.00972, 'accuracy': 0.1089, 'f1': 0.06064, 'auc': 0.50975}
> Epoch 124: took 6.0s (avg 6.1s) | Best so far: epoch 47	train_loss: 2.2908 train_accuracy: 0.1167	val_loss: 2.2865 val_accuracy: 0.1214	test_loss: 2.3317 test_accuracy: 0.1111
train: {'epoch': 125, 'time_epoch': 4.50985, 'eta': 339.69685, 'eta_hours': 0.09436, 'loss': 2.28094434, 'lr': 0.0005, 'params': 204506, 'time_iter': 0.01441, 'accuracy': 0.11837, 'f1': 0.06561, 'auc': 0.53272}
val: {'epoch': 125, 'time_epoch': 0.42153, 'loss': 2.2784178, 'lr': 0, 'params': 204506, 'time_iter': 0.00795, 'accuracy': 0.1188, 'f1': 0.06851, 'auc': 0.53803}
test: {'epoch': 125, 'time_epoch': 1.04358, 'loss': 2.31172763, 'lr': 0, 'params': 204506, 'time_iter': 0.00994, 'accuracy': 0.1107, 'f1': 0.06496, 'auc': 0.51014}
> Epoch 125: took 6.0s (avg 6.1s) | Best so far: epoch 47	train_loss: 2.2908 train_accuracy: 0.1167	val_loss: 2.2865 val_accuracy: 0.1214	test_loss: 2.3317 test_accuracy: 0.1111
train: {'epoch': 126, 'time_epoch': 4.79848, 'eta': 335.22591, 'eta_hours': 0.09312, 'loss': 2.28107139, 'lr': 0.00048953, 'params': 204506, 'time_iter': 0.01533, 'accuracy': 0.11893, 'f1': 0.06717, 'auc': 0.53267}
val: {'epoch': 126, 'time_epoch': 0.41656, 'loss': 2.27925804, 'lr': 0, 'params': 204506, 'time_iter': 0.00786, 'accuracy': 0.1176, 'f1': 0.06267, 'auc': 0.53815}
test: {'epoch': 126, 'time_epoch': 0.97432, 'loss': 2.31815134, 'lr': 0, 'params': 204506, 'time_iter': 0.00928, 'accuracy': 0.1083, 'f1': 0.05898, 'auc': 0.50951}
> Epoch 126: took 6.2s (avg 6.1s) | Best so far: epoch 47	train_loss: 2.2908 train_accuracy: 0.1167	val_loss: 2.2865 val_accuracy: 0.1214	test_loss: 2.3317 test_accuracy: 0.1111
train: {'epoch': 127, 'time_epoch': 4.77832, 'eta': 330.7385, 'eta_hours': 0.09187, 'loss': 2.28078405, 'lr': 0.00047906, 'params': 204506, 'time_iter': 0.01527, 'accuracy': 0.11863, 'f1': 0.06691, 'auc': 0.53298}
val: {'epoch': 127, 'time_epoch': 0.59945, 'loss': 2.27878894, 'lr': 0, 'params': 204506, 'time_iter': 0.01131, 'accuracy': 0.1182, 'f1': 0.06576, 'auc': 0.53823}
test: {'epoch': 127, 'time_epoch': 0.93433, 'loss': 2.30810645, 'lr': 0, 'params': 204506, 'time_iter': 0.0089, 'accuracy': 0.1092, 'f1': 0.06163, 'auc': 0.51045}
> Epoch 127: took 6.4s (avg 6.1s) | Best so far: epoch 47	train_loss: 2.2908 train_accuracy: 0.1167	val_loss: 2.2865 val_accuracy: 0.1214	test_loss: 2.3317 test_accuracy: 0.1111
train: {'epoch': 128, 'time_epoch': 4.80079, 'eta': 326.25895, 'eta_hours': 0.09063, 'loss': 2.28093897, 'lr': 0.0004686, 'params': 204506, 'time_iter': 0.01534, 'accuracy': 0.11827, 'f1': 0.06719, 'auc': 0.53228}
val: {'epoch': 128, 'time_epoch': 0.39077, 'loss': 2.27870893, 'lr': 0, 'params': 204506, 'time_iter': 0.00737, 'accuracy': 0.1182, 'f1': 0.06576, 'auc': 0.53825}
test: {'epoch': 128, 'time_epoch': 0.98967, 'loss': 2.30905045, 'lr': 0, 'params': 204506, 'time_iter': 0.00943, 'accuracy': 0.1097, 'f1': 0.06187, 'auc': 0.51037}
> Epoch 128: took 6.2s (avg 6.1s) | Best so far: epoch 47	train_loss: 2.2908 train_accuracy: 0.1167	val_loss: 2.2865 val_accuracy: 0.1214	test_loss: 2.3317 test_accuracy: 0.1111
train: {'epoch': 129, 'time_epoch': 4.80926, 'eta': 321.77902, 'eta_hours': 0.08938, 'loss': 2.28095096, 'lr': 0.00045816, 'params': 204506, 'time_iter': 0.01537, 'accuracy': 0.11807, 'f1': 0.06593, 'auc': 0.53226}
val: {'epoch': 129, 'time_epoch': 0.40864, 'loss': 2.27916086, 'lr': 0, 'params': 204506, 'time_iter': 0.00771, 'accuracy': 0.1176, 'f1': 0.06267, 'auc': 0.53841}
test: {'epoch': 129, 'time_epoch': 1.06064, 'loss': 2.31683359, 'lr': 0, 'params': 204506, 'time_iter': 0.0101, 'accuracy': 0.1083, 'f1': 0.059, 'auc': 0.50969}
> Epoch 129: took 6.3s (avg 6.1s) | Best so far: epoch 47	train_loss: 2.2908 train_accuracy: 0.1167	val_loss: 2.2865 val_accuracy: 0.1214	test_loss: 2.3317 test_accuracy: 0.1111
train: {'epoch': 130, 'time_epoch': 4.8453, 'eta': 317.31304, 'eta_hours': 0.08814, 'loss': 2.28080154, 'lr': 0.00044774, 'params': 204506, 'time_iter': 0.01548, 'accuracy': 0.1175, 'f1': 0.06248, 'auc': 0.5326}
val: {'epoch': 130, 'time_epoch': 0.38315, 'loss': 2.27865476, 'lr': 0, 'params': 204506, 'time_iter': 0.00723, 'accuracy': 0.1178, 'f1': 0.05809, 'auc': 0.53727}
test: {'epoch': 130, 'time_epoch': 0.89379, 'loss': 2.31328187, 'lr': 0, 'params': 204506, 'time_iter': 0.00851, 'accuracy': 0.1083, 'f1': 0.05619, 'auc': 0.5094}
> Epoch 130: took 6.2s (avg 6.1s) | Best so far: epoch 47	train_loss: 2.2908 train_accuracy: 0.1167	val_loss: 2.2865 val_accuracy: 0.1214	test_loss: 2.3317 test_accuracy: 0.1111
train: {'epoch': 131, 'time_epoch': 4.83701, 'eta': 312.83705, 'eta_hours': 0.0869, 'loss': 2.28076248, 'lr': 0.00043733, 'params': 204506, 'time_iter': 0.01545, 'accuracy': 0.11793, 'f1': 0.07038, 'auc': 0.53253}
val: {'epoch': 131, 'time_epoch': 0.39049, 'loss': 2.27835882, 'lr': 0, 'params': 204506, 'time_iter': 0.00737, 'accuracy': 0.1192, 'f1': 0.06342, 'auc': 0.53758}
test: {'epoch': 131, 'time_epoch': 1.06017, 'loss': 2.3062827, 'lr': 0, 'params': 204506, 'time_iter': 0.0101, 'accuracy': 0.1092, 'f1': 0.0601, 'auc': 0.51026}
> Epoch 131: took 6.3s (avg 6.1s) | Best so far: epoch 47	train_loss: 2.2908 train_accuracy: 0.1167	val_loss: 2.2865 val_accuracy: 0.1214	test_loss: 2.3317 test_accuracy: 0.1111
train: {'epoch': 132, 'time_epoch': 4.81688, 'eta': 308.34548, 'eta_hours': 0.08565, 'loss': 2.28082587, 'lr': 0.00042696, 'params': 204506, 'time_iter': 0.01539, 'accuracy': 0.11783, 'f1': 0.0644, 'auc': 0.53244}
val: {'epoch': 132, 'time_epoch': 0.44756, 'loss': 2.27842311, 'lr': 0, 'params': 204506, 'time_iter': 0.00844, 'accuracy': 0.1196, 'f1': 0.06296, 'auc': 0.53796}
test: {'epoch': 132, 'time_epoch': 0.99572, 'loss': 2.30671264, 'lr': 0, 'params': 204506, 'time_iter': 0.00948, 'accuracy': 0.1086, 'f1': 0.0587, 'auc': 0.51031}
> Epoch 132: took 6.3s (avg 6.1s) | Best so far: epoch 47	train_loss: 2.2908 train_accuracy: 0.1167	val_loss: 2.2865 val_accuracy: 0.1214	test_loss: 2.3317 test_accuracy: 0.1111
train: {'epoch': 133, 'time_epoch': 5.08354, 'eta': 303.9804, 'eta_hours': 0.08444, 'loss': 2.28081577, 'lr': 0.00041662, 'params': 204506, 'time_iter': 0.01624, 'accuracy': 0.11867, 'f1': 0.0632, 'auc': 0.53287}
val: {'epoch': 133, 'time_epoch': 0.45712, 'loss': 2.27847937, 'lr': 0, 'params': 204506, 'time_iter': 0.00862, 'accuracy': 0.1198, 'f1': 0.0646, 'auc': 0.53832}
test: {'epoch': 133, 'time_epoch': 0.89921, 'loss': 2.31046853, 'lr': 0, 'params': 204506, 'time_iter': 0.00856, 'accuracy': 0.11, 'f1': 0.06241, 'auc': 0.51055}
> Epoch 133: took 6.5s (avg 6.1s) | Best so far: epoch 47	train_loss: 2.2908 train_accuracy: 0.1167	val_loss: 2.2865 val_accuracy: 0.1214	test_loss: 2.3317 test_accuracy: 0.1111
train: {'epoch': 134, 'time_epoch': 4.88905, 'eta': 299.51104, 'eta_hours': 0.0832, 'loss': 2.28084842, 'lr': 0.00040631, 'params': 204506, 'time_iter': 0.01562, 'accuracy': 0.11713, 'f1': 0.06374, 'auc': 0.53323}
val: {'epoch': 134, 'time_epoch': 0.42209, 'loss': 2.27874505, 'lr': 0, 'params': 204506, 'time_iter': 0.00796, 'accuracy': 0.1178, 'f1': 0.06465, 'auc': 0.53812}
test: {'epoch': 134, 'time_epoch': 0.99814, 'loss': 2.31675674, 'lr': 0, 'params': 204506, 'time_iter': 0.00951, 'accuracy': 0.1087, 'f1': 0.06063, 'auc': 0.51016}
> Epoch 134: took 6.4s (avg 6.1s) | Best so far: epoch 47	train_loss: 2.2908 train_accuracy: 0.1167	val_loss: 2.2865 val_accuracy: 0.1214	test_loss: 2.3317 test_accuracy: 0.1111
train: {'epoch': 135, 'time_epoch': 4.95475, 'eta': 295.06642, 'eta_hours': 0.08196, 'loss': 2.28077141, 'lr': 0.00039604, 'params': 204506, 'time_iter': 0.01583, 'accuracy': 0.1181, 'f1': 0.0669, 'auc': 0.53245}
val: {'epoch': 135, 'time_epoch': 0.41206, 'loss': 2.27871303, 'lr': 0, 'params': 204506, 'time_iter': 0.00777, 'accuracy': 0.1178, 'f1': 0.06465, 'auc': 0.5381}
test: {'epoch': 135, 'time_epoch': 0.96266, 'loss': 2.31097357, 'lr': 0, 'params': 204506, 'time_iter': 0.00917, 'accuracy': 0.1091, 'f1': 0.06075, 'auc': 0.5099}
> Epoch 135: took 6.4s (avg 6.1s) | Best so far: epoch 47	train_loss: 2.2908 train_accuracy: 0.1167	val_loss: 2.2865 val_accuracy: 0.1214	test_loss: 2.3317 test_accuracy: 0.1111
train: {'epoch': 136, 'time_epoch': 4.87968, 'eta': 290.57983, 'eta_hours': 0.08072, 'loss': 2.28081538, 'lr': 0.00038582, 'params': 204506, 'time_iter': 0.01559, 'accuracy': 0.11793, 'f1': 0.06421, 'auc': 0.53311}
val: {'epoch': 136, 'time_epoch': 0.40025, 'loss': 2.27847854, 'lr': 0, 'params': 204506, 'time_iter': 0.00755, 'accuracy': 0.1188, 'f1': 0.06231, 'auc': 0.5383}
test: {'epoch': 136, 'time_epoch': 0.80362, 'loss': 2.31516296, 'lr': 0, 'params': 204506, 'time_iter': 0.00765, 'accuracy': 0.1085, 'f1': 0.05893, 'auc': 0.51011}
> Epoch 136: took 6.1s (avg 6.1s) | Best so far: epoch 47	train_loss: 2.2908 train_accuracy: 0.1167	val_loss: 2.2865 val_accuracy: 0.1214	test_loss: 2.3317 test_accuracy: 0.1111
train: {'epoch': 137, 'time_epoch': 4.99986, 'eta': 286.14154, 'eta_hours': 0.07948, 'loss': 2.28067974, 'lr': 0.00037566, 'params': 204506, 'time_iter': 0.01597, 'accuracy': 0.1181, 'f1': 0.06778, 'auc': 0.53327}
val: {'epoch': 137, 'time_epoch': 0.41704, 'loss': 2.27860496, 'lr': 0, 'params': 204506, 'time_iter': 0.00787, 'accuracy': 0.1178, 'f1': 0.06465, 'auc': 0.53804}
test: {'epoch': 137, 'time_epoch': 0.98431, 'loss': 2.31043155, 'lr': 0, 'params': 204506, 'time_iter': 0.00937, 'accuracy': 0.109, 'f1': 0.06073, 'auc': 0.50972}
> Epoch 137: took 6.4s (avg 6.1s) | Best so far: epoch 47	train_loss: 2.2908 train_accuracy: 0.1167	val_loss: 2.2865 val_accuracy: 0.1214	test_loss: 2.3317 test_accuracy: 0.1111
train: {'epoch': 138, 'time_epoch': 4.7541, 'eta': 281.58732, 'eta_hours': 0.07822, 'loss': 2.28064626, 'lr': 0.00036554, 'params': 204506, 'time_iter': 0.01519, 'accuracy': 0.11723, 'f1': 0.0682, 'auc': 0.53259}
val: {'epoch': 138, 'time_epoch': 0.39354, 'loss': 2.27902658, 'lr': 0, 'params': 204506, 'time_iter': 0.00743, 'accuracy': 0.1178, 'f1': 0.06465, 'auc': 0.53788}
test: {'epoch': 138, 'time_epoch': 0.98485, 'loss': 2.30911572, 'lr': 0, 'params': 204506, 'time_iter': 0.00938, 'accuracy': 0.1089, 'f1': 0.06064, 'auc': 0.50994}
> Epoch 138: took 6.2s (avg 6.1s) | Best so far: epoch 47	train_loss: 2.2908 train_accuracy: 0.1167	val_loss: 2.2865 val_accuracy: 0.1214	test_loss: 2.3317 test_accuracy: 0.1111
train: {'epoch': 139, 'time_epoch': 5.2105, 'eta': 277.22584, 'eta_hours': 0.07701, 'loss': 2.28081277, 'lr': 0.00035548, 'params': 204506, 'time_iter': 0.01665, 'accuracy': 0.11867, 'f1': 0.0673, 'auc': 0.53294}
val: {'epoch': 139, 'time_epoch': 0.43192, 'loss': 2.27884813, 'lr': 0, 'params': 204506, 'time_iter': 0.00815, 'accuracy': 0.1178, 'f1': 0.06465, 'auc': 0.53808}
test: {'epoch': 139, 'time_epoch': 0.98105, 'loss': 2.30642792, 'lr': 0, 'params': 204506, 'time_iter': 0.00934, 'accuracy': 0.1093, 'f1': 0.06076, 'auc': 0.51036}
> Epoch 139: took 6.7s (avg 6.1s) | Best so far: epoch 47	train_loss: 2.2908 train_accuracy: 0.1167	val_loss: 2.2865 val_accuracy: 0.1214	test_loss: 2.3317 test_accuracy: 0.1111
train: {'epoch': 140, 'time_epoch': 4.81812, 'eta': 272.68813, 'eta_hours': 0.07575, 'loss': 2.28076405, 'lr': 0.00034549, 'params': 204506, 'time_iter': 0.01539, 'accuracy': 0.1189, 'f1': 0.06468, 'auc': 0.53278}
val: {'epoch': 140, 'time_epoch': 0.39165, 'loss': 2.2783201, 'lr': 0, 'params': 204506, 'time_iter': 0.00739, 'accuracy': 0.1188, 'f1': 0.06231, 'auc': 0.53829}
test: {'epoch': 140, 'time_epoch': 1.00734, 'loss': 2.31271449, 'lr': 0, 'params': 204506, 'time_iter': 0.00959, 'accuracy': 0.1085, 'f1': 0.05893, 'auc': 0.51014}
> Epoch 140: took 6.3s (avg 6.1s) | Best so far: epoch 47	train_loss: 2.2908 train_accuracy: 0.1167	val_loss: 2.2865 val_accuracy: 0.1214	test_loss: 2.3317 test_accuracy: 0.1111
train: {'epoch': 141, 'time_epoch': 4.83818, 'eta': 268.15466, 'eta_hours': 0.07449, 'loss': 2.2807212, 'lr': 0.00033557, 'params': 204506, 'time_iter': 0.01546, 'accuracy': 0.11833, 'f1': 0.06474, 'auc': 0.5328}
val: {'epoch': 141, 'time_epoch': 0.40626, 'loss': 2.27860381, 'lr': 0, 'params': 204506, 'time_iter': 0.00767, 'accuracy': 0.1178, 'f1': 0.06465, 'auc': 0.5381}
test: {'epoch': 141, 'time_epoch': 1.00263, 'loss': 2.3140725, 'lr': 0, 'params': 204506, 'time_iter': 0.00955, 'accuracy': 0.1091, 'f1': 0.06075, 'auc': 0.51005}
> Epoch 141: took 6.3s (avg 6.1s) | Best so far: epoch 47	train_loss: 2.2908 train_accuracy: 0.1167	val_loss: 2.2865 val_accuracy: 0.1214	test_loss: 2.3317 test_accuracy: 0.1111
train: {'epoch': 142, 'time_epoch': 4.91917, 'eta': 263.64922, 'eta_hours': 0.07324, 'loss': 2.28057192, 'lr': 0.00032571, 'params': 204506, 'time_iter': 0.01572, 'accuracy': 0.118, 'f1': 0.06593, 'auc': 0.53276}
val: {'epoch': 142, 'time_epoch': 0.42993, 'loss': 2.27878545, 'lr': 0, 'params': 204506, 'time_iter': 0.00811, 'accuracy': 0.1178, 'f1': 0.06465, 'auc': 0.53839}
test: {'epoch': 142, 'time_epoch': 0.91273, 'loss': 2.31411404, 'lr': 0, 'params': 204506, 'time_iter': 0.00869, 'accuracy': 0.1087, 'f1': 0.06063, 'auc': 0.50969}
> Epoch 142: took 6.3s (avg 6.1s) | Best so far: epoch 47	train_loss: 2.2908 train_accuracy: 0.1167	val_loss: 2.2865 val_accuracy: 0.1214	test_loss: 2.3317 test_accuracy: 0.1111
train: {'epoch': 143, 'time_epoch': 4.8969, 'eta': 259.12937, 'eta_hours': 0.07198, 'loss': 2.28055724, 'lr': 0.00031594, 'params': 204506, 'time_iter': 0.01565, 'accuracy': 0.11753, 'f1': 0.06646, 'auc': 0.53325}
val: {'epoch': 143, 'time_epoch': 0.40355, 'loss': 2.27850683, 'lr': 0, 'params': 204506, 'time_iter': 0.00761, 'accuracy': 0.1188, 'f1': 0.06231, 'auc': 0.53796}
test: {'epoch': 143, 'time_epoch': 1.03394, 'loss': 2.31116874, 'lr': 0, 'params': 204506, 'time_iter': 0.00985, 'accuracy': 0.1086, 'f1': 0.05895, 'auc': 0.51004}
> Epoch 143: took 6.4s (avg 6.1s) | Best so far: epoch 47	train_loss: 2.2908 train_accuracy: 0.1167	val_loss: 2.2865 val_accuracy: 0.1214	test_loss: 2.3317 test_accuracy: 0.1111
train: {'epoch': 144, 'time_epoch': 4.76726, 'eta': 254.55514, 'eta_hours': 0.07071, 'loss': 2.28064767, 'lr': 0.00030624, 'params': 204506, 'time_iter': 0.01523, 'accuracy': 0.1184, 'f1': 0.06308, 'auc': 0.53335}
val: {'epoch': 144, 'time_epoch': 0.3886, 'loss': 2.27844853, 'lr': 0, 'params': 204506, 'time_iter': 0.00733, 'accuracy': 0.1188, 'f1': 0.06231, 'auc': 0.53793}
test: {'epoch': 144, 'time_epoch': 1.00982, 'loss': 2.30816414, 'lr': 0, 'params': 204506, 'time_iter': 0.00962, 'accuracy': 0.1086, 'f1': 0.05895, 'auc': 0.51031}
> Epoch 144: took 6.2s (avg 6.1s) | Best so far: epoch 47	train_loss: 2.2908 train_accuracy: 0.1167	val_loss: 2.2865 val_accuracy: 0.1214	test_loss: 2.3317 test_accuracy: 0.1111
train: {'epoch': 145, 'time_epoch': 5.06088, 'eta': 250.08687, 'eta_hours': 0.06947, 'loss': 2.28056864, 'lr': 0.00029663, 'params': 204506, 'time_iter': 0.01617, 'accuracy': 0.11887, 'f1': 0.06636, 'auc': 0.53308}
val: {'epoch': 145, 'time_epoch': 0.40501, 'loss': 2.27960512, 'lr': 0, 'params': 204506, 'time_iter': 0.00764, 'accuracy': 0.1178, 'f1': 0.06465, 'auc': 0.5375}
test: {'epoch': 145, 'time_epoch': 0.98226, 'loss': 2.3088533, 'lr': 0, 'params': 204506, 'time_iter': 0.00935, 'accuracy': 0.109, 'f1': 0.06073, 'auc': 0.51014}
> Epoch 145: took 6.5s (avg 6.1s) | Best so far: epoch 47	train_loss: 2.2908 train_accuracy: 0.1167	val_loss: 2.2865 val_accuracy: 0.1214	test_loss: 2.3317 test_accuracy: 0.1111
train: {'epoch': 146, 'time_epoch': 4.82048, 'eta': 245.52386, 'eta_hours': 0.0682, 'loss': 2.280626, 'lr': 0.00028711, 'params': 204506, 'time_iter': 0.0154, 'accuracy': 0.1179, 'f1': 0.06403, 'auc': 0.5332}
val: {'epoch': 146, 'time_epoch': 0.40356, 'loss': 2.27852319, 'lr': 0, 'params': 204506, 'time_iter': 0.00761, 'accuracy': 0.1178, 'f1': 0.06465, 'auc': 0.53816}
test: {'epoch': 146, 'time_epoch': 0.98035, 'loss': 2.31230127, 'lr': 0, 'params': 204506, 'time_iter': 0.00934, 'accuracy': 0.1087, 'f1': 0.06063, 'auc': 0.50987}
> Epoch 146: took 6.2s (avg 6.1s) | Best so far: epoch 47	train_loss: 2.2908 train_accuracy: 0.1167	val_loss: 2.2865 val_accuracy: 0.1214	test_loss: 2.3317 test_accuracy: 0.1111
train: {'epoch': 147, 'time_epoch': 4.78518, 'eta': 240.94497, 'eta_hours': 0.06693, 'loss': 2.28064345, 'lr': 0.00027768, 'params': 204506, 'time_iter': 0.01529, 'accuracy': 0.1181, 'f1': 0.06599, 'auc': 0.5332}
val: {'epoch': 147, 'time_epoch': 0.41504, 'loss': 2.2783862, 'lr': 0, 'params': 204506, 'time_iter': 0.00783, 'accuracy': 0.1188, 'f1': 0.06231, 'auc': 0.53782}
test: {'epoch': 147, 'time_epoch': 0.96725, 'loss': 2.31184545, 'lr': 0, 'params': 204506, 'time_iter': 0.00921, 'accuracy': 0.1082, 'f1': 0.05883, 'auc': 0.51005}
> Epoch 147: took 6.2s (avg 6.1s) | Best so far: epoch 47	train_loss: 2.2908 train_accuracy: 0.1167	val_loss: 2.2865 val_accuracy: 0.1214	test_loss: 2.3317 test_accuracy: 0.1111
train: {'epoch': 148, 'time_epoch': 4.93862, 'eta': 236.41583, 'eta_hours': 0.06567, 'loss': 2.28065443, 'lr': 0.00026835, 'params': 204506, 'time_iter': 0.01578, 'accuracy': 0.11773, 'f1': 0.06989, 'auc': 0.5336}
val: {'epoch': 148, 'time_epoch': 0.4201, 'loss': 2.27841976, 'lr': 0, 'params': 204506, 'time_iter': 0.00793, 'accuracy': 0.1192, 'f1': 0.06342, 'auc': 0.53754}
test: {'epoch': 148, 'time_epoch': 0.98892, 'loss': 2.30714102, 'lr': 0, 'params': 204506, 'time_iter': 0.00942, 'accuracy': 0.1088, 'f1': 0.05994, 'auc': 0.51031}
> Epoch 148: took 6.4s (avg 6.1s) | Best so far: epoch 47	train_loss: 2.2908 train_accuracy: 0.1167	val_loss: 2.2865 val_accuracy: 0.1214	test_loss: 2.3317 test_accuracy: 0.1111
train: {'epoch': 149, 'time_epoch': 4.94738, 'eta': 231.88415, 'eta_hours': 0.06441, 'loss': 2.28061995, 'lr': 0.00025912, 'params': 204506, 'time_iter': 0.01581, 'accuracy': 0.11797, 'f1': 0.06377, 'auc': 0.53401}
val: {'epoch': 149, 'time_epoch': 0.42163, 'loss': 2.2785059, 'lr': 0, 'params': 204506, 'time_iter': 0.00796, 'accuracy': 0.1178, 'f1': 0.06465, 'auc': 0.53762}
test: {'epoch': 149, 'time_epoch': 1.00021, 'loss': 2.31062571, 'lr': 0, 'params': 204506, 'time_iter': 0.00953, 'accuracy': 0.1089, 'f1': 0.06064, 'auc': 0.51021}
> Epoch 149: took 6.4s (avg 6.1s) | Best so far: epoch 47	train_loss: 2.2908 train_accuracy: 0.1167	val_loss: 2.2865 val_accuracy: 0.1214	test_loss: 2.3317 test_accuracy: 0.1111
train: {'epoch': 150, 'time_epoch': 4.93879, 'eta': 227.34418, 'eta_hours': 0.06315, 'loss': 2.28055018, 'lr': 0.00025, 'params': 204506, 'time_iter': 0.01578, 'accuracy': 0.1187, 'f1': 0.06743, 'auc': 0.53376}
val: {'epoch': 150, 'time_epoch': 0.4114, 'loss': 2.27851814, 'lr': 0, 'params': 204506, 'time_iter': 0.00776, 'accuracy': 0.1188, 'f1': 0.06231, 'auc': 0.53799}
test: {'epoch': 150, 'time_epoch': 0.99304, 'loss': 2.3104674, 'lr': 0, 'params': 204506, 'time_iter': 0.00946, 'accuracy': 0.1082, 'f1': 0.05883, 'auc': 0.51013}
> Epoch 150: took 6.4s (avg 6.1s) | Best so far: epoch 47	train_loss: 2.2908 train_accuracy: 0.1167	val_loss: 2.2865 val_accuracy: 0.1214	test_loss: 2.3317 test_accuracy: 0.1111
train: {'epoch': 151, 'time_epoch': 5.15528, 'eta': 222.86732, 'eta_hours': 0.06191, 'loss': 2.28060245, 'lr': 0.00024099, 'params': 204506, 'time_iter': 0.01647, 'accuracy': 0.11817, 'f1': 0.06493, 'auc': 0.53295}
val: {'epoch': 151, 'time_epoch': 0.39773, 'loss': 2.27880135, 'lr': 0, 'params': 204506, 'time_iter': 0.0075, 'accuracy': 0.1178, 'f1': 0.06465, 'auc': 0.538}
test: {'epoch': 151, 'time_epoch': 0.80427, 'loss': 2.31000378, 'lr': 0, 'params': 204506, 'time_iter': 0.00766, 'accuracy': 0.109, 'f1': 0.06073, 'auc': 0.51025}
> Epoch 151: took 6.4s (avg 6.1s) | Best so far: epoch 47	train_loss: 2.2908 train_accuracy: 0.1167	val_loss: 2.2865 val_accuracy: 0.1214	test_loss: 2.3317 test_accuracy: 0.1111
train: {'epoch': 152, 'time_epoch': 4.93806, 'eta': 218.31487, 'eta_hours': 0.06064, 'loss': 2.28047852, 'lr': 0.00023209, 'params': 204506, 'time_iter': 0.01578, 'accuracy': 0.1183, 'f1': 0.06388, 'auc': 0.53338}
val: {'epoch': 152, 'time_epoch': 0.39994, 'loss': 2.2783562, 'lr': 0, 'params': 204506, 'time_iter': 0.00755, 'accuracy': 0.1188, 'f1': 0.06231, 'auc': 0.538}
test: {'epoch': 152, 'time_epoch': 0.83335, 'loss': 2.31411225, 'lr': 0, 'params': 204506, 'time_iter': 0.00794, 'accuracy': 0.1082, 'f1': 0.05883, 'auc': 0.51016}
> Epoch 152: took 6.2s (avg 6.1s) | Best so far: epoch 47	train_loss: 2.2908 train_accuracy: 0.1167	val_loss: 2.2865 val_accuracy: 0.1214	test_loss: 2.3317 test_accuracy: 0.1111
train: {'epoch': 153, 'time_epoch': 5.03139, 'eta': 213.78529, 'eta_hours': 0.05938, 'loss': 2.28045441, 'lr': 0.0002233, 'params': 204506, 'time_iter': 0.01607, 'accuracy': 0.11807, 'f1': 0.06294, 'auc': 0.53338}
val: {'epoch': 153, 'time_epoch': 0.43521, 'loss': 2.27847427, 'lr': 0, 'params': 204506, 'time_iter': 0.00821, 'accuracy': 0.1188, 'f1': 0.06231, 'auc': 0.53766}
test: {'epoch': 153, 'time_epoch': 0.8853, 'loss': 2.31085096, 'lr': 0, 'params': 204506, 'time_iter': 0.00843, 'accuracy': 0.1085, 'f1': 0.05893, 'auc': 0.51046}
> Epoch 153: took 6.4s (avg 6.1s) | Best so far: epoch 47	train_loss: 2.2908 train_accuracy: 0.1167	val_loss: 2.2865 val_accuracy: 0.1214	test_loss: 2.3317 test_accuracy: 0.1111
train: {'epoch': 154, 'time_epoch': 4.95347, 'eta': 209.22661, 'eta_hours': 0.05812, 'loss': 2.28043938, 'lr': 0.00021464, 'params': 204506, 'time_iter': 0.01583, 'accuracy': 0.1188, 'f1': 0.06519, 'auc': 0.53355}
val: {'epoch': 154, 'time_epoch': 0.42454, 'loss': 2.27849006, 'lr': 0, 'params': 204506, 'time_iter': 0.00801, 'accuracy': 0.1178, 'f1': 0.06465, 'auc': 0.53776}
test: {'epoch': 154, 'time_epoch': 0.98032, 'loss': 2.3133207, 'lr': 0, 'params': 204506, 'time_iter': 0.00934, 'accuracy': 0.1087, 'f1': 0.06063, 'auc': 0.51004}
> Epoch 154: took 6.4s (avg 6.1s) | Best so far: epoch 47	train_loss: 2.2908 train_accuracy: 0.1167	val_loss: 2.2865 val_accuracy: 0.1214	test_loss: 2.3317 test_accuracy: 0.1111
train: {'epoch': 155, 'time_epoch': 4.78345, 'eta': 204.61492, 'eta_hours': 0.05684, 'loss': 2.28042906, 'lr': 0.00020611, 'params': 204506, 'time_iter': 0.01528, 'accuracy': 0.11847, 'f1': 0.06426, 'auc': 0.53359}
val: {'epoch': 155, 'time_epoch': 0.41404, 'loss': 2.27837425, 'lr': 0, 'params': 204506, 'time_iter': 0.00781, 'accuracy': 0.1188, 'f1': 0.06231, 'auc': 0.53794}
test: {'epoch': 155, 'time_epoch': 1.01969, 'loss': 2.30979879, 'lr': 0, 'params': 204506, 'time_iter': 0.00971, 'accuracy': 0.1085, 'f1': 0.05893, 'auc': 0.51027}
> Epoch 155: took 6.3s (avg 6.1s) | Best so far: epoch 47	train_loss: 2.2908 train_accuracy: 0.1167	val_loss: 2.2865 val_accuracy: 0.1214	test_loss: 2.3317 test_accuracy: 0.1111
train: {'epoch': 156, 'time_epoch': 4.83349, 'eta': 200.01474, 'eta_hours': 0.05556, 'loss': 2.28048083, 'lr': 0.0001977, 'params': 204506, 'time_iter': 0.01544, 'accuracy': 0.11743, 'f1': 0.0641, 'auc': 0.53336}
val: {'epoch': 156, 'time_epoch': 0.39709, 'loss': 2.27872793, 'lr': 0, 'params': 204506, 'time_iter': 0.00749, 'accuracy': 0.1178, 'f1': 0.06465, 'auc': 0.53806}
test: {'epoch': 156, 'time_epoch': 0.99733, 'loss': 2.31028793, 'lr': 0, 'params': 204506, 'time_iter': 0.0095, 'accuracy': 0.109, 'f1': 0.06073, 'auc': 0.51023}
> Epoch 156: took 6.3s (avg 6.1s) | Best so far: epoch 47	train_loss: 2.2908 train_accuracy: 0.1167	val_loss: 2.2865 val_accuracy: 0.1214	test_loss: 2.3317 test_accuracy: 0.1111
train: {'epoch': 157, 'time_epoch': 5.05149, 'eta': 195.46956, 'eta_hours': 0.0543, 'loss': 2.28042888, 'lr': 0.00018943, 'params': 204506, 'time_iter': 0.01614, 'accuracy': 0.11787, 'f1': 0.06407, 'auc': 0.53398}
val: {'epoch': 157, 'time_epoch': 0.37714, 'loss': 2.27863436, 'lr': 0, 'params': 204506, 'time_iter': 0.00712, 'accuracy': 0.1178, 'f1': 0.06465, 'auc': 0.53782}
test: {'epoch': 157, 'time_epoch': 0.98017, 'loss': 2.31123619, 'lr': 0, 'params': 204506, 'time_iter': 0.00933, 'accuracy': 0.109, 'f1': 0.06073, 'auc': 0.51039}
> Epoch 157: took 6.4s (avg 6.1s) | Best so far: epoch 47	train_loss: 2.2908 train_accuracy: 0.1167	val_loss: 2.2865 val_accuracy: 0.1214	test_loss: 2.3317 test_accuracy: 0.1111
train: {'epoch': 158, 'time_epoch': 4.92, 'eta': 190.88411, 'eta_hours': 0.05302, 'loss': 2.28042944, 'lr': 0.00018129, 'params': 204506, 'time_iter': 0.01572, 'accuracy': 0.11817, 'f1': 0.06467, 'auc': 0.53361}
val: {'epoch': 158, 'time_epoch': 0.41203, 'loss': 2.27833157, 'lr': 0, 'params': 204506, 'time_iter': 0.00777, 'accuracy': 0.1192, 'f1': 0.06342, 'auc': 0.53783}
test: {'epoch': 158, 'time_epoch': 0.90545, 'loss': 2.3094473, 'lr': 0, 'params': 204506, 'time_iter': 0.00862, 'accuracy': 0.1088, 'f1': 0.05994, 'auc': 0.51061}
> Epoch 158: took 6.3s (avg 6.1s) | Best so far: epoch 47	train_loss: 2.2908 train_accuracy: 0.1167	val_loss: 2.2865 val_accuracy: 0.1214	test_loss: 2.3317 test_accuracy: 0.1111
train: {'epoch': 159, 'time_epoch': 4.88412, 'eta': 186.2855, 'eta_hours': 0.05175, 'loss': 2.28038447, 'lr': 0.00017329, 'params': 204506, 'time_iter': 0.0156, 'accuracy': 0.11827, 'f1': 0.06515, 'auc': 0.5336}
val: {'epoch': 159, 'time_epoch': 0.40585, 'loss': 2.27885644, 'lr': 0, 'params': 204506, 'time_iter': 0.00766, 'accuracy': 0.1178, 'f1': 0.06465, 'auc': 0.53807}
test: {'epoch': 159, 'time_epoch': 0.98437, 'loss': 2.3095774, 'lr': 0, 'params': 204506, 'time_iter': 0.00937, 'accuracy': 0.109, 'f1': 0.06073, 'auc': 0.51037}
> Epoch 159: took 6.3s (avg 6.1s) | Best so far: epoch 47	train_loss: 2.2908 train_accuracy: 0.1167	val_loss: 2.2865 val_accuracy: 0.1214	test_loss: 2.3317 test_accuracy: 0.1111
train: {'epoch': 160, 'time_epoch': 4.80521, 'eta': 181.66423, 'eta_hours': 0.05046, 'loss': 2.28034646, 'lr': 0.00016543, 'params': 204506, 'time_iter': 0.01535, 'accuracy': 0.11917, 'f1': 0.06616, 'auc': 0.53393}
val: {'epoch': 160, 'time_epoch': 0.43856, 'loss': 2.27864441, 'lr': 0, 'params': 204506, 'time_iter': 0.00827, 'accuracy': 0.1178, 'f1': 0.06465, 'auc': 0.53781}
test: {'epoch': 160, 'time_epoch': 0.96129, 'loss': 2.31048502, 'lr': 0, 'params': 204506, 'time_iter': 0.00916, 'accuracy': 0.109, 'f1': 0.06073, 'auc': 0.51038}
> Epoch 160: took 6.2s (avg 6.1s) | Best so far: epoch 47	train_loss: 2.2908 train_accuracy: 0.1167	val_loss: 2.2865 val_accuracy: 0.1214	test_loss: 2.3317 test_accuracy: 0.1111
train: {'epoch': 161, 'time_epoch': 4.96535, 'eta': 177.07825, 'eta_hours': 0.04919, 'loss': 2.28041814, 'lr': 0.00015773, 'params': 204506, 'time_iter': 0.01586, 'accuracy': 0.11893, 'f1': 0.06546, 'auc': 0.5334}
val: {'epoch': 161, 'time_epoch': 0.4056, 'loss': 2.27844053, 'lr': 0, 'params': 204506, 'time_iter': 0.00765, 'accuracy': 0.1188, 'f1': 0.06231, 'auc': 0.53808}
test: {'epoch': 161, 'time_epoch': 0.96741, 'loss': 2.31046771, 'lr': 0, 'params': 204506, 'time_iter': 0.00921, 'accuracy': 0.1085, 'f1': 0.05893, 'auc': 0.51016}
> Epoch 161: took 6.4s (avg 6.1s) | Best so far: epoch 47	train_loss: 2.2908 train_accuracy: 0.1167	val_loss: 2.2865 val_accuracy: 0.1214	test_loss: 2.3317 test_accuracy: 0.1111
train: {'epoch': 162, 'time_epoch': 5.00658, 'eta': 172.49698, 'eta_hours': 0.04792, 'loss': 2.28039193, 'lr': 0.00015017, 'params': 204506, 'time_iter': 0.016, 'accuracy': 0.11837, 'f1': 0.06427, 'auc': 0.53348}
val: {'epoch': 162, 'time_epoch': 0.43187, 'loss': 2.27833134, 'lr': 0, 'params': 204506, 'time_iter': 0.00815, 'accuracy': 0.1188, 'f1': 0.06231, 'auc': 0.5378}
test: {'epoch': 162, 'time_epoch': 1.11001, 'loss': 2.30976347, 'lr': 0, 'params': 204506, 'time_iter': 0.01057, 'accuracy': 0.1085, 'f1': 0.05893, 'auc': 0.51043}
> Epoch 162: took 6.6s (avg 6.1s) | Best so far: epoch 47	train_loss: 2.2908 train_accuracy: 0.1167	val_loss: 2.2865 val_accuracy: 0.1214	test_loss: 2.3317 test_accuracy: 0.1111
train: {'epoch': 163, 'time_epoch': 5.02005, 'eta': 167.91348, 'eta_hours': 0.04664, 'loss': 2.28054992, 'lr': 0.00014276, 'params': 204506, 'time_iter': 0.01604, 'accuracy': 0.1182, 'f1': 0.06472, 'auc': 0.53402}
val: {'epoch': 163, 'time_epoch': 0.41494, 'loss': 2.27876485, 'lr': 0, 'params': 204506, 'time_iter': 0.00783, 'accuracy': 0.1178, 'f1': 0.06465, 'auc': 0.53773}
test: {'epoch': 163, 'time_epoch': 1.00082, 'loss': 2.31139847, 'lr': 0, 'params': 204506, 'time_iter': 0.00953, 'accuracy': 0.1087, 'f1': 0.06063, 'auc': 0.51033}
> Epoch 163: took 6.5s (avg 6.1s) | Best so far: epoch 47	train_loss: 2.2908 train_accuracy: 0.1167	val_loss: 2.2865 val_accuracy: 0.1214	test_loss: 2.3317 test_accuracy: 0.1111
train: {'epoch': 164, 'time_epoch': 4.80126, 'eta': 163.27827, 'eta_hours': 0.04536, 'loss': 2.28036231, 'lr': 0.00013552, 'params': 204506, 'time_iter': 0.01534, 'accuracy': 0.11857, 'f1': 0.06513, 'auc': 0.53385}
val: {'epoch': 164, 'time_epoch': 0.45469, 'loss': 2.27854371, 'lr': 0, 'params': 204506, 'time_iter': 0.00858, 'accuracy': 0.1188, 'f1': 0.06231, 'auc': 0.53791}
test: {'epoch': 164, 'time_epoch': 0.8351, 'loss': 2.31099478, 'lr': 0, 'params': 204506, 'time_iter': 0.00795, 'accuracy': 0.1085, 'f1': 0.05893, 'auc': 0.51038}
> Epoch 164: took 6.1s (avg 6.1s) | Best so far: epoch 47	train_loss: 2.2908 train_accuracy: 0.1167	val_loss: 2.2865 val_accuracy: 0.1214	test_loss: 2.3317 test_accuracy: 0.1111
train: {'epoch': 165, 'time_epoch': 4.87675, 'eta': 158.65653, 'eta_hours': 0.04407, 'loss': 2.28038408, 'lr': 0.00012843, 'params': 204506, 'time_iter': 0.01558, 'accuracy': 0.11843, 'f1': 0.06441, 'auc': 0.53374}
val: {'epoch': 165, 'time_epoch': 0.38603, 'loss': 2.27865393, 'lr': 0, 'params': 204506, 'time_iter': 0.00728, 'accuracy': 0.1178, 'f1': 0.06465, 'auc': 0.53803}
test: {'epoch': 165, 'time_epoch': 0.78878, 'loss': 2.3120275, 'lr': 0, 'params': 204506, 'time_iter': 0.00751, 'accuracy': 0.1087, 'f1': 0.06063, 'auc': 0.51021}
> Epoch 165: took 6.1s (avg 6.1s) | Best so far: epoch 47	train_loss: 2.2908 train_accuracy: 0.1167	val_loss: 2.2865 val_accuracy: 0.1214	test_loss: 2.3317 test_accuracy: 0.1111
train: {'epoch': 166, 'time_epoch': 4.83503, 'eta': 154.02349, 'eta_hours': 0.04278, 'loss': 2.28034804, 'lr': 0.0001215, 'params': 204506, 'time_iter': 0.01545, 'accuracy': 0.11823, 'f1': 0.06398, 'auc': 0.53374}
val: {'epoch': 166, 'time_epoch': 0.39406, 'loss': 2.27855836, 'lr': 0, 'params': 204506, 'time_iter': 0.00744, 'accuracy': 0.1178, 'f1': 0.06465, 'auc': 0.53791}
test: {'epoch': 166, 'time_epoch': 0.83104, 'loss': 2.31020918, 'lr': 0, 'params': 204506, 'time_iter': 0.00791, 'accuracy': 0.109, 'f1': 0.06073, 'auc': 0.51048}
> Epoch 166: took 6.1s (avg 6.1s) | Best so far: epoch 47	train_loss: 2.2908 train_accuracy: 0.1167	val_loss: 2.2865 val_accuracy: 0.1214	test_loss: 2.3317 test_accuracy: 0.1111
train: {'epoch': 167, 'time_epoch': 4.92256, 'eta': 149.40472, 'eta_hours': 0.0415, 'loss': 2.28036017, 'lr': 0.00011474, 'params': 204506, 'time_iter': 0.01573, 'accuracy': 0.11857, 'f1': 0.06523, 'auc': 0.53368}
val: {'epoch': 167, 'time_epoch': 0.4088, 'loss': 2.27857281, 'lr': 0, 'params': 204506, 'time_iter': 0.00771, 'accuracy': 0.1178, 'f1': 0.06465, 'auc': 0.53793}
test: {'epoch': 167, 'time_epoch': 0.98735, 'loss': 2.31164251, 'lr': 0, 'params': 204506, 'time_iter': 0.0094, 'accuracy': 0.1087, 'f1': 0.06063, 'auc': 0.51017}
> Epoch 167: took 6.4s (avg 6.1s) | Best so far: epoch 47	train_loss: 2.2908 train_accuracy: 0.1167	val_loss: 2.2865 val_accuracy: 0.1214	test_loss: 2.3317 test_accuracy: 0.1111
train: {'epoch': 168, 'time_epoch': 4.86212, 'eta': 144.77126, 'eta_hours': 0.04021, 'loss': 2.28028968, 'lr': 0.00010815, 'params': 204506, 'time_iter': 0.01553, 'accuracy': 0.11833, 'f1': 0.06314, 'auc': 0.53386}
val: {'epoch': 168, 'time_epoch': 0.42805, 'loss': 2.27863971, 'lr': 0, 'params': 204506, 'time_iter': 0.00808, 'accuracy': 0.1178, 'f1': 0.06465, 'auc': 0.53804}
test: {'epoch': 168, 'time_epoch': 1.08456, 'loss': 2.31015294, 'lr': 0, 'params': 204506, 'time_iter': 0.01033, 'accuracy': 0.109, 'f1': 0.06073, 'auc': 0.5104}
> Epoch 168: took 6.4s (avg 6.1s) | Best so far: epoch 47	train_loss: 2.2908 train_accuracy: 0.1167	val_loss: 2.2865 val_accuracy: 0.1214	test_loss: 2.3317 test_accuracy: 0.1111
train: {'epoch': 169, 'time_epoch': 4.82915, 'eta': 140.1293, 'eta_hours': 0.03892, 'loss': 2.28029242, 'lr': 0.00010174, 'params': 204506, 'time_iter': 0.01543, 'accuracy': 0.11813, 'f1': 0.06333, 'auc': 0.5338}
val: {'epoch': 169, 'time_epoch': 0.41763, 'loss': 2.27859261, 'lr': 0, 'params': 204506, 'time_iter': 0.00788, 'accuracy': 0.1178, 'f1': 0.06465, 'auc': 0.53803}
test: {'epoch': 169, 'time_epoch': 1.09146, 'loss': 2.31064331, 'lr': 0, 'params': 204506, 'time_iter': 0.01039, 'accuracy': 0.1087, 'f1': 0.06063, 'auc': 0.51034}
> Epoch 169: took 6.4s (avg 6.1s) | Best so far: epoch 47	train_loss: 2.2908 train_accuracy: 0.1167	val_loss: 2.2865 val_accuracy: 0.1214	test_loss: 2.3317 test_accuracy: 0.1111
train: {'epoch': 170, 'time_epoch': 4.91132, 'eta': 135.49909, 'eta_hours': 0.03764, 'loss': 2.28033513, 'lr': 9.549e-05, 'params': 204506, 'time_iter': 0.01569, 'accuracy': 0.11807, 'f1': 0.0647, 'auc': 0.53412}
val: {'epoch': 170, 'time_epoch': 0.39522, 'loss': 2.27851626, 'lr': 0, 'params': 204506, 'time_iter': 0.00746, 'accuracy': 0.1178, 'f1': 0.06465, 'auc': 0.5381}
test: {'epoch': 170, 'time_epoch': 0.97117, 'loss': 2.31133822, 'lr': 0, 'params': 204506, 'time_iter': 0.00925, 'accuracy': 0.1087, 'f1': 0.06063, 'auc': 0.51035}
> Epoch 170: took 6.3s (avg 6.1s) | Best so far: epoch 47	train_loss: 2.2908 train_accuracy: 0.1167	val_loss: 2.2865 val_accuracy: 0.1214	test_loss: 2.3317 test_accuracy: 0.1111
train: {'epoch': 171, 'time_epoch': 4.76105, 'eta': 130.84114, 'eta_hours': 0.03634, 'loss': 2.28031225, 'lr': 8.943e-05, 'params': 204506, 'time_iter': 0.01521, 'accuracy': 0.11847, 'f1': 0.06467, 'auc': 0.53404}
val: {'epoch': 171, 'time_epoch': 0.42755, 'loss': 2.2785795, 'lr': 0, 'params': 204506, 'time_iter': 0.00807, 'accuracy': 0.1178, 'f1': 0.06465, 'auc': 0.53799}
test: {'epoch': 171, 'time_epoch': 0.93651, 'loss': 2.31189046, 'lr': 0, 'params': 204506, 'time_iter': 0.00892, 'accuracy': 0.1087, 'f1': 0.06063, 'auc': 0.51018}
> Epoch 171: took 6.2s (avg 6.1s) | Best so far: epoch 47	train_loss: 2.2908 train_accuracy: 0.1167	val_loss: 2.2865 val_accuracy: 0.1214	test_loss: 2.3317 test_accuracy: 0.1111
train: {'epoch': 172, 'time_epoch': 4.87945, 'eta': 126.20048, 'eta_hours': 0.03506, 'loss': 2.28029612, 'lr': 8.354e-05, 'params': 204506, 'time_iter': 0.01559, 'accuracy': 0.11867, 'f1': 0.06497, 'auc': 0.53373}
val: {'epoch': 172, 'time_epoch': 0.41268, 'loss': 2.27851642, 'lr': 0, 'params': 204506, 'time_iter': 0.00779, 'accuracy': 0.1178, 'f1': 0.06465, 'auc': 0.53806}
test: {'epoch': 172, 'time_epoch': 1.0477, 'loss': 2.31049154, 'lr': 0, 'params': 204506, 'time_iter': 0.00998, 'accuracy': 0.109, 'f1': 0.06073, 'auc': 0.51045}
> Epoch 172: took 6.4s (avg 6.1s) | Best so far: epoch 47	train_loss: 2.2908 train_accuracy: 0.1167	val_loss: 2.2865 val_accuracy: 0.1214	test_loss: 2.3317 test_accuracy: 0.1111
train: {'epoch': 173, 'time_epoch': 4.87379, 'eta': 121.55622, 'eta_hours': 0.03377, 'loss': 2.28027847, 'lr': 7.784e-05, 'params': 204506, 'time_iter': 0.01557, 'accuracy': 0.1187, 'f1': 0.06387, 'auc': 0.53408}
val: {'epoch': 173, 'time_epoch': 0.42714, 'loss': 2.27863259, 'lr': 0, 'params': 204506, 'time_iter': 0.00806, 'accuracy': 0.1178, 'f1': 0.06465, 'auc': 0.53802}
test: {'epoch': 173, 'time_epoch': 0.97621, 'loss': 2.31036265, 'lr': 0, 'params': 204506, 'time_iter': 0.0093, 'accuracy': 0.109, 'f1': 0.06073, 'auc': 0.51042}
> Epoch 173: took 6.3s (avg 6.1s) | Best so far: epoch 47	train_loss: 2.2908 train_accuracy: 0.1167	val_loss: 2.2865 val_accuracy: 0.1214	test_loss: 2.3317 test_accuracy: 0.1111
train: {'epoch': 174, 'time_epoch': 4.99442, 'eta': 116.92658, 'eta_hours': 0.03248, 'loss': 2.28029156, 'lr': 7.232e-05, 'params': 204506, 'time_iter': 0.01596, 'accuracy': 0.11783, 'f1': 0.06372, 'auc': 0.53425}
val: {'epoch': 174, 'time_epoch': 0.58884, 'loss': 2.2784753, 'lr': 0, 'params': 204506, 'time_iter': 0.01111, 'accuracy': 0.1178, 'f1': 0.06465, 'auc': 0.53807}
test: {'epoch': 174, 'time_epoch': 1.00002, 'loss': 2.31008914, 'lr': 0, 'params': 204506, 'time_iter': 0.00952, 'accuracy': 0.109, 'f1': 0.06073, 'auc': 0.51045}
> Epoch 174: took 6.6s (avg 6.1s) | Best so far: epoch 47	train_loss: 2.2908 train_accuracy: 0.1167	val_loss: 2.2865 val_accuracy: 0.1214	test_loss: 2.3317 test_accuracy: 0.1111
train: {'epoch': 175, 'time_epoch': 5.00293, 'eta': 112.29396, 'eta_hours': 0.03119, 'loss': 2.28027551, 'lr': 6.699e-05, 'params': 204506, 'time_iter': 0.01598, 'accuracy': 0.118, 'f1': 0.06398, 'auc': 0.53414}
val: {'epoch': 175, 'time_epoch': 0.39697, 'loss': 2.27842635, 'lr': 0, 'params': 204506, 'time_iter': 0.00749, 'accuracy': 0.1188, 'f1': 0.06231, 'auc': 0.53807}
test: {'epoch': 175, 'time_epoch': 0.96948, 'loss': 2.31009297, 'lr': 0, 'params': 204506, 'time_iter': 0.00923, 'accuracy': 0.1085, 'f1': 0.05893, 'auc': 0.51047}
> Epoch 175: took 6.4s (avg 6.1s) | Best so far: epoch 47	train_loss: 2.2908 train_accuracy: 0.1167	val_loss: 2.2865 val_accuracy: 0.1214	test_loss: 2.3317 test_accuracy: 0.1111
train: {'epoch': 176, 'time_epoch': 4.90546, 'eta': 107.64448, 'eta_hours': 0.0299, 'loss': 2.2802361, 'lr': 6.185e-05, 'params': 204506, 'time_iter': 0.01567, 'accuracy': 0.1178, 'f1': 0.06382, 'auc': 0.53446}
val: {'epoch': 176, 'time_epoch': 0.40036, 'loss': 2.27834575, 'lr': 0, 'params': 204506, 'time_iter': 0.00755, 'accuracy': 0.1188, 'f1': 0.06231, 'auc': 0.5381}
test: {'epoch': 176, 'time_epoch': 0.80945, 'loss': 2.31047316, 'lr': 0, 'params': 204506, 'time_iter': 0.00771, 'accuracy': 0.1085, 'f1': 0.05893, 'auc': 0.51046}
> Epoch 176: took 6.2s (avg 6.1s) | Best so far: epoch 47	train_loss: 2.2908 train_accuracy: 0.1167	val_loss: 2.2865 val_accuracy: 0.1214	test_loss: 2.3317 test_accuracy: 0.1111
train: {'epoch': 177, 'time_epoch': 5.00114, 'eta': 103.00395, 'eta_hours': 0.02861, 'loss': 2.28028436, 'lr': 5.69e-05, 'params': 204506, 'time_iter': 0.01598, 'accuracy': 0.11847, 'f1': 0.0638, 'auc': 0.53423}
val: {'epoch': 177, 'time_epoch': 0.428, 'loss': 2.27840388, 'lr': 0, 'params': 204506, 'time_iter': 0.00808, 'accuracy': 0.1188, 'f1': 0.06231, 'auc': 0.53808}
test: {'epoch': 177, 'time_epoch': 0.98396, 'loss': 2.30988108, 'lr': 0, 'params': 204506, 'time_iter': 0.00937, 'accuracy': 0.1085, 'f1': 0.05893, 'auc': 0.5105}
> Epoch 177: took 6.5s (avg 6.2s) | Best so far: epoch 47	train_loss: 2.2908 train_accuracy: 0.1167	val_loss: 2.2865 val_accuracy: 0.1214	test_loss: 2.3317 test_accuracy: 0.1111
train: {'epoch': 178, 'time_epoch': 4.95344, 'eta': 98.3538, 'eta_hours': 0.02732, 'loss': 2.28026829, 'lr': 5.214e-05, 'params': 204506, 'time_iter': 0.01583, 'accuracy': 0.11833, 'f1': 0.06388, 'auc': 0.53434}
val: {'epoch': 178, 'time_epoch': 0.42759, 'loss': 2.27841232, 'lr': 0, 'params': 204506, 'time_iter': 0.00807, 'accuracy': 0.1188, 'f1': 0.06231, 'auc': 0.53796}
test: {'epoch': 178, 'time_epoch': 0.995, 'loss': 2.31020891, 'lr': 0, 'params': 204506, 'time_iter': 0.00948, 'accuracy': 0.1085, 'f1': 0.05893, 'auc': 0.51047}
> Epoch 178: took 6.4s (avg 6.2s) | Best so far: epoch 47	train_loss: 2.2908 train_accuracy: 0.1167	val_loss: 2.2865 val_accuracy: 0.1214	test_loss: 2.3317 test_accuracy: 0.1111
train: {'epoch': 179, 'time_epoch': 4.88547, 'eta': 93.69272, 'eta_hours': 0.02603, 'loss': 2.28020996, 'lr': 4.759e-05, 'params': 204506, 'time_iter': 0.01561, 'accuracy': 0.11803, 'f1': 0.06368, 'auc': 0.53427}
val: {'epoch': 179, 'time_epoch': 0.41894, 'loss': 2.27851884, 'lr': 0, 'params': 204506, 'time_iter': 0.0079, 'accuracy': 0.1178, 'f1': 0.06465, 'auc': 0.53809}
test: {'epoch': 179, 'time_epoch': 0.99425, 'loss': 2.31016198, 'lr': 0, 'params': 204506, 'time_iter': 0.00947, 'accuracy': 0.109, 'f1': 0.06073, 'auc': 0.51047}
> Epoch 179: took 6.3s (avg 6.2s) | Best so far: epoch 47	train_loss: 2.2908 train_accuracy: 0.1167	val_loss: 2.2865 val_accuracy: 0.1214	test_loss: 2.3317 test_accuracy: 0.1111
train: {'epoch': 180, 'time_epoch': 5.00849, 'eta': 89.04208, 'eta_hours': 0.02473, 'loss': 2.28027721, 'lr': 4.323e-05, 'params': 204506, 'time_iter': 0.016, 'accuracy': 0.1176, 'f1': 0.06349, 'auc': 0.53411}
val: {'epoch': 180, 'time_epoch': 0.38356, 'loss': 2.27850539, 'lr': 0, 'params': 204506, 'time_iter': 0.00724, 'accuracy': 0.1178, 'f1': 0.06465, 'auc': 0.53808}
test: {'epoch': 180, 'time_epoch': 0.94081, 'loss': 2.31053842, 'lr': 0, 'params': 204506, 'time_iter': 0.00896, 'accuracy': 0.109, 'f1': 0.06073, 'auc': 0.51047}
> Epoch 180: took 6.4s (avg 6.2s) | Best so far: epoch 47	train_loss: 2.2908 train_accuracy: 0.1167	val_loss: 2.2865 val_accuracy: 0.1214	test_loss: 2.3317 test_accuracy: 0.1111
train: {'epoch': 181, 'time_epoch': 4.81046, 'eta': 84.36793, 'eta_hours': 0.02344, 'loss': 2.28023428, 'lr': 3.907e-05, 'params': 204506, 'time_iter': 0.01537, 'accuracy': 0.11817, 'f1': 0.06309, 'auc': 0.53419}
val: {'epoch': 181, 'time_epoch': 0.41074, 'loss': 2.27849196, 'lr': 0, 'params': 204506, 'time_iter': 0.00775, 'accuracy': 0.1188, 'f1': 0.06231, 'auc': 0.53804}
test: {'epoch': 181, 'time_epoch': 1.05397, 'loss': 2.31048277, 'lr': 0, 'params': 204506, 'time_iter': 0.01004, 'accuracy': 0.1085, 'f1': 0.05893, 'auc': 0.51045}
> Epoch 181: took 6.3s (avg 6.2s) | Best so far: epoch 47	train_loss: 2.2908 train_accuracy: 0.1167	val_loss: 2.2865 val_accuracy: 0.1214	test_loss: 2.3317 test_accuracy: 0.1111
train: {'epoch': 182, 'time_epoch': 4.84603, 'eta': 79.69558, 'eta_hours': 0.02214, 'loss': 2.28019745, 'lr': 3.511e-05, 'params': 204506, 'time_iter': 0.01548, 'accuracy': 0.11853, 'f1': 0.06458, 'auc': 0.53454}
val: {'epoch': 182, 'time_epoch': 0.42243, 'loss': 2.27841894, 'lr': 0, 'params': 204506, 'time_iter': 0.00797, 'accuracy': 0.1188, 'f1': 0.06231, 'auc': 0.53805}
test: {'epoch': 182, 'time_epoch': 1.01051, 'loss': 2.31061139, 'lr': 0, 'params': 204506, 'time_iter': 0.00962, 'accuracy': 0.1085, 'f1': 0.05893, 'auc': 0.51045}
> Epoch 182: took 6.3s (avg 6.2s) | Best so far: epoch 47	train_loss: 2.2908 train_accuracy: 0.1167	val_loss: 2.2865 val_accuracy: 0.1214	test_loss: 2.3317 test_accuracy: 0.1111
train: {'epoch': 183, 'time_epoch': 5.03536, 'eta': 75.03781, 'eta_hours': 0.02084, 'loss': 2.28021304, 'lr': 3.136e-05, 'params': 204506, 'time_iter': 0.01609, 'accuracy': 0.11787, 'f1': 0.06357, 'auc': 0.53433}
val: {'epoch': 183, 'time_epoch': 0.40006, 'loss': 2.27844953, 'lr': 0, 'params': 204506, 'time_iter': 0.00755, 'accuracy': 0.1188, 'f1': 0.06231, 'auc': 0.53808}
test: {'epoch': 183, 'time_epoch': 0.81492, 'loss': 2.31069307, 'lr': 0, 'params': 204506, 'time_iter': 0.00776, 'accuracy': 0.1085, 'f1': 0.05893, 'auc': 0.51044}
> Epoch 183: took 6.3s (avg 6.2s) | Best so far: epoch 47	train_loss: 2.2908 train_accuracy: 0.1167	val_loss: 2.2865 val_accuracy: 0.1214	test_loss: 2.3317 test_accuracy: 0.1111
train: {'epoch': 184, 'time_epoch': 4.9894, 'eta': 70.37224, 'eta_hours': 0.01955, 'loss': 2.28018845, 'lr': 2.781e-05, 'params': 204506, 'time_iter': 0.01594, 'accuracy': 0.1184, 'f1': 0.06334, 'auc': 0.53453}
val: {'epoch': 184, 'time_epoch': 0.44474, 'loss': 2.27846791, 'lr': 0, 'params': 204506, 'time_iter': 0.00839, 'accuracy': 0.1188, 'f1': 0.06231, 'auc': 0.53803}
test: {'epoch': 184, 'time_epoch': 0.91767, 'loss': 2.31090048, 'lr': 0, 'params': 204506, 'time_iter': 0.00874, 'accuracy': 0.1085, 'f1': 0.05893, 'auc': 0.51043}
> Epoch 184: took 6.4s (avg 6.2s) | Best so far: epoch 47	train_loss: 2.2908 train_accuracy: 0.1167	val_loss: 2.2865 val_accuracy: 0.1214	test_loss: 2.3317 test_accuracy: 0.1111
train: {'epoch': 185, 'time_epoch': 4.89621, 'eta': 65.69617, 'eta_hours': 0.01825, 'loss': 2.28021543, 'lr': 2.447e-05, 'params': 204506, 'time_iter': 0.01564, 'accuracy': 0.11837, 'f1': 0.06296, 'auc': 0.53433}
val: {'epoch': 185, 'time_epoch': 0.41405, 'loss': 2.27848142, 'lr': 0, 'params': 204506, 'time_iter': 0.00781, 'accuracy': 0.1188, 'f1': 0.06231, 'auc': 0.53805}
test: {'epoch': 185, 'time_epoch': 1.0093, 'loss': 2.31096512, 'lr': 0, 'params': 204506, 'time_iter': 0.00961, 'accuracy': 0.1082, 'f1': 0.05883, 'auc': 0.51038}
> Epoch 185: took 6.4s (avg 6.2s) | Best so far: epoch 47	train_loss: 2.2908 train_accuracy: 0.1167	val_loss: 2.2865 val_accuracy: 0.1214	test_loss: 2.3317 test_accuracy: 0.1111
train: {'epoch': 186, 'time_epoch': 5.04319, 'eta': 61.02796, 'eta_hours': 0.01695, 'loss': 2.28016883, 'lr': 2.134e-05, 'params': 204506, 'time_iter': 0.01611, 'accuracy': 0.1183, 'f1': 0.06326, 'auc': 0.53459}
val: {'epoch': 186, 'time_epoch': 0.43514, 'loss': 2.27851033, 'lr': 0, 'params': 204506, 'time_iter': 0.00821, 'accuracy': 0.1178, 'f1': 0.06465, 'auc': 0.53803}
test: {'epoch': 186, 'time_epoch': 0.91817, 'loss': 2.31093247, 'lr': 0, 'params': 204506, 'time_iter': 0.00874, 'accuracy': 0.1087, 'f1': 0.06063, 'auc': 0.51041}
> Epoch 186: took 6.4s (avg 6.2s) | Best so far: epoch 47	train_loss: 2.2908 train_accuracy: 0.1167	val_loss: 2.2865 val_accuracy: 0.1214	test_loss: 2.3317 test_accuracy: 0.1111
train: {'epoch': 187, 'time_epoch': 4.75054, 'eta': 56.33708, 'eta_hours': 0.01565, 'loss': 2.28016197, 'lr': 1.842e-05, 'params': 204506, 'time_iter': 0.01518, 'accuracy': 0.11813, 'f1': 0.06448, 'auc': 0.53474}
val: {'epoch': 187, 'time_epoch': 0.40008, 'loss': 2.27846866, 'lr': 0, 'params': 204506, 'time_iter': 0.00755, 'accuracy': 0.1188, 'f1': 0.06231, 'auc': 0.53806}
test: {'epoch': 187, 'time_epoch': 0.95997, 'loss': 2.31069986, 'lr': 0, 'params': 204506, 'time_iter': 0.00914, 'accuracy': 0.1085, 'f1': 0.05893, 'auc': 0.51044}
> Epoch 187: took 6.2s (avg 6.2s) | Best so far: epoch 47	train_loss: 2.2908 train_accuracy: 0.1167	val_loss: 2.2865 val_accuracy: 0.1214	test_loss: 2.3317 test_accuracy: 0.1111
train: {'epoch': 188, 'time_epoch': 4.84552, 'eta': 51.6511, 'eta_hours': 0.01435, 'loss': 2.28016306, 'lr': 1.571e-05, 'params': 204506, 'time_iter': 0.01548, 'accuracy': 0.11827, 'f1': 0.06336, 'auc': 0.53454}
val: {'epoch': 188, 'time_epoch': 0.41605, 'loss': 2.27845359, 'lr': 0, 'params': 204506, 'time_iter': 0.00785, 'accuracy': 0.1188, 'f1': 0.06231, 'auc': 0.53807}
test: {'epoch': 188, 'time_epoch': 0.96523, 'loss': 2.31087857, 'lr': 0, 'params': 204506, 'time_iter': 0.00919, 'accuracy': 0.1085, 'f1': 0.05893, 'auc': 0.51044}
> Epoch 188: took 6.3s (avg 6.2s) | Best so far: epoch 47	train_loss: 2.2908 train_accuracy: 0.1167	val_loss: 2.2865 val_accuracy: 0.1214	test_loss: 2.3317 test_accuracy: 0.1111
train: {'epoch': 189, 'time_epoch': 4.84161, 'eta': 46.96323, 'eta_hours': 0.01305, 'loss': 2.28016572, 'lr': 1.321e-05, 'params': 204506, 'time_iter': 0.01547, 'accuracy': 0.11833, 'f1': 0.06294, 'auc': 0.53459}
val: {'epoch': 189, 'time_epoch': 0.41456, 'loss': 2.2784414, 'lr': 0, 'params': 204506, 'time_iter': 0.00782, 'accuracy': 0.1188, 'f1': 0.06231, 'auc': 0.53809}
test: {'epoch': 189, 'time_epoch': 0.88928, 'loss': 2.31080242, 'lr': 0, 'params': 204506, 'time_iter': 0.00847, 'accuracy': 0.1085, 'f1': 0.05893, 'auc': 0.51047}
> Epoch 189: took 6.2s (avg 6.2s) | Best so far: epoch 47	train_loss: 2.2908 train_accuracy: 0.1167	val_loss: 2.2865 val_accuracy: 0.1214	test_loss: 2.3317 test_accuracy: 0.1111
train: {'epoch': 190, 'time_epoch': 4.85622, 'eta': 42.27444, 'eta_hours': 0.01174, 'loss': 2.28017841, 'lr': 1.093e-05, 'params': 204506, 'time_iter': 0.01552, 'accuracy': 0.11793, 'f1': 0.06211, 'auc': 0.5346}
val: {'epoch': 190, 'time_epoch': 0.40838, 'loss': 2.27846336, 'lr': 0, 'params': 204506, 'time_iter': 0.00771, 'accuracy': 0.1188, 'f1': 0.06231, 'auc': 0.53801}
test: {'epoch': 190, 'time_epoch': 1.01448, 'loss': 2.3107826, 'lr': 0, 'params': 204506, 'time_iter': 0.00966, 'accuracy': 0.1085, 'f1': 0.05893, 'auc': 0.51045}
> Epoch 190: took 6.3s (avg 6.2s) | Best so far: epoch 47	train_loss: 2.2908 train_accuracy: 0.1167	val_loss: 2.2865 val_accuracy: 0.1214	test_loss: 2.3317 test_accuracy: 0.1111
train: {'epoch': 191, 'time_epoch': 4.9213, 'eta': 37.58662, 'eta_hours': 0.01044, 'loss': 2.28015865, 'lr': 8.86e-06, 'params': 204506, 'time_iter': 0.01572, 'accuracy': 0.1186, 'f1': 0.06299, 'auc': 0.53471}
val: {'epoch': 191, 'time_epoch': 0.4196, 'loss': 2.27845771, 'lr': 0, 'params': 204506, 'time_iter': 0.00792, 'accuracy': 0.1188, 'f1': 0.06231, 'auc': 0.53803}
test: {'epoch': 191, 'time_epoch': 0.89731, 'loss': 2.31092232, 'lr': 0, 'params': 204506, 'time_iter': 0.00855, 'accuracy': 0.1082, 'f1': 0.05883, 'auc': 0.51045}
> Epoch 191: took 6.3s (avg 6.2s) | Best so far: epoch 47	train_loss: 2.2908 train_accuracy: 0.1167	val_loss: 2.2865 val_accuracy: 0.1214	test_loss: 2.3317 test_accuracy: 0.1111
train: {'epoch': 192, 'time_epoch': 4.98943, 'eta': 32.89885, 'eta_hours': 0.00914, 'loss': 2.28015391, 'lr': 7e-06, 'params': 204506, 'time_iter': 0.01594, 'accuracy': 0.11863, 'f1': 0.06298, 'auc': 0.53483}
val: {'epoch': 192, 'time_epoch': 0.4149, 'loss': 2.27845861, 'lr': 0, 'params': 204506, 'time_iter': 0.00783, 'accuracy': 0.1188, 'f1': 0.06231, 'auc': 0.53808}
test: {'epoch': 192, 'time_epoch': 0.91313, 'loss': 2.31089585, 'lr': 0, 'params': 204506, 'time_iter': 0.0087, 'accuracy': 0.1082, 'f1': 0.05883, 'auc': 0.51046}
> Epoch 192: took 6.4s (avg 6.2s) | Best so far: epoch 47	train_loss: 2.2908 train_accuracy: 0.1167	val_loss: 2.2865 val_accuracy: 0.1214	test_loss: 2.3317 test_accuracy: 0.1111
train: {'epoch': 193, 'time_epoch': 4.8448, 'eta': 28.2035, 'eta_hours': 0.00783, 'loss': 2.28018542, 'lr': 5.36e-06, 'params': 204506, 'time_iter': 0.01548, 'accuracy': 0.11853, 'f1': 0.06361, 'auc': 0.53451}
val: {'epoch': 193, 'time_epoch': 0.41205, 'loss': 2.27847047, 'lr': 0, 'params': 204506, 'time_iter': 0.00777, 'accuracy': 0.1188, 'f1': 0.06231, 'auc': 0.53805}
test: {'epoch': 193, 'time_epoch': 0.91495, 'loss': 2.31085767, 'lr': 0, 'params': 204506, 'time_iter': 0.00871, 'accuracy': 0.1082, 'f1': 0.05883, 'auc': 0.51044}
> Epoch 193: took 6.2s (avg 6.2s) | Best so far: epoch 47	train_loss: 2.2908 train_accuracy: 0.1167	val_loss: 2.2865 val_accuracy: 0.1214	test_loss: 2.3317 test_accuracy: 0.1111
train: {'epoch': 194, 'time_epoch': 4.83365, 'eta': 23.50633, 'eta_hours': 0.00653, 'loss': 2.28011996, 'lr': 3.94e-06, 'params': 204506, 'time_iter': 0.01544, 'accuracy': 0.11867, 'f1': 0.06357, 'auc': 0.53494}
val: {'epoch': 194, 'time_epoch': 0.40556, 'loss': 2.27845755, 'lr': 0, 'params': 204506, 'time_iter': 0.00765, 'accuracy': 0.1188, 'f1': 0.06231, 'auc': 0.53803}
test: {'epoch': 194, 'time_epoch': 0.90776, 'loss': 2.31082081, 'lr': 0, 'params': 204506, 'time_iter': 0.00865, 'accuracy': 0.1085, 'f1': 0.05893, 'auc': 0.51044}
> Epoch 194: took 6.2s (avg 6.2s) | Best so far: epoch 47	train_loss: 2.2908 train_accuracy: 0.1167	val_loss: 2.2865 val_accuracy: 0.1214	test_loss: 2.3317 test_accuracy: 0.1111
train: {'epoch': 195, 'time_epoch': 4.87929, 'eta': 18.80869, 'eta_hours': 0.00522, 'loss': 2.28017399, 'lr': 2.74e-06, 'params': 204506, 'time_iter': 0.01559, 'accuracy': 0.11827, 'f1': 0.06308, 'auc': 0.53469}
val: {'epoch': 195, 'time_epoch': 0.42465, 'loss': 2.27846176, 'lr': 0, 'params': 204506, 'time_iter': 0.00801, 'accuracy': 0.1188, 'f1': 0.06231, 'auc': 0.53805}
test: {'epoch': 195, 'time_epoch': 0.99178, 'loss': 2.3108432, 'lr': 0, 'params': 204506, 'time_iter': 0.00945, 'accuracy': 0.1085, 'f1': 0.05893, 'auc': 0.51044}
> Epoch 195: took 6.3s (avg 6.2s) | Best so far: epoch 47	train_loss: 2.2908 train_accuracy: 0.1167	val_loss: 2.2865 val_accuracy: 0.1214	test_loss: 2.3317 test_accuracy: 0.1111
train: {'epoch': 196, 'time_epoch': 4.81927, 'eta': 14.1083, 'eta_hours': 0.00392, 'loss': 2.28018166, 'lr': 1.75e-06, 'params': 204506, 'time_iter': 0.0154, 'accuracy': 0.11793, 'f1': 0.06243, 'auc': 0.53485}
val: {'epoch': 196, 'time_epoch': 0.39404, 'loss': 2.2784625, 'lr': 0, 'params': 204506, 'time_iter': 0.00743, 'accuracy': 0.1188, 'f1': 0.06231, 'auc': 0.53803}
test: {'epoch': 196, 'time_epoch': 0.94915, 'loss': 2.31085225, 'lr': 0, 'params': 204506, 'time_iter': 0.00904, 'accuracy': 0.1082, 'f1': 0.05883, 'auc': 0.51044}
> Epoch 196: took 6.2s (avg 6.2s) | Best so far: epoch 47	train_loss: 2.2908 train_accuracy: 0.1167	val_loss: 2.2865 val_accuracy: 0.1214	test_loss: 2.3317 test_accuracy: 0.1111
train: {'epoch': 197, 'time_epoch': 4.90011, 'eta': 9.40753, 'eta_hours': 0.00261, 'loss': 2.28015712, 'lr': 9.9e-07, 'params': 204506, 'time_iter': 0.01566, 'accuracy': 0.11853, 'f1': 0.06364, 'auc': 0.53474}
val: {'epoch': 197, 'time_epoch': 0.41427, 'loss': 2.27845949, 'lr': 0, 'params': 204506, 'time_iter': 0.00782, 'accuracy': 0.1188, 'f1': 0.06231, 'auc': 0.53806}
test: {'epoch': 197, 'time_epoch': 0.90701, 'loss': 2.31084029, 'lr': 0, 'params': 204506, 'time_iter': 0.00864, 'accuracy': 0.1085, 'f1': 0.05893, 'auc': 0.51044}
> Epoch 197: took 6.3s (avg 6.2s) | Best so far: epoch 47	train_loss: 2.2908 train_accuracy: 0.1167	val_loss: 2.2865 val_accuracy: 0.1214	test_loss: 2.3317 test_accuracy: 0.1111
train: {'epoch': 198, 'time_epoch': 5.06354, 'eta': 4.70557, 'eta_hours': 0.00131, 'loss': 2.28017944, 'lr': 4.4e-07, 'params': 204506, 'time_iter': 0.01618, 'accuracy': 0.11803, 'f1': 0.06259, 'auc': 0.53475}
val: {'epoch': 198, 'time_epoch': 0.41958, 'loss': 2.27846101, 'lr': 0, 'params': 204506, 'time_iter': 0.00792, 'accuracy': 0.1188, 'f1': 0.06231, 'auc': 0.53803}
test: {'epoch': 198, 'time_epoch': 0.997, 'loss': 2.31083975, 'lr': 0, 'params': 204506, 'time_iter': 0.0095, 'accuracy': 0.1085, 'f1': 0.05893, 'auc': 0.51044}
> Epoch 198: took 6.5s (avg 6.2s) | Best so far: epoch 47	train_loss: 2.2908 train_accuracy: 0.1167	val_loss: 2.2865 val_accuracy: 0.1214	test_loss: 2.3317 test_accuracy: 0.1111
train: {'epoch': 199, 'time_epoch': 4.94307, 'eta': 0.0, 'eta_hours': 0.0, 'loss': 2.28016525, 'lr': 1.1e-07, 'params': 204506, 'time_iter': 0.01579, 'accuracy': 0.11853, 'f1': 0.06327, 'auc': 0.53478}
val: {'epoch': 199, 'time_epoch': 0.41304, 'loss': 2.27846261, 'lr': 0, 'params': 204506, 'time_iter': 0.00779, 'accuracy': 0.1188, 'f1': 0.06231, 'auc': 0.53804}
test: {'epoch': 199, 'time_epoch': 0.89498, 'loss': 2.31084758, 'lr': 0, 'params': 204506, 'time_iter': 0.00852, 'accuracy': 0.1082, 'f1': 0.05883, 'auc': 0.51044}
> Epoch 199: took 6.3s (avg 6.2s) | Best so far: epoch 47	train_loss: 2.2908 train_accuracy: 0.1167	val_loss: 2.2865 val_accuracy: 0.1214	test_loss: 2.3317 test_accuracy: 0.1111
Avg time per epoch: 6.17s
Total train loop time: 0.34h
Task done, results saved in results\triangle-tf\0
Results aggregated across runs saved in results\triangle-tf\agg
[*] All done: 2026-06-06 18:27:35.018730
